case_id,experiment,latency_ms,input_tokens,output_tokens,meta_domain,meta_scenario_id,meta_variant,meta_noise_units,meta_reference_entropy_norm,meta_reference_max_probability,meta_panel_votes,meta_reference_source,meta_rationale,question_id,type,label,pred,confidence_top,reported_confidence,entropy_norm,correct,p_label,nll,brier,target_distribution_json,pred_distribution_json,distribution_tv,distribution_jsd,target_kl,soft_brier,meta_repetition
case_eb8e1913fff4d81a,semantic_adjudication,216.28929115831852,228,0,incident_triage,inc_clear_sev1,0.0,0.0,0.1431984785579781,0.95,"sev1:19,sev2:1,sev3:0,insufficient:0",benchmark_authored_adjudication,Broad total production outage with no workaround strongly supports SEV1.,target,choice,sev1,sev1,0.994189662910506,0.994189662910506,0.029020987685917175,1,0.994189662910506,0.005827282769999481,5.219153535113873e-05,"{""insufficient"": 0.0, ""sev1"": 0.95, ""sev2"": 0.05, ""sev3"": 0.0}","{""insufficient"": 0.00042823978121615775, ""sev1"": 0.994189662910506, ""sev2"": 0.004063025918798874, ""sev3"": 0.0013190713894789805}",0.04593697408120117,0.012382312973056087,0.0823120394241269,0.0040648552345218586,
case_a7fae830ef540edf,semantic_adjudication,209.4072918407619,251,0,incident_triage,inc_clear_sev1,1.0,2.0,0.1431984785579781,0.95,"sev1:19,sev2:1,sev3:0,insufficient:0",benchmark_authored_adjudication,Broad total production outage with no workaround strongly supports SEV1.,target,choice,sev1,sev1,0.970983765848691,0.970983765848691,0.1117331899862155,1,0.970983765848691,0.02944552983295423,0.001290936127210953,"{""insufficient"": 0.0, ""sev1"": 0.95, ""sev2"": 0.05, ""sev3"": 0.0}","{""insufficient"": 0.005773680521342122, ""sev1"": 0.970983765848691, ""sev2"": 0.02015212514630109, ""sev3"": 0.0030904284836658527}",0.02984787485369894,0.006407726846752653,0.024680286487081624,0.001374100197449941,
case_017dd6fd8ac29a0d,semantic_adjudication,267.22395815886557,291,0,incident_triage,inc_clear_sev1,2.0,6.0,0.1431984785579781,0.95,"sev1:19,sev2:1,sev3:0,insufficient:0",benchmark_authored_adjudication,Broad total production outage with no workaround strongly supports SEV1.,target,choice,sev1,sev1,0.9936087307079401,0.9936087307079401,0.030625989474065064,1,0.9936087307079401,0.006411780897143554,6.881591224031944e-05,"{""insufficient"": 0.0, ""sev1"": 0.95, ""sev2"": 0.05, ""sev3"": 0.0}","{""insufficient"": 0.0007995897447486968, ""sev1"": 0.9936087307079401, ""sev2"": 0.005213980095977177, ""sev3"": 0.00037769945133400983}",0.04478601990402283,0.011156363290266879,0.07039653755127097,0.003908290973436615,
case_f69f3191cf345291,semantic_adjudication,308.35704202763736,339,0,incident_triage,inc_clear_sev1,3.0,12.0,0.1431984785579781,0.95,"sev1:19,sev2:1,sev3:0,insufficient:0",benchmark_authored_adjudication,Broad total production outage with no workaround strongly supports SEV1.,target,choice,sev1,sev1,0.9789867239660437,0.9789867239660437,0.08731304206972616,1,0.9789867239660437,0.021237197354562334,0.0006343563221662447,"{""insufficient"": 0.0, ""sev1"": 0.95, ""sev2"": 0.05, ""sev3"": 0.0}","{""insufficient"": 0.010875560127523956, ""sev1"": 0.9789867239660437, ""sev2"": 0.008469894743655806, ""sev3"": 0.0016678211627764623}",0.04153010525634417,0.01262610791714324,0.060221954008689724,0.002686039244405036,
case_10e0f579db461880,semantic_adjudication,355.40687502361834,448,0,incident_triage,inc_clear_sev1,4.0,24.0,0.1431984785579781,0.95,"sev1:19,sev2:1,sev3:0,insufficient:0",benchmark_authored_adjudication,Broad total production outage with no workaround strongly supports SEV1.,target,choice,sev1,sev1,0.9949540611558425,0.9949540611558425,0.025767564872562102,1,0.9949540611558425,0.005058712582017944,3.946384078673246e-05,"{""insufficient"": 0.0, ""sev1"": 0.95, ""sev2"": 0.05, ""sev3"": 0.0}","{""insufficient"": 0.0035883646389938025, ""sev1"": 0.9949540611558425, ""sev2"": 0.0005502935402404083, ""sev3"": 0.0009072806649232381}",0.049449706459759595,0.017819867579212313,0.1815434692361454,0.004479840602346946,
case_5810c4d9837f47cf,semantic_adjudication,206.2655829358846,226,0,incident_triage,inc_clear_sev1,5.0,0.0,0.1431984785579781,0.95,"sev1:19,sev2:1,sev3:0,insufficient:0",benchmark_authored_adjudication,Broad total production outage with no workaround strongly supports SEV1.,target,choice,sev1,sev1,0.9963152819204103,0.9963152819204103,0.019214693898208582,1,0.9963152819204103,0.0036915233754604656,2.2058412204596788e-05,"{""insufficient"": 0.0, ""sev1"": 0.95, ""sev2"": 0.05, ""sev3"": 0.0}","{""insufficient"": 0.002798444579775098, ""sev1"": 0.9963152819204103, ""sev2"": 0.0008017677958529645, ""sev3"": 8.45057039615776e-05}",0.049198232204147034,0.016820347826056653,0.16142628002958787,0.004573409824660335,
case_ff8f442f3714feca,semantic_adjudication,260.88220882229507,257,0,incident_triage,inc_clear_sev1,6.0,2.0,0.1431984785579781,0.95,"sev1:19,sev2:1,sev3:0,insufficient:0",benchmark_authored_adjudication,Broad total production outage with no workaround strongly supports SEV1.,target,choice,sev1,sev1,0.990171663823499,0.990171663823499,0.04632280727392131,1,0.990171663823499,0.0098769530836485,0.00014034124949419415,"{""insufficient"": 0.0, ""sev1"": 0.95, ""sev2"": 0.05, ""sev3"": 0.0}","{""insufficient"": 0.0011593718222558246, ""sev1"": 0.990171663823499, ""sev2"": 0.005887775933314141, ""sev3"": 0.0027811884209311116}",0.044112224066685905,0.011534686228788078,0.06761170973777593,0.003568730038512681,
case_b770d9693b46a5ea,semantic_adjudication,263.4738751221448,285,0,incident_triage,inc_clear_sev1,7.0,6.0,0.1431984785579781,0.95,"sev1:19,sev2:1,sev3:0,insufficient:0",benchmark_authored_adjudication,Broad total production outage with no workaround strongly supports SEV1.,target,choice,sev1,sev1,0.996374204967206,0.996374204967206,0.019045579428851402,1,0.996374204967206,0.0036323841596412744,2.140965091640287e-05,"{""insufficient"": 0.0, ""sev1"": 0.95, ""sev2"": 0.05, ""sev3"": 0.0}","{""insufficient"": 0.002798610082486861, ""sev1"": 0.996374204967206, ""sev2"": 0.0006244543158983037, ""sev3"": 0.00020273063440895466}",0.04937554568410176,0.01717890851954434,0.17386714081376872,0.004596384716047174,
case_9cc23d5eb37df3c7,semantic_adjudication,306.5562918782234,336,0,incident_triage,inc_clear_sev1,8.0,12.0,0.1431984785579781,0.95,"sev1:19,sev2:1,sev3:0,insufficient:0",benchmark_authored_adjudication,Broad total production outage with no workaround strongly supports SEV1.,target,choice,sev1,sev1,0.9965565475728075,0.9965565475728075,0.018022803391207997,1,0.9965565475728075,0.003449394754838336,1.9953986398151653e-05,"{""insufficient"": 0.0, ""sev1"": 0.95, ""sev2"": 0.05, ""sev3"": 0.0}","{""insufficient"": 0.00048641451077240317, ""sev1"": 0.9965565475728075, ""sev2"": 0.0027991222453388896, ""sev3"": 0.00015791567108116528}",0.047200877754661134,0.01332792936588742,0.09868415140896572,0.0043956965191450205,
case_fb1d164eb58f0c34,semantic_adjudication,356.5975420642644,442,0,incident_triage,inc_clear_sev1,9.0,24.0,0.1431984785579781,0.95,"sev1:19,sev2:1,sev3:0,insufficient:0",benchmark_authored_adjudication,Broad total production outage with no workaround strongly supports SEV1.,target,choice,sev1,sev1,0.9980183103679567,0.9980183103679567,0.011005478880655914,1,0.9980183103679567,0.0019836557768974604,6.8735060787840405e-06,"{""insufficient"": 0.0, ""sev1"": 0.95, ""sev2"": 0.05, ""sev3"": 0.0}","{""insufficient"": 0.0017002437501162885, ""sev1"": 0.9980183103679567, ""sev2"": 0.00023010296949326842, ""sev3"": 5.134291243366225e-05}",0.049769897030506736,0.0175769847370427,0.22221841243102486,0.004785694245925136,
case_b27459eb7adadd66,semantic_adjudication,207.89195806719363,232,0,incident_triage,inc_clear_sev1,10.0,0.0,0.1431984785579781,0.95,"sev1:19,sev2:1,sev3:0,insufficient:0",benchmark_authored_adjudication,Broad total production outage with no workaround strongly supports SEV1.,target,choice,sev1,sev1,0.9956528457668993,0.9956528457668993,0.022694181039685613,1,0.9956528457668993,0.004356630581467967,2.851640289165167e-05,"{""insufficient"": 0.0, ""sev1"": 0.95, ""sev2"": 0.05, ""sev3"": 0.0}","{""insufficient"": 0.00022955758828805398, ""sev1"": 0.9956528457668993, ""sev2"": 0.002796583932952872, ""sev3"": 0.0013210127118598572}",0.04720341606704718,0.013634276995744632,0.0995913872355954,0.0043141425862862955,
case_560b5eabeb6c158c,semantic_adjudication,207.97479106113315,252,0,incident_triage,inc_clear_sev1,11.0,2.0,0.1431984785579781,0.95,"sev1:19,sev2:1,sev3:0,insufficient:0",benchmark_authored_adjudication,Broad total production outage with no workaround strongly supports SEV1.,target,choice,sev1,sev1,0.9541581155264475,0.9541581155264475,0.16419010506124693,1,0.9541581155264475,0.04692588172158917,0.003085359233652226,"{""insufficient"": 0.0, ""sev1"": 0.95, ""sev2"": 0.05, ""sev3"": 0.0}","{""insufficient"": 0.010599739202319108, ""sev1"": 0.9541581155264475, ""sev2"": 0.028813078460069006, ""sev3"": 0.006429066811164471}",0.021186921539931045,0.007345563620260721,0.02341063837571657,0.0006198629402900729,
case_7708b0e8eb07c84e,semantic_adjudication,263.695125002414,288,0,incident_triage,inc_clear_sev1,12.0,6.0,0.1431984785579781,0.95,"sev1:19,sev2:1,sev3:0,insufficient:0",benchmark_authored_adjudication,Broad total production outage with no workaround strongly supports SEV1.,target,choice,sev1,sev1,0.9615199996524094,0.9615199996524094,0.13672089250951672,1,0.9615199996524094,0.0392399136991048,0.002382082752749997,"{""insufficient"": 0.0, ""sev1"": 0.95, ""sev2"": 0.05, ""sev3"": 0.0}","{""insufficient"": 0.029035388097731357, ""sev1"": 0.9615199996524094, ""sev2"": 0.007341295790664343, ""sev3"": 0.0021033164591948562}",0.042658704209335666,0.01971219917552191,0.08447467035323225,0.002799953138924506,
case_afcac4f3c8e6104a,semantic_adjudication,306.83937505818903,339,0,incident_triage,inc_clear_sev1,13.0,12.0,0.1431984785579781,0.95,"sev1:19,sev2:1,sev3:0,insufficient:0",benchmark_authored_adjudication,Broad total production outage with no workaround strongly supports SEV1.,target,choice,sev1,sev1,0.9975635464573516,0.9975635464573516,0.013011098624176225,1,0.9975635464573516,0.002439426525586131,1.0741965811560594e-05,"{""insufficient"": 0.0, ""sev1"": 0.95, ""sev2"": 0.05, ""sev3"": 0.0}","{""insufficient"": 0.0021821613976984763, ""sev1"": 0.9975635464573516, ""sev2"": 0.0002029726277821513, ""sev3"": 5.131951716786639e-05}",0.0497970273722179,0.01780297155035599,0.22892418317971353,0.0047467993487685075,
case_16375ed808849374,semantic_adjudication,356.6902920138091,445,0,incident_triage,inc_clear_sev1,14.0,24.0,0.1431984785579781,0.95,"sev1:19,sev2:1,sev3:0,insufficient:0",benchmark_authored_adjudication,Broad total production outage with no workaround strongly supports SEV1.,target,choice,sev1,sev1,0.9894770320577994,0.9894770320577994,0.04784402286335913,1,0.9894770320577994,0.010578725873591275,0.00016467193697528127,"{""insufficient"": 0.0, ""sev1"": 0.95, ""sev2"": 0.05, ""sev3"": 0.0}","{""insufficient"": 0.005192298931290691, ""sev1"": 0.9894770320577994, ""sev2"": 0.00013837007961942018, ""sev3"": 0.005192298931290691}",0.04986162992038068,0.020699789764879743,0.2558134825277186,0.004098538134793279,
case_d7c6959a63dd621e,semantic_adjudication,207.80166587792337,227,0,incident_triage,inc_clear_sev1,15.0,0.0,0.1431984785579781,0.95,"sev1:19,sev2:1,sev3:0,insufficient:0",benchmark_authored_adjudication,Broad total production outage with no workaround strongly supports SEV1.,target,choice,sev1,sev1,0.9936031473846594,0.9936031473846594,0.029399965562756432,1,0.9936031473846594,0.006417400150271292,7.594618312943861e-05,"{""insufficient"": 0.0, ""sev1"": 0.95, ""sev2"": 0.05, ""sev3"": 0.0}","{""insufficient"": 0.00022908501010044033, ""sev1"": 0.9936031473846594, ""sev2"": 0.00025958732481611225, ""sev3"": 0.0059081802804239626}",0.04974041267518386,0.018977296850458875,0.22040215680439876,0.004410302189113769,
case_dd11a67ed7348dc3,semantic_adjudication,207.99129083752632,253,0,incident_triage,inc_clear_sev1,16.0,2.0,0.1431984785579781,0.95,"sev1:19,sev2:1,sev3:0,insufficient:0",benchmark_authored_adjudication,Broad total production outage with no workaround strongly supports SEV1.,target,choice,sev1,sev1,0.9930811952766122,0.9930811952766122,0.03212326050790957,1,0.9930811952766122,0.006942850629593197,8.357154863457492e-05,"{""insufficient"": 0.0, ""sev1"": 0.95, ""sev2"": 0.05, ""sev3"": 0.0}","{""insufficient"": 0.005905076639739845, ""sev1"": 0.9930811952766122, ""sev2"": 0.0009055728323040655, ""sev3"": 0.00010815525134377486}",0.0490944271676959,0.017692284845223408,0.15842760728372057,0.004301133793065393,
case_ad7dae1d4857a04f,semantic_adjudication,263.27600004151464,283,0,incident_triage,inc_clear_sev1,17.0,6.0,0.1431984785579781,0.95,"sev1:19,sev2:1,sev3:0,insufficient:0",benchmark_authored_adjudication,Broad total production outage with no workaround strongly supports SEV1.,target,choice,sev1,sev1,0.9929243925547113,0.9929243925547113,0.03323081032273482,1,0.9929243925547113,0.007100758264080701,8.561197648420504e-05,"{""insufficient"": 0.0, ""sev1"": 0.95, ""sev2"": 0.05, ""sev3"": 0.0}","{""insufficient"": 0.0006222922263547545, ""sev1"": 0.9929243925547113, ""sev2"": 0.005904144256673335, ""sev3"": 0.0005491709622605428}",0.04409585574332667,0.010591397500915338,0.06483551491820817,0.0037876368062880078,
case_bfed6ecd1d30f489,semantic_adjudication,307.5046248268336,345,0,incident_triage,inc_clear_sev1,18.0,12.0,0.1431984785579781,0.95,"sev1:19,sev2:1,sev3:0,insufficient:0",benchmark_authored_adjudication,Broad total production outage with no workaround strongly supports SEV1.,target,choice,sev1,sev1,0.9947978159433258,0.9947978159433258,0.026353845744520238,1,0.9947978159433258,0.005215762528431969,4.1763847563736724e-05,"{""insufficient"": 0.0, ""sev1"": 0.95, ""sev2"": 0.05, ""sev3"": 0.0}","{""insufficient"": 0.0013198782750219957, ""sev1"": 0.9947978159433258, ""sev2"": 0.0035878011307701606, ""sev3"": 0.0002945046508820912}",0.046412198869229905,0.012806840806300492,0.08795051918255943,0.004162765328819308,
case_a46e47b7b8c2af32,semantic_adjudication,357.3553338646889,442,0,incident_triage,inc_clear_sev1,19.0,24.0,0.1431984785579781,0.95,"sev1:19,sev2:1,sev3:0,insufficient:0",benchmark_authored_adjudication,Broad total production outage with no workaround strongly supports SEV1.,target,choice,sev1,sev1,0.9987764849496372,0.9987764849496372,0.007520471391894823,1,0.9987764849496372,0.0012242641559923589,2.2624370862639535e-06,"{""insufficient"": 0.0, ""sev1"": 0.95, ""sev2"": 0.05, ""sev3"": 0.0}","{""insufficient"": 8.471445885909989e-05, ""sev1"": 0.9987764849496372, ""sev2"": 0.000803748407175202, ""sev3"": 0.00033505218432843887}",0.0491962515928248,0.015992934276632887,0.1589590208101198,0.00479953609133247,
case_7da7c4e8f7287c54,semantic_adjudication,207.19262515194714,228,0,incident_triage,inc_clear_sev1,20.0,0.0,0.1431984785579781,0.95,"sev1:19,sev2:1,sev3:0,insufficient:0",benchmark_authored_adjudication,Broad total production outage with no workaround strongly supports SEV1.,target,choice,sev1,sev1,0.9966256639440287,0.9966256639440287,0.018447577708657875,1,0.9966256639440287,0.0033800419672712573,1.6876604130809698e-05,"{""insufficient"": 0.0, ""sev1"": 0.95, ""sev2"": 0.05, ""sev3"": 0.0}","{""insufficient"": 0.0021801097880306836, ""sev1"": 0.9966256639440287, ""sev2"": 0.00048644824614444586, ""sev3"": 0.0007077780217962503}",0.04951355175385564,0.01740618181337042,0.18611479862139865,0.004630798173919244,
case_9bf8d1be7614d5dd,semantic_adjudication,207.94762508012354,249,0,incident_triage,inc_clear_sev1,21.0,2.0,0.1431984785579781,0.95,"sev1:19,sev2:1,sev3:0,insufficient:0",benchmark_authored_adjudication,Broad total production outage with no workaround strongly supports SEV1.,target,choice,sev1,sev1,0.994785723631433,0.994785723631433,0.025166439938268764,1,0.994785723631433,0.005227918149598338,4.8606624851507e-05,"{""insufficient"": 0.0, ""sev1"": 0.95, ""sev2"": 0.05, ""sev3"": 0.0}","{""insufficient"": 0.00022935766472331442, ""sev1"": 0.994785723631433, ""sev2"": 0.004606771843416229, ""sev3"": 0.0003781468604274369}",0.0453932281565838,0.011494876319235051,0.0754626748037258,0.004066501803653191,
case_d2ea633dd57765ef,semantic_adjudication,264.9862919934094,291,0,incident_triage,inc_clear_sev1,22.0,6.0,0.1431984785579781,0.95,"sev1:19,sev2:1,sev3:0,insufficient:0",benchmark_authored_adjudication,Broad total production outage with no workaround strongly supports SEV1.,target,choice,sev1,sev1,0.9935313325587599,0.9935313325587599,0.03179282677152889,1,0.9935313325587599,0.006489679934710214,6.505212104875561e-05,"{""insufficient"": 0.0, ""sev1"": 0.95, ""sev2"": 0.05, ""sev3"": 0.0}","{""insufficient"": 0.0013181979296511327, ""sev1"": 0.9935313325587599, ""sev2"": 0.00460096286029861, ""sev3"": 0.0005495066512903996}",0.04539903713970144,0.011922712187877247,0.07672443658883765,0.00395808909089489,
case_817655fec818746d,semantic_adjudication,307.201832998544,337,0,incident_triage,inc_clear_sev1,23.0,12.0,0.1431984785579781,0.95,"sev1:19,sev2:1,sev3:0,insufficient:0",benchmark_authored_adjudication,Broad total production outage with no workaround strongly supports SEV1.,target,choice,sev1,sev1,0.9679938124697571,0.9679938124697571,0.11660711778479925,1,0.9679938124697571,0.032529583802686626,0.0017094183660213028,"{""insufficient"": 0.0, ""sev1"": 0.95, ""sev2"": 0.05, ""sev3"": 0.0}","{""insufficient"": 0.0027188954008016716, ""sev1"": 0.9679938124697571, ""sev2"": 0.025796161329496397, ""sev3"": 0.00349113079994475}",0.024203838670503602,0.004160931452274402,0.015264340456813977,0.000929183480047378,
case_49cd69ab2c3bd51d,semantic_adjudication,356.66320798918605,443,0,incident_triage,inc_clear_sev1,24.0,24.0,0.1431984785579781,0.95,"sev1:19,sev2:1,sev3:0,insufficient:0",benchmark_authored_adjudication,Broad total production outage with no workaround strongly supports SEV1.,target,choice,sev1,sev1,0.9979462673084751,0.9979462673084751,0.011441830507662861,1,0.9979462673084751,0.002055844492387353,7.198896625016614e-06,"{""insufficient"": 0.0, ""sev1"": 0.95, ""sev2"": 0.05, ""sev3"": 0.0}","{""insufficient"": 0.0017001210161340053, ""sev1"": 0.9979462673084751, ""sev2"": 0.00029543673331658394, ""sev3"": 5.8174942074223274e-05}",0.04970456326668341,0.017429368552616058,0.2097906011465147,0.004772281954140875,
case_720190bf04ce59a7,semantic_adjudication,207.14995893649757,226,0,incident_triage,inc_clear_sev1,25.0,0.0,0.1431984785579781,0.95,"sev1:19,sev2:1,sev3:0,insufficient:0",benchmark_authored_adjudication,Broad total production outage with no workaround strongly supports SEV1.,target,choice,sev1,sev1,0.9954066395687683,0.9954066395687683,0.023109433621391774,1,0.9954066395687683,0.004603942328002119,3.4820097756957736e-05,"{""insufficient"": 0.0, ""sev1"": 0.95, ""sev2"": 0.05, ""sev3"": 0.0}","{""insufficient"": 0.0009076933630159843, ""sev1"": 0.9954066395687683, ""sev2"": 0.003589996891614017, ""sev3"": 9.567017660183557e-05}",0.04641000310838607,0.012599848480490925,0.08733869898212951,0.00421648436547239,
case_64e57e046e87295c,semantic_adjudication,261.08354213647544,257,0,incident_triage,inc_clear_sev1,26.0,2.0,0.1431984785579781,0.95,"sev1:19,sev2:1,sev3:0,insufficient:0",benchmark_authored_adjudication,Broad total production outage with no workaround strongly supports SEV1.,target,choice,sev1,sev1,0.9295503765610392,0.9295503765610392,0.22524721713269263,1,0.9295503765610392,0.07305427580563337,0.007500932054451035,"{""insufficient"": 0.0, ""sev1"": 0.95, ""sev2"": 0.05, ""sev3"": 0.0}","{""insufficient"": 0.046279588149218134, ""sev1"": 0.9295503765610392, ""sev2"": 0.019292202585772633, ""sev3"": 0.004877832703970038}",0.05115742085318813,0.0213087405824493,0.06828903245976069,0.0035267494519776923,
case_24de245c93af3ea8,semantic_adjudication,263.9267919585109,286,0,incident_triage,inc_clear_sev1,27.0,6.0,0.1431984785579781,0.95,"sev1:19,sev2:1,sev3:0,insufficient:0",benchmark_authored_adjudication,Broad total production outage with no workaround strongly supports SEV1.,target,choice,sev1,sev1,0.9940222251180303,0.9940222251180303,0.028396896993451028,1,0.9940222251180303,0.005995713301855526,6.323653380054855e-05,"{""insufficient"": 0.0, ""sev1"": 0.95, ""sev2"": 0.05, ""sev3"": 0.0}","{""insufficient"": 0.00033345730783159664, ""sev1"": 0.9940222251180303, ""sev2"": 0.005216149915502084, ""sev3"": 0.00042816765863603836}",0.04478385008449794,0.011015105536585065,0.06998046995598298,0.003943844054053373,
case_fe02c8adb9ec5ebc,semantic_adjudication,307.2901659179479,340,0,incident_triage,inc_clear_sev1,28.0,12.0,0.1431984785579781,0.95,"sev1:19,sev2:1,sev3:0,insufficient:0",benchmark_authored_adjudication,Broad total production outage with no workaround strongly supports SEV1.,target,choice,sev1,sev1,0.9993149289886805,0.9993149289886805,0.004556746406350274,1,0.9993149289886805,0.0006853057796929413,6.723025662867515e-07,"{""insufficient"": 0.0, ""sev1"": 0.95, ""sev2"": 0.05, ""sev3"": 0.0}","{""insufficient"": 0.00023040191771078037, ""sev1"": 0.9993149289886805, ""sev2"": 0.00037986854253986417, ""sev3"": 7.480055106890031e-05}",0.049620131457460165,0.01676051564266204,0.19592006243382043,0.004894178347180351,
case_97877744380cb7a6,semantic_adjudication,357.26016596890986,444,0,incident_triage,inc_clear_sev1,29.0,24.0,0.1431984785579781,0.95,"sev1:19,sev2:1,sev3:0,insufficient:0",benchmark_authored_adjudication,Broad total production outage with no workaround strongly supports SEV1.,target,choice,sev1,sev1,0.9942612872439931,0.9942612872439931,0.028090644229557163,1,0.9942612872439931,0.005755242437787641,5.481479198828167e-05,"{""insufficient"": 0.0, ""sev1"": 0.95, ""sev2"": 0.05, ""sev3"": 0.0}","{""insufficient"": 0.0007060989020183088, ""sev1"": 0.9942612872439931, ""sev2"": 0.004604343221125087, ""sev3"": 0.000428270632863531}",0.04539565677887495,0.011673698687343928,0.07598999909191508,0.004020509194275087,
case_6fbdb1926c6f48f6,semantic_adjudication,209.56954080611467,244,0,incident_triage,inc_border_12,0.0,0.0,0.5941881858672536,0.6,"sev1:7,sev2:12,sev3:1,insufficient:0",benchmark_authored_adjudication,"Material impact suggests SEV2, but low headroom and broad customer failures make SEV1 plausible.",target,choice,sev2,sev2,0.9424172109176808,0.9424172109176808,0.20187474706241493,1,0.9424172109176808,0.0593072033932587,0.004564344405444572,"{""insufficient"": 0.0, ""sev1"": 0.35, ""sev2"": 0.6, ""sev3"": 0.05}","{""insufficient"": 0.017260973317696274, ""sev1"": 0.011863281902749689, ""sev2"": 0.9424172109176808, ""sev3"": 0.028458533861873213}",0.35967818423537706,0.12594906262909697,0.9418374718814274,0.23234796242147712,
case_45db2312c0af8ede,semantic_adjudication,262.85449997521937,269,0,incident_triage,inc_border_12,1.0,2.0,0.5941881858672536,0.6,"sev1:7,sev2:12,sev3:1,insufficient:0",benchmark_authored_adjudication,"Material impact suggests SEV2, but low headroom and broad customer failures make SEV1 plausible.",target,choice,sev2,sev2,0.9528133729699818,0.9528133729699818,0.16851710376243345,1,0.9528133729699818,0.04833622559665658,0.0032395089615473004,"{""insufficient"": 0.0, ""sev1"": 0.35, ""sev2"": 0.6, ""sev3"": 0.05}","{""insufficient"": 0.011994150269439448, ""sev1"": 0.00642000600709159, ""sev2"": 0.9528133729699818, ""sev3"": 0.028772470753487104}",0.3648075232394213,0.1332727314358409,1.1496164940848257,0.24311895605721995,
case_c03d9d7ce8f612c5,semantic_adjudication,265.87349991314113,308,0,incident_triage,inc_border_12,2.0,6.0,0.5941881858672536,0.6,"sev1:7,sev2:12,sev3:1,insufficient:0",benchmark_authored_adjudication,"Material impact suggests SEV2, but low headroom and broad customer failures make SEV1 plausible.",target,choice,sev2,sev2,0.8727948838561072,0.8727948838561072,0.36742217357061147,1,0.8727948838561072,0.13605470624018676,0.022488113318688854,"{""insufficient"": 0.0, ""sev1"": 0.35, ""sev2"": 0.6, ""sev3"": 0.05}","{""insufficient"": 0.043453898553665875, ""sev1"": 0.020526168262952914, ""sev2"": 0.8727948838561072, ""sev3"": 0.06322504932727412}",0.32947383173704714,0.11689999812307339,0.7560849747283555,0.18503319768678014,
case_872802e32801a473,semantic_adjudication,309.3637500423938,354,0,incident_triage,inc_border_12,3.0,12.0,0.5941881858672536,0.6,"sev1:7,sev2:12,sev3:1,insufficient:0",benchmark_authored_adjudication,"Material impact suggests SEV2, but low headroom and broad customer failures make SEV1 plausible.",target,choice,sev2,sev2,0.9505115569967794,0.9505115569967794,0.17317021567204163,1,0.9505115569967794,0.05075495826720399,0.0036594781062094487,"{""insufficient"": 0.0, ""sev1"": 0.35, ""sev2"": 0.6, ""sev3"": 0.05}","{""insufficient"": 0.006404496493062504, ""sev1"": 0.010559229596236527, ""sev2"": 0.9505115569967794, ""sev3"": 0.032524716913921684}",0.35691605348984184,0.12425166156759201,0.9707852267553728,0.2384247912948752,
case_783d18663aae85c4,semantic_adjudication,397.5115839857608,458,0,incident_triage,inc_border_12,4.0,24.0,0.5941881858672536,0.6,"sev1:7,sev2:12,sev3:1,insufficient:0",benchmark_authored_adjudication,"Material impact suggests SEV2, but low headroom and broad customer failures make SEV1 plausible.",target,choice,sev2,sev2,0.9288860954623016,0.9288860954623016,0.23952459959218372,1,0.9288860954623016,0.0737691575215575,0.006856206076103876,"{""insufficient"": 0.0, ""sev1"": 0.35, ""sev2"": 0.6, ""sev3"": 0.05}","{""insufficient"": 0.015014045377027442, ""sev1"": 0.02804992958033547, ""sev2"": 0.9288860954623016, ""sev3"": 0.02804992958033547}",0.34390014083932907,0.10564514576385914,0.6500494260097263,0.21252513878167678,
case_97abb2506913f93a,semantic_adjudication,208.77316710539162,242,0,incident_triage,inc_border_12,5.0,0.0,0.5941881858672536,0.6,"sev1:7,sev2:12,sev3:1,insufficient:0",benchmark_authored_adjudication,"Material impact suggests SEV2, but low headroom and broad customer failures make SEV1 plausible.",target,choice,sev2,sev2,0.8988717795875877,0.8988717795875877,0.3020043562502018,1,0.8988717795875877,0.10661488028030357,0.014821297486662954,"{""insufficient"": 0.0, ""sev1"": 0.35, ""sev2"": 0.6, ""sev3"": 0.05}","{""insufficient"": 0.008812228848511981, ""sev1"": 0.03485304119579894, ""sev2"": 0.8988717795875877, ""sev3"": 0.05746295036810154}",0.3151469588042011,0.09309647459390347,0.5578951487684725,0.18877529728286369,
case_8151af5d7e44bbe9,semantic_adjudication,262.95062503777444,271,0,incident_triage,inc_border_12,6.0,2.0,0.5941881858672536,0.6,"sev1:7,sev2:12,sev3:1,insufficient:0",benchmark_authored_adjudication,"Material impact suggests SEV2, but low headroom and broad customer failures make SEV1 plausible.",target,choice,sev2,sev2,0.8690163471109728,0.8690163471109728,0.35366294960403033,1,0.8690163471109728,0.14039334248864535,0.026523547551879873,"{""insufficient"": 0.0, ""sev1"": 0.35, ""sev2"": 0.6, ""sev3"": 0.05}","{""insufficient"": 0.0297361041802151, ""sev1"": 0.00965389959173177, ""sev2"": 0.8690163471109728, ""sev3"": 0.09159364911708046}",0.34034610040826824,0.12821376815063273,1.0041736109768142,0.19081953061473778,
case_1df91120c4833857,semantic_adjudication,265.79891610890627,304,0,incident_triage,inc_border_12,7.0,6.0,0.5941881858672536,0.6,"sev1:7,sev2:12,sev3:1,insufficient:0",benchmark_authored_adjudication,"Material impact suggests SEV2, but low headroom and broad customer failures make SEV1 plausible.",target,choice,sev2,sev2,0.9068016965898921,0.9068016965898921,0.2815815005669842,1,0.9068016965898921,0.09783148938680354,0.012857812911794256,"{""insufficient"": 0.0, ""sev1"": 0.35, ""sev2"": 0.6, ""sev3"": 0.05}","{""insufficient"": 0.007845371888568422, ""sev1"": 0.027383038519933896, ""sev2"": 0.9068016965898921, ""sev3"": 0.05796989300160557}",0.3226169614800661,0.10028421992523134,0.6366117578749723,0.19833405391959363,
case_2023f36b29223498,semantic_adjudication,307.9977498855442,355,0,incident_triage,inc_border_12,8.0,12.0,0.5941881858672536,0.6,"sev1:7,sev2:12,sev3:1,insufficient:0",benchmark_authored_adjudication,"Material impact suggests SEV2, but low headroom and broad customer failures make SEV1 plausible.",target,choice,sev2,sev2,0.9420995065746128,0.9420995065746128,0.19151591075697078,1,0.9420995065746128,0.05964437667819578,0.005072460596204156,"{""insufficient"": 0.0, ""sev1"": 0.35, ""sev2"": 0.6, ""sev3"": 0.05}","{""insufficient"": 0.0018186798892050452, ""sev1"": 0.019552651470095325, ""sev2"": 0.9420995065746128, ""sev3"": 0.03652916206608679}",0.3439181864638179,0.1101181147380089,0.7546746451663646,0.22641229362021903,
case_0bff1207705a2379,semantic_adjudication,397.03141688369215,454,0,incident_triage,inc_border_12,9.0,24.0,0.5941881858672536,0.6,"sev1:7,sev2:12,sev3:1,insufficient:0",benchmark_authored_adjudication,"Material impact suggests SEV2, but low headroom and broad customer failures make SEV1 plausible.",target,choice,sev2,sev2,0.9673937226523902,0.9673937226523902,0.127224250627673,1,0.9673937226523902,0.033149707499576714,0.0014896499121549239,"{""insufficient"": 0.0, ""sev1"": 0.35, ""sev2"": 0.6, ""sev3"": 0.05}","{""insufficient"": 0.006518247630479791, ""sev1"": 0.017718434087329444, ""sev2"": 0.9673937226523902, ""sev3"": 0.008369595629800696}",0.37391197028286993,0.1241539020555266,0.8469299759877457,0.24716476460995643,
case_d29715cab3241c7d,semantic_adjudication,209.25750001333654,248,0,incident_triage,inc_border_12,10.0,0.0,0.5941881858672536,0.6,"sev1:7,sev2:12,sev3:1,insufficient:0",benchmark_authored_adjudication,"Material impact suggests SEV2, but low headroom and broad customer failures make SEV1 plausible.",target,choice,sev2,sev2,0.9003467956268423,0.9003467956268423,0.3021997422959328,1,0.9003467956268423,0.10497526140350821,0.014049473890273683,"{""insufficient"": 0.0, ""sev1"": 0.35, ""sev2"": 0.6, ""sev3"": 0.05}","{""insufficient"": 0.010001949435836143, ""sev1"": 0.04482562746866082, ""sev2"": 0.9003467956268423, ""sev3"": 0.04482562746866082}",0.3103487450626784,0.08565423974497503,0.481255529891677,0.18346640841681885,
case_8f9e35d968448405,semantic_adjudication,263.06337490677834,268,0,incident_triage,inc_border_12,11.0,2.0,0.5941881858672536,0.6,"sev1:7,sev2:12,sev3:1,insufficient:0",benchmark_authored_adjudication,"Material impact suggests SEV2, but low headroom and broad customer failures make SEV1 plausible.",target,choice,sev2,sev2,0.9263159794345838,0.9263159794345838,0.24294998020629335,1,0.9263159794345838,0.07653987205092973,0.007544601027338328,"{""insufficient"": 0.0, ""sev1"": 0.35, ""sev2"": 0.6, ""sev3"": 0.05}","{""insufficient"": 0.010290441008857322, ""sev1"": 0.03169678977827939, ""sev2"": 0.9263159794345838, ""sev3"": 0.03169678977827939}",0.33660642044344113,0.09985405264625051,0.6028201405390984,0.20823995275238183,
case_1e8441beed5a5e07,semantic_adjudication,265.60279191471636,300,0,incident_triage,inc_border_12,12.0,6.0,0.5941881858672536,0.6,"sev1:7,sev2:12,sev3:1,insufficient:0",benchmark_authored_adjudication,"Material impact suggests SEV2, but low headroom and broad customer failures make SEV1 plausible.",target,choice,sev2,sev2,0.9302642711923205,0.9302642711923205,0.22628461026334454,1,0.9302642711923205,0.07228657062898468,0.007282425423724966,"{""insufficient"": 0.0, ""sev1"": 0.35, ""sev2"": 0.6, ""sev3"": 0.05}","{""insufficient"": 0.011710298968823127, ""sev1"": 0.011710298968823127, ""sev2"": 0.9302642711923205, ""sev3"": 0.04631513087003319}",0.34197457016114363,0.12156881314490625,0.9298168391171533,0.22366512001240182,
case_c385f964784c4ef8,semantic_adjudication,308.8913329411298,358,0,incident_triage,inc_border_12,13.0,12.0,0.5941881858672536,0.6,"sev1:7,sev2:12,sev3:1,insufficient:0",benchmark_authored_adjudication,"Material impact suggests SEV2, but low headroom and broad customer failures make SEV1 plausible.",target,choice,sev2,sev2,0.9366505114886542,0.9366505114886542,0.21096369584507702,1,0.9366505114886542,0.06544505299220525,0.00595406202226985,"{""insufficient"": 0.0, ""sev1"": 0.35, ""sev2"": 0.6, ""sev3"": 0.05}","{""insufficient"": 0.010405247289670344, ""sev1"": 0.01179068987006774, ""sev2"": 0.9366505114886542, ""sev3"": 0.04115355135160761}",0.34705575877832456,0.1218146296544465,0.929225321480374,0.22790563316898502,
case_04b62a5d44ac0a84,semantic_adjudication,397.23025006242096,464,0,incident_triage,inc_border_12,14.0,24.0,0.5941881858672536,0.6,"sev1:7,sev2:12,sev3:1,insufficient:0",benchmark_authored_adjudication,"Material impact suggests SEV2, but low headroom and broad customer failures make SEV1 plausible.",target,choice,sev2,sev2,0.9354275588074988,0.9354275588074988,0.21205640971308065,1,0.9354275588074988,0.06675157206801079,0.006117948468216312,"{""insufficient"": 0.0, ""sev1"": 0.35, ""sev2"": 0.6, ""sev3"": 0.05}","{""insufficient"": 0.003373678550008312, ""sev1"": 0.02492830006577043, ""sev2"": 0.9354275588074988, ""sev3"": 0.03627046257672232}",0.3388012373575072,0.10429864064756308,0.6742818405561795,0.21838313921050387,
case_4bda16b7ea351d8c,semantic_adjudication,208.64058402366936,243,0,incident_triage,inc_border_12,15.0,0.0,0.5941881858672536,0.6,"sev1:7,sev2:12,sev3:1,insufficient:0",benchmark_authored_adjudication,"Material impact suggests SEV2, but low headroom and broad customer failures make SEV1 plausible.",target,choice,sev2,sev2,0.8504782660081791,0.8504782660081791,0.41858844148535557,1,0.8504782660081791,0.16195642184289885,0.03041963297128683,"{""insufficient"": 0.0, ""sev1"": 0.35, ""sev2"": 0.6, ""sev3"": 0.05}","{""insufficient"": 0.037367407121752, ""sev1"": 0.04234281957513159, ""sev2"": 0.8504782660081791, ""sev3"": 0.06981150729493722}",0.3076571804248684,0.09349674308253215,0.5132366903310677,0.15918112134574428,
case_2c99145e1eaa52b1,semantic_adjudication,267.2780000139028,267,0,incident_triage,inc_border_12,16.0,2.0,0.5941881858672536,0.6,"sev1:7,sev2:12,sev3:1,insufficient:0",benchmark_authored_adjudication,"Material impact suggests SEV2, but low headroom and broad customer failures make SEV1 plausible.",target,choice,sev2,sev2,0.9411548815151107,0.9411548815151107,0.20603193879299356,1,0.9411548815151107,0.06064756046971859,0.004733299244507769,"{""insufficient"": 0.0, ""sev1"": 0.35, ""sev2"": 0.6, ""sev3"": 0.05}","{""insufficient"": 0.015212351833995387, ""sev1"": 0.02842041481689854, ""sev2"": 0.9411548815151107, ""sev3"": 0.015212351833995387}",0.3563672333491061,0.10989743444724948,0.6681778289578874,0.2212416789013678,
case_e8135a9180831edd,semantic_adjudication,274.57974990829825,300,0,incident_triage,inc_border_12,17.0,6.0,0.5941881858672536,0.6,"sev1:7,sev2:12,sev3:1,insufficient:0",benchmark_authored_adjudication,"Material impact suggests SEV2, but low headroom and broad customer failures make SEV1 plausible.",target,choice,sev2,sev2,0.8901616393657622,0.8901616393657622,0.3255382135104965,1,0.8901616393657622,0.11635221548146904,0.01728641393750143,"{""insufficient"": 0.0, ""sev1"": 0.35, ""sev2"": 0.6, ""sev3"": 0.05}","{""insufficient"": 0.01847471542560349, ""sev1"": 0.02688055233176753, ""sev2"": 0.8901616393657622, ""sev3"": 0.06448309287686678}",0.3231194476682325,0.10325602479494937,0.6488824839696378,0.18915102951018728,
case_2e61389a26732e73,semantic_adjudication,309.5729169435799,359,0,incident_triage,inc_border_12,18.0,12.0,0.5941881858672536,0.6,"sev1:7,sev2:12,sev3:1,insufficient:0",benchmark_authored_adjudication,"Material impact suggests SEV2, but low headroom and broad customer failures make SEV1 plausible.",target,choice,sev2,sev2,0.9503269946397594,0.9503269946397594,0.18066864796736903,1,0.9503269946397594,0.05094914872850435,0.003345967796850838,"{""insufficient"": 0.0, ""sev1"": 0.35, ""sev2"": 0.6, ""sev3"": 0.05}","{""insufficient"": 0.015360605234847691, ""sev1"": 0.011962851385350104, ""sev2"": 0.9503269946397594, ""sev3"": 0.02234954874004279}",0.36568759987460714,0.12716682620733227,0.9459794172166728,0.23799861266490907,
case_033ad3a0b7b49bcd,semantic_adjudication,397.8586250450462,458,0,incident_triage,inc_border_12,19.0,24.0,0.5941881858672536,0.6,"sev1:7,sev2:12,sev3:1,insufficient:0",benchmark_authored_adjudication,"Material impact suggests SEV2, but low headroom and broad customer failures make SEV1 plausible.",target,choice,sev2,sev2,0.9151814432285221,0.9151814432285221,0.2603663483883043,1,0.9151814432285221,0.08863293475477968,0.010968631257654782,"{""insufficient"": 0.0, ""sev1"": 0.35, ""sev2"": 0.6, ""sev3"": 0.05}","{""insufficient"": 0.01479253030481405, ""sev1"": 0.01152043418499667, ""sev2"": 0.9151814432285221, ""sev3"": 0.05850559228166728}",0.3384795658150034,0.12157967385633336,0.9336632032429485,0.2141989226828081,
case_a2deb3d19d32aaf0,semantic_adjudication,208.53875018656254,244,0,incident_triage,inc_border_12,20.0,0.0,0.5941881858672536,0.6,"sev1:7,sev2:12,sev3:1,insufficient:0",benchmark_authored_adjudication,"Material impact suggests SEV2, but low headroom and broad customer failures make SEV1 plausible.",target,choice,sev2,sev2,0.9083780869456259,0.9083780869456259,0.27584270848832826,1,0.9083780869456259,0.09609459173474869,0.012556679337316735,"{""insufficient"": 0.0, ""sev1"": 0.35, ""sev2"": 0.6, ""sev3"": 0.05}","{""insufficient"": 0.006120603404970278, ""sev1"": 0.058070668265474516, ""sev2"": 0.9083780869456259, ""sev3"": 0.02743064138392924}",0.31449869035059624,0.0776133756088136,0.40987486022291747,0.1808666169695924,
case_e1565c0ae6e91c91,semantic_adjudication,262.3684999998659,267,0,incident_triage,inc_border_12,21.0,2.0,0.5941881858672536,0.6,"sev1:7,sev2:12,sev3:1,insufficient:0",benchmark_authored_adjudication,"Material impact suggests SEV2, but low headroom and broad customer failures make SEV1 plausible.",target,choice,sev2,sev2,0.9145852179123448,0.9145852179123448,0.25867542254226955,1,0.9145852179123448,0.08928463024135863,0.011206342540071225,"{""insufficient"": 0.0, ""sev1"": 0.35, ""sev2"": 0.6, ""sev3"": 0.05}","{""insufficient"": 0.005438322496723197, ""sev1"": 0.021508982718525235, ""sev2"": 0.9145852179123448, ""sev3"": 0.05846747687240678}",0.3284910172814748,0.10618244339609514,0.7155648987295274,0.20697148127973872,
case_3b9e9d36961cb1a7,semantic_adjudication,266.35862491093576,307,0,incident_triage,inc_border_12,22.0,6.0,0.5941881858672536,0.6,"sev1:7,sev2:12,sev3:1,insufficient:0",benchmark_authored_adjudication,"Material impact suggests SEV2, but low headroom and broad customer failures make SEV1 plausible.",target,choice,sev2,sev2,0.89750286602605,0.89750286602605,0.3178964517690097,1,0.89750286602605,0.10813896528101352,0.014180013785262551,"{""insufficient"": 0.0, ""sev1"": 0.35, ""sev2"": 0.6, ""sev3"": 0.05}","{""insufficient"": 0.04468403655119279, ""sev1"": 0.027102238168018385, ""sev2"": 0.89750286602605, ""sev3"": 0.03071085925473873}",0.3421869025772428,0.11348758339938383,0.6781692337691823,0.1951396539630158,
case_782870c1ffb3d49c,semantic_adjudication,309.1176669113338,356,0,incident_triage,inc_border_12,23.0,12.0,0.5941881858672536,0.6,"sev1:7,sev2:12,sev3:1,insufficient:0",benchmark_authored_adjudication,"Material impact suggests SEV2, but low headroom and broad customer failures make SEV1 plausible.",target,choice,sev2,sev2,0.8548362210881397,0.8548362210881397,0.39575895267945205,1,0.8548362210881397,0.15684538267711923,0.030712333535485036,"{""insufficient"": 0.0, ""sev1"": 0.35, ""sev2"": 0.6, ""sev3"": 0.05}","{""insufficient"": 0.029250886950291467, ""sev1"": 0.025813817131484385, ""sev2"": 0.8548362210881397, ""sev3"": 0.09009907483008435}",0.3241861828685156,0.10749170289361967,0.670625651165288,0.1725017309309493,
case_8824fc0af3491b7a,semantic_adjudication,396.9805408269167,454,0,incident_triage,inc_border_12,24.0,24.0,0.5941881858672536,0.6,"sev1:7,sev2:12,sev3:1,insufficient:0",benchmark_authored_adjudication,"Material impact suggests SEV2, but low headroom and broad customer failures make SEV1 plausible.",target,choice,sev2,sev2,0.8950281013218314,0.8950281013218314,0.32164613898421235,1,0.8950281013218314,0.11090016307524118,0.015075612509497875,"{""insufficient"": 0.0, ""sev1"": 0.35, ""sev2"": 0.6, ""sev3"": 0.05}","{""insufficient"": 0.03062617746329624, ""sev1"": 0.023851690990898924, ""sev2"": 0.8950281013218314, ""sev3"": 0.05049403022397341}",0.3261483090091011,0.1104760740151821,0.69968043156341,0.19435250685093644,
case_bca3a3454c67eede,semantic_adjudication,208.64349999465048,242,0,incident_triage,inc_border_12,25.0,0.0,0.5941881858672536,0.6,"sev1:7,sev2:12,sev3:1,insufficient:0",benchmark_authored_adjudication,"Material impact suggests SEV2, but low headroom and broad customer failures make SEV1 plausible.",target,choice,sev2,sev2,0.916678277711918,0.916678277711918,0.26254006334270935,1,0.916678277711918,0.08699871047503076,0.010118421385805335,"{""insufficient"": 0.0, ""sev1"": 0.35, ""sev2"": 0.6, ""sev3"": 0.05}","{""insufficient"": 0.014816724380885802, ""sev1"": 0.016789548311718274, ""sev2"": 0.916678277711918, ""sev3"": 0.05171544959547793}",0.33321045168828173,0.11482514391108284,0.8070289789631997,0.21153681477758918,
case_d04481a7c6ff87a2,semantic_adjudication,263.0155838560313,273,0,incident_triage,inc_border_12,26.0,2.0,0.5941881858672536,0.6,"sev1:7,sev2:12,sev3:1,insufficient:0",benchmark_authored_adjudication,"Material impact suggests SEV2, but low headroom and broad customer failures make SEV1 plausible.",target,choice,sev2,sev2,0.8690264328393799,0.8690264328393799,0.336521596710005,1,0.8690264328393799,0.1403817366426632,0.028479048099492036,"{""insufficient"": 0.0, ""sev1"": 0.35, ""sev2"": 0.6, ""sev3"": 0.05}","{""insufficient"": 0.023158769996602428, ""sev1"": 0.004024390787771455, ""sev2"": 0.8690264328393799, ""sev3"": 0.1037904063762462}",0.34597560921222853,0.1369034975744034,1.3041620051308322,0.19550408018193127,
case_5165e12b00633466,semantic_adjudication,265.64120780676603,299,0,incident_triage,inc_border_12,27.0,6.0,0.5941881858672536,0.6,"sev1:7,sev2:12,sev3:1,insufficient:0",benchmark_authored_adjudication,"Material impact suggests SEV2, but low headroom and broad customer failures make SEV1 plausible.",target,choice,sev2,sev2,0.9350735224877453,0.9350735224877453,0.22202148468078275,1,0.9350735224877453,0.06713011910818258,0.0057722653582730305,"{""insufficient"": 0.0, ""sev1"": 0.35, ""sev2"": 0.6, ""sev3"": 0.05}","{""insufficient"": 0.011770838508209544, ""sev1"": 0.024918865317424713, ""sev2"": 0.9350735224877453, ""sev3"": 0.028236773686620406}",0.3468443609959549,0.10816847781054326,0.6871603875963515,0.21856420025760995,
case_2d9149d4c84dc58c,semantic_adjudication,308.8516660500318,355,0,incident_triage,inc_border_12,28.0,12.0,0.5941881858672536,0.6,"sev1:7,sev2:12,sev3:1,insufficient:0",benchmark_authored_adjudication,"Material impact suggests SEV2, but low headroom and broad customer failures make SEV1 plausible.",target,choice,sev2,sev2,0.9229386997205572,0.9229386997205572,0.25684002808529305,1,0.9229386997205572,0.08019246085538083,0.00792507509841217,"{""insufficient"": 0.0, ""sev1"": 0.35, ""sev2"": 0.6, ""sev3"": 0.05}","{""insufficient"": 0.027870333790757748, ""sev1"": 0.024595483244342495, ""sev2"": 0.9229386997205572, ""sev3"": 0.024595483244342495}",0.350809033511315,0.11356617781698178,0.7064727293435495,0.2115996482793839,
case_b9c7a49dc09ca127,semantic_adjudication,397.3334999755025,452,0,incident_triage,inc_border_12,29.0,24.0,0.5941881858672536,0.6,"sev1:7,sev2:12,sev3:1,insufficient:0",benchmark_authored_adjudication,"Material impact suggests SEV2, but low headroom and broad customer failures make SEV1 plausible.",target,choice,sev2,sev2,0.9339686761608916,0.9339686761608916,0.21413095159101617,1,0.9339686761608916,0.06831237861665485,0.006713833039920045,"{""insufficient"": 0.0, ""sev1"": 0.35, ""sev2"": 0.6, ""sev3"": 0.05}","{""insufficient"": 0.010375454790298094, ""sev1"": 0.009156306715344571, ""sev2"": 0.9339686761608916, ""sev3"": 0.04649956233346569}",0.34434413095118976,0.12510765227400444,1.0133426471048235,0.22782940303454557,
case_efa9638c6a6f1b9e,semantic_adjudication,208.62445794045925,238,0,incident_triage,inc_border_23,0.0,0.0,0.46703402768774555,0.65,"sev1:0,sev2:7,sev3:13,insufficient:0",benchmark_authored_adjudication,"Limited impact and workaround lean SEV3, though some organizations might classify repeated customer impact as SEV2.",target,choice,sev3,sev2,0.679680275264961,0.679680275264961,0.5428031674293027,0,0.28333289228259617,1.2611327748167567,0.976732024337144,"{""insufficient"": 0.0, ""sev1"": 0.0, ""sev2"": 0.35, ""sev3"": 0.65}","{""insufficient"": 0.0338392883329052, ""sev1"": 0.0031475441195375413, ""sev2"": 0.679680275264961, ""sev3"": 0.28333289228259617}",0.3666671077174038,0.07667890579413854,0.30743613578212436,0.24428885624948862,
case_2648f9e065b02198,semantic_adjudication,260.67737489938736,260,0,incident_triage,inc_border_23,1.0,2.0,0.46703402768774555,0.65,"sev1:0,sev2:7,sev3:13,insufficient:0",benchmark_authored_adjudication,"Limited impact and workaround lean SEV3, though some organizations might classify repeated customer impact as SEV2.",target,choice,sev3,sev2,0.5830003774593423,0.5830003774593423,0.6436798760005525,0,0.35360760355312915,1.0395674451887287,0.760244108110536,"{""insufficient"": 0.0, ""sev1"": 0.0, ""sev2"": 0.35, ""sev3"": 0.65}","{""insufficient"": 0.04785558518148259, ""sev1"": 0.015536433806046, ""sev2"": 0.5830003774593423, ""sev3"": 0.35360760355312915}",0.2963923964468709,0.05888495666203112,0.2171208061540962,0.14466916637618685,
case_9f26a4918b3330b0,semantic_adjudication,266.3178751245141,301,0,incident_triage,inc_border_23,2.0,6.0,0.46703402768774555,0.65,"sev1:0,sev2:7,sev3:13,insufficient:0",benchmark_authored_adjudication,"Limited impact and workaround lean SEV3, though some organizations might classify repeated customer impact as SEV2.",target,choice,sev3,sev3,0.6207771763139409,0.6207771763139409,0.5870767580923965,1,0.6207771763139409,0.4767830757471894,0.25624478129217254,"{""insufficient"": 0.0, ""sev1"": 0.0, ""sev2"": 0.35, ""sev3"": 0.65}","{""insufficient"": 0.0019757976756835066, ""sev1"": 0.04496894782459055, ""sev2"": 0.3322780781857851, ""sev3"": 0.6207771763139409}",0.04694474550027403,0.016552919040895488,0.048086436712556954,0.003194149981881626,
case_7ef3284f412542b2,semantic_adjudication,307.2403338737786,345,0,incident_triage,inc_border_23,3.0,12.0,0.46703402768774555,0.65,"sev1:0,sev2:7,sev3:13,insufficient:0",benchmark_authored_adjudication,"Limited impact and workaround lean SEV3, though some organizations might classify repeated customer impact as SEV2.",target,choice,sev3,sev3,0.7424618991771132,0.7424618991771132,0.4639621644099133,1,0.7424618991771132,0.2977837238614811,0.12456322054373255,"{""insufficient"": 0.0, ""sev1"": 0.0, ""sev2"": 0.35, ""sev3"": 0.65}","{""insufficient"": 0.008248006667735359, ""sev1"": 0.008248006667735359, ""sev2"": 0.2410420874874161, ""sev3"": 0.7424618991771132}",0.10895791251258391,0.01230352245372648,0.0440870848268486,0.02055708872652055,
case_32a57dc5309e3749,semantic_adjudication,395.95654094591737,449,0,incident_triage,inc_border_23,4.0,24.0,0.46703402768774555,0.65,"sev1:0,sev2:7,sev3:13,insufficient:0",benchmark_authored_adjudication,"Limited impact and workaround lean SEV3, though some organizations might classify repeated customer impact as SEV2.",target,choice,sev3,sev3,0.9650184341560568,0.9650184341560568,0.12242752095352563,1,0.9650184341560568,0.035608075073215895,0.0020991563650837224,"{""insufficient"": 0.0, ""sev1"": 0.0, ""sev2"": 0.35, ""sev3"": 0.65}","{""insufficient"": 0.005063951988783118, ""sev1"": 0.0007765821893441445, ""sev2"": 0.029141031665815866, ""sev3"": 0.9650184341560568}",0.3208589683341841,0.09750479182630634,0.6131614360385833,0.20221333810825234,
case_3a9f53628bcea4d9,semantic_adjudication,207.7474999241531,236,0,incident_triage,inc_border_23,5.0,0.0,0.46703402768774555,0.65,"sev1:0,sev2:7,sev3:13,insufficient:0",benchmark_authored_adjudication,"Limited impact and workaround lean SEV3, though some organizations might classify repeated customer impact as SEV2.",target,choice,sev3,sev2,0.6077624526244414,0.6077624526244414,0.5537067403625074,0,0.36862656133887056,0.9979711762805686,0.7684480331615401,"{""insufficient"": 0.0, ""sev1"": 0.0, ""sev2"": 0.35, ""sev3"": 0.65}","{""insufficient"": 0.020796487509291455, ""sev1"": 0.002814498527396637, ""sev2"": 0.6077624526244414, ""sev3"": 0.36862656133887056}",0.28137343866112946,0.04542729918782728,0.1755245372459362,0.14605290926164063,
case_72eccffac471d91f,semantic_adjudication,262.34087510965765,267,0,incident_triage,inc_border_23,6.0,2.0,0.46703402768774555,0.65,"sev1:0,sev2:7,sev3:13,insufficient:0",benchmark_authored_adjudication,"Limited impact and workaround lean SEV3, though some organizations might classify repeated customer impact as SEV2.",target,choice,sev3,sev3,0.9390521384642493,0.9390521384642493,0.19770396901152584,1,0.9390521384642493,0.06288427579432657,0.005551470477739773,"{""insufficient"": 0.0, ""sev1"": 0.0, ""sev2"": 0.35, ""sev3"": 0.65}","{""insufficient"": 0.03213259717479267, ""sev1"": 0.0004583468822048914, ""sev2"": 0.02835691747875306, ""sev3"": 0.9390521384642493}",0.32164308252124685,0.10527268825662181,0.6404376367596939,0.18803812516758708,
case_9a7a3a768f94032a,semantic_adjudication,265.3384581208229,299,0,incident_triage,inc_border_23,7.0,6.0,0.46703402768774555,0.65,"sev1:0,sev2:7,sev3:13,insufficient:0",benchmark_authored_adjudication,"Limited impact and workaround lean SEV3, though some organizations might classify repeated customer impact as SEV2.",target,choice,sev3,sev3,0.549650597899579,0.549650597899579,0.6662238778701548,1,0.549650597899579,0.5984724791754871,0.3490947314323571,"{""insufficient"": 0.0, ""sev1"": 0.0, ""sev2"": 0.35, ""sev3"": 0.65}","{""insufficient"": 0.05793274679858072, ""sev1"": 0.014647692284411871, ""sev2"": 0.37776896301742835, ""sev3"": 0.549650597899579}",0.10034940210042097,0.027520400184113235,0.08227584014085464,0.014411875849862563,
case_0d1cb6273c3882d0,semantic_adjudication,308.7410000152886,354,0,incident_triage,inc_border_23,8.0,12.0,0.46703402768774555,0.65,"sev1:0,sev2:7,sev3:13,insufficient:0",benchmark_authored_adjudication,"Limited impact and workaround lean SEV3, though some organizations might classify repeated customer impact as SEV2.",target,choice,sev3,sev3,0.5635003482763385,0.5635003482763385,0.6131321794923585,1,0.5635003482763385,0.5735873274433337,0.3426720075161392,"{""insufficient"": 0.0, ""sev1"": 0.0, ""sev2"": 0.35, ""sev3"": 0.65}","{""insufficient"": 0.04625492531282975, ""sev1"": 0.002956978445525205, ""sev2"": 0.3872877479653064, ""sev3"": 0.5635003482763385}",0.08649965172366143,0.01906995278713362,0.0573906884087012,0.011020827733861704,
case_ab3d811a3e38afed,semantic_adjudication,397.59454084560275,449,0,incident_triage,inc_border_23,9.0,24.0,0.46703402768774555,0.65,"sev1:0,sev2:7,sev3:13,insufficient:0",benchmark_authored_adjudication,"Limited impact and workaround lean SEV3, though some organizations might classify repeated customer impact as SEV2.",target,choice,sev3,sev2,0.6452528642353875,0.6452528642353875,0.5029928427932568,0,0.3453789698666036,1.0631130014387715,0.8449474790658035,"{""insufficient"": 0.0, ""sev1"": 0.0, ""sev2"": 0.35, ""sev3"": 0.65}","{""insufficient"": 0.0012456310606759804, ""sev1"": 0.008122534837333011, ""sev2"": 0.6452528642353875, ""sev3"": 0.3453789698666036}",0.3046210301333965,0.04916168334613713,0.19691636240413904,0.18003575300765481,
case_2531ab043c86b36b,semantic_adjudication,208.12450000084937,242,0,incident_triage,inc_border_23,10.0,0.0,0.46703402768774555,0.65,"sev1:0,sev2:7,sev3:13,insufficient:0",benchmark_authored_adjudication,"Limited impact and workaround lean SEV3, though some organizations might classify repeated customer impact as SEV2.",target,choice,sev3,sev2,0.5443652357970039,0.5443652357970039,0.5928516299921452,0,0.4239520719155566,0.8581348680744562,0.6287970781406342,"{""insufficient"": 0.0, ""sev1"": 0.0, ""sev2"": 0.35, ""sev3"": 0.65}","{""insufficient"": 0.02391773923210349, ""sev1"": 0.007764953055335999, ""sev2"": 0.5443652357970039, ""sev3"": 0.4239520719155566}",0.2260479280844434,0.033609274615514134,0.12318822903982368,0.0895078634236211,
case_c29497ba59597f19,semantic_adjudication,261.30137499421835,261,0,incident_triage,inc_border_23,11.0,2.0,0.46703402768774555,0.65,"sev1:0,sev2:7,sev3:13,insufficient:0",benchmark_authored_adjudication,"Limited impact and workaround lean SEV3, though some organizations might classify repeated customer impact as SEV2.",target,choice,sev3,sev2,0.49521471808231365,0.49521471808231365,0.5386449882954661,0,0.49521471808231365,0.7027638365624851,0.5000957922944096,"{""insufficient"": 0.0, ""sev1"": 0.0, ""sev2"": 0.35, ""sev3"": 0.65}","{""insufficient"": 0.003336730523605681, ""sev1"": 0.006233833311767016, ""sev2"": 0.49521471808231365, ""sev3"": 0.49521471808231365}",0.15478528191768637,0.014831394032275902,0.05531719752785265,0.04509579229440954,
case_523aa8092fbd6d00,semantic_adjudication,264.8369169328362,297,0,incident_triage,inc_border_23,12.0,6.0,0.46703402768774555,0.65,"sev1:0,sev2:7,sev3:13,insufficient:0",benchmark_authored_adjudication,"Limited impact and workaround lean SEV3, though some organizations might classify repeated customer impact as SEV2.",target,choice,sev3,sev3,0.9694309634501486,0.9694309634501486,0.11218895079418645,1,0.9694309634501486,0.03104601524111129,0.0015091736050398374,"{""insufficient"": 0.0, ""sev1"": 0.0, ""sev2"": 0.35, ""sev3"": 0.65}","{""insufficient"": 0.007401696744622072, ""sev1"": 0.0003685087818626951, ""sev2"": 0.022798831023366647, ""sev3"": 0.9694309634501486}",0.3272011689766333,0.10485355621156846,0.6960993762064787,0.20915166630378715,
case_98a9ec63ad4dd4fd,semantic_adjudication,308.0257079564035,348,0,incident_triage,inc_border_23,13.0,12.0,0.46703402768774555,0.65,"sev1:0,sev2:7,sev3:13,insufficient:0",benchmark_authored_adjudication,"Limited impact and workaround lean SEV3, though some organizations might classify repeated customer impact as SEV2.",target,choice,sev3,sev3,0.6606446996546463,0.6606446996546463,0.5420486527228997,1,0.6606446996546463,0.414539103079023,0.21299934949365185,"{""insufficient"": 0.0, ""sev1"": 0.0, ""sev2"": 0.35, ""sev3"": 0.65}","{""insufficient"": 0.019949741301393802, ""sev1"": 0.007339099681471594, ""sev2"": 0.3120664593624883, ""sev3"": 0.6606446996546463}",0.037933540637511705,0.010022859745422052,0.02959246404439057,0.002004117698162493,
case_d480206adb6fb122,semantic_adjudication,398.0364999733865,457,0,incident_triage,inc_border_23,14.0,24.0,0.46703402768774555,0.65,"sev1:0,sev2:7,sev3:13,insufficient:0",benchmark_authored_adjudication,"Limited impact and workaround lean SEV3, though some organizations might classify repeated customer impact as SEV2.",target,choice,sev3,sev3,0.6584250051415375,0.6584250051415375,0.5472485707301922,1,0.6584250051415375,0.41790465169291197,0.21408269059119633,"{""insufficient"": 0.0, ""sev1"": 0.0, ""sev2"": 0.35, ""sev3"": 0.65}","{""insufficient"": 0.025529907990960606, ""sev1"": 0.005027136950308994, ""sev2"": 0.31101794991719295, ""sev3"": 0.6584250051415375}",0.03898205008280703,0.011178880429225485,0.032958012658279454,0.002267629248237484,
case_f8885f46177d3438,semantic_adjudication,209.05666705220938,237,0,incident_triage,inc_border_23,15.0,0.0,0.46703402768774555,0.65,"sev1:0,sev2:7,sev3:13,insufficient:0",benchmark_authored_adjudication,"Limited impact and workaround lean SEV3, though some organizations might classify repeated customer impact as SEV2.",target,choice,sev3,sev3,0.7247960871720187,0.7247960871720187,0.5210543018317804,1,0.7247960871720187,0.3218649227612911,0.13218545670616555,"{""insufficient"": 0.0, ""sev1"": 0.0, ""sev2"": 0.35, ""sev3"": 0.65}","{""insufficient"": 0.008051757223325524, ""sev1"": 0.0318453175725824, ""sev2"": 0.23530683803207342, ""sev3"": 0.7247960871720187}",0.11469316196792659,0.020500263968570586,0.0681682837266586,0.019827931104127255,
case_c563f611403f59d2,semantic_adjudication,261.8299159221351,263,0,incident_triage,inc_border_23,16.0,2.0,0.46703402768774555,0.65,"sev1:0,sev2:7,sev3:13,insufficient:0",benchmark_authored_adjudication,"Limited impact and workaround lean SEV3, though some organizations might classify repeated customer impact as SEV2.",target,choice,sev3,sev3,0.9431228538765516,0.9431228538765516,0.1690903773218153,1,0.9431228538765516,0.05855872500768729,0.00607286972537708,"{""insufficient"": 0.0, ""sev1"": 0.0, ""sev2"": 0.35, ""sev3"": 0.65}","{""insufficient"": 0.0020630728662102515, ""sev1"": 0.0016067227637379118, ""sev2"": 0.05320735049350016, ""sev3"": 0.9431228538765516}",0.29679264950649975,0.07592828406236807,0.4173620859730548,0.17401372209351304,
case_16b5675f53f17f3e,semantic_adjudication,265.27629094198346,297,0,incident_triage,inc_border_23,17.0,6.0,0.46703402768774555,0.65,"sev1:0,sev2:7,sev3:13,insufficient:0",benchmark_authored_adjudication,"Limited impact and workaround lean SEV3, though some organizations might classify repeated customer impact as SEV2.",target,choice,sev3,sev3,0.5209921450226828,0.5209921450226828,0.5670719791828134,1,0.5209921450226828,0.65202031407432,0.4410284459458995,"{""insufficient"": 0.0, ""sev1"": 0.0, ""sev2"": 0.35, ""sev3"": 0.65}","{""insufficient"": 0.010812847007344334, ""sev1"": 0.008421053716551063, ""sev2"": 0.4597739542534219, ""sev3"": 0.5209921450226828}",0.1290078549773173,0.013958126266624387,0.04832367503968765,0.028881179484382163,
case_b477568c0c03c6c5,semantic_adjudication,308.60470817424357,356,0,incident_triage,inc_border_23,18.0,12.0,0.46703402768774555,0.65,"sev1:0,sev2:7,sev3:13,insufficient:0",benchmark_authored_adjudication,"Limited impact and workaround lean SEV3, though some organizations might classify repeated customer impact as SEV2.",target,choice,sev3,sev3,0.5918574980208411,0.5918574980208411,0.6183041799615199,1,0.5918574980208411,0.5244893858767413,0.29681042427821175,"{""insufficient"": 0.0, ""sev1"": 0.0, ""sev2"": 0.35, ""sev3"": 0.65}","{""insufficient"": 0.015772468074009217, ""sev1"": 0.0333903151747004, ""sev2"": 0.35897971873044937, ""sev3"": 0.5918574980208411}",0.05814250197915897,0.01774774865860494,0.05204274684210891,0.004824869781485952,
case_c8fd78d03296ff1c,semantic_adjudication,397.5095839705318,451,0,incident_triage,inc_border_23,19.0,24.0,0.46703402768774555,0.65,"sev1:0,sev2:7,sev3:13,insufficient:0",benchmark_authored_adjudication,"Limited impact and workaround lean SEV3, though some organizations might classify repeated customer impact as SEV2.",target,choice,sev3,sev3,0.6081568528948824,0.6081568528948824,0.557066335817991,1,0.6081568528948824,0.4973224485525317,0.2898828281490282,"{""insufficient"": 0.0, ""sev1"": 0.0, ""sev2"": 0.35, ""sev3"": 0.65}","{""insufficient"": 0.014302478306972162, ""sev1"": 0.008674891603053453, ""sev2"": 0.368865777195092, ""sev3"": 0.6081568528948824}",0.04184314710511762,0.00843510500816174,0.02487580951789925,0.0023865811388815027,
case_ad48b65056666b19,semantic_adjudication,208.414375083521,238,0,incident_triage,inc_border_23,20.0,0.0,0.46703402768774555,0.65,"sev1:0,sev2:7,sev3:13,insufficient:0",benchmark_authored_adjudication,"Limited impact and workaround lean SEV3, though some organizations might classify repeated customer impact as SEV2.",target,choice,sev3,sev3,0.5274831320724684,0.5274831320724684,0.526289523982364,1,0.5274831320724684,0.6396383912569982,0.4400087471785736,"{""insufficient"": 0.0, ""sev1"": 0.0, ""sev2"": 0.35, ""sev3"": 0.65}","{""insufficient"": 0.006640032697012831, ""sev1"": 0.0003746050109443188, ""sev2"": 0.46550223021957443, ""sev3"": 0.5274831320724684}",0.1225168679275316,0.009727350510255365,0.035941752222365814,0.02839537847559942,
case_65f2cc6200b83097,semantic_adjudication,261.1589578446001,263,0,incident_triage,inc_border_23,21.0,2.0,0.46703402768774555,0.65,"sev1:0,sev2:7,sev3:13,insufficient:0",benchmark_authored_adjudication,"Limited impact and workaround lean SEV3, though some organizations might classify repeated customer impact as SEV2.",target,choice,sev3,sev3,0.5227597489998856,0.5227597489998856,0.5574905353525895,1,0.5227597489998856,0.6486332913974878,0.4407141864316806,"{""insufficient"": 0.0, ""sev1"": 0.0, ""sev2"": 0.35, ""sev3"": 0.65}","{""insufficient"": 0.008449624373870602, ""sev1"": 0.007456767337944109, ""sev2"": 0.4613338592882997, ""sev3"": 0.5227597489998856}",0.1272402510001144,0.012802292914788155,0.04493665236285524,0.028712309229790765,
case_bcef9645bdcfa258,semantic_adjudication,265.4511658474803,304,0,incident_triage,inc_border_23,22.0,6.0,0.46703402768774555,0.65,"sev1:0,sev2:7,sev3:13,insufficient:0",benchmark_authored_adjudication,"Limited impact and workaround lean SEV3, though some organizations might classify repeated customer impact as SEV2.",target,choice,sev3,sev3,0.8791465411744167,0.8791465411744167,0.273773878907068,1,0.8791465411744167,0.1288036816831063,0.028763552008408366,"{""insufficient"": 0.0, ""sev1"": 0.0, ""sev2"": 0.35, ""sev3"": 0.65}","{""insufficient"": 0.0007074782424199306, ""sev1"": 0.0011664344268352814, ""sev2"": 0.11897954615632808, ""sev3"": 0.8791465411744167}",0.2310204538436719,0.03899617158921134,0.18135704264847377,0.10588044852107038,
case_d8974ee1d9cabe2e,semantic_adjudication,307.550708996132,346,0,incident_triage,inc_border_23,23.0,12.0,0.46703402768774555,0.65,"sev1:0,sev2:7,sev3:13,insufficient:0",benchmark_authored_adjudication,"Limited impact and workaround lean SEV3, though some organizations might classify repeated customer impact as SEV2.",target,choice,sev3,sev3,0.7734905397447923,0.7734905397447923,0.4635174764144277,1,0.7734905397447923,0.256841839496566,0.09015685330078631,"{""insufficient"": 0.0, ""sev1"": 0.0, ""sev2"": 0.35, ""sev3"": 0.65}","{""insufficient"": 0.02335739040220958, ""sev1"": 0.007583034425129577, ""sev2"": 0.19556903542786847, ""sev3"": 0.7734905397447923}",0.15443096457213148,0.02448405622042761,0.09064520046193358,0.039701906322633,
case_59495e3437e4c2de,semantic_adjudication,397.5158748216927,469,0,incident_triage,inc_border_23,24.0,24.0,0.46703402768774555,0.65,"sev1:0,sev2:7,sev3:13,insufficient:0",benchmark_authored_adjudication,"Limited impact and workaround lean SEV3, though some organizations might classify repeated customer impact as SEV2.",target,choice,sev3,sev3,0.5593811269393372,0.5593811269393372,0.6354127912840623,1,0.5593811269393372,0.5809242368253611,0.34416522914906833,"{""insufficient"": 0.0, ""sev1"": 0.0, ""sev2"": 0.35, ""sev3"": 0.65}","{""insufficient"": 0.04591679903505045, ""sev1"": 0.010245422722194072, ""sev2"": 0.38445665130341833, ""sev3"": 0.5593811269393372}",0.09061887306066287,0.021567729214432358,0.06472759779072859,0.01161236209421155,
case_6f0578cc28b887f6,semantic_adjudication,207.93562498874962,236,0,incident_triage,inc_border_23,25.0,0.0,0.46703402768774555,0.65,"sev1:0,sev2:7,sev3:13,insufficient:0",benchmark_authored_adjudication,"Limited impact and workaround lean SEV3, though some organizations might classify repeated customer impact as SEV2.",target,choice,sev3,sev2,0.5215081773094744,0.5215081773094744,0.5641771944987962,0,0.4602293511481492,0.7760303243009196,0.5634956191977291,"{""insufficient"": 0.0, ""sev1"": 0.0, ""sev2"": 0.35, ""sev3"": 0.65}","{""insufficient"": 0.010823556915778146, ""sev1"": 0.007438914626598202, ""sev2"": 0.5215081773094744, ""sev3"": 0.4602293511481492}",0.1897706488518508,0.022971885697998615,0.08483368526628712,0.06560044088480148,
case_15399a258ff68c0c,semantic_adjudication,262.87866616621614,267,0,incident_triage,inc_border_23,26.0,2.0,0.46703402768774555,0.65,"sev1:0,sev2:7,sev3:13,insufficient:0",benchmark_authored_adjudication,"Limited impact and workaround lean SEV3, though some organizations might classify repeated customer impact as SEV2.",target,choice,sev3,sev3,0.5814395816543739,0.5814395816543739,0.5554022575453336,1,0.5814395816543739,0.5422482132738088,0.33506892041024966,"{""insufficient"": 0.0, ""sev1"": 0.0, ""sev2"": 0.35, ""sev3"": 0.65}","{""insufficient"": 0.010649437413198182, ""sev1"": 0.008293790196668661, ""sev2"": 0.39961719073575924, ""sev3"": 0.5814395816543739}",0.0685604183456261,0.008341633116551313,0.026051574239176423,0.007344594053279961,
case_37aef3630d2b3b69,semantic_adjudication,265.57533303275704,297,0,incident_triage,inc_border_23,27.0,6.0,0.46703402768774555,0.65,"sev1:0,sev2:7,sev3:13,insufficient:0",benchmark_authored_adjudication,"Limited impact and workaround lean SEV3, though some organizations might classify repeated customer impact as SEV2.",target,choice,sev3,sev3,0.7511874939820795,0.7511874939820795,0.5143115559873578,1,0.7511874939820795,0.2860999992803391,0.10096208137113721,"{""insufficient"": 0.0, ""sev1"": 0.0, ""sev2"": 0.35, ""sev3"": 0.65}","{""insufficient"": 0.004466724114681018, ""sev1"": 0.05441583955123007, ""sev2"": 0.18992994235200938, ""sev3"": 0.7511874939820795}",0.1600700576479906,0.03427953292307001,0.11990336024570668,0.03884236751218629,
case_451cf224e94c6912,semantic_adjudication,307.44845792651176,350,0,incident_triage,inc_border_23,28.0,12.0,0.46703402768774555,0.65,"sev1:0,sev2:7,sev3:13,insufficient:0",benchmark_authored_adjudication,"Limited impact and workaround lean SEV3, though some organizations might classify repeated customer impact as SEV2.",target,choice,sev3,sev2,0.6994598454855847,0.6994598454855847,0.4725841396617216,0,0.29157824387313824,1.2324468911196123,0.9911672574591512,"{""insufficient"": 0.0, ""sev1"": 0.0, ""sev2"": 0.35, ""sev3"": 0.65}","{""insufficient"": 0.0011916136391382517, ""sev1"": 0.007770297002138859, ""sev2"": 0.6994598454855847, ""sev3"": 0.29157824387313824}",0.35842175612686183,0.06774546899736787,0.27875025208497983,0.25065013633043876,
case_691296504b89521d,semantic_adjudication,397.3132078535855,451,0,incident_triage,inc_border_23,29.0,24.0,0.46703402768774555,0.65,"sev1:0,sev2:7,sev3:13,insufficient:0",benchmark_authored_adjudication,"Limited impact and workaround lean SEV3, though some organizations might classify repeated customer impact as SEV2.",target,choice,sev3,sev2,0.5193970127150718,0.5193970127150718,0.5750498058625318,0,0.4583662549327425,0.7800867311849846,0.5634024372425843,"{""insufficient"": 0.0, ""sev1"": 0.0, ""sev2"": 0.35, ""sev3"": 0.65}","{""insufficient"": 0.013841461548056214, ""sev1"": 0.008395270804129584, ""sev2"": 0.5193970127150718, ""sev3"": 0.4583662549327425}",0.19163374506725755,0.024336211880605432,0.08889009215035212,0.06568090679495382,
case_5ea7c7210b1ce56a,semantic_adjudication,209.57320812158287,237,0,incident_triage,inc_insufficient,0.0,0.0,0.7083211390478262,0.65,"sev1:1,sev2:2,sev3:4,insufficient:13",benchmark_authored_adjudication,There is too little impact evidence to assign a reliable severity.,target,choice,insufficient,insufficient,0.8868068779081006,0.8868068779081006,0.3163634069185016,1,0.8868068779081006,0.12012804539714271,0.020148617640511908,"{""insufficient"": 0.65, ""sev1"": 0.05, ""sev2"": 0.1, ""sev3"": 0.2}","{""insufficient"": 0.8868068779081006, ""sev1"": 0.009851534536770557, ""sev2"": 0.0824858887771252, ""sev3"": 0.02085569877800361}",0.23680687790810062,0.0589543612143353,0.35068644447312336,0.09008882145587882,
case_5b8dbcbfe3ee4bbf,semantic_adjudication,261.57870795577765,262,0,incident_triage,inc_insufficient,1.0,2.0,0.7083211390478262,0.65,"sev1:1,sev2:2,sev3:4,insufficient:13",benchmark_authored_adjudication,There is too little impact evidence to assign a reliable severity.,target,choice,insufficient,insufficient,0.8990051408353833,0.8990051408353833,0.28891808679844,1,0.8990051408353833,0.10646652613378185,0.01612934050241767,"{""insufficient"": 0.65, ""sev1"": 0.05, ""sev2"": 0.1, ""sev3"": 0.2}","{""insufficient"": 0.8990051408353833, ""sev1"": 0.006057448990854178, ""sev2"": 0.07379483574835038, ""sev3"": 0.02114257442541222}",0.24900514083538325,0.06264899782092766,0.37452492520976244,0.09661119726826559,
case_9374a172bd93027c,semantic_adjudication,265.85716591216624,303,0,incident_triage,inc_insufficient,2.0,6.0,0.7083211390478262,0.65,"sev1:1,sev2:2,sev3:4,insufficient:13",benchmark_authored_adjudication,There is too little impact evidence to assign a reliable severity.,target,choice,insufficient,insufficient,0.9841701437906486,0.9841701437906486,0.06830112891110499,1,0.9841701437906486,0.01595648652080609,0.0003713829383249543,"{""insufficient"": 0.65, ""sev1"": 0.05, ""sev2"": 0.1, ""sev3"": 0.2}","{""insufficient"": 0.9841701437906486, ""sev1"": 0.0010169406856063827, ""sev2"": 0.005164450937466418, ""sev3"": 0.009648464586278684}",0.3341701437906486,0.11163399906976396,0.8277648855967868,0.15929651350121357,
case_dedb2d37f8a5bb49,semantic_adjudication,307.3072920087725,345,0,incident_triage,inc_insufficient,3.0,12.0,0.7083211390478262,0.65,"sev1:1,sev2:2,sev3:4,insufficient:13",benchmark_authored_adjudication,There is too little impact evidence to assign a reliable severity.,target,choice,insufficient,insufficient,0.9079262148504813,0.9079262148504813,0.26220989232162595,1,0.9079262148504813,0.09659216486059617,0.014199922790362921,"{""insufficient"": 0.65, ""sev1"": 0.05, ""sev2"": 0.1, ""sev3"": 0.2}","{""insufficient"": 0.9079262148504813, ""sev1"": 0.07452712209660341, ""sev2"": 0.006117558714742827, ""sev3"": 0.01142910433817255}",0.2824533369470847,0.08806617806605108,0.6146505639365767,0.1115004074978219,
case_49a975ccc52b26b7,semantic_adjudication,397.9311669245362,453,0,incident_triage,inc_insufficient,4.0,24.0,0.7083211390478262,0.65,"sev1:1,sev2:2,sev3:4,insufficient:13",benchmark_authored_adjudication,There is too little impact evidence to assign a reliable severity.,target,choice,insufficient,insufficient,0.7604242121725315,0.7604242121725315,0.529559301506951,1,0.7604242121725315,0.27387882751164855,0.08546941514586087,"{""insufficient"": 0.65, ""sev1"": 0.05, ""sev2"": 0.1, ""sev3"": 0.2}","{""insufficient"": 0.7604242121725315, ""sev1"": 0.004521647648701926, ""sev2"": 0.1321419140444188, ""sev3"": 0.10291222613434764}",0.14256612621695036,0.02230076636362573,0.1231872265876291,0.024720925639139933,
case_ffc9f833d2c94229,semantic_adjudication,207.3841670062393,235,0,incident_triage,inc_insufficient,5.0,0.0,0.7083211390478262,0.65,"sev1:1,sev2:2,sev3:4,insufficient:13",benchmark_authored_adjudication,There is too little impact evidence to assign a reliable severity.,target,choice,insufficient,insufficient,0.9482950828278542,0.9482950828278542,0.17635956501097713,1,0.9482950828278542,0.05308955635544613,0.0041436119659050905,"{""insufficient"": 0.65, ""sev1"": 0.05, ""sev2"": 0.1, ""sev3"": 0.2}","{""insufficient"": 0.9482950828278542, ""sev1"": 0.03676939062736726, ""sev2"": 0.005638768680568129, ""sev3"": 0.009296757864210371}",0.2982950828278542,0.09363094641559319,0.6711479554314268,0.13442677400086855,
case_8fe80c0f81f25d26,semantic_adjudication,261.8825000245124,266,0,incident_triage,inc_insufficient,6.0,2.0,0.7083211390478262,0.65,"sev1:1,sev2:2,sev3:4,insufficient:13",benchmark_authored_adjudication,There is too little impact evidence to assign a reliable severity.,target,choice,insufficient,insufficient,0.9739943405129328,0.9739943405129328,0.10289879601086648,1,0.9739943405129328,0.026349785918154,0.0009880621782723466,"{""insufficient"": 0.65, ""sev1"": 0.05, ""sev2"": 0.1, ""sev3"": 0.2}","{""insufficient"": 0.9739943405129328, ""sev1"": 0.0012922766309235994, ""sev2"": 0.013893283099117942, ""sev3"": 0.010820099757025768}",0.32399434051293274,0.10111192776291329,0.7006581849941347,0.150548176351599,
case_0b51b27d402b9b06,semantic_adjudication,264.21520905569196,293,0,incident_triage,inc_insufficient,7.0,6.0,0.7083211390478262,0.65,"sev1:1,sev2:2,sev3:4,insufficient:13",benchmark_authored_adjudication,There is too little impact evidence to assign a reliable severity.,target,choice,insufficient,insufficient,0.9880733307696374,0.9880733307696374,0.05589855889624994,1,0.9880733307696374,0.01199836256178451,0.00019182152773302875,"{""insufficient"": 0.65, ""sev1"": 0.05, ""sev2"": 0.1, ""sev3"": 0.2}","{""insufficient"": 0.9880733307696374, ""sev1"": 0.004575687297565705, ""sev2"": 0.004575687297565705, ""sev3"": 0.002775294635231244}",0.3380733307696374,0.11841415680734688,1.0113067616377651,0.164360329023117,
case_12817183635085b5,semantic_adjudication,308.2240419462323,343,0,incident_triage,inc_insufficient,8.0,12.0,0.7083211390478262,0.65,"sev1:1,sev2:2,sev3:4,insufficient:13",benchmark_authored_adjudication,There is too little impact evidence to assign a reliable severity.,target,choice,insufficient,insufficient,0.9312783797625099,0.9312783797625099,0.23076362680955728,1,0.9312783797625099,0.07119703483995615,0.00657660103049093,"{""insufficient"": 0.65, ""sev1"": 0.05, ""sev2"": 0.1, ""sev3"": 0.2}","{""insufficient"": 0.9312783797625099, ""sev1"": 0.036109581446100894, ""sev2"": 0.019328066148062793, ""sev3"": 0.013283972643326281}",0.28127837976250997,0.07711622109235709,0.48925543391593684,0.12068130643269472,
case_27ba54a34f488a6b,semantic_adjudication,404.38433387316763,455,0,incident_triage,inc_insufficient,9.0,24.0,0.7083211390478262,0.65,"sev1:1,sev2:2,sev3:4,insufficient:13",benchmark_authored_adjudication,There is too little impact evidence to assign a reliable severity.,target,choice,insufficient,insufficient,0.985657066765491,0.985657066765491,0.06508429270340671,1,0.985657066765491,0.014446787345884232,0.00028050289385809655,"{""insufficient"": 0.65, ""sev1"": 0.05, ""sev2"": 0.1, ""sev3"": 0.2}","{""insufficient"": 0.985657066765491, ""sev1"": 0.004564497775323742, ""sev2"": 0.006641305075139924, ""sev3"": 0.0031371303840452515}",0.33565706676549106,0.11523647634848982,0.951255186421865,0.16220088668352334,
case_0e894a9a6d31f49e,semantic_adjudication,208.7929998524487,241,0,incident_triage,inc_insufficient,10.0,0.0,0.7083211390478262,0.65,"sev1:1,sev2:2,sev3:4,insufficient:13",benchmark_authored_adjudication,There is too little impact evidence to assign a reliable severity.,target,choice,insufficient,insufficient,0.9771415020843481,0.9771415020843481,0.09379066493211462,1,0.9771415020843481,0.023123804177599832,0.0007602154538871204,"{""insufficient"": 0.65, ""sev1"": 0.05, ""sev2"": 0.1, ""sev3"": 0.2}","{""insufficient"": 0.9771415020843481, ""sev1"": 0.013938174947922027, ""sev2"": 0.005810295759423164, ""sev3"": 0.003110027208306674}",0.3271415020843481,0.10971915798611584,0.9161822032535806,0.1559593793829313,
case_037e2c4a2b4dbfdb,semantic_adjudication,261.7607500869781,262,0,incident_triage,inc_insufficient,11.0,2.0,0.7083211390478262,0.65,"sev1:1,sev2:2,sev3:4,insufficient:13",benchmark_authored_adjudication,There is too little impact evidence to assign a reliable severity.,target,choice,insufficient,insufficient,0.9512878901079386,0.9512878901079386,0.1582239575883167,1,0.9512878901079386,0.049938538685778015,0.004144112910449492,"{""insufficient"": 0.65, ""sev1"": 0.05, ""sev2"": 0.1, ""sev3"": 0.2}","{""insufficient"": 0.9512878901079386, ""sev1"": 0.003887696179049867, ""sev2"": 0.0030277408285877454, ""sev3"": 0.04179667288442379}",0.3012878901079386,0.08296596031103155,0.5429969377617586,0.12733264904861444,
case_7fa4873c84a9b9a5,semantic_adjudication,266.1214161198586,296,0,incident_triage,inc_insufficient,12.0,6.0,0.7083211390478262,0.65,"sev1:1,sev2:2,sev3:4,insufficient:13",benchmark_authored_adjudication,There is too little impact evidence to assign a reliable severity.,target,choice,insufficient,insufficient,0.930931729887473,0.930931729887473,0.22567510787650785,1,0.930931729887473,0.07156933426765728,0.006962089679971909,"{""insufficient"": 0.65, ""sev1"": 0.05, ""sev2"": 0.1, ""sev3"": 0.2}","{""insufficient"": 0.930931729887473, ""sev1"": 0.040902285623989745, ""sev2"": 0.021893415832788508, ""sev3"": 0.006272568655748741}",0.280931729887473,0.0837715000875649,0.6208777333436378,0.12263636140994681,
case_1a953b43eee99c85,semantic_adjudication,308.33541695028543,347,0,incident_triage,inc_insufficient,13.0,12.0,0.7083211390478262,0.65,"sev1:1,sev2:2,sev3:4,insufficient:13",benchmark_authored_adjudication,There is too little impact evidence to assign a reliable severity.,target,choice,insufficient,insufficient,0.7713460526504012,0.7713460526504012,0.5056786059592696,1,0.7713460526504012,0.25961816999317017,0.08370854148431292,"{""insufficient"": 0.65, ""sev1"": 0.05, ""sev2"": 0.1, ""sev3"": 0.2}","{""insufficient"": 0.7713460526504012, ""sev1"": 0.018140320433267958, ""sev2"": 0.1721105682577432, ""sev3"": 0.03840305865858751}",0.19345662090814447,0.04130232704075424,0.21517656906915078,0.04705340918128334,
case_aaa99e49120e21a2,semantic_adjudication,396.2056247983128,456,0,incident_triage,inc_insufficient,14.0,24.0,0.7083211390478262,0.65,"sev1:1,sev2:2,sev3:4,insufficient:13",benchmark_authored_adjudication,There is too little impact evidence to assign a reliable severity.,target,choice,insufficient,insufficient,0.9019993195964757,0.9019993195964757,0.2906084196258202,1,0.9019993195964757,0.10314151324743014,0.014181111189169536,"{""insufficient"": 0.65, ""sev1"": 0.05, ""sev2"": 0.1, ""sev3"": 0.2}","{""insufficient"": 0.9019993195964757, ""sev1"": 0.005363484009710583, ""sev2"": 0.05766288731170816, ""sev3"": 0.03497430908210559}",0.2519993195964757,0.05554159878920109,0.30244991232341073,0.09452198541054761,
case_65bd6ae1e8c7f7a5,semantic_adjudication,208.29583308659494,236,0,incident_triage,inc_insufficient,15.0,0.0,0.7083211390478262,0.65,"sev1:1,sev2:2,sev3:4,insufficient:13",benchmark_authored_adjudication,There is too little impact evidence to assign a reliable severity.,target,choice,insufficient,insufficient,0.9546613218734884,0.9546613218734884,0.15286956494505577,1,0.9546613218734884,0.04639863818158899,0.0034605639442614974,"{""insufficient"": 0.65, ""sev1"": 0.05, ""sev2"": 0.1, ""sev3"": 0.2}","{""insufficient"": 0.9546613218734884, ""sev1"": 0.004420958999643549, ""sev2"": 0.0039014826236389234, ""sev3"": 0.0370162365032291}",0.3046613218734884,0.08423289989670757,0.5332070372575697,0.1306946022297196,
case_6ed034e0073b42ad,semantic_adjudication,261.82412495836616,260,0,incident_triage,inc_insufficient,16.0,2.0,0.7083211390478262,0.65,"sev1:1,sev2:2,sev3:4,insufficient:13",benchmark_authored_adjudication,There is too little impact evidence to assign a reliable severity.,target,choice,insufficient,insufficient,0.959717677690282,0.959717677690282,0.1505529209870492,1,0.959717677690282,0.041116123511235704,0.0022895555723324618,"{""insufficient"": 0.65, ""sev1"": 0.05, ""sev2"": 0.1, ""sev3"": 0.2}","{""insufficient"": 0.959717677690282, ""sev1"": 0.022570396437439313, ""sev2"": 0.008303184828423087, ""sev3"": 0.009408741043855563}",0.309717677690282,0.09391530912938525,0.6466745225872164,0.14141075692855912,
case_2737be3819e794d2,semantic_adjudication,266.21158281341195,294,0,incident_triage,inc_insufficient,17.0,6.0,0.7083211390478262,0.65,"sev1:1,sev2:2,sev3:4,insufficient:13",benchmark_authored_adjudication,There is too little impact evidence to assign a reliable severity.,target,choice,insufficient,insufficient,0.934071826482396,0.934071826482396,0.2115314712066607,1,0.934071826482396,0.06820194169468961,0.00675586742180471,"{""insufficient"": 0.65, ""sev1"": 0.05, ""sev2"": 0.1, ""sev3"": 0.2}","{""insufficient"": 0.934071826482396, ""sev1"": 0.004325610719722943, ""sev2"": 0.0465046978855746, ""sev3"": 0.01509786491230642}",0.284071826482396,0.0762992161046336,0.48001034077067023,0.11983349934547209,
case_0395b37c99903592,semantic_adjudication,308.4897499065846,357,0,incident_triage,inc_insufficient,18.0,12.0,0.7083211390478262,0.65,"sev1:1,sev2:2,sev3:4,insufficient:13",benchmark_authored_adjudication,There is too little impact evidence to assign a reliable severity.,target,choice,insufficient,insufficient,0.9795992345606535,0.9795992345606535,0.08570889774163842,1,0.9795992345606535,0.020611735283917756,0.00060131436292932,"{""insufficient"": 0.65, ""sev1"": 0.05, ""sev2"": 0.1, ""sev3"": 0.2}","{""insufficient"": 0.9795992345606535, ""sev1"": 0.012331334505228973, ""sev2"": 0.004536444446681758, ""sev3"": 0.0035329864874356796}",0.32959923456065354,0.11140481203187894,0.9199201343598985,0.1577671616205532,
case_a3c0857ff5e0227e,semantic_adjudication,397.38708292134106,450,0,incident_triage,inc_insufficient,19.0,24.0,0.7083211390478262,0.65,"sev1:1,sev2:2,sev3:4,insufficient:13",benchmark_authored_adjudication,There is too little impact evidence to assign a reliable severity.,target,choice,insufficient,insufficient,0.910120036951299,0.910120036951299,0.26908042575875385,1,0.910120036951299,0.09417877943274272,0.01223664838365368,"{""insufficient"": 0.65, ""sev1"": 0.05, ""sev2"": 0.1, ""sev3"": 0.2}","{""insufficient"": 0.910120036951299, ""sev1"": 0.00421469192888174, ""sev2"": 0.05818202740366621, ""sev3"": 0.027483243716153058}",0.260120036951299,0.06199429808732843,0.3559871785087233,0.1012695020894803,
case_67ac7ed606f5b5d1,semantic_adjudication,208.2694999407977,237,0,incident_triage,inc_insufficient,20.0,0.0,0.7083211390478262,0.65,"sev1:1,sev2:2,sev3:4,insufficient:13",benchmark_authored_adjudication,There is too little impact evidence to assign a reliable severity.,target,choice,insufficient,insufficient,0.8396334362756106,0.8396334362756106,0.40882058225351453,1,0.8396334362756106,0.17478986777476793,0.03869570237725899,"{""insufficient"": 0.65, ""sev1"": 0.05, ""sev2"": 0.1, ""sev3"": 0.2}","{""insufficient"": 0.8396334362756106, ""sev1"": 0.006410680395269439, ""sev2"": 0.10027991355038175, ""sev3"": 0.05367596977873818}",0.18991334982599237,0.03807710666780492,0.19909826685074852,0.05927166910908784,
case_c23a4f975fa1bee0,semantic_adjudication,260.8815839048475,258,0,incident_triage,inc_insufficient,21.0,2.0,0.7083211390478262,0.65,"sev1:1,sev2:2,sev3:4,insufficient:13",benchmark_authored_adjudication,There is too little impact evidence to assign a reliable severity.,target,choice,insufficient,insufficient,0.9700561286687607,0.9700561286687607,0.11465814471419536,1,0.9700561286687607,0.030401344551830568,0.0013626055469121365,"{""insufficient"": 0.65, ""sev1"": 0.05, ""sev2"": 0.1, ""sev3"": 0.2}","{""insufficient"": 0.9700561286687607, ""sev1"": 0.0024045287404262316, ""sev2"": 0.02013287265084461, ""sev3"": 0.00740646993996853}",0.32005612866876065,0.09958202010103336,0.7109597436278111,0.14817228023484563,
case_0d1e07f145d38602,semantic_adjudication,264.9580000434071,297,0,incident_triage,inc_insufficient,22.0,6.0,0.7083211390478262,0.65,"sev1:1,sev2:2,sev3:4,insufficient:13",benchmark_authored_adjudication,There is too little impact evidence to assign a reliable severity.,target,choice,insufficient,insufficient,0.8107365368440325,0.8107365368440325,0.4613132516805158,1,0.8107365368440325,0.20981213973704957,0.05413665829532346,"{""insufficient"": 0.65, ""sev1"": 0.05, ""sev2"": 0.1, ""sev3"": 0.2}","{""insufficient"": 0.8107365368440325, ""sev1"": 0.013104335625706861, ""sev2"": 0.12433047472768873, ""sev3"": 0.05182865280257207}",0.18506701157172112,0.034112381219425926,0.17162053881303016,0.049744244457008924,
case_c8fbedf8ba6d58dc,semantic_adjudication,308.0122920218855,345,0,incident_triage,inc_insufficient,23.0,12.0,0.7083211390478262,0.65,"sev1:1,sev2:2,sev3:4,insufficient:13",benchmark_authored_adjudication,There is too little impact evidence to assign a reliable severity.,target,choice,insufficient,insufficient,0.9371276743949336,0.9371276743949336,0.20336937996301854,1,0.9371276743949336,0.0649357473335221,0.006261261001217207,"{""insufficient"": 0.65, ""sev1"": 0.05, ""sev2"": 0.1, ""sev3"": 0.2}","{""insufficient"": 0.9371276743949336, ""sev1"": 0.008107743005274242, ""sev2"": 0.0466568395945179, ""sev3"": 0.008107743005274242}",0.2871276743949336,0.08141422675079849,0.5704941464095028,0.12386539365613002,
case_87b2e3ed1e3cb237,semantic_adjudication,397.62670919299126,457,0,incident_triage,inc_insufficient,24.0,24.0,0.7083211390478262,0.65,"sev1:1,sev2:2,sev3:4,insufficient:13",benchmark_authored_adjudication,There is too little impact evidence to assign a reliable severity.,target,choice,insufficient,insufficient,0.868045879658777,0.868045879658777,0.34482955143571614,1,0.868045879658777,0.14151070896891257,0.0285661286512305,"{""insufficient"": 0.65, ""sev1"": 0.05, ""sev2"": 0.1, ""sev3"": 0.2}","{""insufficient"": 0.868045879658777, ""sev1"": 0.012382009471195814, ""sev2"": 0.015898814870683765, ""sev3"": 0.10367329599934344}",0.21804587965877698,0.03870570790317381,0.19706910804489317,0.06531096209138068,
case_0af9a4f8023caa0f,semantic_adjudication,208.05445779114962,235,0,incident_triage,inc_insufficient,25.0,0.0,0.7083211390478262,0.65,"sev1:1,sev2:2,sev3:4,insufficient:13",benchmark_authored_adjudication,There is too little impact evidence to assign a reliable severity.,target,choice,insufficient,insufficient,0.9658064821421286,0.9658064821421286,0.12512590043940267,1,0.9658064821421286,0.034791793883578045,0.001871974532080565,"{""insufficient"": 0.65, ""sev1"": 0.05, ""sev2"": 0.1, ""sev3"": 0.2}","{""insufficient"": 0.9658064821421286, ""sev1"": 0.002712751640075919, ""sev2"": 0.02573787095068866, ""sev3"": 0.005742895267106781}",0.31580648214212864,0.0983654080109365,0.7341001929595586,0.14522050457058255,
case_f53dc6b106eea9f2,semantic_adjudication,261.9336249772459,266,0,incident_triage,inc_insufficient,26.0,2.0,0.7083211390478262,0.65,"sev1:1,sev2:2,sev3:4,insufficient:13",benchmark_authored_adjudication,There is too little impact evidence to assign a reliable severity.,target,choice,insufficient,insufficient,0.9544720224604211,0.9544720224604211,0.1527959418609371,1,0.9544720224604211,0.04659694744505614,0.003488174587215559,"{""insufficient"": 0.65, ""sev1"": 0.05, ""sev2"": 0.1, ""sev3"": 0.2}","{""insufficient"": 0.9544720224604211, ""sev1"": 0.0020878990716862262, ""sev2"": 0.0064311818994482305, ""sev3"": 0.0370088965684444}",0.3044720224604211,0.08375099791711989,0.5209053465210367,0.13032000539507427,
case_9d690eae71210534,semantic_adjudication,266.4663328323513,297,0,incident_triage,inc_insufficient,27.0,6.0,0.7083211390478262,0.65,"sev1:1,sev2:2,sev3:4,insufficient:13",benchmark_authored_adjudication,There is too little impact evidence to assign a reliable severity.,target,choice,insufficient,insufficient,0.9294428977429644,0.9294428977429644,0.2117052672442769,1,0.9294428977429644,0.0731699070127821,0.008571726929688972,"{""insufficient"": 0.65, ""sev1"": 0.05, ""sev2"": 0.1, ""sev3"": 0.2}","{""insufficient"": 0.9294428977429644, ""sev1"": 0.006262536983668508, ""sev2"": 0.004877268706894668, ""sev3"": 0.05941729656647233}",0.27944289774296444,0.0686932385390458,0.4162283060887626,0.10881312928342933,
case_79b36a0ecabbb219,semantic_adjudication,307.2650001849979,342,0,incident_triage,inc_insufficient,28.0,12.0,0.7083211390478262,0.65,"sev1:1,sev2:2,sev3:4,insufficient:13",benchmark_authored_adjudication,There is too little impact evidence to assign a reliable severity.,target,choice,insufficient,insufficient,0.7202347484681554,0.7202347484681554,0.5954691484626005,1,0.7202347484681554,0.3281780805722718,0.11766610036033678,"{""insufficient"": 0.65, ""sev1"": 0.05, ""sev2"": 0.1, ""sev3"": 0.2}","{""insufficient"": 0.7202347484681554, ""sev1"": 0.02174920485357001, ""sev2"": 0.18210386268722165, ""sev3"": 0.07591218399105298}",0.152338611155377,0.0242840619795646,0.10873647964825248,0.02786985766882304,
case_d0c940b62b610ac7,semantic_adjudication,355.68408388644457,448,0,incident_triage,inc_insufficient,29.0,24.0,0.7083211390478262,0.65,"sev1:1,sev2:2,sev3:4,insufficient:13",benchmark_authored_adjudication,There is too little impact evidence to assign a reliable severity.,target,choice,insufficient,insufficient,0.9432314093450843,0.9432314093450843,0.19200898541689554,1,0.9432314093450843,0.05844362948107378,0.0048171976498600265,"{""insufficient"": 0.65, ""sev1"": 0.05, ""sev2"": 0.1, ""sev3"": 0.2}","{""insufficient"": 0.9432314093450843, ""sev1"": 0.004949624175224118, ""sev2"": 0.036573050699354355, ""sev3"": 0.01524591578033734}",0.29323140934508424,0.07902189848110538,0.48900202855705444,0.12617124532189083,
case_c6b057e5d7ffd0f9,semantic_adjudication,210.97762510180473,242,0,hardware_fault,hw_pcie_clear,0.0,0.0,0.1431984785579781,0.95,"pcie_transport:19,power_delivery:0,device_fault:1,insufficient:0",benchmark_authored_adjudication,Transport errors plus cross-system device stability strongly implicate PCIe transport.,target,choice,pcie_transport,pcie_transport,0.9142365300611054,0.9142365300611054,0.2692446262581563,1,0.9142365300611054,0.08966595538236924,0.01048617165340967,"{""device_fault"": 0.05, ""insufficient"": 0.0, ""pcie_transport"": 0.95, ""power_delivery"": 0.0}","{""device_fault"": 0.04551715662655095, ""insufficient"": 0.00896285956186583, ""pcie_transport"": 0.9142365300611054, ""power_delivery"": 0.03128345375047792}",0.040246313312343684,0.014172458119743556,0.041150712036496645,0.002358108996865112,
case_64484afed848a3fd,semantic_adjudication,262.35400000587106,265,0,hardware_fault,hw_pcie_clear,1.0,2.0,0.1431984785579781,0.95,"pcie_transport:19,power_delivery:0,device_fault:1,insufficient:0",benchmark_authored_adjudication,Transport errors plus cross-system device stability strongly implicate PCIe transport.,target,choice,pcie_transport,pcie_transport,0.7243375018250697,0.7243375018250697,0.5694949728770051,1,0.7243375018250697,0.3224978324747075,0.1144590326018382,"{""device_fault"": 0.05, ""insufficient"": 0.0, ""pcie_transport"": 0.95, ""power_delivery"": 0.0}","{""device_fault"": 0.16162154278374138, ""insufficient"": 0.11108075357692188, ""pcie_transport"": 0.7243375018250697, ""power_delivery"": 0.0029602018142671086}",0.2256624981749303,0.06264143482653556,0.1989825891288349,0.07573062850597102,
case_c3bd8c1958c868d6,semantic_adjudication,265.7202500849962,305,0,hardware_fault,hw_pcie_clear,2.0,6.0,0.1431984785579781,0.95,"pcie_transport:19,power_delivery:0,device_fault:1,insufficient:0",benchmark_authored_adjudication,Transport errors plus cross-system device stability strongly implicate PCIe transport.,target,choice,pcie_transport,pcie_transport,0.8084703631277999,0.8084703631277999,0.46110645025392905,1,0.8084703631277999,0.21261125725057492,0.05556594197082059,"{""device_fault"": 0.05, ""insufficient"": 0.0, ""pcie_transport"": 0.95, ""power_delivery"": 0.0}","{""device_fault"": 0.12398294573257103, ""insufficient"": 0.05856539667437087, ""pcie_transport"": 0.8084703631277999, ""power_delivery"": 0.008981294465258229}",0.1415296368722001,0.03438172210031331,0.10784601390470235,0.02901468371034346,
case_9d6268277fb8e6f7,semantic_adjudication,309.38412505201995,354,0,hardware_fault,hw_pcie_clear,3.0,12.0,0.1431984785579781,0.95,"pcie_transport:19,power_delivery:0,device_fault:1,insufficient:0",benchmark_authored_adjudication,Transport errors plus cross-system device stability strongly implicate PCIe transport.,target,choice,pcie_transport,device_fault,0.5250129572031957,0.5250129572031957,0.5444290550124055,0,0.463322308548599,0.7693323363080294,0.5637295827453904,"{""device_fault"": 0.05, ""insufficient"": 0.0, ""pcie_transport"": 0.95, ""power_delivery"": 0.0}","{""device_fault"": 0.5250129572031957, ""insufficient"": 0.005832367124102658, ""pcie_transport"": 0.463322308548599, ""power_delivery"": 0.005832367124102658}",0.486677691451401,0.16115448476488511,0.5645670929621568,0.46256051787993074,
case_0fb59ae768b557f7,semantic_adjudication,397.16520882211626,456,0,hardware_fault,hw_pcie_clear,4.0,24.0,0.1431984785579781,0.95,"pcie_transport:19,power_delivery:0,device_fault:1,insufficient:0",benchmark_authored_adjudication,Transport errors plus cross-system device stability strongly implicate PCIe transport.,target,choice,pcie_transport,pcie_transport,0.9066200907893139,0.9066200907893139,0.2861957290441579,1,0.9066200907893139,0.09803178013267322,0.012708760042766257,"{""device_fault"": 0.05, ""insufficient"": 0.0, ""pcie_transport"": 0.95, ""power_delivery"": 0.0}","{""device_fault"": 0.05795828333119188, ""insufficient"": 0.016605326192168472, ""pcie_transport"": 0.9066200907893139, ""power_delivery"": 0.018816299687325757}",0.04337990921068606,0.012676412783764175,0.037016536786800724,0.00257494078857846,
case_03b543e6ebebfade,semantic_adjudication,207.4971250258386,240,0,hardware_fault,hw_pcie_clear,5.0,0.0,0.1431984785579781,0.95,"pcie_transport:19,power_delivery:0,device_fault:1,insufficient:0",benchmark_authored_adjudication,Transport errors plus cross-system device stability strongly implicate PCIe transport.,target,choice,pcie_transport,pcie_transport,0.8547285963925046,0.8547285963925046,0.36531151886414664,1,0.8547285963925046,0.15697129155717662,0.03497869192524675,"{""device_fault"": 0.05, ""insufficient"": 0.0, ""pcie_transport"": 0.95, ""power_delivery"": 0.0}","{""device_fault"": 0.11567493668321205, ""insufficient"": 0.020101289905822307, ""pcie_transport"": 0.8547285963925046, ""power_delivery"": 0.00949517701846104}",0.09527140360749535,0.01820597696948099,0.05845604821130394,0.013884057896176007,
case_edf9ba4b2eebaa80,semantic_adjudication,262.4741669278592,271,0,hardware_fault,hw_pcie_clear,6.0,2.0,0.1431984785579781,0.95,"pcie_transport:19,power_delivery:0,device_fault:1,insufficient:0",benchmark_authored_adjudication,Transport errors plus cross-system device stability strongly implicate PCIe transport.,target,choice,pcie_transport,pcie_transport,0.5761415843053332,0.5761415843053332,0.7033192469912055,1,0.5761415843053332,0.551401842405964,0.28501753588163675,"{""device_fault"": 0.05, ""insufficient"": 0.0, ""pcie_transport"": 0.95, ""power_delivery"": 0.0}","{""device_fault"": 0.30838636744446696, ""insufficient"": 0.10011839509052486, ""pcie_transport"": 0.5761415843053332, ""power_delivery"": 0.015353653159674886}",0.3738584156946667,0.11494897849196187,0.38413659906009134,0.21679305756772335,
case_7c3b3cc737d9b59b,semantic_adjudication,266.75858395174146,303,0,hardware_fault,hw_pcie_clear,7.0,6.0,0.1431984785579781,0.95,"pcie_transport:19,power_delivery:0,device_fault:1,insufficient:0",benchmark_authored_adjudication,Transport errors plus cross-system device stability strongly implicate PCIe transport.,target,choice,pcie_transport,pcie_transport,0.8248774340519583,0.8248774340519583,0.3737695792170552,1,0.8248774340519583,0.19252046846980198,0.0571325894729754,"{""device_fault"": 0.05, ""insufficient"": 0.0, ""pcie_transport"": 0.95, ""power_delivery"": 0.0}","{""device_fault"": 0.16242799737730823, ""insufficient"": 0.007136588139349785, ""pcie_transport"": 0.8248774340519583, ""power_delivery"": 0.005557980431383712}",0.12512256594804166,0.0222687766637007,0.07525522512392935,0.0283775331404404,
case_5deab5674dc25313,semantic_adjudication,307.9385000746697,347,0,hardware_fault,hw_pcie_clear,8.0,12.0,0.1431984785579781,0.95,"pcie_transport:19,power_delivery:0,device_fault:1,insufficient:0",benchmark_authored_adjudication,Transport errors plus cross-system device stability strongly implicate PCIe transport.,target,choice,pcie_transport,pcie_transport,0.824655916583258,0.824655916583258,0.44185225854732024,1,0.824655916583258,0.19278905045384817,0.045112161475895154,"{""device_fault"": 0.05, ""insufficient"": 0.0, ""pcie_transport"": 0.95, ""power_delivery"": 0.0}","{""device_fault"": 0.09849110391625084, ""insufficient"": 0.06769187977792673, ""pcie_transport"": 0.824655916583258, ""power_delivery"": 0.00916109972256445}",0.125344083416742,0.03288267055952494,0.1005238071079755,0.02272864274259586,
case_9469b387fce8ff7f,semantic_adjudication,397.44341699406505,457,0,hardware_fault,hw_pcie_clear,9.0,24.0,0.1431984785579781,0.95,"pcie_transport:19,power_delivery:0,device_fault:1,insufficient:0",benchmark_authored_adjudication,Transport errors plus cross-system device stability strongly implicate PCIe transport.,target,choice,pcie_transport,pcie_transport,0.8800469548965937,0.8800469548965937,0.3241901937390564,1,0.8800469548965937,0.12778001509632536,0.023374993556113756,"{""device_fault"": 0.05, ""insufficient"": 0.0, ""pcie_transport"": 0.95, ""power_delivery"": 0.0}","{""device_fault"": 0.09275626662413096, ""insufficient"": 0.016118622231016143, ""pcie_transport"": 0.8800469548965937, ""power_delivery"": 0.011078156248259217}",0.0699530451034063,0.013345432888729993,0.04176477175045283,0.0071040623833600195,
case_117f45cf93c67eb8,semantic_adjudication,209.14141717366874,246,0,hardware_fault,hw_pcie_clear,10.0,0.0,0.1431984785579781,0.95,"pcie_transport:19,power_delivery:0,device_fault:1,insufficient:0",benchmark_authored_adjudication,Transport errors plus cross-system device stability strongly implicate PCIe transport.,target,choice,pcie_transport,pcie_transport,0.6994414149271657,0.6994414149271657,0.6228401270840137,1,0.6994414149271657,0.3574732411686709,0.13338603266255175,"{""device_fault"": 0.05, ""insufficient"": 0.0, ""pcie_transport"": 0.95, ""power_delivery"": 0.0}","{""device_fault"": 0.17684648463928454, ""insufficient"": 0.10726281499612535, ""pcie_transport"": 0.6994414149271657, ""power_delivery"": 0.016449285437424497}",0.2505585850728343,0.07122367060605078,0.22770799782279832,0.09064552569133984,
case_8879bbf9875ae074,semantic_adjudication,262.19499995931983,265,0,hardware_fault,hw_pcie_clear,11.0,2.0,0.1431984785579781,0.95,"pcie_transport:19,power_delivery:0,device_fault:1,insufficient:0",benchmark_authored_adjudication,Transport errors plus cross-system device stability strongly implicate PCIe transport.,target,choice,pcie_transport,pcie_transport,0.8643257107054709,0.8643257107054709,0.3618456018759059,1,0.8643257107054709,0.14580560123399836,0.028192300448178345,"{""device_fault"": 0.05, ""insufficient"": 0.0, ""pcie_transport"": 0.95, ""power_delivery"": 0.0}","{""device_fault"": 0.03797582138027072, ""insufficient"": 0.09109925967723892, ""pcie_transport"": 0.8643257107054709, ""power_delivery"": 0.006599208237019369}",0.0976984679142583,0.03528363438050575,0.10354035788812584,0.01582728938069836,
case_de5adda117a8eb1a,semantic_adjudication,265.0616669561714,299,0,hardware_fault,hw_pcie_clear,12.0,6.0,0.1431984785579781,0.95,"pcie_transport:19,power_delivery:0,device_fault:1,insufficient:0",benchmark_authored_adjudication,Transport errors plus cross-system device stability strongly implicate PCIe transport.,target,choice,pcie_transport,pcie_transport,0.8334970676536224,0.8334970676536224,0.40240161386995316,1,0.8334970676536224,0.18212509490950762,0.04514637646095681,"{""device_fault"": 0.05, ""insufficient"": 0.0, ""pcie_transport"": 0.95, ""power_delivery"": 0.0}","{""device_fault"": 0.12782091517536637, ""insufficient"": 0.03231818852833242, ""pcie_transport"": 0.8334970676536224, ""power_delivery"": 0.0063638286426789025}",0.11650293234637761,0.024119447483998205,0.07735985156363506,0.020713991708782405,
case_2e72ef3d92d8af39,semantic_adjudication,308.11279197223485,351,0,hardware_fault,hw_pcie_clear,13.0,12.0,0.1431984785579781,0.95,"pcie_transport:19,power_delivery:0,device_fault:1,insufficient:0",benchmark_authored_adjudication,Transport errors plus cross-system device stability strongly implicate PCIe transport.,target,choice,pcie_transport,pcie_transport,0.8549932978806595,0.8549932978806595,0.383506430647424,1,0.8549932978806595,0.15666164881217068,0.032377751033085496,"{""device_fault"": 0.05, ""insufficient"": 0.0, ""pcie_transport"": 0.95, ""power_delivery"": 0.0}","{""device_fault"": 0.10211438741403876, ""insufficient"": 0.022784799617153274, ""pcie_transport"": 0.8549932978806595, ""power_delivery"": 0.02010751508814844}",0.09500670211934048,0.02067139637362133,0.06439640546629799,0.01266564207974756,
case_10e2f3b093dc2fc3,semantic_adjudication,397.372042061761,460,0,hardware_fault,hw_pcie_clear,14.0,24.0,0.1431984785579781,0.95,"pcie_transport:19,power_delivery:0,device_fault:1,insufficient:0",benchmark_authored_adjudication,Transport errors plus cross-system device stability strongly implicate PCIe transport.,target,choice,pcie_transport,pcie_transport,0.7660641779865383,0.7660641779865383,0.514815990886498,1,0.7660641779865383,0.26648932947892495,0.08653893239871846,"{""device_fault"": 0.05, ""insufficient"": 0.0, ""pcie_transport"": 0.95, ""power_delivery"": 0.0}","{""device_fault"": 0.1709320227181115, ""insufficient"": 0.04897284444575394, ""pcie_transport"": 0.7660641779865383, ""power_delivery"": 0.014030954849596421}",0.18393582201346179,0.04426746501044808,0.14297408613305226,0.05105214792556112,
case_fb6f3b0e5e408576,semantic_adjudication,208.11816700734198,241,0,hardware_fault,hw_pcie_clear,15.0,0.0,0.1431984785579781,0.95,"pcie_transport:19,power_delivery:0,device_fault:1,insufficient:0",benchmark_authored_adjudication,Transport errors plus cross-system device stability strongly implicate PCIe transport.,target,choice,pcie_transport,pcie_transport,0.8925953616849944,0.8925953616849944,0.32608183610836905,1,0.8925953616849944,0.11362192320984105,0.015828715311123703,"{""device_fault"": 0.05, ""insufficient"": 0.0, ""pcie_transport"": 0.95, ""power_delivery"": 0.0}","{""device_fault"": 0.04443970629704906, ""insufficient"": 0.04443970629704906, ""pcie_transport"": 0.8925953616849944, ""power_delivery"": 0.018525225720907597}",0.06296493201795657,0.022351044438461056,0.06510667986396848,0.005644280849918235,
case_86bbd14660718036,semantic_adjudication,262.6244588755071,267,0,hardware_fault,hw_pcie_clear,16.0,2.0,0.1431984785579781,0.95,"pcie_transport:19,power_delivery:0,device_fault:1,insufficient:0",benchmark_authored_adjudication,Transport errors plus cross-system device stability strongly implicate PCIe transport.,target,choice,pcie_transport,pcie_transport,0.8621541670874971,0.8621541670874971,0.38943125978331644,1,0.8621541670874971,0.14832117618051693,0.026350855873643553,"{""device_fault"": 0.05, ""insufficient"": 0.0, ""pcie_transport"": 0.95, ""power_delivery"": 0.0}","{""device_fault"": 0.05511567193235409, ""insufficient"": 0.06245423838988573, ""pcie_transport"": 0.8621541670874971, ""power_delivery"": 0.02027592259026297}",0.0878458329125028,0.029799373848534157,0.08730593283464433,0.01205470538915785,
case_733c12ad6a9917d8,semantic_adjudication,265.1449581608176,300,0,hardware_fault,hw_pcie_clear,17.0,6.0,0.1431984785579781,0.95,"pcie_transport:19,power_delivery:0,device_fault:1,insufficient:0",benchmark_authored_adjudication,Transport errors plus cross-system device stability strongly implicate PCIe transport.,target,choice,pcie_transport,pcie_transport,0.5100344289534985,0.5100344289534985,0.6192560358800813,1,0.5100344289534985,0.6732770477903535,0.4434664607978803,"{""device_fault"": 0.05, ""insufficient"": 0.0, ""pcie_transport"": 0.95, ""power_delivery"": 0.0}","{""device_fault"": 0.45010380376296527, ""insufficient"": 0.02240934885058237, ""pcie_transport"": 0.5100344289534985, ""power_delivery"": 0.017452418432953833}",0.43996557104650147,0.13952708992818924,0.48101180444448083,0.3544595233169336,
case_20cfa59727c35b7a,semantic_adjudication,308.7487081065774,358,0,hardware_fault,hw_pcie_clear,18.0,12.0,0.1431984785579781,0.95,"pcie_transport:19,power_delivery:0,device_fault:1,insufficient:0",benchmark_authored_adjudication,Transport errors plus cross-system device stability strongly implicate PCIe transport.,target,choice,pcie_transport,pcie_transport,0.8631693842036523,0.8631693842036523,0.3870651465691664,1,0.8631693842036523,0.1471443334572319,0.026118747594168972,"{""device_fault"": 0.05, ""insufficient"": 0.0, ""pcie_transport"": 0.95, ""power_delivery"": 0.0}","{""device_fault"": 0.07085325771454837, ""insufficient"": 0.04297467314439426, ""pcie_transport"": 0.8631693842036523, ""power_delivery"": 0.023002684937405156}",0.08683061579634771,0.024810038877690864,0.07362909011135922,0.010350360243079356,
case_007dfbe70ab2b051,semantic_adjudication,397.2332919947803,456,0,hardware_fault,hw_pcie_clear,19.0,24.0,0.1431984785579781,0.95,"pcie_transport:19,power_delivery:0,device_fault:1,insufficient:0",benchmark_authored_adjudication,Transport errors plus cross-system device stability strongly implicate PCIe transport.,target,choice,pcie_transport,pcie_transport,0.7254490395241032,0.7254490395241032,0.4530113823525279,1,0.7254490395241032,0.32096445099388365,0.14663187725559731,"{""device_fault"": 0.05, ""insufficient"": 0.0, ""pcie_transport"": 0.95, ""power_delivery"": 0.0}","{""device_fault"": 0.26687778725848665, ""insufficient"": 0.004313677670054233, ""pcie_transport"": 0.7254490395241032, ""power_delivery"": 0.0033594955473558695}",0.22455096047589676,0.050950134533362695,0.17244920764801114,0.09748900248215896,
case_c384576d7bb3485d,semantic_adjudication,209.03266686946154,242,0,hardware_fault,hw_pcie_clear,20.0,0.0,0.1431984785579781,0.95,"pcie_transport:19,power_delivery:0,device_fault:1,insufficient:0",benchmark_authored_adjudication,Transport errors plus cross-system device stability strongly implicate PCIe transport.,target,choice,pcie_transport,pcie_transport,0.9142365300611054,0.9142365300611054,0.2692446262581563,1,0.9142365300611054,0.08966595538236924,0.01048617165340967,"{""device_fault"": 0.05, ""insufficient"": 0.0, ""pcie_transport"": 0.95, ""power_delivery"": 0.0}","{""device_fault"": 0.04551715662655095, ""insufficient"": 0.00896285956186583, ""pcie_transport"": 0.9142365300611054, ""power_delivery"": 0.03128345375047792}",0.040246313312343684,0.014172458119743556,0.041150712036496645,0.002358108996865112,
case_05458e5c855c1214,semantic_adjudication,262.1677501592785,267,0,hardware_fault,hw_pcie_clear,21.0,2.0,0.1431984785579781,0.95,"pcie_transport:19,power_delivery:0,device_fault:1,insufficient:0",benchmark_authored_adjudication,Transport errors plus cross-system device stability strongly implicate PCIe transport.,target,choice,pcie_transport,pcie_transport,0.8794899161485519,0.8794899161485519,0.3450673583548993,1,0.8794899161485519,0.12841318030680554,0.021099497387321264,"{""device_fault"": 0.05, ""insufficient"": 0.0, ""pcie_transport"": 0.95, ""power_delivery"": 0.0}","{""device_fault"": 0.07219292855678675, ""insufficient"": 0.03410152479464771, ""pcie_transport"": 0.8794899161485519, ""power_delivery"": 0.014215630500013577}",0.07051008385144805,0.018438293422472538,0.05489793696093291,0.006829196146497769,
case_a841b084796e5c25,semantic_adjudication,265.86679206229746,303,0,hardware_fault,hw_pcie_clear,22.0,6.0,0.1431984785579781,0.95,"pcie_transport:19,power_delivery:0,device_fault:1,insufficient:0",benchmark_authored_adjudication,Transport errors plus cross-system device stability strongly implicate PCIe transport.,target,choice,pcie_transport,pcie_transport,0.7961673424373823,0.7961673424373823,0.47432806057423876,1,0.7961673424373823,0.2279458860401228,0.06407657652893199,"{""device_fault"": 0.05, ""insufficient"": 0.0, ""pcie_transport"": 0.95, ""power_delivery"": 0.0}","{""device_fault"": 0.13835313874180485, ""insufficient"": 0.057674168844769655, ""pcie_transport"": 0.7961673424373823, ""power_delivery"": 0.007805349976043124}",0.15383265756261766,0.03686515447243122,0.1169306426942503,0.03485799689848972,
case_968290114eae419b,semantic_adjudication,308.93420800566673,350,0,hardware_fault,hw_pcie_clear,23.0,12.0,0.1431984785579781,0.95,"pcie_transport:19,power_delivery:0,device_fault:1,insufficient:0",benchmark_authored_adjudication,Transport errors plus cross-system device stability strongly implicate PCIe transport.,target,choice,pcie_transport,pcie_transport,0.9346329055860588,0.9346329055860588,0.21412764452697594,1,0.9346329055860588,0.06760144113310299,0.006359507785836265,"{""device_fault"": 0.05, ""insufficient"": 0.0, ""pcie_transport"": 0.95, ""power_delivery"": 0.0}","{""device_fault"": 0.04106490393498708, ""insufficient"": 0.019397687110410778, ""pcie_transport"": 0.9346329055860588, ""power_delivery"": 0.004904503368543201}",0.024302190478954017,0.008673349380913107,0.025336197787230466,0.0007163079509434382,
case_462fd327ef360f22,semantic_adjudication,397.98766700550914,460,0,hardware_fault,hw_pcie_clear,24.0,24.0,0.1431984785579781,0.95,"pcie_transport:19,power_delivery:0,device_fault:1,insufficient:0",benchmark_authored_adjudication,Transport errors plus cross-system device stability strongly implicate PCIe transport.,target,choice,pcie_transport,pcie_transport,0.7510498551797885,0.7510498551797885,0.4925613062491043,1,0.7510498551797885,0.2862832443617544,0.10886816147275176,"{""device_fault"": 0.05, ""insufficient"": 0.0, ""pcie_transport"": 0.95, ""power_delivery"": 0.0}","{""device_fault"": 0.2151793861901605, ""insufficient"": 0.020014800695141877, ""pcie_transport"": 0.7510498551797885, ""power_delivery"": 0.013755957934909108}",0.19895014482021145,0.045249940842912076,0.15026800101588172,0.06745520837171452,
case_e27142b365314c37,semantic_adjudication,208.24633305892348,240,0,hardware_fault,hw_pcie_clear,25.0,0.0,0.1431984785579781,0.95,"pcie_transport:19,power_delivery:0,device_fault:1,insufficient:0",benchmark_authored_adjudication,Transport errors plus cross-system device stability strongly implicate PCIe transport.,target,choice,pcie_transport,pcie_transport,0.8206664677007052,0.8206664677007052,0.46256534550066286,1,0.8206664677007052,0.19763850335018457,0.04577985100820269,"{""device_fault"": 0.05, ""insufficient"": 0.0, ""pcie_transport"": 0.95, ""power_delivery"": 0.0}","{""device_fault"": 0.0980146321944592, ""insufficient"": 0.05944887952639645, ""pcie_transport"": 0.8206664677007052, ""power_delivery"": 0.021870020578439127}",0.12933353229929478,0.03451201198553783,0.10537326000431191,0.023045034558827275,
case_5e0549bf266062b7,semantic_adjudication,263.0871671717614,271,0,hardware_fault,hw_pcie_clear,26.0,2.0,0.1431984785579781,0.95,"pcie_transport:19,power_delivery:0,device_fault:1,insufficient:0",benchmark_authored_adjudication,Transport errors plus cross-system device stability strongly implicate PCIe transport.,target,choice,pcie_transport,pcie_transport,0.8789965170595399,0.8789965170595399,0.3618566947187652,1,0.8789965170595399,0.12897434369441232,0.019540085655068963,"{""device_fault"": 0.05, ""insufficient"": 0.0, ""pcie_transport"": 0.95, ""power_delivery"": 0.0}","{""device_fault"": 0.03862041162525131, ""insufficient"": 0.04376265968995759, ""pcie_transport"": 0.8789965170595399, ""power_delivery"": 0.03862041162525131}",0.08238307131520885,0.02960739536833758,0.08670910034853976,0.008577696198497811,
case_a5b3474046788742,semantic_adjudication,265.09437477216125,301,0,hardware_fault,hw_pcie_clear,27.0,6.0,0.1431984785579781,0.95,"pcie_transport:19,power_delivery:0,device_fault:1,insufficient:0",benchmark_authored_adjudication,Transport errors plus cross-system device stability strongly implicate PCIe transport.,target,choice,pcie_transport,pcie_transport,0.7183353666976875,0.7183353666976875,0.5672135239010179,1,0.7183353666976875,0.33081873444677035,0.12623738372774382,"{""device_fault"": 0.05, ""insufficient"": 0.0, ""pcie_transport"": 0.95, ""power_delivery"": 0.0}","{""device_fault"": 0.2058065283132111, ""insufficient"": 0.06681559721534006, ""pcie_transport"": 0.7183353666976875, ""power_delivery"": 0.009042507773761475}",0.23166463330231254,0.05982460986112664,0.19480349110089773,0.08249026756619145,
case_b6582435db01a86f,semantic_adjudication,309.1697911731899,355,0,hardware_fault,hw_pcie_clear,28.0,12.0,0.1431984785579781,0.95,"pcie_transport:19,power_delivery:0,device_fault:1,insufficient:0",benchmark_authored_adjudication,Transport errors plus cross-system device stability strongly implicate PCIe transport.,target,choice,pcie_transport,pcie_transport,0.8303532728392224,0.8303532728392224,0.41780778274927033,1,0.8303532728392224,0.1859040388194424,0.045920903220869974,"{""device_fault"": 0.05, ""insufficient"": 0.0, ""pcie_transport"": 0.95, ""power_delivery"": 0.0}","{""device_fault"": 0.1273387986258368, ""insufficient"": 0.02507449615590305, ""pcie_transport"": 0.8303532728392224, ""power_delivery"": 0.01723343237903761}",0.11964672716077748,0.02539648637478006,0.08113879547356981,0.02122235064220853,
case_845e92d1397356f4,semantic_adjudication,355.94591591507196,448,0,hardware_fault,hw_pcie_clear,29.0,24.0,0.1431984785579781,0.95,"pcie_transport:19,power_delivery:0,device_fault:1,insufficient:0",benchmark_authored_adjudication,Transport errors plus cross-system device stability strongly implicate PCIe transport.,target,choice,pcie_transport,pcie_transport,0.8709399770399583,0.8709399770399583,0.34966590801978314,1,0.8709399770399583,0.13818221720231944,0.025894962645743168,"{""device_fault"": 0.05, ""insufficient"": 0.0, ""pcie_transport"": 0.95, ""power_delivery"": 0.0}","{""device_fault"": 0.09179639821993953, ""insufficient"": 0.026300108424500892, ""pcie_transport"": 0.8709399770399583, ""power_delivery"": 0.010963516315601196}",0.07906002296004164,0.016899238854959697,0.05216697385644685,0.008809320527745036,
case_0aca31f7c823bb8a,semantic_adjudication,210.14008414931595,243,0,hardware_fault,hw_power_border,0.0,0.0,0.5958800740904867,0.75,"pcie_transport:2,power_delivery:15,device_fault:2,insufficient:1",benchmark_authored_adjudication,"Power sensitivity strongly favors delivery, though device or transport issues remain possible.",target,choice,power_delivery,power_delivery,0.9983565231973187,0.9983565231973187,0.00952576865338334,1,0.9983565231973187,0.00164482879219375,4.507208323401569e-06,"{""device_fault"": 0.1, ""insufficient"": 0.05, ""pcie_transport"": 0.1, ""power_delivery"": 0.75}","{""device_fault"": 0.0013245998981663472, ""insufficient"": 0.00017926510239353092, ""pcie_transport"": 0.00013961180212145746, ""power_delivery"": 0.9983565231973187}",0.24835652319731868,0.09140897584216509,1.1568296421768494,0.08387199995668584,
case_ba9a4f40faf2687d,semantic_adjudication,262.9464170895517,264,0,hardware_fault,hw_power_border,1.0,2.0,0.5958800740904867,0.75,"pcie_transport:2,power_delivery:15,device_fault:2,insufficient:1",benchmark_authored_adjudication,"Power sensitivity strongly favors delivery, though device or transport issues remain possible.",target,choice,power_delivery,power_delivery,0.9967817200344775,0.9967817200344775,0.01761766144381063,1,0.9967817200344775,0.0032234697663033637,1.56523357327081e-05,"{""device_fault"": 0.1, ""insufficient"": 0.05, ""pcie_transport"": 0.1, ""power_delivery"": 0.75}","{""device_fault"": 0.002180451159342479, ""insufficient"": 0.0005513043898001432, ""pcie_transport"": 0.00048652441637991677, ""power_delivery"": 0.9967817200344775}",0.2467817200344775,0.08817232008679987,0.9271582831509589,0.08281798679884697,
case_27b5981d5c49061e,semantic_adjudication,272.2557499073446,308,0,hardware_fault,hw_power_border,2.0,6.0,0.5958800740904867,0.75,"pcie_transport:2,power_delivery:15,device_fault:2,insufficient:1",benchmark_authored_adjudication,"Power sensitivity strongly favors delivery, though device or transport issues remain possible.",target,choice,power_delivery,power_delivery,0.9959491204495603,0.9959491204495603,0.02184879195747096,1,0.9959491204495603,0.0040591065883485945,2.3205595468260897e-05,"{""device_fault"": 0.1, ""insufficient"": 0.05, ""pcie_transport"": 0.1, ""power_delivery"": 0.75}","{""device_fault"": 0.0013214058033110207, ""insufficient"": 0.0021786298551454697, ""pcie_transport"": 0.0005508438919831339, ""power_delivery"": 0.9959491204495603}",0.24594912044956035,0.0869795873060357,0.8967439199730041,0.08240545289567504,
case_7d5bb0c59f9a5839,semantic_adjudication,309.5555829349905,357,0,hardware_fault,hw_power_border,3.0,12.0,0.5958800740904867,0.75,"pcie_transport:2,power_delivery:15,device_fault:2,insufficient:1",benchmark_authored_adjudication,"Power sensitivity strongly favors delivery, though device or transport issues remain possible.",target,choice,power_delivery,power_delivery,0.9934444712751374,0.9934444712751374,0.03299279197385027,1,0.9934444712751374,0.006577110575295061,6.117399155098381e-05,"{""device_fault"": 0.1, ""insufficient"": 0.05, ""pcie_transport"": 0.1, ""power_delivery"": 0.75}","{""device_fault"": 0.0035829202077795486, ""insufficient"": 0.0021731509573222553, ""pcie_transport"": 0.0007994575597608962, ""power_delivery"": 0.9934444712751374}",0.24344447127513733,0.08280576963892251,0.7617619239599509,0.08068961897987935,
case_100d8d6277c0d03a,semantic_adjudication,397.74870802648365,465,0,hardware_fault,hw_power_border,4.0,24.0,0.5958800740904867,0.75,"pcie_transport:2,power_delivery:15,device_fault:2,insufficient:1",benchmark_authored_adjudication,"Power sensitivity strongly favors delivery, though device or transport issues remain possible.",target,choice,power_delivery,power_delivery,0.9969385595619854,0.9969385595619854,0.01636673835390432,1,0.9969385595619854,0.0030661362331728613,1.5653280572922918e-05,"{""device_fault"": 0.1, ""insufficient"": 0.05, ""pcie_transport"": 0.1, ""power_delivery"": 0.75}","{""device_fault"": 0.0024711636245168954, ""insufficient"": 0.00029513840674879824, ""pcie_transport"": 0.00029513840674879824, ""power_delivery"": 0.9969385595619854}",0.24693855956198546,0.08872441200777385,0.9957509496178284,0.08290215881463761,
case_dcae9523e6a4d716,semantic_adjudication,208.36562500335276,241,0,hardware_fault,hw_power_border,5.0,0.0,0.5958800740904867,0.75,"pcie_transport:2,power_delivery:15,device_fault:2,insufficient:1",benchmark_authored_adjudication,"Power sensitivity strongly favors delivery, though device or transport issues remain possible.",target,choice,power_delivery,power_delivery,0.9961647916435247,0.9961647916435247,0.020284751521483704,1,0.9961647916435247,0.003842581626098438,2.3077723114270952e-05,"{""device_fault"": 0.1, ""insufficient"": 0.05, ""pcie_transport"": 0.1, ""power_delivery"": 0.75}","{""device_fault"": 0.002798021883559049, ""insufficient"": 0.0005509631763496068, ""pcie_transport"": 0.00048622329656669816, ""power_delivery"": 0.9961647916435247}",0.24616479164352467,0.087198190862036,0.9027773950107542,0.08239352819121651,
case_948bbed8ad5e9448,semantic_adjudication,263.0036659538746,273,0,hardware_fault,hw_power_border,6.0,2.0,0.5958800740904867,0.75,"pcie_transport:2,power_delivery:15,device_fault:2,insufficient:1",benchmark_authored_adjudication,"Power sensitivity strongly favors delivery, though device or transport issues remain possible.",target,choice,power_delivery,power_delivery,0.9505393015460608,0.9505393015460608,0.1750393240658721,1,0.9505393015460608,0.05072576962224087,0.0034965840806568667,"{""device_fault"": 0.1, ""insufficient"": 0.05, ""pcie_transport"": 0.1, ""power_delivery"": 0.75}","{""device_fault"": 0.02533101436893233, ""insufficient"": 0.01972781382651751, ""pcie_transport"": 0.00440187025848926, ""power_delivery"": 0.9505393015460608}",0.20053930154606087,0.04827975161926752,0.31841058300689656,0.055846876545551205,
case_dc13d6c831723543,semantic_adjudication,266.05716603808105,302,0,hardware_fault,hw_power_border,7.0,6.0,0.5958800740904867,0.75,"pcie_transport:2,power_delivery:15,device_fault:2,insufficient:1",benchmark_authored_adjudication,"Power sensitivity strongly favors delivery, though device or transport issues remain possible.",target,choice,power_delivery,power_delivery,0.9965996364185596,0.9965996364185596,0.01828288702188609,1,0.9965996364185596,0.0034061579567340053,1.8112313272747772e-05,"{""device_fault"": 0.1, ""insufficient"": 0.05, ""pcie_transport"": 0.1, ""power_delivery"": 0.75}","{""device_fault"": 0.0024703235180374063, ""insufficient"": 0.0005512036821981191, ""pcie_transport"": 0.0003788363812048735, ""power_delivery"": 0.9965996364185596}",0.24659963641855964,0.0879684948963192,0.9398409713413894,0.0826929781744843,
case_92e4cc16e0c591ed,semantic_adjudication,308.36762487888336,354,0,hardware_fault,hw_power_border,8.0,12.0,0.5958800740904867,0.75,"pcie_transport:2,power_delivery:15,device_fault:2,insufficient:1",benchmark_authored_adjudication,"Power sensitivity strongly favors delivery, though device or transport issues remain possible.",target,choice,power_delivery,power_delivery,0.9979514064555914,0.9979514064555914,0.01218386588204496,1,0.9979514064555914,0.0020506947823757914,5.711923889087214e-06,"{""device_fault"": 0.1, ""insufficient"": 0.05, ""pcie_transport"": 0.1, ""power_delivery"": 0.75}","{""device_fault"": 0.0009100138900466186, ""insufficient"": 0.000429860124187762, ""pcie_transport"": 0.0007087195301741619, ""power_delivery"": 0.9979514064555914}",0.24795140645559144,0.09023326010884682,0.9884855081670314,0.08361468245522187,
case_98c47defe952abda,semantic_adjudication,398.66529195569456,453,0,hardware_fault,hw_power_border,9.0,24.0,0.5958800740904867,0.75,"pcie_transport:2,power_delivery:15,device_fault:2,insufficient:1",benchmark_authored_adjudication,"Power sensitivity strongly favors delivery, though device or transport issues remain possible.",target,choice,power_delivery,power_delivery,0.9954366988926092,0.9954366988926092,0.023502021957497315,1,0.9954366988926092,0.004573744749656813,3.22727174524012e-05,"{""device_fault"": 0.1, ""insufficient"": 0.05, ""pcie_transport"": 0.1, ""power_delivery"": 0.75}","{""device_fault"": 0.0011655365445209969, ""insufficient"": 0.0031682568093763723, ""pcie_transport"": 0.00022950775349333717, ""power_delivery"": 0.9954366988926092}",0.24543669889260927,0.08688515145792333,0.9785085581343125,0.08215478762321651,
case_40dc007082dde5d4,semantic_adjudication,208.76183290965855,247,0,hardware_fault,hw_power_border,10.0,0.0,0.5958800740904867,0.75,"pcie_transport:2,power_delivery:15,device_fault:2,insufficient:1",benchmark_authored_adjudication,"Power sensitivity strongly favors delivery, though device or transport issues remain possible.",target,choice,power_delivery,power_delivery,0.9908838621550529,0.9908838621550529,0.04437714484755729,1,0.9908838621550529,0.0091579440978863,0.0001131078062567311,"{""device_fault"": 0.1, ""insufficient"": 0.05, ""pcie_transport"": 0.1, ""power_delivery"": 0.75}","{""device_fault"": 0.004049515866690235, ""insufficient"": 0.003153766128038434, ""pcie_transport"": 0.001912855850218509, ""power_delivery"": 0.9908838621550529}",0.24088386215505284,0.07887166323803732,0.645592757482542,0.07904718792759757,
case_f563d7f2aa88eeca,semantic_adjudication,262.1112091001123,267,0,hardware_fault,hw_power_border,11.0,2.0,0.5958800740904867,0.75,"pcie_transport:2,power_delivery:15,device_fault:2,insufficient:1",benchmark_authored_adjudication,"Power sensitivity strongly favors delivery, though device or transport issues remain possible.",target,choice,power_delivery,power_delivery,0.9833875540071466,0.9833875540071466,0.07206616118073977,1,0.9833875540071466,0.01675198016823217,0.00039444881006985564,"{""device_fault"": 0.1, ""insufficient"": 0.05, ""pcie_transport"": 0.1, ""power_delivery"": 0.75}","{""device_fault"": 0.006626013218460451, ""insufficient"": 0.008507969383812163, ""pcie_transport"": 0.0014784633905806934, ""power_delivery"": 0.9833875540071466}",0.23338755400714667,0.0718774620896803,0.5781867935528879,0.07461653355345373,
case_e83995d2ecee5993,semantic_adjudication,265.67995781078935,301,0,hardware_fault,hw_power_border,12.0,6.0,0.5958800740904867,0.75,"pcie_transport:2,power_delivery:15,device_fault:2,insufficient:1",benchmark_authored_adjudication,"Power sensitivity strongly favors delivery, though device or transport issues remain possible.",target,choice,power_delivery,power_delivery,0.9741398587671715,0.9741398587671715,0.1038112371380359,1,0.9741398587671715,0.02620039348454947,0.0009588634464326081,"{""device_fault"": 0.1, ""insufficient"": 0.05, ""pcie_transport"": 0.1, ""power_delivery"": 0.75}","{""device_fault"": 0.013895358805534433, ""insufficient"": 0.009550131131997545, ""pcie_transport"": 0.0024146512952965852, ""power_delivery"": 0.9741398587671715}",0.22413985876717146,0.06296267438756624,0.4563852068692052,0.06881177769665238,
case_eb0cf4e45e09eada,semantic_adjudication,308.2858750130981,353,0,hardware_fault,hw_power_border,13.0,12.0,0.5958800740904867,0.75,"pcie_transport:2,power_delivery:15,device_fault:2,insufficient:1",benchmark_authored_adjudication,"Power sensitivity strongly favors delivery, though device or transport issues remain possible.",target,choice,power_delivery,power_delivery,0.9595905729758109,0.9595905729758109,0.14148577454127526,1,0.9595905729758109,0.04124857197501206,0.002586829332915064,"{""device_fault"": 0.1, ""insufficient"": 0.05, ""pcie_transport"": 0.1, ""power_delivery"": 0.75}","{""device_fault"": 0.028977124460592862, ""insufficient"": 0.010660088353318234, ""pcie_transport"": 0.0007722142102780266, ""power_delivery"": 0.9595905729758109}",0.20959057297581088,0.05636685779398324,0.5026833853596677,0.06036623925131449,
case_48ba1aa3e36ad482,semantic_adjudication,398.7513338215649,469,0,hardware_fault,hw_power_border,14.0,24.0,0.5958800740904867,0.75,"pcie_transport:2,power_delivery:15,device_fault:2,insufficient:1",benchmark_authored_adjudication,"Power sensitivity strongly favors delivery, though device or transport issues remain possible.",target,choice,power_delivery,power_delivery,0.8897322885379295,0.8897322885379295,0.2913865141776085,1,0.8897322885379295,0.11683466090074872,0.021106542961194793,"{""device_fault"": 0.1, ""insufficient"": 0.05, ""pcie_transport"": 0.1, ""power_delivery"": 0.75}","{""device_fault"": 0.09377709327955071, ""insufficient"": 0.011200076605801785, ""pcie_transport"": 0.005290541576717874, ""power_delivery"": 0.8897322885379295}",0.13973228853792957,0.035679277794236866,0.24701947428540433,0.030039152598325656,
case_d57c3b28ea74ef4c,semantic_adjudication,207.78583292849362,242,0,hardware_fault,hw_power_border,15.0,0.0,0.5958800740904867,0.75,"pcie_transport:2,power_delivery:15,device_fault:2,insufficient:1",benchmark_authored_adjudication,"Power sensitivity strongly favors delivery, though device or transport issues remain possible.",target,choice,power_delivery,power_delivery,0.9979348121386861,0.9979348121386861,0.01184784890199788,1,0.9979348121386861,0.0020673233023296407,6.681013299585891e-06,"{""device_fault"": 0.1, ""insufficient"": 0.05, ""pcie_transport"": 0.1, ""power_delivery"": 0.75}","{""device_fault"": 0.00023008371815258356, ""insufficient"": 0.0003347698345554431, ""pcie_transport"": 0.0015003343086060115, ""power_delivery"": 0.9979348121386861}",0.247934812138686,0.09045489907498286,1.0635021366869855,0.08359452649383536,
case_acbf1cd9ef02c305,semantic_adjudication,262.86770799197257,268,0,hardware_fault,hw_power_border,16.0,2.0,0.5958800740904867,0.75,"pcie_transport:2,power_delivery:15,device_fault:2,insufficient:1",benchmark_authored_adjudication,"Power sensitivity strongly favors delivery, though device or transport issues remain possible.",target,choice,power_delivery,power_delivery,0.9978634512559459,0.9978634512559459,0.012407193789513084,1,0.9978634512559459,0.0021388344205417716,6.6902339992855315e-06,"{""device_fault"": 0.1, ""insufficient"": 0.05, ""pcie_transport"": 0.1, ""power_delivery"": 0.75}","{""device_fault"": 0.0002607003656591913, ""insufficient"": 0.0005519026784314384, ""pcie_transport"": 0.0013239456999634453, ""power_delivery"": 0.9978634512559459}",0.24786345125594592,0.0902447658660149,1.0385736478051975,0.08356629638100456,
case_db79f705e4e71ed4,semantic_adjudication,264.9739580228925,297,0,hardware_fault,hw_power_border,17.0,6.0,0.5958800740904867,0.75,"pcie_transport:2,power_delivery:15,device_fault:2,insufficient:1",benchmark_authored_adjudication,"Power sensitivity strongly favors delivery, though device or transport issues remain possible.",target,choice,power_delivery,power_delivery,0.9989255541907565,0.9989255541907565,0.006870715231991092,1,0.9989255541907565,0.0010750234399343587,1.5958979951973192e-06,"{""device_fault"": 0.1, ""insufficient"": 0.05, ""pcie_transport"": 0.1, ""power_delivery"": 0.75}","{""device_fault"": 0.00026097784913964577, ""insufficient"": 0.0005524901109641701, ""pcie_transport"": 0.00026097784913964577, ""power_delivery"": 0.9989255541907565}",0.24892555419075652,0.09256726456759609,1.2000098368245902,0.08430473284262116,
case_f0d3cc2b5ea50d88,semantic_adjudication,308.8549170643091,356,0,hardware_fault,hw_power_border,18.0,12.0,0.5958800740904867,0.75,"pcie_transport:2,power_delivery:15,device_fault:2,insufficient:1",benchmark_authored_adjudication,"Power sensitivity strongly favors delivery, though device or transport issues remain possible.",target,choice,power_delivery,power_delivery,0.9952199655916872,0.9952199655916872,0.0254543038657686,1,0.9952199655916872,0.004791495309705799,3.1286448205917196e-05,"{""device_fault"": 0.1, ""insufficient"": 0.05, ""pcie_transport"": 0.1, ""power_delivery"": 0.75}","{""device_fault"": 0.0016954764345599549, ""insufficient"": 0.002177034835370092, ""pcie_transport"": 0.0009075231383828457, ""power_delivery"": 0.9952199655916872}",0.24521996559168718,0.08551839514736755,0.8224763086943614,0.08190296584592396,
case_82c30f508ccf7567,semantic_adjudication,397.26545801386237,459,0,hardware_fault,hw_power_border,19.0,24.0,0.5958800740904867,0.75,"pcie_transport:2,power_delivery:15,device_fault:2,insufficient:1",benchmark_authored_adjudication,"Power sensitivity strongly favors delivery, though device or transport issues remain possible.",target,choice,power_delivery,power_delivery,0.9972281240741921,0.9972281240741921,0.015100949584450895,1,0.9972281240741921,0.002775724687720827,1.2616237377082645e-05,"{""device_fault"": 0.1, ""insufficient"": 0.05, ""pcie_transport"": 0.1, ""power_delivery"": 0.75}","{""device_fault"": 0.0021814276642144756, ""insufficient"": 0.0002952241307966485, ""pcie_transport"": 0.0002952241307966485, ""power_delivery"": 0.9972281240741921}",0.2472281240741922,0.08919099626700944,1.0079605380723766,0.08310182550239127,
case_be7fca71eac13a95,semantic_adjudication,208.38687499053776,243,0,hardware_fault,hw_power_border,20.0,0.0,0.5958800740904867,0.75,"pcie_transport:2,power_delivery:15,device_fault:2,insufficient:1",benchmark_authored_adjudication,"Power sensitivity strongly favors delivery, though device or transport issues remain possible.",target,choice,power_delivery,power_delivery,0.9930756036110764,0.9930756036110764,0.034166434019350454,1,0.9930756036110764,0.006948481268160068,7.18007862840558e-05,"{""device_fault"": 0.1, ""insufficient"": 0.05, ""pcie_transport"": 0.1, ""power_delivery"": 0.75}","{""device_fault"": 0.0045988524165773694, ""insufficient"": 0.0011627719861731038, ""pcie_transport"": 0.0011627719861731038, ""power_delivery"": 0.9930756036110764}",0.2430756036110764,0.08216369897635978,0.7308832946528157,0.08034100051265484,
case_5669cb6c954578c2,semantic_adjudication,261.4039999898523,266,0,hardware_fault,hw_power_border,21.0,2.0,0.5958800740904867,0.75,"pcie_transport:2,power_delivery:15,device_fault:2,insufficient:1",benchmark_authored_adjudication,"Power sensitivity strongly favors delivery, though device or transport issues remain possible.",target,choice,power_delivery,power_delivery,0.9987195935055362,0.9987195935055362,0.007652110537588336,1,0.9987195935055362,0.0012812269152488568,2.735748761432674e-06,"{""device_fault"": 0.1, ""insufficient"": 0.05, ""pcie_transport"": 0.1, ""power_delivery"": 0.75}","{""device_fault"": 0.0010319745976403985, ""insufficient"": 0.00010876932235883995, ""pcie_transport"": 0.00013966257446465275, ""power_delivery"": 0.9987195935055362}",0.24871959350553616,0.09216564154262326,1.2064660402999046,0.08411732813487263,
case_c61af67831470c92,semantic_adjudication,267.08479202352464,306,0,hardware_fault,hw_power_border,22.0,6.0,0.5958800740904867,0.75,"pcie_transport:2,power_delivery:15,device_fault:2,insufficient:1",benchmark_authored_adjudication,"Power sensitivity strongly favors delivery, though device or transport issues remain possible.",target,choice,power_delivery,power_delivery,0.9913498956944661,0.9913498956944661,0.04171859513034594,1,0.9913498956944661,0.008687733613220365,0.0001066731115740289,"{""device_fault"": 0.1, ""insufficient"": 0.05, ""pcie_transport"": 0.1, ""power_delivery"": 0.75}","{""device_fault"": 0.0031552494106382076, ""insufficient"": 0.004590860803457732, ""pcie_transport"": 0.0009039940914381344, ""power_delivery"": 0.9913498956944661}",0.24134989569446602,0.08051603138237216,0.7263725469978761,0.07951068617804603,
case_2ac7664c9a2564bf,semantic_adjudication,307.6114999130368,350,0,hardware_fault,hw_power_border,23.0,12.0,0.5958800740904867,0.75,"pcie_transport:2,power_delivery:15,device_fault:2,insufficient:1",benchmark_authored_adjudication,"Power sensitivity strongly favors delivery, though device or transport issues remain possible.",target,choice,power_delivery,power_delivery,0.99412459643529,0.99412459643529,0.030404000736218795,1,0.99412459643529,0.005892731654584371,4.7355145454808825e-05,"{""device_fault"": 0.1, ""insufficient"": 0.05, ""pcie_transport"": 0.1, ""power_delivery"": 0.75}","{""device_fault"": 0.002792291395102461, ""insufficient"": 0.0019191119391142079, ""pcie_transport"": 0.0011640002304933318, ""power_delivery"": 0.99412459643529}",0.24412459643529003,0.08355573945565903,0.7548275450392401,0.08112648384406926,
case_9940ec15112e145c,semantic_adjudication,397.8629580233246,461,0,hardware_fault,hw_power_border,24.0,24.0,0.5958800740904867,0.75,"pcie_transport:2,power_delivery:15,device_fault:2,insufficient:1",benchmark_authored_adjudication,"Power sensitivity strongly favors delivery, though device or transport issues remain possible.",target,choice,power_delivery,power_delivery,0.9974570622062265,0.9974570622062265,0.01371900717589108,1,0.9974570622062265,0.00254617655189035,1.129351598697543e-05,"{""device_fault"": 0.1, ""insufficient"": 0.05, ""pcie_transport"": 0.1, ""power_delivery"": 0.75}","{""device_fault"": 0.002181928464344914, ""insufficient"": 0.000158058367823263, ""pcie_transport"": 0.00020295096160524956, ""power_delivery"": 0.9974570622062265}",0.24745706220622657,0.08977430773644515,1.0764809899365462,0.0832470428971279,
case_934e631ba1755892,semantic_adjudication,208.36962503381073,241,0,hardware_fault,hw_power_border,25.0,0.0,0.5958800740904867,0.75,"pcie_transport:2,power_delivery:15,device_fault:2,insufficient:1",benchmark_authored_adjudication,"Power sensitivity strongly favors delivery, though device or transport issues remain possible.",target,choice,power_delivery,power_delivery,0.995623598439224,0.995623598439224,0.02252166976742484,1,0.995623598439224,0.0043860060383639566,3.0284850860337502e-05,"{""device_fault"": 0.1, ""insufficient"": 0.05, ""pcie_transport"": 0.1, ""power_delivery"": 0.75}","{""device_fault"": 0.0010287755132491134, ""insufficient"": 0.003168851669664214, ""pcie_transport"": 0.0001787743778625541, ""power_delivery"": 0.995623598439224}",0.24562359843922404,0.0872984325540597,1.0158208194230194,0.08228368892528358,
case_840f74a15318330f,semantic_adjudication,262.83341692760587,272,0,hardware_fault,hw_power_border,26.0,2.0,0.5958800740904867,0.75,"pcie_transport:2,power_delivery:15,device_fault:2,insufficient:1",benchmark_authored_adjudication,"Power sensitivity strongly favors delivery, though device or transport issues remain possible.",target,choice,power_delivery,power_delivery,0.9943463345089283,0.9943463345089283,0.02955679342742785,1,0.9943463345089283,0.005669707952194074,4.3143306632771214e-05,"{""device_fault"": 0.1, ""insufficient"": 0.05, ""pcie_transport"": 0.1, ""power_delivery"": 0.75}","{""device_fault"": 0.0014949392506943104, ""insufficient"": 0.0016939880993531384, ""pcie_transport"": 0.002464738141024221, ""power_delivery"": 0.9943463345089283}",0.24434633450892831,0.08375405224559568,0.7483545213368498,0.0812549762728179,
case_10bc288277eecffe,semantic_adjudication,266.0759170539677,301,0,hardware_fault,hw_power_border,27.0,6.0,0.5958800740904867,0.75,"pcie_transport:2,power_delivery:15,device_fault:2,insufficient:1",benchmark_authored_adjudication,"Power sensitivity strongly favors delivery, though device or transport issues remain possible.",target,choice,power_delivery,power_delivery,0.9973105931094097,0.9973105931094097,0.014954745827975997,1,0.9973105931094097,0.002693029842487612,1.1236017757051933e-05,"{""device_fault"": 0.1, ""insufficient"": 0.05, ""pcie_transport"": 0.1, ""power_delivery"": 0.75}","{""device_fault"": 0.00192526235957177, ""insufficient"": 0.0004295840986189929, ""pcie_transport"": 0.0003345604323994953, ""power_delivery"": 0.9973105931094097}",0.24731059310940975,0.08922300184547852,0.9891278432271435,0.08317160960420578,
case_eef06cbbcad08d7b,semantic_adjudication,308.4690000396222,356,0,hardware_fault,hw_power_border,28.0,12.0,0.5958800740904867,0.75,"pcie_transport:2,power_delivery:15,device_fault:2,insufficient:1",benchmark_authored_adjudication,"Power sensitivity strongly favors delivery, though device or transport issues remain possible.",target,choice,power_delivery,power_delivery,0.9965264994278179,0.9965264994278179,0.018675379018657,1,0.9965264994278179,0.0034795471812885353,1.8700367205625913e-05,"{""device_fault"": 0.1, ""insufficient"": 0.05, ""pcie_transport"": 0.1, ""power_delivery"": 0.75}","{""device_fault"": 0.00247014222956241, ""insufficient"": 0.000624549762902795, ""pcie_transport"": 0.0003788085797168011, ""power_delivery"": 0.9965264994278179}",0.24652649942781796,0.08782602807811662,0.9336643605659442,0.08264970494296846,
case_f620cbcf1e59a1fc,semantic_adjudication,396.3659580331296,457,0,hardware_fault,hw_power_border,29.0,24.0,0.5958800740904867,0.75,"pcie_transport:2,power_delivery:15,device_fault:2,insufficient:1",benchmark_authored_adjudication,"Power sensitivity strongly favors delivery, though device or transport issues remain possible.",target,choice,power_delivery,power_delivery,0.9912564079757592,0.9912564079757592,0.04154233071530168,1,0.9912564079757592,0.008782041513485887,0.00011539118087099468,"{""device_fault"": 0.1, ""insufficient"": 0.05, ""pcie_transport"": 0.1, ""power_delivery"": 0.75}","{""device_fault"": 0.005894226057819643, ""insufficient"": 0.0011606419270774786, ""pcie_transport"": 0.001688724039343656, ""power_delivery"": 0.9912564079757592}",0.24125640797575923,0.07961293558962179,0.6702168548981415,0.0791109409566102,
case_3ed42b08385c5bd7,semantic_adjudication,210.1311250589788,244,0,hardware_fault,hw_conflict,0.0,0.0,0.7609640474436813,0.4,"pcie_transport:8,power_delivery:0,device_fault:8,insufficient:4",benchmark_authored_adjudication,Evidence points to both transport and device-level problems; a single primary cause is unclear.,target,choice,pcie_transport,pcie_transport,0.6938735876930563,0.6938735876930563,0.6011484601094357,1,0.6938735876930563,0.3654654853649027,0.14889068782804166,"{""device_fault"": 0.4, ""insufficient"": 0.2, ""pcie_transport"": 0.4, ""power_delivery"": 0.0}","{""device_fault"": 0.22526777227934097, ""insufficient"": 0.06454029733604015, ""pcie_transport"": 0.6938735876930563, ""power_delivery"": 0.016318342691562546}",0.31019193038461884,0.05620046255491845,0.23554531737875856,0.13550865630182035,
case_e5a7a4e12ece5a04,semantic_adjudication,261.3652921281755,265,0,hardware_fault,hw_conflict,1.0,2.0,0.7609640474436813,0.4,"pcie_transport:8,power_delivery:0,device_fault:8,insufficient:4",benchmark_authored_adjudication,Evidence points to both transport and device-level problems; a single primary cause is unclear.,target,choice,pcie_transport,pcie_transport,0.8641118079857059,0.8641118079857059,0.348182565766591,1,0.8641118079857059,0.14605311115963227,0.030000545969050187,"{""device_fault"": 0.4, ""insufficient"": 0.2, ""pcie_transport"": 0.4, ""power_delivery"": 0.0}","{""device_fault"": 0.10320343814205452, ""insufficient"": 0.02956828008016252, ""pcie_transport"": 0.8641118079857059, ""power_delivery"": 0.0031164737920771498}",0.46722828177778297,0.12690455069594864,0.6161329431734883,0.33254465300618863,
case_471a910e533a18f1,semantic_adjudication,266.04254194535315,311,0,hardware_fault,hw_conflict,2.0,6.0,0.7609640474436813,0.4,"pcie_transport:8,power_delivery:0,device_fault:8,insufficient:4",benchmark_authored_adjudication,Evidence points to both transport and device-level problems; a single primary cause is unclear.,target,choice,pcie_transport,device_fault,0.602593594839099,0.602593594839099,0.7311758500843748,0,0.2216817949228983,1.5065122815506924,0.9926576199180402,"{""device_fault"": 0.4, ""insufficient"": 0.2, ""pcie_transport"": 0.4, ""power_delivery"": 0.0}","{""device_fault"": 0.602593594839099, ""insufficient"": 0.15235952095364697, ""pcie_transport"": 0.2216817949228983, ""power_delivery"": 0.023365089284355715}",0.22595868412345474,0.032986485014964935,0.12659211356454828,0.07565708957278022,
case_9b8ae36a49018a9f,semantic_adjudication,309.13154198788106,355,0,hardware_fault,hw_conflict,3.0,12.0,0.7609640474436813,0.4,"pcie_transport:8,power_delivery:0,device_fault:8,insufficient:4",benchmark_authored_adjudication,Evidence points to both transport and device-level problems; a single primary cause is unclear.,target,choice,pcie_transport,pcie_transport,0.6547334901784081,0.6547334901784081,0.565356827901792,1,0.6547334901784081,0.4235270113709431,0.21554607154433292,"{""device_fault"": 0.4, ""insufficient"": 0.2, ""pcie_transport"": 0.4, ""power_delivery"": 0.0}","{""device_fault"": 0.30927420171966763, ""insufficient"": 0.013588560072389354, ""pcie_transport"": 0.6547334901784081, ""power_delivery"": 0.0224037480295348}",0.27713723820794295,0.07494105678670673,0.44360684338479905,0.10837147435373276,
case_fd57f10deab6b2f5,semantic_adjudication,397.1439590677619,460,0,hardware_fault,hw_conflict,4.0,24.0,0.7609640474436813,0.4,"pcie_transport:8,power_delivery:0,device_fault:8,insufficient:4",benchmark_authored_adjudication,Evidence points to both transport and device-level problems; a single primary cause is unclear.,target,choice,pcie_transport,pcie_transport,0.8704439863466715,0.8704439863466715,0.335744995895756,1,0.8704439863466715,0.1387518683730293,0.027975456837604357,"{""device_fault"": 0.4, ""insufficient"": 0.2, ""pcie_transport"": 0.4, ""power_delivery"": 0.0}","{""device_fault"": 0.10395970899929895, ""insufficient"": 0.018065488592768908, ""pcie_transport"": 0.8704439863466715, ""power_delivery"": 0.007530816061260701}",0.47797480240793216,0.13804766553327913,0.7088317003868853,0.3421142778170635,
case_5cb0f314c07edf1c,semantic_adjudication,208.18995800800622,242,0,hardware_fault,hw_conflict,5.0,0.0,0.7609640474436813,0.4,"pcie_transport:8,power_delivery:0,device_fault:8,insufficient:4",benchmark_authored_adjudication,Evidence points to both transport and device-level problems; a single primary cause is unclear.,target,choice,pcie_transport,device_fault,0.6173054314747389,0.6173054314747389,0.6110337217639034,0,0.3304197870837004,1.1073913508606865,0.8311251282198895,"{""device_fault"": 0.4, ""insufficient"": 0.2, ""pcie_transport"": 0.4, ""power_delivery"": 0.0}","{""device_fault"": 0.6173054314747389, ""insufficient"": 0.03946301594546384, ""pcie_transport"": 0.3304197870837004, ""power_delivery"": 0.012811765496096736}",0.2301171969708357,0.04720108462666772,0.22747118287454232,0.07799932116235342,
case_ce93a020d9f3a7d9,semantic_adjudication,262.64866697601974,272,0,hardware_fault,hw_conflict,6.0,2.0,0.7609640474436813,0.4,"pcie_transport:8,power_delivery:0,device_fault:8,insufficient:4",benchmark_authored_adjudication,Evidence points to both transport and device-level problems; a single primary cause is unclear.,target,choice,pcie_transport,pcie_transport,0.7975338344572451,0.7975338344572451,0.47763839191324226,1,0.7975338344572451,0.2262310195713619,0.06296551134824295,"{""device_fault"": 0.4, ""insufficient"": 0.2, ""pcie_transport"": 0.4, ""power_delivery"": 0.0}","{""device_fault"": 0.050984632276836056, ""insufficient"": 0.13859059944879, ""pcie_transport"": 0.7975338344572451, ""power_delivery"": 0.01289093381712886}",0.410424768274374,0.11762794389442689,0.6213108515852179,0.2837821670959523,
case_0843702b566ff5f1,semantic_adjudication,265.245083021,301,0,hardware_fault,hw_conflict,7.0,6.0,0.7609640474436813,0.4,"pcie_transport:8,power_delivery:0,device_fault:8,insufficient:4",benchmark_authored_adjudication,Evidence points to both transport and device-level problems; a single primary cause is unclear.,target,choice,pcie_transport,pcie_transport,0.8828643793166185,0.8828643793166185,0.31933064431995956,1,0.8828643793166185,0.12458368098235958,0.020905210077900808,"{""device_fault"": 0.4, ""insufficient"": 0.2, ""pcie_transport"": 0.4, ""power_delivery"": 0.0}","{""device_fault"": 0.0724699213612939, ""insufficient"": 0.04395522921258825, ""pcie_transport"": 0.8828643793166185, ""power_delivery"": 0.0007104701094992607}",0.4835748494261178,0.13634843366944102,0.6696635129962154,0.3647844364837726,
case_6ebc854cd7e20ad1,semantic_adjudication,308.9613749179989,357,0,hardware_fault,hw_conflict,8.0,12.0,0.7609640474436813,0.4,"pcie_transport:8,power_delivery:0,device_fault:8,insufficient:4",benchmark_authored_adjudication,Evidence points to both transport and device-level problems; a single primary cause is unclear.,target,choice,pcie_transport,pcie_transport,0.8763948525294954,0.8763948525294954,0.33583987599567566,1,0.8763948525294954,0.13193854470402647,0.023418870139900187,"{""device_fault"": 0.4, ""insufficient"": 0.2, ""pcie_transport"": 0.4, ""power_delivery"": 0.0}","{""device_fault"": 0.08151741955488577, ""insufficient"": 0.038506102463484376, ""pcie_transport"": 0.8763948525294954, ""power_delivery"": 0.0035816254521344694}",0.4799764779816299,0.13412311001644733,0.6520183767178824,0.3544763165459923,
case_2c69190185039068,semantic_adjudication,397.39916706457734,460,0,hardware_fault,hw_conflict,9.0,24.0,0.7609640474436813,0.4,"pcie_transport:8,power_delivery:0,device_fault:8,insufficient:4",benchmark_authored_adjudication,Evidence points to both transport and device-level problems; a single primary cause is unclear.,target,choice,pcie_transport,pcie_transport,0.878263790567761,0.878263790567761,0.34552250529951223,1,0.878263790567761,0.12980828563353602,0.021628281088109887,"{""device_fault"": 0.4, ""insufficient"": 0.2, ""pcie_transport"": 0.4, ""power_delivery"": 0.0}","{""device_fault"": 0.0720922820401748, ""insufficient"": 0.03858821787001791, ""pcie_transport"": 0.878263790567761, ""power_delivery"": 0.011055709522046238}",0.4893195000898073,0.1423045244387514,0.6998881176473921,0.3624357169892761,
case_90764e4515b33000,semantic_adjudication,208.88624992221594,248,0,hardware_fault,hw_conflict,10.0,0.0,0.7609640474436813,0.4,"pcie_transport:8,power_delivery:0,device_fault:8,insufficient:4",benchmark_authored_adjudication,Evidence points to both transport and device-level problems; a single primary cause is unclear.,target,choice,pcie_transport,pcie_transport,0.6338539301823612,0.6338539301823612,0.7027267398518251,1,0.6338539301823612,0.45593674512382437,0.199164202189715,"{""device_fault"": 0.4, ""insufficient"": 0.2, ""pcie_transport"": 0.4, ""power_delivery"": 0.0}","{""device_fault"": 0.09720464844764362, ""insufficient"": 0.2331818296198095, ""pcie_transport"": 0.6338539301823612, ""power_delivery"": 0.03575959175018564}",0.3027953515523564,0.07585142440779276,0.3510165771376803,0.14875246780250978,
case_5b0fd3184d6cd4fa,semantic_adjudication,262.62175012379885,268,0,hardware_fault,hw_conflict,11.0,2.0,0.7609640474436813,0.4,"pcie_transport:8,power_delivery:0,device_fault:8,insufficient:4",benchmark_authored_adjudication,Evidence points to both transport and device-level problems; a single primary cause is unclear.,target,choice,pcie_transport,pcie_transport,0.7657898389122864,0.7657898389122864,0.5228332660599647,1,0.7657898389122864,0.26684750861891926,0.08606498512689936,"{""device_fault"": 0.4, ""insufficient"": 0.2, ""pcie_transport"": 0.4, ""power_delivery"": 0.0}","{""device_fault"": 0.02969289436940591, ""insufficient"": 0.17087080939653873, ""pcie_transport"": 0.7657898389122864, ""power_delivery"": 0.033646457321768984}",0.39943629623405535,0.13634424461362887,0.8119273406327752,0.27291015256750273,
case_65b68c7a70e0fc48,semantic_adjudication,265.28295897878706,303,0,hardware_fault,hw_conflict,12.0,6.0,0.7609640474436813,0.4,"pcie_transport:8,power_delivery:0,device_fault:8,insufficient:4",benchmark_authored_adjudication,Evidence points to both transport and device-level problems; a single primary cause is unclear.,target,choice,pcie_transport,device_fault,0.6140787915997779,0.6140787915997779,0.6197968094712254,0,0.3286926912149124,1.112632033986882,0.8298874962237117,"{""device_fault"": 0.4, ""insufficient"": 0.2, ""pcie_transport"": 0.4, ""power_delivery"": 0.0}","{""device_fault"": 0.6140787915997779, ""insufficient"": 0.04448371846337464, ""pcie_transport"": 0.3286926912149124, ""power_delivery"": 0.012744798721935041}",0.22682359032171293,0.04429586497592451,0.207711866000738,0.07526220501643449,
case_e8183e5978d12fcb,semantic_adjudication,307.58629203774035,349,0,hardware_fault,hw_conflict,13.0,12.0,0.7609640474436813,0.4,"pcie_transport:8,power_delivery:0,device_fault:8,insufficient:4",benchmark_authored_adjudication,Evidence points to both transport and device-level problems; a single primary cause is unclear.,target,choice,pcie_transport,pcie_transport,0.522358642792258,0.522358642792258,0.5567904508818249,1,0.522358642792258,0.6494008718562595,0.4408450105576463,"{""device_fault"": 0.4, ""insufficient"": 0.2, ""pcie_transport"": 0.4, ""power_delivery"": 0.0}","{""device_fault"": 0.4609798843024608, ""insufficient"": 0.013920386316257428, ""pcie_transport"": 0.522358642792258, ""power_delivery"": 0.0027410865890237905}",0.18607961368374254,0.054494114893802646,0.3694807038701154,0.05332331993988429,
case_bcd31beec4c7c48b,semantic_adjudication,397.03129208646715,463,0,hardware_fault,hw_conflict,14.0,24.0,0.7609640474436813,0.4,"pcie_transport:8,power_delivery:0,device_fault:8,insufficient:4",benchmark_authored_adjudication,Evidence points to both transport and device-level problems; a single primary cause is unclear.,target,choice,pcie_transport,pcie_transport,0.6980716749488878,0.6980716749488878,0.6314746604356071,1,0.6980716749488878,0.3594334953184371,0.13643599611839416,"{""device_fault"": 0.4, ""insufficient"": 0.2, ""pcie_transport"": 0.4, ""power_delivery"": 0.0}","{""device_fault"": 0.05730121247756218, ""insufficient"": 0.20000088342508374, ""pcie_transport"": 0.6980716749488878, ""power_delivery"": 0.044626229148466375}",0.3426987875224378,0.10815528995401252,0.5545133273322931,0.20828068270497627,
case_10dc258f08b80fb4,semantic_adjudication,209.20191588811576,243,0,hardware_fault,hw_conflict,15.0,0.0,0.7609640474436813,0.4,"pcie_transport:8,power_delivery:0,device_fault:8,insufficient:4",benchmark_authored_adjudication,Evidence points to both transport and device-level problems; a single primary cause is unclear.,target,choice,pcie_transport,pcie_transport,0.8744996230652461,0.8744996230652461,0.37178785025634103,1,0.8744996230652461,0.1341034155524513,0.02101790804669942,"{""device_fault"": 0.4, ""insufficient"": 0.2, ""pcie_transport"": 0.4, ""power_delivery"": 0.0}","{""device_fault"": 0.04353877252122066, ""insufficient"": 0.04353877252122066, ""pcie_transport"": 0.8744996230652461, ""power_delivery"": 0.03842283189231253}",0.5129224549575586,0.16831670660570194,0.8791832475663073,0.3781709286995299,
case_b29a54713da9bb41,semantic_adjudication,262.555249966681,268,0,hardware_fault,hw_conflict,16.0,2.0,0.7609640474436813,0.4,"pcie_transport:8,power_delivery:0,device_fault:8,insufficient:4",benchmark_authored_adjudication,Evidence points to both transport and device-level problems; a single primary cause is unclear.,target,choice,pcie_transport,pcie_transport,0.8465947669730394,0.8465947669730394,0.3766413654653608,1,0.8465947669730394,0.1665331321416331,0.03804667094347073,"{""device_fault"": 0.4, ""insufficient"": 0.2, ""pcie_transport"": 0.4, ""power_delivery"": 0.0}","{""device_fault"": 0.0371967780824185, ""insufficient"": 0.1145741425749304, ""pcie_transport"": 0.8465947669730394, ""power_delivery"": 0.0016343123696118374}",0.44822907934265116,0.13524825110080702,0.761612964155489,0.338373311815211,
case_858e6caf26b6d99d,semantic_adjudication,266.26929081976414,301,0,hardware_fault,hw_conflict,17.0,6.0,0.7609640474436813,0.4,"pcie_transport:8,power_delivery:0,device_fault:8,insufficient:4",benchmark_authored_adjudication,Evidence points to both transport and device-level problems; a single primary cause is unclear.,target,choice,pcie_transport,device_fault,0.6137571568298179,0.6137571568298179,0.6846157381905621,0,0.2899183523918274,1.2381559391188797,0.8857123467948563,"{""device_fault"": 0.4, ""insufficient"": 0.2, ""pcie_transport"": 0.4, ""power_delivery"": 0.0}","{""device_fault"": 0.6137571568298179, ""insufficient"": 0.03923618233644005, ""pcie_transport"": 0.2899183523918274, ""power_delivery"": 0.0570883084419146}",0.27084546527173253,0.06508119282800365,0.2832357711327357,0.0869141712666188,
case_9276f79e34b4ddd3,semantic_adjudication,309.0547500178218,361,0,hardware_fault,hw_conflict,18.0,12.0,0.7609640474436813,0.4,"pcie_transport:8,power_delivery:0,device_fault:8,insufficient:4",benchmark_authored_adjudication,Evidence points to both transport and device-level problems; a single primary cause is unclear.,target,choice,pcie_transport,device_fault,0.7404321739527614,0.7404321739527614,0.5713829565677264,0,0.10020659797939786,2.30052124440148,1.379309448620287,"{""device_fault"": 0.4, ""insufficient"": 0.2, ""pcie_transport"": 0.4, ""power_delivery"": 0.0}","{""device_fault"": 0.7404321739527614, ""insufficient"": 0.14579973974812147, ""pcie_transport"": 0.10020659797939786, ""power_delivery"": 0.013561488319719187}",0.35399366227248064,0.08072145729349253,0.3706010764153365,0.2088917311341068,
case_fd1341c0900ff8b8,semantic_adjudication,396.7213749419898,457,0,hardware_fault,hw_conflict,19.0,24.0,0.7609640474436813,0.4,"pcie_transport:8,power_delivery:0,device_fault:8,insufficient:4",benchmark_authored_adjudication,Evidence points to both transport and device-level problems; a single primary cause is unclear.,target,choice,pcie_transport,device_fault,0.659051854576459,0.659051854576459,0.5499472669572162,0,0.3113140526238544,1.1669530608128142,0.9090918528894929,"{""device_fault"": 0.4, ""insufficient"": 0.2, ""pcie_transport"": 0.4, ""power_delivery"": 0.0}","{""device_fault"": 0.659051854576459, ""insufficient"": 0.017563137022313654, ""pcie_transport"": 0.3113140526238544, ""power_delivery"": 0.012070955777372975}",0.27112281035383196,0.06784238349655282,0.38703289282666997,0.10840197756802572,
case_c9f425b28b389293,semantic_adjudication,208.9702500961721,244,0,hardware_fault,hw_conflict,20.0,0.0,0.7609640474436813,0.4,"pcie_transport:8,power_delivery:0,device_fault:8,insufficient:4",benchmark_authored_adjudication,Evidence points to both transport and device-level problems; a single primary cause is unclear.,target,choice,pcie_transport,pcie_transport,0.8736398248073977,0.8736398248073977,0.3424810365609696,1,0.8736398248073977,0.13508708802574737,0.025108780290385626,"{""device_fault"": 0.4, ""insufficient"": 0.2, ""pcie_transport"": 0.4, ""power_delivery"": 0.0}","{""device_fault"": 0.09208096008106272, ""insufficient"": 0.023281712728208896, ""pcie_transport"": 0.8736398248073977, ""power_delivery"": 0.01099750238333064}",0.4846373271907284,0.14091968402844626,0.7051669200396034,0.3504991169031291,
case_6f924b6a465055be,semantic_adjudication,263.0123330745846,267,0,hardware_fault,hw_conflict,21.0,2.0,0.7609640474436813,0.4,"pcie_transport:8,power_delivery:0,device_fault:8,insufficient:4",benchmark_authored_adjudication,Evidence points to both transport and device-level problems; a single primary cause is unclear.,target,choice,pcie_transport,pcie_transport,0.762669237720187,0.762669237720187,0.5732021059671033,1,0.762669237720187,0.27093084401963163,0.07712775195957992,"{""device_fault"": 0.4, ""insufficient"": 0.2, ""pcie_transport"": 0.4, ""power_delivery"": 0.0}","{""device_fault"": 0.10321605730271302, ""insufficient"": 0.09108785086663834, ""pcie_transport"": 0.762669237720187, ""power_delivery"": 0.0430268541104616}",0.40569609183064864,0.10084394151546645,0.4410106760334875,0.23332285103497863,
case_92dabba55a92d9bb,semantic_adjudication,266.07550005428493,306,0,hardware_fault,hw_conflict,22.0,6.0,0.7609640474436813,0.4,"pcie_transport:8,power_delivery:0,device_fault:8,insufficient:4",benchmark_authored_adjudication,Evidence points to both transport and device-level problems; a single primary cause is unclear.,target,choice,pcie_transport,pcie_transport,0.8045358392047566,0.8045358392047566,0.46451025837005067,1,0.8045358392047566,0.21748976512087342,0.056682896009502305,"{""device_fault"": 0.4, ""insufficient"": 0.2, ""pcie_transport"": 0.4, ""power_delivery"": 0.0}","{""device_fault"": 0.09608810335318033, ""insufficient"": 0.09608810335318033, ""pcie_transport"": 0.8045358392047566, ""power_delivery"": 0.003287954088882718}",0.4078237932936393,0.09509738146678268,0.43756959713472937,0.2668201790313938,
case_3092c10a4c7bbc93,semantic_adjudication,310.2197500411421,354,0,hardware_fault,hw_conflict,23.0,12.0,0.7609640474436813,0.4,"pcie_transport:8,power_delivery:0,device_fault:8,insufficient:4",benchmark_authored_adjudication,Evidence points to both transport and device-level problems; a single primary cause is unclear.,target,choice,pcie_transport,pcie_transport,0.650710357456395,0.650710357456395,0.5800666821562587,1,0.650710357456395,0.42969065520140154,0.21736380364706004,"{""device_fault"": 0.4, ""insufficient"": 0.2, ""pcie_transport"": 0.4, ""power_delivery"": 0.0}","{""device_fault"": 0.30737380838455075, ""insufficient"": 0.01964975016098469, ""pcie_transport"": 0.650710357456395, ""power_delivery"": 0.02226608399806942}",0.27297644145446454,0.06889470383756155,0.3747704872152575,0.10445728582269963,
case_784f7e073da4a4bb,semantic_adjudication,404.9552499782294,456,0,hardware_fault,hw_conflict,24.0,24.0,0.7609640474436813,0.4,"pcie_transport:8,power_delivery:0,device_fault:8,insufficient:4",benchmark_authored_adjudication,Evidence points to both transport and device-level problems; a single primary cause is unclear.,target,choice,pcie_transport,device_fault,0.6006973517499795,0.6006973517499795,0.5848168469807952,0,0.3643413610445469,1.0096640457423989,0.7656692125312609,"{""device_fault"": 0.4, ""insufficient"": 0.2, ""pcie_transport"": 0.4, ""power_delivery"": 0.0}","{""device_fault"": 0.6006973517499795, ""insufficient"": 0.026392799671595468, ""pcie_transport"": 0.3643413610445469, ""power_delivery"": 0.008568487533878111}",0.20926583928385764,0.0512219700733207,0.27974387775625487,0.07176384451609537,
case_30925c1688edc0a0,semantic_adjudication,207.91341713629663,242,0,hardware_fault,hw_conflict,25.0,0.0,0.7609640474436813,0.4,"pcie_transport:8,power_delivery:0,device_fault:8,insufficient:4",benchmark_authored_adjudication,Evidence points to both transport and device-level problems; a single primary cause is unclear.,target,choice,pcie_transport,device_fault,0.514795319084816,0.514795319084816,0.5876930877325436,0,0.45430527455739866,0.7889858959883416,0.5636438832183366,"{""device_fault"": 0.4, ""insufficient"": 0.2, ""pcie_transport"": 0.4, ""power_delivery"": 0.0}","{""device_fault"": 0.514795319084816, ""insufficient"": 0.02904276453738056, ""pcie_transport"": 0.45430527455739866, ""power_delivery"": 0.0018566418204047528}",0.17095723546261943,0.040950258742495214,0.2340657280021976,0.045356851604409956,
case_6b36933e651584f2,semantic_adjudication,262.34416710212827,273,0,hardware_fault,hw_conflict,26.0,2.0,0.7609640474436813,0.4,"pcie_transport:8,power_delivery:0,device_fault:8,insufficient:4",benchmark_authored_adjudication,Evidence points to both transport and device-level problems; a single primary cause is unclear.,target,choice,pcie_transport,pcie_transport,0.8025797956746475,0.8025797956746475,0.46858718375505154,1,0.8025797956746475,0.21992399505869578,0.057945892028083666,"{""device_fault"": 0.4, ""insufficient"": 0.2, ""pcie_transport"": 0.4, ""power_delivery"": 0.0}","{""device_fault"": 0.08459128811312737, ""insufficient"": 0.10861736396761117, ""pcie_transport"": 0.8025797956746475, ""power_delivery"": 0.004211552244613949}",0.40679134791926147,0.09843067493219466,0.4650038270725518,0.26992167076011436,
case_49357a1099e1d943,semantic_adjudication,265.9452499356121,304,0,hardware_fault,hw_conflict,27.0,6.0,0.7609640474436813,0.4,"pcie_transport:8,power_delivery:0,device_fault:8,insufficient:4",benchmark_authored_adjudication,Evidence points to both transport and device-level problems; a single primary cause is unclear.,target,choice,pcie_transport,device_fault,0.49946046055165355,0.49946046055165355,0.6549173758618324,0,0.44077230940030976,0.8192268420814407,0.5645317806132351,"{""device_fault"": 0.4, ""insufficient"": 0.2, ""pcie_transport"": 0.4, ""power_delivery"": 0.0}","{""device_fault"": 0.49946046055165355, ""insufficient"": 0.0464570596191348, ""pcie_transport"": 0.44077230940030976, ""power_delivery"": 0.013310170428901955}",0.15354294038086522,0.033630576362128684,0.1643066740952966,0.03530735960462996,
case_4d91f224f14af41b,semantic_adjudication,308.93454188480973,353,0,hardware_fault,hw_conflict,28.0,12.0,0.7609640474436813,0.4,"pcie_transport:8,power_delivery:0,device_fault:8,insufficient:4",benchmark_authored_adjudication,Evidence points to both transport and device-level problems; a single primary cause is unclear.,target,choice,pcie_transport,device_fault,0.5846719194987076,0.5846719194987076,0.7079601247675291,0,0.3129523268458183,1.161704410439137,0.8191365732174323,"{""device_fault"": 0.4, ""insufficient"": 0.2, ""pcie_transport"": 0.4, ""power_delivery"": 0.0}","{""device_fault"": 0.5846719194987076, ""insufficient"": 0.04799279370748368, ""pcie_transport"": 0.3129523268458183, ""power_delivery"": 0.05438295994799045}",0.239054879446698,0.05525055687669797,0.2317842424529929,0.06774471235045472,
case_024c43a4d4adebde,semantic_adjudication,397.62708311900496,462,0,hardware_fault,hw_conflict,29.0,24.0,0.7609640474436813,0.4,"pcie_transport:8,power_delivery:0,device_fault:8,insufficient:4",benchmark_authored_adjudication,Evidence points to both transport and device-level problems; a single primary cause is unclear.,target,choice,pcie_transport,pcie_transport,0.5637287449075785,0.5637287449075785,0.6272041685776504,1,0.5637287449075785,0.5731820919224506,0.3417472643092583,"{""device_fault"": 0.4, ""insufficient"": 0.2, ""pcie_transport"": 0.4, ""power_delivery"": 0.0}","{""device_fault"": 0.3874447225212696, ""insufficient"": 0.031803399514995265, ""pcie_transport"": 0.5637287449075785, ""power_delivery"": 0.017023133056156527}",0.1807518779637351,0.04693157352020476,0.2432619239363065,0.05554462037533873,
case_f12ba288f6e8dfa0,semantic_adjudication,207.62500003911555,230,0,hardware_fault,hw_insufficient,0.0,0.0,0.7854752972273344,0.6,"pcie_transport:2,power_delivery:4,device_fault:2,insufficient:12",benchmark_authored_adjudication,The symptom is compatible with multiple fault domains and evidence is insufficient.,target,choice,insufficient,insufficient,0.9766247414908553,0.9766247414908553,0.09277161795838285,1,0.9766247414908553,0.02365279336168728,0.0008399106853355954,"{""device_fault"": 0.1, ""insufficient"": 0.6, ""pcie_transport"": 0.1, ""power_delivery"": 0.2}","{""device_fault"": 0.015785668723756335, ""insufficient"": 0.9766247414908553, ""pcie_transport"": 0.0010091440392273597, ""power_delivery"": 0.006580445746160928}",0.37662474149085534,0.12898215569656601,1.0347528180164638,0.19614856302695877,
case_8df820c165cecea8,semantic_adjudication,208.75700004398823,253,0,hardware_fault,hw_insufficient,1.0,2.0,0.7854752972273344,0.6,"pcie_transport:2,power_delivery:4,device_fault:2,insufficient:12",benchmark_authored_adjudication,The symptom is compatible with multiple fault domains and evidence is insufficient.,target,choice,insufficient,insufficient,0.9881290388990864,0.9881290388990864,0.052625445115191447,1,0.9881290388990864,0.011941983589348514,0.00022200678069539374,"{""device_fault"": 0.1, ""insufficient"": 0.6, ""pcie_transport"": 0.1, ""power_delivery"": 0.2}","{""device_fault"": 0.008548991265907429, ""insufficient"": 0.9881290388990864, ""pcie_transport"": 0.0005465187271042854, ""power_delivery"": 0.0027754511079018285}",0.38812903889908645,0.14270403793877906,1.323042008244125,0.20779595545820148,
case_4c116266949c1b0e,semantic_adjudication,264.6066250745207,292,0,hardware_fault,hw_insufficient,2.0,6.0,0.7854752972273344,0.6,"pcie_transport:2,power_delivery:4,device_fault:2,insufficient:12",benchmark_authored_adjudication,The symptom is compatible with multiple fault domains and evidence is insufficient.,target,choice,insufficient,insufficient,0.9619716170504015,0.9619716170504015,0.13994653481665092,1,0.9619716170504015,0.03877033285729704,0.0021827729572230586,"{""device_fault"": 0.1, ""insufficient"": 0.6, ""pcie_transport"": 0.1, ""power_delivery"": 0.2}","{""device_fault"": 0.00504796375996225, ""insufficient"": 0.9619716170504015, ""pcie_transport"": 0.007344743932048889, ""power_delivery"": 0.02563567525758743}",0.3619716170504015,0.10951634220958331,0.6873703575120735,0.17902725495610705,
case_8e7ac62de90d1422,semantic_adjudication,307.26129189133644,342,0,hardware_fault,hw_insufficient,3.0,12.0,0.7854752972273344,0.6,"pcie_transport:2,power_delivery:4,device_fault:2,insufficient:12",benchmark_authored_adjudication,The symptom is compatible with multiple fault domains and evidence is insufficient.,target,choice,insufficient,insufficient,0.9841634246659214,0.9841634246659214,0.07007558344518275,1,0.9841634246659214,0.01596331374240599,0.0003517098943247168,"{""device_fault"": 0.1, ""insufficient"": 0.6, ""pcie_transport"": 0.1, ""power_delivery"": 0.2}","{""device_fault"": 0.008514681980268928, ""insufficient"": 0.9841634246659214, ""pcie_transport"": 0.002764312513665987, ""power_delivery"": 0.004557580840143651}",0.38416342466592146,0.13543818487517206,1.0645633383971824,0.20360361839221744,
case_4641476ce048a3e9,semantic_adjudication,356.4639159012586,447,0,hardware_fault,hw_insufficient,4.0,24.0,0.7854752972273344,0.6,"pcie_transport:2,power_delivery:4,device_fault:2,insufficient:12",benchmark_authored_adjudication,The symptom is compatible with multiple fault domains and evidence is insufficient.,target,choice,insufficient,insufficient,0.9821975133947998,0.9821975133947998,0.07489884481763845,1,0.9821975133947998,0.017962857049104282,0.0004859415065448807,"{""device_fault"": 0.1, ""insufficient"": 0.6, ""pcie_transport"": 0.1, ""power_delivery"": 0.2}","{""device_fault"": 0.0035423573440960016, ""insufficient"": 0.9821975133947998, ""pcie_transport"": 0.001896087252325562, ""power_delivery"": 0.01236404200877871}",0.3821975133947998,0.13209819355811697,0.9915628817038806,0.20021064649958892,
case_168efe99005edb18,semantic_adjudication,207.4298751540482,228,0,hardware_fault,hw_insufficient,5.0,0.0,0.7854752972273344,0.6,"pcie_transport:2,power_delivery:4,device_fault:2,insufficient:12",benchmark_authored_adjudication,The symptom is compatible with multiple fault domains and evidence is insufficient.,target,choice,insufficient,insufficient,0.9924487403074804,0.9924487403074804,0.03621787053239721,1,0.9924487403074804,0.007579914799905917,8.799700413112569e-05,"{""device_fault"": 0.1, ""insufficient"": 0.6, ""pcie_transport"": 0.1, ""power_delivery"": 0.2}","{""device_fault"": 0.0052078930250078915, ""insufficient"": 0.9924487403074804, ""pcie_transport"": 0.00042748989179118487, ""power_delivery"": 0.0019158767757205554}",0.39244874030748045,0.14851594007381452,1.4686799394546823,0.21215356195646745,
case_982ea75df119a0ad,semantic_adjudication,260.4425000026822,258,0,hardware_fault,hw_insufficient,6.0,2.0,0.7854752972273344,0.6,"pcie_transport:2,power_delivery:4,device_fault:2,insufficient:12",benchmark_authored_adjudication,The symptom is compatible with multiple fault domains and evidence is insufficient.,target,choice,insufficient,insufficient,0.9358641453365878,0.9358641453365878,0.20752081360255695,1,0.9358641453365878,0.0662849569101029,0.006443546719767448,"{""device_fault"": 0.1, ""insufficient"": 0.6, ""pcie_transport"": 0.1, ""power_delivery"": 0.2}","{""device_fault"": 0.0071454109256977, ""insufficient"": 0.9358641453365878, ""pcie_transport"": 0.010396511550809248, ""power_delivery"": 0.04659393218690525}",0.3358641453365878,0.08925499030873682,0.5148849815648793,0.1529889056189742,
case_ef3da392bd2b82df,semantic_adjudication,264.9856249336153,289,0,hardware_fault,hw_insufficient,7.0,6.0,0.7854752972273344,0.6,"pcie_transport:2,power_delivery:4,device_fault:2,insufficient:12",benchmark_authored_adjudication,The symptom is compatible with multiple fault domains and evidence is insufficient.,target,choice,insufficient,insufficient,0.983301932787334,0.983301932787334,0.07240681052970244,1,0.983301932787334,0.016839051584885995,0.00040198189411856807,"{""device_fault"": 0.1, ""insufficient"": 0.6, ""pcie_transport"": 0.1, ""power_delivery"": 0.2}","{""device_fault"": 0.009639952945103883, ""insufficient"": 0.983301932787334, ""pcie_transport"": 0.0018982192833100098, ""power_delivery"": 0.005159894984252152}",0.38330193278733404,0.1347573012597048,1.0654390762396626,0.20267193568460218,
case_50cd18c8d480cea2,semantic_adjudication,307.840583845973,343,0,hardware_fault,hw_insufficient,8.0,12.0,0.7854752972273344,0.6,"pcie_transport:2,power_delivery:4,device_fault:2,insufficient:12",benchmark_authored_adjudication,The symptom is compatible with multiple fault domains and evidence is insufficient.,target,choice,insufficient,insufficient,0.9710407359138867,0.9710407359138867,0.11188293590542142,1,0.9710407359138867,0.029386859033321767,0.0012483157005743657,"{""device_fault"": 0.1, ""insufficient"": 0.6, ""pcie_transport"": 0.1, ""power_delivery"": 0.2}","{""device_fault"": 0.00951974840063031, ""insufficient"": 0.9710407359138867, ""pcie_transport"": 0.0016542842202335968, ""power_delivery"": 0.017785231465249438}",0.3710407359138867,0.11958491599061767,0.8404868836880983,0.1887320053214112,
case_7ade3d8720caa93f,semantic_adjudication,396.26854192465544,455,0,hardware_fault,hw_insufficient,9.0,24.0,0.7854752972273344,0.6,"pcie_transport:2,power_delivery:4,device_fault:2,insufficient:12",benchmark_authored_adjudication,The symptom is compatible with multiple fault domains and evidence is insufficient.,target,choice,insufficient,insufficient,0.9921703896030158,0.9921703896030158,0.03713329726948724,1,0.9921703896030158,0.007860422734244225,9.797840507297536e-05,"{""device_fault"": 0.1, ""insufficient"": 0.6, ""pcie_transport"": 0.1, ""power_delivery"": 0.2}","{""device_fault"": 0.005899660791235132, ""insufficient"": 0.9921703896030158, ""pcie_transport"": 0.0010252073207129022, ""power_delivery"": 0.0009047422850361883}",0.39217038960301587,0.14859974755712207,1.5189604473890208,0.21208741955108162,
case_ff141ccc6391c58f,semantic_adjudication,208.98291701450944,234,0,hardware_fault,hw_insufficient,10.0,0.0,0.7854752972273344,0.6,"pcie_transport:2,power_delivery:4,device_fault:2,insufficient:12",benchmark_authored_adjudication,The symptom is compatible with multiple fault domains and evidence is insufficient.,target,choice,insufficient,insufficient,0.9939135455227688,0.9939135455227688,0.030512521244052966,1,0.9939135455227688,0.0061050524434664724,5.578114928043973e-05,"{""device_fault"": 0.1, ""insufficient"": 0.6, ""pcie_transport"": 0.1, ""power_delivery"": 0.2}","{""device_fault"": 0.0007058519447539634, ""insufficient"": 0.9939135455227688, ""pcie_transport"": 0.0013187050423322645, ""power_delivery"": 0.004061897490145006}",0.3939135455227688,0.14974494079740186,1.404705077098243,0.21315694717402023,
case_130b25065e05123a,semantic_adjudication,208.4854580461979,254,0,hardware_fault,hw_insufficient,11.0,2.0,0.7854752972273344,0.6,"pcie_transport:2,power_delivery:4,device_fault:2,insufficient:12",benchmark_authored_adjudication,The symptom is compatible with multiple fault domains and evidence is insufficient.,target,choice,insufficient,insufficient,0.9887033607495362,0.9887033607495362,0.04875753098064569,1,0.9887033607495362,0.011360930924782166,0.00022287236332342456,"{""device_fault"": 0.1, ""insufficient"": 0.6, ""pcie_transport"": 0.1, ""power_delivery"": 0.2}","{""device_fault"": 0.0007021518049668762, ""insufficient"": 0.9887033607495362, ""pcie_transport"": 0.000901580763950643, ""power_delivery"": 0.009692906681546156}",0.3887033607495363,0.14226277623305641,1.2724609555795587,0.20698765177655049,
case_d80c29e37b3169e1,semantic_adjudication,264.0868329908699,289,0,hardware_fault,hw_insufficient,12.0,6.0,0.7854752972273344,0.6,"pcie_transport:2,power_delivery:4,device_fault:2,insufficient:12",benchmark_authored_adjudication,The symptom is compatible with multiple fault domains and evidence is insufficient.,target,choice,insufficient,insufficient,0.9775711237680115,0.9775711237680115,0.0934994981306148,1,0.9775711237680115,0.022684228881569953,0.0007022030644658922,"{""device_fault"": 0.1, ""insufficient"": 0.6, ""pcie_transport"": 0.1, ""power_delivery"": 0.2}","{""device_fault"": 0.01085983422982448, ""insufficient"": 0.9775711237680115, ""pcie_transport"": 0.0031113945999512015, ""power_delivery"": 0.008457647402212953}",0.37757112376801144,0.12677368541848466,0.9087842535363465,0.1965817973520348,
case_ccb9f1714a01d510,semantic_adjudication,306.85854121111333,341,0,hardware_fault,hw_insufficient,13.0,12.0,0.7854752972273344,0.6,"pcie_transport:2,power_delivery:4,device_fault:2,insufficient:12",benchmark_authored_adjudication,The symptom is compatible with multiple fault domains and evidence is insufficient.,target,choice,insufficient,insufficient,0.9907883069394936,0.9907883069394936,0.041477863358580516,1,0.9907883069394936,0.009254383072125899,0.00014391944987566632,"{""device_fault"": 0.1, ""insufficient"": 0.6, ""pcie_transport"": 0.1, ""power_delivery"": 0.2}","{""device_fault"": 0.007564762074427777, ""insufficient"": 0.9907883069394936, ""pcie_transport"": 0.00033237244914100303, ""power_delivery"": 0.0013145585369376846}",0.3907883069394936,0.14730555034218185,1.5328544077269024,0.21066931468198175,
case_d3ddfedb86af4821,semantic_adjudication,354.97441701591015,448,0,hardware_fault,hw_insufficient,14.0,24.0,0.7854752972273344,0.6,"pcie_transport:2,power_delivery:4,device_fault:2,insufficient:12",benchmark_authored_adjudication,The symptom is compatible with multiple fault domains and evidence is insufficient.,target,choice,insufficient,insufficient,0.9867388777385738,0.9867388777385738,0.056232471694457414,1,0.9867388777385738,0.013349836112967781,0.0002992240578461456,"{""device_fault"": 0.1, ""insufficient"": 0.6, ""pcie_transport"": 0.1, ""power_delivery"": 0.2}","{""device_fault"": 0.010961678776946916, ""insufficient"": 0.9867388777385738, ""pcie_transport"": 0.0016810278854034503, ""power_delivery"": 0.0006184155990758326}",0.38673887773857385,0.14276366188636358,1.4869498607677443,0.20691441867660482,
case_f748c0f0f249fc1a,semantic_adjudication,207.56354182958603,229,0,hardware_fault,hw_insufficient,15.0,0.0,0.7854752972273344,0.6,"pcie_transport:2,power_delivery:4,device_fault:2,insufficient:12",benchmark_authored_adjudication,The symptom is compatible with multiple fault domains and evidence is insufficient.,target,choice,insufficient,insufficient,0.9886346535596773,0.9886346535596773,0.05199826572236902,1,0.9886346535596773,0.011430425557858967,0.00019343306560587942,"{""device_fault"": 0.1, ""insufficient"": 0.6, ""pcie_transport"": 0.1, ""power_delivery"": 0.2}","{""device_fault"": 0.0019085138561823274, ""insufficient"": 0.9886346535596773, ""pcie_transport"": 0.0019085138561823274, ""power_delivery"": 0.007548318727958113}",0.3886346535596773,0.14088513628588034,1.1475304502126356,0.20731842287969154,
case_1061e171086b1f6c,semantic_adjudication,208.08349992148578,253,0,hardware_fault,hw_insufficient,16.0,2.0,0.7854752972273344,0.6,"pcie_transport:2,power_delivery:4,device_fault:2,insufficient:12",benchmark_authored_adjudication,The symptom is compatible with multiple fault domains and evidence is insufficient.,target,choice,insufficient,insufficient,0.9834916948875723,0.9834916948875723,0.07228746296707056,1,0.9834916948875723,0.01664608563446098,0.000383753197706124,"{""device_fault"": 0.1, ""insufficient"": 0.6, ""pcie_transport"": 0.1, ""power_delivery"": 0.2}","{""device_fault"": 0.008508870378967791, ""insufficient"": 0.9834916948875723, ""pcie_transport"": 0.0021513793473731963, ""power_delivery"": 0.00584805538608664}",0.38349169488757234,0.13437669423132242,1.0402461102892375,0.20270583700806113,
case_b15f26376b68a35a,semantic_adjudication,264.49295808561146,291,0,hardware_fault,hw_insufficient,17.0,6.0,0.7854752972273344,0.6,"pcie_transport:2,power_delivery:4,device_fault:2,insufficient:12",benchmark_authored_adjudication,The symptom is compatible with multiple fault domains and evidence is insufficient.,target,choice,insufficient,insufficient,0.9897945446101379,0.9897945446101379,0.046198344957664624,1,0.9897945446101379,0.010257888087806713,0.00016618355404137954,"{""device_fault"": 0.1, ""insufficient"": 0.6, ""pcie_transport"": 0.1, ""power_delivery"": 0.2}","{""device_fault"": 0.007557174605411992, ""insufficient"": 0.9897945446101379, ""pcie_transport"": 0.0004831140092896329, ""power_delivery"": 0.00216516677516055}",0.3897945446101379,0.14510967268664984,1.3963579127425831,0.20952769480914724,
case_9dd14829033a3213,semantic_adjudication,307.3934998828918,341,0,hardware_fault,hw_insufficient,18.0,12.0,0.7854752972273344,0.6,"pcie_transport:2,power_delivery:4,device_fault:2,insufficient:12",benchmark_authored_adjudication,The symptom is compatible with multiple fault domains and evidence is insufficient.,target,choice,insufficient,insufficient,0.9890646835752567,0.9890646835752567,0.05111989946427078,1,0.9890646835752567,0.010995546489759929,0.00016910512344598706,"{""device_fault"": 0.1, ""insufficient"": 0.6, ""pcie_transport"": 0.1, ""power_delivery"": 0.2}","{""device_fault"": 0.0014869986096770018, ""insufficient"": 0.9890646835752567, ""pcie_transport"": 0.005881193588148772, ""power_delivery"": 0.003567124226917584}",0.3890646835752567,0.14226140849949773,1.2095955711445365,0.20852036385331918,
case_4654172eb7743ed2,semantic_adjudication,357.0492910221219,446,0,hardware_fault,hw_insufficient,19.0,24.0,0.7854752972273344,0.6,"pcie_transport:2,power_delivery:4,device_fault:2,insufficient:12",benchmark_authored_adjudication,The symptom is compatible with multiple fault domains and evidence is insufficient.,target,choice,insufficient,insufficient,0.9628025446862646,0.9628025446862646,0.13696787077060033,1,0.9628025446862646,0.03790693007062173,0.002109585545926737,"{""device_fault"": 0.1, ""insufficient"": 0.6, ""pcie_transport"": 0.1, ""power_delivery"": 0.2}","{""device_fault"": 0.025657818729035015, ""insufficient"": 0.9628025446862646, ""pcie_transport"": 0.005052324068019831, ""power_delivery"": 0.006487312516680667}",0.36280254468626455,0.1164225540998847,0.8365069547253983,0.1836146677288552,
case_03f9e70cbe31deef,semantic_adjudication,207.96170900575817,230,0,hardware_fault,hw_insufficient,20.0,0.0,0.7854752972273344,0.6,"pcie_transport:2,power_delivery:4,device_fault:2,insufficient:12",benchmark_authored_adjudication,The symptom is compatible with multiple fault domains and evidence is insufficient.,target,choice,insufficient,insufficient,0.9716710989485109,0.9716710989485109,0.11027614446013718,1,0.9716710989485109,0.028737907351003622,0.0011944407088488624,"{""device_fault"": 0.1, ""insufficient"": 0.6, ""pcie_transport"": 0.1, ""power_delivery"": 0.2}","{""device_fault"": 0.0021255218987448706, ""insufficient"": 0.9716710989485109, ""pcie_transport"": 0.01779677696696042, ""power_delivery"": 0.008406602185783787}",0.3716710989485109,0.12284457639804874,0.90233793200578,0.19118421922020304,
case_e588f1c0d0adfedb,semantic_adjudication,208.14749994315207,253,0,hardware_fault,hw_insufficient,21.0,2.0,0.7854752972273344,0.6,"pcie_transport:2,power_delivery:4,device_fault:2,insufficient:12",benchmark_authored_adjudication,The symptom is compatible with multiple fault domains and evidence is insufficient.,target,choice,insufficient,insufficient,0.9897945446101379,0.9897945446101379,0.046198344957664624,1,0.9897945446101379,0.010257888087806713,0.00016618355404137954,"{""device_fault"": 0.1, ""insufficient"": 0.6, ""pcie_transport"": 0.1, ""power_delivery"": 0.2}","{""device_fault"": 0.007557174605411992, ""insufficient"": 0.9897945446101379, ""pcie_transport"": 0.0004831140092896329, ""power_delivery"": 0.00216516677516055}",0.3897945446101379,0.14510967268664984,1.3963579127425831,0.20952769480914724,
case_01c0214c51c20c0a,semantic_adjudication,264.68299981206656,296,0,hardware_fault,hw_insufficient,22.0,6.0,0.7854752972273344,0.6,"pcie_transport:2,power_delivery:4,device_fault:2,insufficient:12",benchmark_authored_adjudication,The symptom is compatible with multiple fault domains and evidence is insufficient.,target,choice,insufficient,insufficient,0.9888765025877853,0.9888765025877853,0.05048057403729256,1,0.9888765025877853,0.011185826149595767,0.00018908524577537046,"{""device_fault"": 0.1, ""insufficient"": 0.6, ""pcie_transport"": 0.1, ""power_delivery"": 0.2}","{""device_fault"": 0.0027775505795712644, ""insufficient"": 0.9888765025877853, ""pcie_transport"": 0.0007957815645689684, ""power_delivery"": 0.007550165268074457}",0.3888765025877853,0.14159943224505597,1.1972858508043722,0.20755555477994578,
case_a770ced2139207dd,semantic_adjudication,306.72933417372406,342,0,hardware_fault,hw_insufficient,23.0,12.0,0.7854752972273344,0.6,"pcie_transport:2,power_delivery:4,device_fault:2,insufficient:12",benchmark_authored_adjudication,The symptom is compatible with multiple fault domains and evidence is insufficient.,target,choice,insufficient,insufficient,0.982774523170627,0.982774523170627,0.07310651653588741,1,0.982774523170627,0.017375561370921753,0.0004438319864062938,"{""device_fault"": 0.1, ""insufficient"": 0.6, ""pcie_transport"": 0.1, ""power_delivery"": 0.2}","{""device_fault"": 0.005157127392584577, ""insufficient"": 0.982774523170627, ""pcie_transport"": 0.001150710661013251, ""power_delivery"": 0.010917638775775227}",0.382774523170627,0.1330572736980673,1.0284755860256982,0.20103482740187822,
case_2c297d14b049fe60,semantic_adjudication,356.77141696214676,444,0,hardware_fault,hw_insufficient,24.0,24.0,0.7854752972273344,0.6,"pcie_transport:2,power_delivery:4,device_fault:2,insufficient:12",benchmark_authored_adjudication,The symptom is compatible with multiple fault domains and evidence is insufficient.,target,choice,insufficient,insufficient,0.9846586573680829,0.9846586573680829,0.06385877442212806,1,0.9846586573680829,0.015460238612230216,0.00039426069587442623,"{""device_fault"": 0.1, ""insufficient"": 0.6, ""pcie_transport"": 0.1, ""power_delivery"": 0.2}","{""device_fault"": 0.012395023239193509, ""insufficient"": 0.9846586573680829, ""pcie_transport"": 0.0007923873252890775, ""power_delivery"": 0.002153932067434566}",0.3846586573680829,0.13974080665242603,1.3015602632670067,0.2046221316504704,
case_e60d66bd052e7976,semantic_adjudication,206.77316701039672,228,0,hardware_fault,hw_insufficient,25.0,0.0,0.7854752972273344,0.6,"pcie_transport:2,power_delivery:4,device_fault:2,insufficient:12",benchmark_authored_adjudication,The symptom is compatible with multiple fault domains and evidence is insufficient.,target,choice,insufficient,insufficient,0.979419351687825,0.979419351687825,0.08594759898501304,1,0.979419351687825,0.02079538119171741,0.0006153800822961323,"{""device_fault"": 0.1, ""insufficient"": 0.6, ""pcie_transport"": 0.1, ""power_delivery"": 0.2}","{""device_fault"": 0.0024277378498653497, ""insufficient"": 0.979419351687825, ""pcie_transport"": 0.01232907011403883, ""power_delivery"": 0.005823840348270791}",0.37941935168782503,0.13034633210492907,0.9943954058464939,0.198869963700467,
case_ef32d4f4886b52d8,semantic_adjudication,261.8303750641644,259,0,hardware_fault,hw_insufficient,26.0,2.0,0.7854752972273344,0.6,"pcie_transport:2,power_delivery:4,device_fault:2,insufficient:12",benchmark_authored_adjudication,The symptom is compatible with multiple fault domains and evidence is insufficient.,target,choice,insufficient,insufficient,0.9925009697501018,0.9925009697501018,0.036254900066781365,1,0.9925009697501018,0.007527289343080678,8.622493415366834e-05,"{""device_fault"": 0.1, ""insufficient"": 0.6, ""pcie_transport"": 0.1, ""power_delivery"": 0.2}","{""device_fault"": 0.005208167099969027, ""insufficient"": 0.9925009697501018, ""pcie_transport"": 0.001492164856990551, ""power_delivery"": 0.0007986982929385971}",0.39250096975010185,0.14880386310873225,1.518627313997857,0.2124274550256678,
case_eca4bbfc3ef706c2,semantic_adjudication,265.03008394502103,289,0,hardware_fault,hw_insufficient,27.0,6.0,0.7854752972273344,0.6,"pcie_transport:2,power_delivery:4,device_fault:2,insufficient:12",benchmark_authored_adjudication,The symptom is compatible with multiple fault domains and evidence is insufficient.,target,choice,insufficient,insufficient,0.9923969305795451,0.9923969305795451,0.03739115787746729,1,0.9923969305795451,0.007632120095971978,8.351924585650129e-05,"{""device_fault"": 0.1, ""insufficient"": 0.6, ""pcie_transport"": 0.1, ""power_delivery"": 0.2}","{""device_fault"": 0.0016906670562290259, ""insufficient"": 0.9923969305795451, ""pcie_transport"": 0.0013166928273041923, ""power_delivery"": 0.0045957095369217075}",0.3923969305795451,0.14687968643801108,1.2937321447507484,0.2115613079180173,
case_3907214be2e1a002,semantic_adjudication,307.3444168549031,340,0,hardware_fault,hw_insufficient,28.0,12.0,0.7854752972273344,0.6,"pcie_transport:2,power_delivery:4,device_fault:2,insufficient:12",benchmark_authored_adjudication,The symptom is compatible with multiple fault domains and evidence is insufficient.,target,choice,insufficient,insufficient,0.5721858035479824,0.5721858035479824,0.5963470450017642,1,0.5721858035479824,0.5582915089710373,0.33827328116867583,"{""device_fault"": 0.1, ""insufficient"": 0.6, ""pcie_transport"": 0.1, ""power_delivery"": 0.2}","{""device_fault"": 0.3932571682549258, ""insufficient"": 0.5721858035479824, ""pcie_transport"": 0.017278514098545836, ""power_delivery"": 0.017278514098545836}",0.2932571682549258,0.10804857990401685,0.5568915336258137,0.12700338189694907,
case_e7436c52d8252452,semantic_adjudication,358.1201669294387,443,0,hardware_fault,hw_insufficient,29.0,24.0,0.7854752972273344,0.6,"pcie_transport:2,power_delivery:4,device_fault:2,insufficient:12",benchmark_authored_adjudication,The symptom is compatible with multiple fault domains and evidence is insufficient.,target,choice,insufficient,insufficient,0.9875261819978247,0.9875261819978247,0.05686825818636933,1,0.9875261819978247,0.012552269142815809,0.00022480577259741992,"{""device_fault"": 0.1, ""insufficient"": 0.6, ""pcie_transport"": 0.1, ""power_delivery"": 0.2}","{""device_fault"": 0.0027737578069374352, ""insufficient"": 0.9875261819978247, ""pcie_transport"": 0.002160204752093297, ""power_delivery"": 0.007539855443144442}",0.3875261819978248,0.13903258340665814,1.0986522937975922,0.2062430166817933,
case_9718c11c343c91dc,semantic_adjudication,211.5846669767052,229,0,security_classification,sec_credential_clear,0.0,0.0,0.1431984785579781,0.95,"credential_attack:19,malware:0,data_exfiltration:0,insufficient:1",benchmark_authored_adjudication,High-volume distributed login failures followed by successes strongly indicate credential abuse.,target,choice,credential_attack,credential_attack,0.9948495892763148,0.9948495892763148,0.025698394555599302,1,0.9948495892763148,0.005163719806827261,4.369901247206989e-05,"{""credential_attack"": 0.95, ""data_exfiltration"": 0.0, ""insufficient"": 0.05, ""malware"": 0.0}","{""credential_attack"": 0.9948495892763148, ""data_exfiltration"": 0.0007065166990545678, ""insufficient"": 0.004065722887022151, ""malware"": 0.00037817113760846955}",0.045934277112977887,0.012157579455107106,0.08164847646095462,0.004122085651401343,
case_8aab4b82679e2aaa,semantic_adjudication,208.70991703122854,251,0,security_classification,sec_credential_clear,1.0,2.0,0.1431984785579781,0.95,"credential_attack:19,malware:0,data_exfiltration:0,insufficient:1",benchmark_authored_adjudication,High-volume distributed login failures followed by successes strongly indicate credential abuse.,target,choice,credential_attack,credential_attack,0.984719431773696,0.984719431773696,0.060736106116309384,1,0.984719431773696,0.0153985192237923,0.000431555166885032,"{""credential_attack"": 0.95, ""data_exfiltration"": 0.0, ""insufficient"": 0.05, ""malware"": 0.0}","{""credential_attack"": 0.984719431773696, ""data_exfiltration"": 0.014046268309556834, ""insufficient"": 0.0006171499583735696, ""malware"": 0.0006171499583735696}",0.04938285004162645,0.02111373771023551,0.18563327587791972,0.0038417833484172812,
case_07133996e7e21018,semantic_adjudication,264.98704100959003,290,0,security_classification,sec_credential_clear,2.0,6.0,0.1431984785579781,0.95,"credential_attack:19,malware:0,data_exfiltration:0,insufficient:1",benchmark_authored_adjudication,High-volume distributed login failures followed by successes strongly indicate credential abuse.,target,choice,credential_attack,credential_attack,0.9790339756891602,0.9790339756891602,0.08099454416712926,1,0.9790339756891602,0.02118893257050364,0.000766501226355301,"{""credential_attack"": 0.95, ""data_exfiltration"": 0.0, ""insufficient"": 0.05, ""malware"": 0.0}","{""credential_attack"": 0.9790339756891602, ""data_exfiltration"": 0.017931632758524413, ""insufficient"": 0.0021416281262193163, ""malware"": 0.0008927634260960838}",0.0478583718737807,0.020237222244837386,0.1289236892246311,0.003455735982649389,
case_3b84a4f3f79d3fb6,semantic_adjudication,306.74866680055857,338,0,security_classification,sec_credential_clear,3.0,12.0,0.1431984785579781,0.95,"credential_attack:19,malware:0,data_exfiltration:0,insufficient:1",benchmark_authored_adjudication,High-volume distributed login failures followed by successes strongly indicate credential abuse.,target,choice,credential_attack,credential_attack,0.9809398859684134,0.9809398859684134,0.07162624797804609,1,0.9809398859684134,0.019244099614027028,0.0006866917302581759,"{""credential_attack"": 0.95, ""data_exfiltration"": 0.0, ""insufficient"": 0.05, ""malware"": 0.0}","{""credential_attack"": 0.9809398859684134, ""data_exfiltration"": 0.017966540722953544, ""insufficient"": 0.0006147812161093902, ""malware"": 0.0004787920925235837}",0.0493852187838906,0.022397022250055385,0.18947885626815447,0.0037192022054885815,
case_c2065cfb60537e11,semantic_adjudication,357.1738749742508,444,0,security_classification,sec_credential_clear,4.0,24.0,0.1431984785579781,0.95,"credential_attack:19,malware:0,data_exfiltration:0,insufficient:1",benchmark_authored_adjudication,High-volume distributed login failures followed by successes strongly indicate credential abuse.,target,choice,credential_attack,credential_attack,0.9920705809410244,0.9920705809410244,0.038333054558287866,1,0.9920705809410244,0.00796102408615387,9.204811971290168e-05,"{""credential_attack"": 0.95, ""data_exfiltration"": 0.0, ""insufficient"": 0.05, ""malware"": 0.0}","{""credential_attack"": 0.9920705809410244, ""data_exfiltration"": 0.002786522088306702, ""insufficient"": 0.004594198238267, ""malware"": 0.0005486987324019619}",0.04540580176173306,0.012421423667421745,0.07819578074028133,0.003839686389988646,
case_8b926611eca3f55d,semantic_adjudication,208.07683398015797,227,0,security_classification,sec_credential_clear,5.0,0.0,0.1431984785579781,0.95,"credential_attack:19,malware:0,data_exfiltration:0,insufficient:1",benchmark_authored_adjudication,High-volume distributed login failures followed by successes strongly indicate credential abuse.,target,choice,credential_attack,credential_attack,0.9982196380171651,0.9982196380171651,0.010400214699574868,1,0.9982196380171651,0.0017819487108096822,4.737747320744512e-06,"{""credential_attack"": 0.95, ""data_exfiltration"": 0.0, ""insufficient"": 0.05, ""malware"": 0.0}","{""credential_attack"": 0.9982196380171651, ""data_exfiltration"": 3.9993966660641684e-05, ""insufficient"": 0.0007089100213594707, ""malware"": 0.0010314579948148357}",0.04929108997864056,0.016378568757562557,0.16576670536493704,0.004755810546901309,
case_8b4536a15d9c94c8,semantic_adjudication,260.8446250669658,259,0,security_classification,sec_credential_clear,6.0,2.0,0.1431984785579781,0.95,"credential_attack:19,malware:0,data_exfiltration:0,insufficient:1",benchmark_authored_adjudication,High-volume distributed login failures followed by successes strongly indicate credential abuse.,target,choice,credential_attack,credential_attack,0.9899289892128244,0.9899289892128244,0.046442913666503625,1,0.9899289892128244,0.01012206649393651,0.00015403147910765503,"{""credential_attack"": 0.95, ""data_exfiltration"": 0.0, ""insufficient"": 0.05, ""malware"": 0.0}","{""credential_attack"": 0.9899289892128244, ""data_exfiltration"": 0.0006204149271077722, ""insufficient"": 0.006670089062174259, ""malware"": 0.0027805067978934903}",0.043329910937825705,0.01075820791631284,0.06160682314806394,0.0034799214941726685,
case_4c923a4439151966,semantic_adjudication,264.4959588069469,286,0,security_classification,sec_credential_clear,7.0,6.0,0.1431984785579781,0.95,"credential_attack:19,malware:0,data_exfiltration:0,insufficient:1",benchmark_authored_adjudication,High-volume distributed login failures followed by successes strongly indicate credential abuse.,target,choice,credential_attack,credential_attack,0.9951695388830797,0.9951695388830797,0.024564887895020263,1,0.9951695388830797,0.004842165501148202,3.7150258663065313e-05,"{""credential_attack"": 0.95, ""data_exfiltration"": 0.0, ""insufficient"": 0.05, ""malware"": 0.0}","{""credential_attack"": 0.9951695388830797, ""data_exfiltration"": 0.0009074771551766843, ""insufficient"": 0.00033384218872224887, ""malware"": 0.003589141773021488}",0.04966615781127783,0.018261434981935498,0.2063269221552756,0.004520719928098813,
case_6200f317bf15db44,semantic_adjudication,307.62508301995695,342,0,security_classification,sec_credential_clear,8.0,12.0,0.1431984785579781,0.95,"credential_attack:19,malware:0,data_exfiltration:0,insufficient:1",benchmark_authored_adjudication,High-volume distributed login failures followed by successes strongly indicate credential abuse.,target,choice,credential_attack,credential_attack,0.9884248108668026,0.9884248108668026,0.04970379561843033,1,0.9884248108668026,0.011642703132143847,0.00023076047792328376,"{""credential_attack"": 0.95, ""data_exfiltration"": 0.0, ""insufficient"": 0.05, ""malware"": 0.0}","{""credential_attack"": 0.9884248108668026, ""data_exfiltration"": 0.0016839000744551, ""insufficient"": 0.009690175874585566, ""malware"": 0.00020111318415672275}",0.04030982412541443,0.008293520890346094,0.04437745978627122,0.003104223977144987,
case_dd8b574d04200d38,semantic_adjudication,356.5634579863399,438,0,security_classification,sec_credential_clear,9.0,24.0,0.1431984785579781,0.95,"credential_attack:19,malware:0,data_exfiltration:0,insufficient:1",benchmark_authored_adjudication,High-volume distributed login failures followed by successes strongly indicate credential abuse.,target,choice,credential_attack,credential_attack,0.9954715521847239,0.9954715521847239,0.023508767105092476,1,0.9954715521847239,0.004538732295316515,3.030788713084524e-05,"{""credential_attack"": 0.95, ""data_exfiltration"": 0.0, ""insufficient"": 0.05, ""malware"": 0.0}","{""credential_attack"": 0.9954715521847239, ""data_exfiltration"": 0.00013920836307660943, ""insufficient"": 0.0019217121754120184, ""malware"": 0.002467527276787323}",0.04807828782458795,0.015053513159694318,0.11852348894944398,0.004385291888062042,
case_1f5ba6eca44b9c81,semantic_adjudication,207.57470792159438,233,0,security_classification,sec_credential_clear,10.0,0.0,0.1431984785579781,0.95,"credential_attack:19,malware:0,data_exfiltration:0,insufficient:1",benchmark_authored_adjudication,High-volume distributed login failures followed by successes strongly indicate credential abuse.,target,choice,credential_attack,credential_attack,0.9877900888373765,0.9877900888373765,0.05306019123594645,1,0.9877900888373765,0.012285064498153593,0.00024688033938377406,"{""credential_attack"": 0.95, ""data_exfiltration"": 0.0, ""insufficient"": 0.05, ""malware"": 0.0}","{""credential_attack"": 0.9877900888373765, ""data_exfiltration"": 0.0019068834627208498, ""insufficient"": 0.009683953278765436, ""malware"": 0.0006190744211371575}",0.040316046721234566,0.00851297667333184,0.045019821152280974,0.0030574938952448853,
case_d046c7bfd842e0a6,semantic_adjudication,208.4199998062104,253,0,security_classification,sec_credential_clear,11.0,2.0,0.1431984785579781,0.95,"credential_attack:19,malware:0,data_exfiltration:0,insufficient:1",benchmark_authored_adjudication,High-volume distributed login failures followed by successes strongly indicate credential abuse.,target,choice,credential_attack,credential_attack,0.9982859130935579,0.9982859130935579,0.010429291231830336,1,0.9982859130935579,0.0017155576342807355,3.976158129287988e-06,"{""credential_attack"": 0.95, ""data_exfiltration"": 0.0, ""insufficient"": 0.05, ""malware"": 0.0}","{""credential_attack"": 0.9982859130935579, ""data_exfiltration"": 0.0007089570882213434, ""insufficient"": 0.0006256524344207293, ""malware"": 0.0003794773838000201}",0.04937434756557927,0.01653668267298694,0.17195031428840815,0.004770002224043005,
case_b64df3b711284bb8,semantic_adjudication,263.69854202494025,286,0,security_classification,sec_credential_clear,12.0,6.0,0.1431984785579781,0.95,"credential_attack:19,malware:0,data_exfiltration:0,insufficient:1",benchmark_authored_adjudication,High-volume distributed login failures followed by successes strongly indicate credential abuse.,target,choice,credential_attack,credential_attack,0.9989451949755828,0.9989451949755828,0.006550354996511509,1,0.9989451949755828,0.0010553617227435637,1.6558223964314026e-06,"{""credential_attack"": 0.95, ""data_exfiltration"": 0.0, ""insufficient"": 0.05, ""malware"": 0.0}","{""credential_attack"": 0.9989451949755828, ""data_exfiltration"": 1.4723652233898312e-05, ""insufficient"": 0.000552500973975275, ""malware"": 0.0004875803982081523}",0.04944749902602479,0.016479209056391643,0.177540118376871,0.004840925222557186,
case_0b7c78d30b98c6a4,semantic_adjudication,306.4768339972943,334,0,security_classification,sec_credential_clear,13.0,12.0,0.1431984785579781,0.95,"credential_attack:19,malware:0,data_exfiltration:0,insufficient:1",benchmark_authored_adjudication,High-volume distributed login failures followed by successes strongly indicate credential abuse.,target,choice,credential_attack,credential_attack,0.9985159479601764,0.9985159479601764,0.008727530862578721,1,0.9985159479601764,0.0014851543357633928,3.629476400965796e-06,"{""credential_attack"": 0.95, ""data_exfiltration"": 0.0, ""insufficient"": 0.05, ""malware"": 0.0}","{""credential_attack"": 0.9985159479601764, ""data_exfiltration"": 8.46923605714374e-05, ""insufficient"": 0.0002302177047506396, ""malware"": 0.0011691419745015513}",0.0497697822952494,0.01741029694255597,0.2217199109898908,0.0048322025019435465,
case_e94aa71bf76a520d,semantic_adjudication,356.5935830119997,447,0,security_classification,sec_credential_clear,14.0,24.0,0.1431984785579781,0.95,"credential_attack:19,malware:0,data_exfiltration:0,insufficient:1",benchmark_authored_adjudication,High-volume distributed login failures followed by successes strongly indicate credential abuse.,target,choice,credential_attack,credential_attack,0.9870144967420498,0.9870144967420498,0.05865662175171141,1,0.9870144967420498,0.013070551974603748,0.00024101332664451606,"{""credential_attack"": 0.95, ""data_exfiltration"": 0.0, ""insufficient"": 0.05, ""malware"": 0.0}","{""credential_attack"": 0.9870144967420498, ""data_exfiltration"": 0.006650451366376947, ""insufficient"": 0.005179376731912661, ""malware"": 0.0011556751596607231}",0.04482062326808742,0.01341483849971657,0.07705530862873115,0.0034245253276582307,
case_a873cb6a13642a96,semantic_adjudication,208.58645904809237,228,0,security_classification,sec_credential_clear,15.0,0.0,0.1431984785579781,0.95,"credential_attack:19,malware:0,data_exfiltration:0,insufficient:1",benchmark_authored_adjudication,High-volume distributed login failures followed by successes strongly indicate credential abuse.,target,choice,credential_attack,credential_attack,0.9985245112476379,0.9985245112476379,0.008830797887320102,1,0.9985245112476379,0.001476578357823607,3.3656520973517287e-06,"{""credential_attack"": 0.95, ""data_exfiltration"": 0.0, ""insufficient"": 0.05, ""malware"": 0.0}","{""credential_attack"": 0.9985245112476379, ""data_exfiltration"": 0.00103177301960397, ""insufficient"": 0.0001087480761901117, ""malware"": 0.0003349676565682038}",0.049891251923809984,0.017754393731150925,0.2592113350119511,0.004844941969242131,
case_b91d35452c30450e,semantic_adjudication,208.78049987368286,254,0,security_classification,sec_credential_clear,16.0,2.0,0.1431984785579781,0.95,"credential_attack:19,malware:0,data_exfiltration:0,insufficient:1",benchmark_authored_adjudication,High-volume distributed login failures followed by successes strongly indicate credential abuse.,target,choice,credential_attack,credential_attack,0.9978279317020932,0.9978279317020932,0.012494632277886322,1,0.9978279317020932,0.002174430659679537,6.9922180308773696e-06,"{""credential_attack"": 0.95, ""data_exfiltration"": 0.0, ""insufficient"": 0.05, ""malware"": 0.0}","{""credential_attack"": 0.9978279317020932, ""data_exfiltration"": 0.0007086318415665588, ""insufficient"": 0.0013238985733144745, ""malware"": 0.00013953788302590412}",0.048676101426685596,0.015300621182382073,0.1349091873138069,0.004657395530908751,
case_4a5e2c2689fc5ef5,semantic_adjudication,263.6774580460042,286,0,security_classification,sec_credential_clear,17.0,6.0,0.1431984785579781,0.95,"credential_attack:19,malware:0,data_exfiltration:0,insufficient:1",benchmark_authored_adjudication,High-volume distributed login failures followed by successes strongly indicate credential abuse.,target,choice,credential_attack,credential_attack,0.9927768554146689,0.9927768554146689,0.035664074325699374,1,0.9927768554146689,0.00724935779834077,7.518797215917485e-05,"{""credential_attack"": 0.95, ""data_exfiltration"": 0.0, ""insufficient"": 0.05, ""malware"": 0.0}","{""credential_attack"": 0.9927768554146689, ""data_exfiltration"": 0.004057252097476839, ""insufficient"": 0.0024608477913030933, ""malware"": 0.0007050446965511402}",0.0475391522086969,0.015101858803051307,0.10873411445246817,0.004106788734495757,
case_c678ed7adb1129c2,semantic_adjudication,309.3539581168443,350,0,security_classification,sec_credential_clear,18.0,12.0,0.1431984785579781,0.95,"credential_attack:19,malware:0,data_exfiltration:0,insufficient:1",benchmark_authored_adjudication,High-volume distributed login failures followed by successes strongly indicate credential abuse.,target,choice,credential_attack,credential_attack,0.9879728153768635,0.9879728153768635,0.05456360517669612,1,0.9879728153768635,0.012100096413553712,0.00021053236638338756,"{""credential_attack"": 0.95, ""data_exfiltration"": 0.0, ""insufficient"": 0.05, ""malware"": 0.0}","{""credential_attack"": 0.9879728153768635, ""data_exfiltration"": 0.004575221818950301, ""insufficient"": 0.006656908466546558, ""malware"": 0.0007950543376395122}",0.04334309153345343,0.01143081896975297,0.06358485306768116,0.0033421230574150903,
case_3125c7171c27502d,semantic_adjudication,363.9309999998659,445,0,security_classification,sec_credential_clear,19.0,24.0,0.1431984785579781,0.95,"credential_attack:19,malware:0,data_exfiltration:0,insufficient:1",benchmark_authored_adjudication,High-volume distributed login failures followed by successes strongly indicate credential abuse.,target,choice,credential_attack,credential_attack,0.9916341332100649,0.9916341332100649,0.04008804842613683,1,0.9916341332100649,0.00840105705566638,0.00010360315457455924,"{""credential_attack"": 0.95, ""data_exfiltration"": 0.0, ""insufficient"": 0.05, ""malware"": 0.0}","{""credential_attack"": 0.9916341332100649, ""data_exfiltration"": 0.0052036183592760995, ""insufficient"": 0.002458015266151106, ""malware"": 0.0007042331645078687}",0.047541984733848894,0.01548994698527394,0.10988581370979379,0.004021214948965941,
case_7cc0118bcb313c51,semantic_adjudication,207.56691601127386,229,0,security_classification,sec_credential_clear,20.0,0.0,0.1431984785579781,0.95,"credential_attack:19,malware:0,data_exfiltration:0,insufficient:1",benchmark_authored_adjudication,High-volume distributed login failures followed by successes strongly indicate credential abuse.,target,choice,credential_attack,credential_attack,0.9955910130057134,0.9955910130057134,0.022517284456996127,1,0.9955910130057134,0.004418735241259724,3.084458008829945e-05,"{""credential_attack"": 0.95, ""data_exfiltration"": 0.0, ""insufficient"": 0.05, ""malware"": 0.0}","{""credential_attack"": 0.9955910130057134, ""data_exfiltration"": 7.452180914322717e-05, ""insufficient"": 0.0031687479573721906, ""malware"": 0.0011657172277712308}",0.046831252042627856,0.01311948419535484,0.09340349189538713,0.004273071084922425,
case_bdc8b69746c7123f,semantic_adjudication,208.29004188999534,252,0,security_classification,sec_credential_clear,21.0,2.0,0.1431984785579781,0.95,"credential_attack:19,malware:0,data_exfiltration:0,insufficient:1",benchmark_authored_adjudication,High-volume distributed login failures followed by successes strongly indicate credential abuse.,target,choice,credential_attack,credential_attack,0.9965300352672457,0.9965300352672457,0.0187947566117554,1,0.9965300352672457,0.0034759990236058443,1.7920712116372663e-05,"{""credential_attack"": 0.95, ""data_exfiltration"": 0.0, ""insufficient"": 0.05, ""malware"": 0.0}","{""credential_attack"": 0.9965300352672457, ""data_exfiltration"": 0.0010297121322830915, ""insufficient"": 0.002179900601149577, ""malware"": 0.00026035199932170045}",0.047820099398850485,0.01428146157033117,0.11121075567773323,0.004452934178725989,
case_8da0e5cf1faae2ad,semantic_adjudication,265.32300002872944,296,0,security_classification,sec_credential_clear,22.0,6.0,0.1431984785579781,0.95,"credential_attack:19,malware:0,data_exfiltration:0,insufficient:1",benchmark_authored_adjudication,High-volume distributed login failures followed by successes strongly indicate credential abuse.,target,choice,credential_attack,credential_attack,0.995727055661429,0.995727055661429,0.022285872052511053,1,0.995727055661429,0.004282099454071431,2.7239200565583603e-05,"{""credential_attack"": 0.95, ""data_exfiltration"": 0.0, ""insufficient"": 0.05, ""malware"": 0.0}","{""credential_attack"": 0.995727055661429, ""data_exfiltration"": 0.00010844340874349351, ""insufficient"": 0.001696340323241022, ""malware"": 0.0024681606065863515}",0.04830365967675896,0.015346030863142715,0.12451685610819889,0.004430310734384391,
case_e2e91bb13c475a2c,semantic_adjudication,307.5621658936143,342,0,security_classification,sec_credential_clear,23.0,12.0,0.1431984785579781,0.95,"credential_attack:19,malware:0,data_exfiltration:0,insufficient:1",benchmark_authored_adjudication,High-volume distributed login failures followed by successes strongly indicate credential abuse.,target,choice,credential_attack,credential_attack,0.9870050948321931,0.9870050948321931,0.055849985412278064,1,0.9870050948321931,0.013080077624599175,0.00027239745329724475,"{""credential_attack"": 0.95, ""data_exfiltration"": 0.0, ""insufficient"": 0.05, ""malware"": 0.0}","{""credential_attack"": 0.9870050948321931, ""data_exfiltration"": 0.00017722683758441234, ""insufficient"": 0.009676257468333432, ""malware"": 0.0031414208618891068}",0.04032374253166662,0.008784529751288765,0.045814834278726645,0.003005281189683217,
case_8d1a6396bb87a400,semantic_adjudication,357.455916935578,447,0,security_classification,sec_credential_clear,24.0,24.0,0.1431984785579781,0.95,"credential_attack:19,malware:0,data_exfiltration:0,insufficient:1",benchmark_authored_adjudication,High-volume distributed login failures followed by successes strongly indicate credential abuse.,target,choice,credential_attack,credential_attack,0.9897545809868851,0.9897545809868851,0.04735676179639715,1,0.9897545809868851,0.010298264578333308,0.00015780591098471313,"{""credential_attack"": 0.95, ""data_exfiltration"": 0.0, ""insufficient"": 0.05, ""malware"": 0.0}","{""credential_attack"": 0.9897545809868851, ""data_exfiltration"": 0.006668913908791677, ""insufficient"": 0.002780016921080994, ""malware"": 0.0007964881832422014}",0.047219983078919,0.015638699233340353,0.10553302123246067,0.0038552623175651247,
case_5e3f1cd4bb04f7c5,semantic_adjudication,206.97574992664158,227,0,security_classification,sec_credential_clear,25.0,0.0,0.1431984785579781,0.95,"credential_attack:19,malware:0,data_exfiltration:0,insufficient:1",benchmark_authored_adjudication,High-volume distributed login failures followed by successes strongly indicate credential abuse.,target,choice,credential_attack,credential_attack,0.9989290440932315,0.9989290440932315,0.006728340592534437,1,0.9989290440932315,0.001071529789817871,1.7165815148788863e-06,"{""credential_attack"": 0.95, ""data_exfiltration"": 0.0, ""insufficient"": 0.05, ""malware"": 0.0}","{""credential_attack"": 0.9989290440932315, ""data_exfiltration"": 0.00020325046335901165, ""insufficient"": 0.00015829162002362418, ""malware"": 0.0007094138233859823}",0.04984170837997644,0.017472193191402217,0.24005628644394528,0.004878791828835667,
case_7d3b0655912835a2,semantic_adjudication,261.8274581618607,259,0,security_classification,sec_credential_clear,26.0,2.0,0.1431984785579781,0.95,"credential_attack:19,malware:0,data_exfiltration:0,insufficient:1",benchmark_authored_adjudication,High-volume distributed login failures followed by successes strongly indicate credential abuse.,target,choice,credential_attack,credential_attack,0.9921026411883054,0.9921026411883054,0.038990921016410066,1,0.9921026411883054,0.007928708109981832,8.649105261027537e-05,"{""credential_attack"": 0.95, ""data_exfiltration"": 0.0, ""insufficient"": 0.05, ""malware"": 0.0}","{""credential_attack"": 0.9921026411883054, ""data_exfiltration"": 0.0031576452345406588, ""insufficient"": 0.0035780808128535835, ""malware"": 0.0011616327643004856}",0.04642191918714649,0.013724267952576006,0.0906634647641093,0.003938947090155459,
case_eeffa57647f8123f,semantic_adjudication,264.049791963771,286,0,security_classification,sec_credential_clear,27.0,6.0,0.1431984785579781,0.95,"credential_attack:19,malware:0,data_exfiltration:0,insufficient:1",benchmark_authored_adjudication,High-volume distributed login failures followed by successes strongly indicate credential abuse.,target,choice,credential_attack,credential_attack,0.9920332042930732,0.9920332042930732,0.0366445660250258,1,0.9920332042930732,0.00799870018781126,0.00010902103511320711,"{""credential_attack"": 0.95, ""data_exfiltration"": 0.0, ""insufficient"": 0.05, ""malware"": 0.0}","{""credential_attack"": 0.9920332042930732, ""data_exfiltration"": 0.006684267151859653, ""insufficient"": 0.00048420668843274125, ""malware"": 0.0007983218666343302}",0.04951579331156723,0.018951249487324663,0.1907334568419387,0.004263920795577255,
case_8803718b50409e32,semantic_adjudication,307.6688330620527,341,0,security_classification,sec_credential_clear,28.0,12.0,0.1431984785579781,0.95,"credential_attack:19,malware:0,data_exfiltration:0,insufficient:1",benchmark_authored_adjudication,High-volume distributed login failures followed by successes strongly indicate credential abuse.,target,choice,credential_attack,credential_attack,0.9953248851766804,0.9953248851766804,0.02302710868916271,1,0.9953248851766804,0.004686077353361022,3.861834916884194e-05,"{""credential_attack"": 0.95, ""data_exfiltration"": 0.0, ""insufficient"": 0.05, ""malware"": 0.0}","{""credential_attack"": 0.9953248851766804, ""data_exfiltration"": 0.0004287287697392078, ""insufficient"": 0.0040676653127325844, ""malware"": 0.00017872074084776836}",0.04593233468726741,0.011995787359772437,0.08117083400748844,0.004164340335563626,
case_f046106ef9be8a4f,semantic_adjudication,357.848749961704,447,0,security_classification,sec_credential_clear,29.0,24.0,0.1431984785579781,0.95,"credential_attack:19,malware:0,data_exfiltration:0,insufficient:1",benchmark_authored_adjudication,High-volume distributed login failures followed by successes strongly indicate credential abuse.,target,choice,credential_attack,credential_attack,0.9974644859892875,0.9974644859892875,0.013989555714240157,1,0.9974644859892875,0.0025387338701791766,1.0388793703963833e-05,"{""credential_attack"": 0.95, ""data_exfiltration"": 0.0, ""insufficient"": 0.05, ""malware"": 0.0}","{""credential_attack"": 0.9974644859892875, ""data_exfiltration"": 0.00048685767119489924, ""insufficient"": 0.001925559442718266, ""malware"": 0.0001230968967993585}",0.048074440557281765,0.01437998450346478,0.11652349052430655,0.004564281448360892,
case_414a5654a7384589,semantic_adjudication,206.2872089445591,220,0,security_classification,sec_exfil_border,0.0,0.0,0.6804820237218406,0.5,"credential_attack:2,malware:0,data_exfiltration:8,insufficient:10",benchmark_authored_adjudication,"The volume is suspicious, but destination and valid access make confirmed exfiltration uncertain.",target,choice,insufficient,data_exfiltration,0.9571731573333226,0.9571731573333226,0.15264025302374945,0,0.025507800637522417,3.668770966244051,1.866058274007962,"{""credential_attack"": 0.1, ""data_exfiltration"": 0.4, ""insufficient"": 0.5, ""malware"": 0.0}","{""credential_attack"": 0.0018477788806602487, ""data_exfiltration"": 0.9571731573333226, ""insufficient"": 0.025507800637522417, ""malware"": 0.015471263148494802}",0.5726444204818174,0.22605337248605217,1.5379225739150115,0.5454579930026944,
case_be3ee09034ed0b8c,semantic_adjudication,208.26429105363786,243,0,security_classification,sec_exfil_border,1.0,2.0,0.6804820237218406,0.5,"credential_attack:2,malware:0,data_exfiltration:8,insufficient:10",benchmark_authored_adjudication,"The volume is suspicious, but destination and valid access make confirmed exfiltration uncertain.",target,choice,insufficient,data_exfiltration,0.953434606415057,0.953434606415057,0.1631712679987184,0,0.028791230378022805,3.5476844389731044,1.8525271020587148,"{""credential_attack"": 0.1, ""data_exfiltration"": 0.4, ""insufficient"": 0.5, ""malware"": 0.0}","{""credential_attack"": 0.015410835100959834, ""data_exfiltration"": 0.953434606415057, ""insufficient"": 0.028791230378022805, ""malware"": 0.002363328105960355}",0.5557979345210173,0.2037757104004685,1.2668360466440651,0.5354884802845,
case_c2b19c4701c8daa5,semantic_adjudication,264.3535831011832,283,0,security_classification,sec_exfil_border,2.0,6.0,0.6804820237218406,0.5,"credential_attack:2,malware:0,data_exfiltration:8,insufficient:10",benchmark_authored_adjudication,"The volume is suspicious, but destination and valid access make confirmed exfiltration uncertain.",target,choice,insufficient,data_exfiltration,0.9554256708055219,0.9554256708055219,0.15299568006304867,0,0.03269286864162623,3.420598309216718,1.8486355589072878,"{""credential_attack"": 0.1, ""data_exfiltration"": 0.4, ""insufficient"": 0.5, ""malware"": 0.0}","{""credential_attack"": 0.001267640083325603, ""data_exfiltration"": 0.9554256708055219, ""insufficient"": 0.03269286864162623, ""malware"": 0.010613820469526376}",0.5660394912750482,0.21714310225491135,1.4522499168876788,0.5367343628878314,
case_aac6b98abe5ffaf0,semantic_adjudication,308.31354204565287,334,0,security_classification,sec_exfil_border,3.0,12.0,0.6804820237218406,0.5,"credential_attack:2,malware:0,data_exfiltration:8,insufficient:10",benchmark_authored_adjudication,"The volume is suspicious, but destination and valid access make confirmed exfiltration uncertain.",target,choice,insufficient,data_exfiltration,0.950459574890426,0.950459574890426,0.16967196301141493,0,0.02870139221038004,3.5508096483206133,1.8471847488378317,"{""credential_attack"": 0.1, ""data_exfiltration"": 0.4, ""insufficient"": 0.5, ""malware"": 0.0}","{""credential_attack"": 0.0011128737466250427, ""data_exfiltration"": 0.950459574890426, ""insufficient"": 0.02870139221038004, ""malware"": 0.019726159152568923}",0.5701857340429949,0.22404652512144102,1.5324612559915742,0.5352959063865459,
case_b20a8dc883564e4f,semantic_adjudication,356.0138330794871,439,0,security_classification,sec_exfil_border,4.0,24.0,0.6804820237218406,0.5,"credential_attack:2,malware:0,data_exfiltration:8,insufficient:10",benchmark_authored_adjudication,"The volume is suspicious, but destination and valid access make confirmed exfiltration uncertain.",target,choice,insufficient,data_exfiltration,0.9724260660354082,0.9724260660354082,0.10818051855884434,0,0.013870912865137018,4.277961231021809,1.9182150107966671,"{""credential_attack"": 0.1, ""data_exfiltration"": 0.4, ""insufficient"": 0.5, ""malware"": 0.0}","{""credential_attack"": 0.012241037639504234, ""data_exfiltration"": 0.9724260660354082, ""insufficient"": 0.013870912865137018, ""malware"": 0.0014619834599506295}",0.5738880494953588,0.22782337373587802,1.6471128386927698,0.5716968633055768,
case_fcd105971581cb39,semantic_adjudication,206.109041813761,218,0,security_classification,sec_exfil_border,5.0,0.0,0.6804820237218406,0.5,"credential_attack:2,malware:0,data_exfiltration:8,insufficient:10",benchmark_authored_adjudication,"The volume is suspicious, but destination and valid access make confirmed exfiltration uncertain.",target,choice,insufficient,data_exfiltration,0.9450613737581023,0.9450613737581023,0.17146648470009052,0,0.04705183522712206,3.0565054078215104,1.8013037207213924,"{""credential_attack"": 0.1, ""data_exfiltration"": 0.4, ""insufficient"": 0.5, ""malware"": 0.0}","{""credential_attack"": 0.0072156326312483405, ""data_exfiltration"": 0.9450613737581023, ""insufficient"": 0.04705183522712206, ""malware"": 0.0006711583835273601}",0.5457325321416296,0.19040426857629666,1.100657015492471,0.510863330415783,
case_3210db58586eabbe,semantic_adjudication,207.88283413276076,249,0,security_classification,sec_exfil_border,6.0,2.0,0.6804820237218406,0.5,"credential_attack:2,malware:0,data_exfiltration:8,insufficient:10",benchmark_authored_adjudication,"The volume is suspicious, but destination and valid access make confirmed exfiltration uncertain.",target,choice,insufficient,data_exfiltration,0.7052949853415796,0.7052949853415796,0.5675059182315646,0,0.22897575720661492,1.4741391447584296,1.095332519624788,"{""credential_attack"": 0.1, ""data_exfiltration"": 0.4, ""insufficient"": 0.5, ""malware"": 0.0}","{""credential_attack"": 0.05789413790120629, ""data_exfiltration"": 0.7052949853415796, ""insufficient"": 0.22897575720661492, ""malware"": 0.007835119550599266}",0.31313010489217885,0.05272078349126041,0.21829075242939028,0.16849346097789789,
case_9bb49f6fffe7f63f,semantic_adjudication,264.0281659550965,279,0,security_classification,sec_exfil_border,7.0,6.0,0.6804820237218406,0.5,"credential_attack:2,malware:0,data_exfiltration:8,insufficient:10",benchmark_authored_adjudication,"The volume is suspicious, but destination and valid access make confirmed exfiltration uncertain.",target,choice,insufficient,data_exfiltration,0.8903896154119748,0.8903896154119748,0.2608979977338166,0,0.10634187468251508,2.2410961419235225,1.591426732126258,"{""credential_attack"": 0.1, ""data_exfiltration"": 0.4, ""insufficient"": 0.5, ""malware"": 0.0}","{""credential_attack"": 0.002833914969344861, ""data_exfiltration"": 0.8903896154119748, ""insufficient"": 0.10634187468251508, ""malware"": 0.0004345949361652277}",0.49082421034814006,0.1464606373798761,0.8102477495944834,0.4048901314853242,
case_f09424a6306dcc3b,semantic_adjudication,305.29795796610415,328,0,security_classification,sec_exfil_border,8.0,12.0,0.6804820237218406,0.5,"credential_attack:2,malware:0,data_exfiltration:8,insufficient:10",benchmark_authored_adjudication,"The volume is suspicious, but destination and valid access make confirmed exfiltration uncertain.",target,choice,insufficient,data_exfiltration,0.9453565921202981,0.9453565921202981,0.18807699725022017,0,0.02223265607678803,3.8061930765065055,1.8505579394820897,"{""credential_attack"": 0.1, ""data_exfiltration"": 0.4, ""insufficient"": 0.5, ""malware"": 0.0}","{""credential_attack"": 0.028547295483073002, ""data_exfiltration"": 0.9453565921202981, ""insufficient"": 0.02223265607678803, ""malware"": 0.0038634563198409583}",0.549220048440139,0.20377172967677815,1.3378446841774665,0.5307958627660245,
case_53cdc583f5795fb3,semantic_adjudication,355.73716601356864,438,0,security_classification,sec_exfil_border,9.0,24.0,0.6804820237218406,0.5,"credential_attack:2,malware:0,data_exfiltration:8,insufficient:10",benchmark_authored_adjudication,"The volume is suspicious, but destination and valid access make confirmed exfiltration uncertain.",target,choice,insufficient,data_exfiltration,0.889288373398756,0.889288373398756,0.2655531437834156,0,0.10621035008009633,2.242333716541737,1.5897108558507602,"{""credential_attack"": 0.1, ""data_exfiltration"": 0.4, ""insufficient"": 0.5, ""malware"": 0.0}","{""credential_attack"": 0.0003830543332622008, ""data_exfiltration"": 0.889288373398756, ""insufficient"": 0.10621035008009633, ""malware"": 0.004118222187885607}",0.4934065955866415,0.15200805492100788,1.0114853242126975,0.4044138963451993,
case_d6e0740eff982458,semantic_adjudication,206.26820786856115,224,0,security_classification,sec_exfil_border,10.0,0.0,0.6804820237218406,0.5,"credential_attack:2,malware:0,data_exfiltration:8,insufficient:10",benchmark_authored_adjudication,"The volume is suspicious, but destination and valid access make confirmed exfiltration uncertain.",target,choice,insufficient,data_exfiltration,0.8866370811431884,0.8866370811431884,0.2968485179262369,0,0.09345086082028685,2.3703195335629395,1.6082975546079492,"{""credential_attack"": 0.1, ""data_exfiltration"": 0.4, ""insufficient"": 0.5, ""malware"": 0.0}","{""credential_attack"": 0.018401565553396667, ""data_exfiltration"": 0.8866370811431884, ""insufficient"": 0.09345086082028685, ""malware"": 0.0015104924831281488}",0.4881475736263165,0.13962875983386103,0.6894711412339002,0.4087584374030061,
case_ec58bef4bf18e3aa,semantic_adjudication,208.1184161361307,245,0,security_classification,sec_exfil_border,11.0,2.0,0.6804820237218406,0.5,"credential_attack:2,malware:0,data_exfiltration:8,insufficient:10",benchmark_authored_adjudication,"The volume is suspicious, but destination and valid access make confirmed exfiltration uncertain.",target,choice,insufficient,data_exfiltration,0.9569377229983768,0.9569377229983768,0.1537081054127297,0,0.015467457706896037,4.169016964883474,1.8856888422611664,"{""credential_attack"": 0.1, ""data_exfiltration"": 0.4, ""insufficient"": 0.5, ""malware"": 0.0}","{""credential_attack"": 0.0020932927697131032, ""data_exfiltration"": 0.9569377229983768, ""insufficient"": 0.015467457706896037, ""malware"": 0.025501526525014126}",0.5824392495233909,0.24190102431110597,1.7756685725544348,0.5551874630154183,
case_522d004784d896d3,semantic_adjudication,263.34249996580184,279,0,security_classification,sec_exfil_border,12.0,6.0,0.6804820237218406,0.5,"credential_attack:2,malware:0,data_exfiltration:8,insufficient:10",benchmark_authored_adjudication,"The volume is suspicious, but destination and valid access make confirmed exfiltration uncertain.",target,choice,insufficient,data_exfiltration,0.7016523197846428,0.7016523197846428,0.4616457131213519,0,0.2924922031375368,1.229317268605547,0.9929122081731385,"{""credential_attack"": 0.1, ""data_exfiltration"": 0.4, ""insufficient"": 0.5, ""malware"": 0.0}","{""credential_attack"": 0.0004982955073830155, ""data_exfiltration"": 0.7016523197846428, ""insufficient"": 0.2924922031375368, ""malware"": 0.005357181570437407}",0.3070095013550802,0.06977480232006217,0.5734688762765074,0.1439828963814844,
case_5c423c3bd25ead9d,semantic_adjudication,305.76849984936416,326,0,security_classification,sec_exfil_border,13.0,12.0,0.6804820237218406,0.5,"credential_attack:2,malware:0,data_exfiltration:8,insufficient:10",benchmark_authored_adjudication,"The volume is suspicious, but destination and valid access make confirmed exfiltration uncertain.",target,choice,insufficient,data_exfiltration,0.9524104851366261,0.9524104851366261,0.16752798902513863,0,0.02876030459510707,3.548759155256756,1.8506410607722321,"{""credential_attack"": 0.1, ""data_exfiltration"": 0.4, ""insufficient"": 0.5, ""malware"": 0.0}","{""credential_attack"": 0.01539428172221829, ""data_exfiltration"": 0.9524104851366261, ""insufficient"": 0.02876030459510707, ""malware"": 0.0034349285460486133}",0.5558454136826746,0.20401686322921456,1.2679107629277169,0.5343941209135946,
case_9f34acb48350258c,semantic_adjudication,357.61845810338855,441,0,security_classification,sec_exfil_border,14.0,24.0,0.6804820237218406,0.5,"credential_attack:2,malware:0,data_exfiltration:8,insufficient:10",benchmark_authored_adjudication,"The volume is suspicious, but destination and valid access make confirmed exfiltration uncertain.",target,choice,insufficient,data_exfiltration,0.9554300404281562,0.9554300404281562,0.1567460668421413,0,0.0288514872640103,3.545593735744625,1.8561660994209919,"{""credential_attack"": 0.1, ""data_exfiltration"": 0.4, ""insufficient"": 0.5, ""malware"": 0.0}","{""credential_attack"": 0.013628477580351834, ""data_exfiltration"": 0.9554300404281562, ""insufficient"": 0.0288514872640103, ""malware"": 0.0020899947274817064}",0.5575200351556379,0.20517988071120208,1.2772453434155857,0.5379478588264069,
case_5834f00cc3977ba7,semantic_adjudication,206.45220787264407,219,0,security_classification,sec_exfil_border,15.0,0.0,0.6804820237218406,0.5,"credential_attack:2,malware:0,data_exfiltration:8,insufficient:10",benchmark_authored_adjudication,"The volume is suspicious, but destination and valid access make confirmed exfiltration uncertain.",target,choice,insufficient,data_exfiltration,0.5747710998838383,0.5747710998838383,0.5845861337519103,0,0.39503401470905714,0.9287834046010565,0.696843298583415,"{""credential_attack"": 0.1, ""data_exfiltration"": 0.4, ""insufficient"": 0.5, ""malware"": 0.0}","{""credential_attack"": 0.010527299909152946, ""data_exfiltration"": 0.5747710998838383, ""insufficient"": 0.39503401470905714, ""malware"": 0.019667585497951594}",0.1944386853817899,0.038702105816468935,0.1979350122720173,0.049954973403570926,
case_250cf9399a183b96,semantic_adjudication,208.1453341525048,244,0,security_classification,sec_exfil_border,16.0,2.0,0.6804820237218406,0.5,"credential_attack:2,malware:0,data_exfiltration:8,insufficient:10",benchmark_authored_adjudication,"The volume is suspicious, but destination and valid access make confirmed exfiltration uncertain.",target,choice,insufficient,data_exfiltration,0.9305544194447427,0.9305544194447427,0.2212501107805732,0,0.0193130408310207,3.946974720521036,1.8298393316202732,"{""credential_attack"": 0.1, ""data_exfiltration"": 0.4, ""insufficient"": 0.5, ""malware"": 0.0}","{""credential_attack"": 0.04632957650091335, ""data_exfiltration"": 0.9305544194447427, ""insufficient"": 0.0193130408310207, ""malware"": 0.0038029632233232856}",0.534357382668066,0.1994632616321212,1.366126328191997,0.5154429215953172,
case_ca6d5ed04f0e42be,semantic_adjudication,262.8429587930441,279,0,security_classification,sec_exfil_border,17.0,6.0,0.6804820237218406,0.5,"credential_attack:2,malware:0,data_exfiltration:8,insufficient:10",benchmark_authored_adjudication,"The volume is suspicious, but destination and valid access make confirmed exfiltration uncertain.",target,choice,insufficient,data_exfiltration,0.9547054433703648,0.9547054433703648,0.16066056902327544,0,0.01748604014588046,4.0463524223390515,1.8774490624405227,"{""credential_attack"": 0.1, ""data_exfiltration"": 0.4, ""insufficient"": 0.5, ""malware"": 0.0}","{""credential_attack"": 0.02544203828792527, ""data_exfiltration"": 0.9547054433703648, ""insufficient"": 0.01748604014588046, ""malware"": 0.0023664781958295123}",0.5570719215661942,0.2122884938048283,1.4655040300100126,0.5460823402325263,
case_17cefba27fbe1a64,semantic_adjudication,307.04812495969236,336,0,security_classification,sec_exfil_border,18.0,12.0,0.6804820237218406,0.5,"credential_attack:2,malware:0,data_exfiltration:8,insufficient:10",benchmark_authored_adjudication,"The volume is suspicious, but destination and valid access make confirmed exfiltration uncertain.",target,choice,insufficient,data_exfiltration,0.787466798322189,0.787466798322189,0.4155421927955732,0,0.19910278699744008,1.6139340700318554,1.2616387564893323,"{""credential_attack"": 0.1, ""data_exfiltration"": 0.4, ""insufficient"": 0.5, ""malware"": 0.0}","{""credential_attack"": 0.0046824487438289104, ""data_exfiltration"": 0.787466798322189, ""insufficient"": 0.19910278699744008, ""malware"": 0.00874796593654195}",0.396214764258731,0.09540192929318868,0.4955856777028162,0.24983161508025548,
case_eebe53add6ad5014,semantic_adjudication,356.5245419740677,432,0,security_classification,sec_exfil_border,19.0,24.0,0.6804820237218406,0.5,"credential_attack:2,malware:0,data_exfiltration:8,insufficient:10",benchmark_authored_adjudication,"The volume is suspicious, but destination and valid access make confirmed exfiltration uncertain.",target,choice,insufficient,data_exfiltration,0.9373000148182885,0.9373000148182885,0.20630615932450874,0,0.02830400792921267,3.56475186142015,1.8237584710839845,"{""credential_attack"": 0.1, ""data_exfiltration"": 0.4, ""insufficient"": 0.5, ""malware"": 0.0}","{""credential_attack"": 0.002323334451920243, ""data_exfiltration"": 0.9373000148182885, ""insufficient"": 0.02830400792921267, ""malware"": 0.03207264280057852}",0.569372657618867,0.2244685495881414,1.4714034690911109,0.5217578002681822,
case_2a64cb4173adb0d3,semantic_adjudication,206.8735840730369,220,0,security_classification,sec_exfil_border,20.0,0.0,0.6804820237218406,0.5,"credential_attack:2,malware:0,data_exfiltration:8,insufficient:10",benchmark_authored_adjudication,"The volume is suspicious, but destination and valid access make confirmed exfiltration uncertain.",target,choice,insufficient,data_exfiltration,0.8432056685406367,0.8432056685406367,0.37521074933011994,0,0.1293097773425051,2.0455443785650784,1.4696273333323544,"{""credential_attack"": 0.1, ""data_exfiltration"": 0.4, ""insufficient"": 0.5, ""malware"": 0.0}","{""credential_attack"": 0.00501388418135199, ""data_exfiltration"": 0.8432056685406367, ""insufficient"": 0.1293097773425051, ""malware"": 0.02247066993550613}",0.46567633847614287,0.1327817518549267,0.677195986236039,0.34336979900607995,
case_b5f7dae23890ea46,semantic_adjudication,207.62879098765552,243,0,security_classification,sec_exfil_border,21.0,2.0,0.6804820237218406,0.5,"credential_attack:2,malware:0,data_exfiltration:8,insufficient:10",benchmark_authored_adjudication,"The volume is suspicious, but destination and valid access make confirmed exfiltration uncertain.",target,choice,insufficient,data_exfiltration,0.9687758115653765,0.9687758115653765,0.11870928843939282,0,0.017743747928771824,4.031722054473013,1.9035042901033874,"{""credential_attack"": 0.1, ""data_exfiltration"": 0.4, ""insufficient"": 0.5, ""malware"": 0.0}","{""credential_attack"": 0.0012853527888372338, ""data_exfiltration"": 0.9687758115653765, ""insufficient"": 0.017743747928771824, ""malware"": 0.012195087717014396}",0.5809708992823909,0.23759044220788572,1.7508736621439738,0.5659703182220907,
case_1cfeb8b57e711193,semantic_adjudication,263.2608748972416,281,0,security_classification,sec_exfil_border,22.0,6.0,0.6804820237218406,0.5,"credential_attack:2,malware:0,data_exfiltration:8,insufficient:10",benchmark_authored_adjudication,"The volume is suspicious, but destination and valid access make confirmed exfiltration uncertain.",target,choice,insufficient,data_exfiltration,0.8878521956985145,0.8878521956985145,0.3176425727961905,0,0.06431579733872707,2.743949996129144,1.665753568695657,"{""credential_attack"": 0.1, ""data_exfiltration"": 0.4, ""insufficient"": 0.5, ""malware"": 0.0}","{""credential_attack"": 0.0036284489949582983, ""data_exfiltration"": 0.8878521956985145, ""insufficient"": 0.06431579733872707, ""malware"": 0.04420355796780006}",0.5320557536663146,0.18623060070278197,1.0381016038001047,0.4390619196765808,
case_5ea7236fdb15ff01,semantic_adjudication,306.0153329279274,332,0,security_classification,sec_exfil_border,23.0,12.0,0.6804820237218406,0.5,"credential_attack:2,malware:0,data_exfiltration:8,insufficient:10",benchmark_authored_adjudication,"The volume is suspicious, but destination and valid access make confirmed exfiltration uncertain.",target,choice,insufficient,data_exfiltration,0.9392691789281428,0.9392691789281428,0.18453646232665824,0,0.05298994103000851,2.9376531753294066,1.779096689422643,"{""credential_attack"": 0.1, ""data_exfiltration"": 0.4, ""insufficient"": 0.5, ""malware"": 0.0}","{""credential_attack"": 0.0063287459454923495, ""data_exfiltration"": 0.9392691789281428, ""insufficient"": 0.05298994103000851, ""malware"": 0.001412134096356434}",0.5406813130244992,0.18553227538066525,1.0568047830003673,0.4994055381210387,
case_c7ce0ace82272818,semantic_adjudication,357.3459158651531,438,0,security_classification,sec_exfil_border,24.0,24.0,0.6804820237218406,0.5,"credential_attack:2,malware:0,data_exfiltration:8,insufficient:10",benchmark_authored_adjudication,"The volume is suspicious, but destination and valid access make confirmed exfiltration uncertain.",target,choice,insufficient,data_exfiltration,0.9504824340287976,0.9504824340287976,0.17160672838370003,0,0.022353204324090204,3.8007855979937064,1.8598550647285512,"{""credential_attack"": 0.1, ""data_exfiltration"": 0.4, ""insufficient"": 0.5, ""malware"": 0.0}","{""credential_attack"": 0.0018348627461826732, ""data_exfiltration"": 0.9504824340287976, ""insufficient"": 0.022353204324090204, ""malware"": 0.02532949890092951}",0.5758119329297271,0.23211987139693316,1.6074372056646675,0.5414553492803668,
case_cd5a5b96fadd1ee7,semantic_adjudication,207.00974995270371,218,0,security_classification,sec_exfil_border,25.0,0.0,0.6804820237218406,0.5,"credential_attack:2,malware:0,data_exfiltration:8,insufficient:10",benchmark_authored_adjudication,"The volume is suspicious, but destination and valid access make confirmed exfiltration uncertain.",target,choice,insufficient,data_exfiltration,0.9779647741559938,0.9779647741559938,0.08567800437450004,0,0.017912049649343658,4.022281627841397,1.920922551456651,"{""credential_attack"": 0.1, ""data_exfiltration"": 0.4, ""insufficient"": 0.5, ""malware"": 0.0}","{""credential_attack"": 0.001010528691815958, ""data_exfiltration"": 0.9779647741559938, ""insufficient"": 0.017912049649343658, ""malware"": 0.0031126475028466103}",0.5810774216588404,0.23634099534383485,1.7664332355123582,0.5762606760428366,
case_529f3799038fa814,semantic_adjudication,208.94441613927484,249,0,security_classification,sec_exfil_border,26.0,2.0,0.6804820237218406,0.5,"credential_attack:2,malware:0,data_exfiltration:8,insufficient:10",benchmark_authored_adjudication,"The volume is suspicious, but destination and valid access make confirmed exfiltration uncertain.",target,choice,insufficient,data_exfiltration,0.8058035424588624,0.8058035424588624,0.3953647265218801,0,0.17979907347701804,1.7159153100334334,1.3222204336775663,"{""credential_attack"": 0.1, ""data_exfiltration"": 0.4, ""insufficient"": 0.5, ""malware"": 0.0}","{""credential_attack"": 0.001372782866460758, ""data_exfiltration"": 0.8058035424588624, ""insufficient"": 0.17979907347701804, ""malware"": 0.013024601197658714}",0.41882814365652116,0.11007121288245811,0.6600669177043943,0.27710211661420214,
case_9051c05b279393a3,semantic_adjudication,263.62387486733496,279,0,security_classification,sec_exfil_border,27.0,6.0,0.6804820237218406,0.5,"credential_attack:2,malware:0,data_exfiltration:8,insufficient:10",benchmark_authored_adjudication,"The volume is suspicious, but destination and valid access make confirmed exfiltration uncertain.",target,choice,insufficient,data_exfiltration,0.8857407563228719,0.8857407563228719,0.28116870539379546,0,0.10578664764244979,2.246330971279866,1.584202864944453,"{""credential_attack"": 0.1, ""data_exfiltration"": 0.4, ""insufficient"": 0.5, ""malware"": 0.0}","{""credential_attack"": 0.006762714128009409, ""data_exfiltration"": 0.8857407563228719, ""insufficient"": 0.10578664764244979, ""malware"": 0.0017098819066689475}",0.4874506382295408,0.14169332129861312,0.7279825789508266,0.40004436470300364,
case_2e81bab3002ad3b7,semantic_adjudication,307.02729197219014,334,0,security_classification,sec_exfil_border,28.0,12.0,0.6804820237218406,0.5,"credential_attack:2,malware:0,data_exfiltration:8,insufficient:10",benchmark_authored_adjudication,"The volume is suspicious, but destination and valid access make confirmed exfiltration uncertain.",target,choice,insufficient,data_exfiltration,0.907131209785898,0.907131209785898,0.24512229885681047,0,0.08437634612528654,2.472468175839238,1.6613157169237778,"{""credential_attack"": 0.1, ""data_exfiltration"": 0.4, ""insufficient"": 0.5, ""malware"": 0.0}","{""credential_attack"": 0.007848222736305671, ""data_exfiltration"": 0.907131209785898, ""insufficient"": 0.08437634612528654, ""malware"": 0.0006442213525097023}",0.5077754311384077,0.15594329108341015,0.8166197835101989,0.43841745067308463,
case_cf18a33117286120,semantic_adjudication,357.4823341332376,431,0,security_classification,sec_exfil_border,29.0,24.0,0.6804820237218406,0.5,"credential_attack:2,malware:0,data_exfiltration:8,insufficient:10",benchmark_authored_adjudication,"The volume is suspicious, but destination and valid access make confirmed exfiltration uncertain.",target,choice,insufficient,data_exfiltration,0.9664007919767158,0.9664007919767158,0.12732645137395399,0,0.017700247927632244,4.034176632289593,1.8990377879354117,"{""credential_attack"": 0.1, ""data_exfiltration"": 0.4, ""insufficient"": 0.5, ""malware"": 0.0}","{""credential_attack"": 0.013784966946598006, ""data_exfiltration"": 0.9664007919767158, ""insufficient"": 0.017700247927632244, ""malware"": 0.0021139931490539716}",0.5685147851257697,0.22051461097923009,1.5158282399605532,0.5608604088923517,
case_0e0a644f9f2adac5,semantic_adjudication,206.49416698142886,211,0,security_classification,sec_malware_border,0.0,0.0,0.4958800740904867,0.75,"credential_attack:0,malware:15,data_exfiltration:1,insufficient:4",benchmark_authored_adjudication,"Behavior is strongly malware-like, but execution was blocked before full confirmation.",target,choice,malware,insufficient,0.6406769656806003,0.6406769656806003,0.6338198837793826,0,0.26707389387511343,1.3202299027852216,0.9551963404752422,"{""credential_attack"": 0.0, ""data_exfiltration"": 0.05, ""insufficient"": 0.2, ""malware"": 0.75}","{""credential_attack"": 0.08670619861355763, ""data_exfiltration"": 0.005542941830728732, ""insufficient"": 0.6406769656806003, ""malware"": 0.26707389387511343}",0.5273831642941579,0.16072271994880333,0.6515441522818664,0.43690820695748583,
case_ce6ce8babcf07898,semantic_adjudication,207.40579185076058,233,0,security_classification,sec_malware_border,1.0,2.0,0.4958800740904867,0.75,"credential_attack:0,malware:15,data_exfiltration:1,insufficient:4",benchmark_authored_adjudication,"Behavior is strongly malware-like, but execution was blocked before full confirmation.",target,choice,malware,insufficient,0.650593610878415,0.650593610878415,0.578528076858701,0,0.30731866120596607,1.1798700853439876,0.9040789121789267,"{""credential_attack"": 0.0, ""data_exfiltration"": 0.05, ""insufficient"": 0.2, ""malware"": 0.75}","{""credential_attack"": 0.013502639618640963, ""data_exfiltration"": 0.02858508829697788, ""insufficient"": 0.650593610878415, ""malware"": 0.30731866120596607}",0.46409625049705605,0.11678766420361057,0.4611843348406324,0.3996422896008459,
case_311882c0bb721457,semantic_adjudication,263.14350008033216,275,0,security_classification,sec_malware_border,2.0,6.0,0.4958800740904867,0.75,"credential_attack:0,malware:15,data_exfiltration:1,insufficient:4",benchmark_authored_adjudication,"Behavior is strongly malware-like, but execution was blocked before full confirmation.",target,choice,malware,insufficient,0.5982188464230502,0.5982188464230502,0.6729072772568558,0,0.32020347430338436,1.1387986280618223,0.8233295275550974,"{""credential_attack"": 0.0, ""data_exfiltration"": 0.05, ""insufficient"": 0.2, ""malware"": 0.75}","{""credential_attack"": 0.03824285138536947, ""data_exfiltration"": 0.04333482788819595, ""insufficient"": 0.5982188464230502, ""malware"": 0.32020347430338436}",0.4364616978084197,0.10973094107293054,0.4263628775584671,0.3448102433487499,
case_5978598e08df26f8,semantic_adjudication,266.48900005966425,314,0,security_classification,sec_malware_border,3.0,12.0,0.4958800740904867,0.75,"credential_attack:0,malware:15,data_exfiltration:1,insufficient:4",benchmark_authored_adjudication,"Behavior is strongly malware-like, but execution was blocked before full confirmation.",target,choice,malware,malware,0.5390147068060263,0.5390147068060263,0.6171394964725679,1,0.5390147068060263,0.6180124230909698,0.38965345105396776,"{""credential_attack"": 0.0, ""data_exfiltration"": 0.05, ""insufficient"": 0.2, ""malware"": 0.75}","{""credential_attack"": 0.014364255387400908, ""data_exfiltration"": 0.02683596205903577, ""insufficient"": 0.419785075747537, ""malware"": 0.5390147068060263}",0.23414933113493794,0.0353392160870362,0.13057667258761446,0.09356317795206254,
case_f6397d7eaa11fbaa,semantic_adjudication,355.6440838146955,431,0,security_classification,sec_malware_border,4.0,24.0,0.4958800740904867,0.75,"credential_attack:0,malware:15,data_exfiltration:1,insufficient:4",benchmark_authored_adjudication,"Behavior is strongly malware-like, but execution was blocked before full confirmation.",target,choice,malware,insufficient,0.746057847122191,0.746057847122191,0.496532353105728,0,0.2137491519356941,1.5429521387254466,1.1761816827302554,"{""credential_attack"": 0.0, ""data_exfiltration"": 0.05, ""insufficient"": 0.2, ""malware"": 0.75}","{""credential_attack"": 0.0030489679010609616, ""data_exfiltration"": 0.03714403304105392, ""insufficient"": 0.746057847122191, ""malware"": 0.2137491519356941}",0.549106815023252,0.16443773857839478,0.6930163882220912,0.5859187165451207,
case_d2c3556c97482ae4,semantic_adjudication,205.99237503483891,209,0,security_classification,sec_malware_border,5.0,0.0,0.4958800740904867,0.75,"credential_attack:0,malware:15,data_exfiltration:1,insufficient:4",benchmark_authored_adjudication,"Behavior is strongly malware-like, but execution was blocked before full confirmation.",target,choice,malware,insufficient,0.8660375195756012,0.8660375195756012,0.33888234862925,0,0.10343343159326135,2.2688270462131728,1.5547315819845768,"{""credential_attack"": 0.0, ""data_exfiltration"": 0.05, ""insufficient"": 0.2, ""malware"": 0.75}","{""credential_attack"": 0.0008948745239577254, ""data_exfiltration"": 0.029634174307179708, ""insufficient"": 0.8660375195756012, ""malware"": 0.10343343159326135}",0.666932394099559,0.25196770090135157,1.2188912957098177,0.8620698725202491,
case_e55afd1abb13e67a,semantic_adjudication,208.2590830978006,242,0,security_classification,sec_malware_border,6.0,2.0,0.4958800740904867,0.75,"credential_attack:0,malware:15,data_exfiltration:1,insufficient:4",benchmark_authored_adjudication,"Behavior is strongly malware-like, but execution was blocked before full confirmation.",target,choice,malware,insufficient,0.8794302050321589,0.8794302050321589,0.30217659778564787,0,0.10503295977040056,2.253481075506476,1.574567293464603,"{""credential_attack"": 0.0, ""data_exfiltration"": 0.05, ""insufficient"": 0.2, ""malware"": 0.75}","{""credential_attack"": 0.0013221698377336498, ""data_exfiltration"": 0.014214665359706904, ""insufficient"": 0.8794302050321589, ""malware"": 0.10503295977040056}",0.6807523748698925,0.2582132703298178,1.2410453250031206,0.8788902248009687,
case_e5bb2e54ae27b8ac,semantic_adjudication,262.3607921414077,270,0,security_classification,sec_malware_border,7.0,6.0,0.4958800740904867,0.75,"credential_attack:0,malware:15,data_exfiltration:1,insufficient:4",benchmark_authored_adjudication,"Behavior is strongly malware-like, but execution was blocked before full confirmation.",target,choice,malware,insufficient,0.4773396463715224,0.4773396463715224,0.7348934192124873,0,0.4212507594036946,0.8645269945784496,0.5680252878472285,"{""credential_attack"": 0.0, ""data_exfiltration"": 0.05, ""insufficient"": 0.2, ""malware"": 0.75}","{""credential_attack"": 0.044399503387245895, ""data_exfiltration"": 0.0570100908375372, ""insufficient"": 0.4773396463715224, ""malware"": 0.4212507594036946}",0.32874924059630545,0.06812524667447203,0.2520912440750943,0.18701379991671316,
case_d777748c5deb78b4,semantic_adjudication,305.9389158152044,324,0,security_classification,sec_malware_border,8.0,12.0,0.4958800740904867,0.75,"credential_attack:0,malware:15,data_exfiltration:1,insufficient:4",benchmark_authored_adjudication,"Behavior is strongly malware-like, but execution was blocked before full confirmation.",target,choice,malware,malware,0.8567821278472315,0.8567821278472315,0.3722649938996737,1,0.8567821278472315,0.15457161925472593,0.03071656319414919,"{""credential_attack"": 0.0, ""data_exfiltration"": 0.05, ""insufficient"": 0.2, ""malware"": 0.75}","{""credential_attack"": 0.06206508917254242, ""data_exfiltration"": 0.0014596309936903953, ""insufficient"": 0.07969315198653562, ""malware"": 0.8567821278472315}",0.16884721701977395,0.05116960172780538,0.2608858687513706,0.032084403223781664,
case_ed3e3b33a7bf726d,semantic_adjudication,355.77000002376735,425,0,security_classification,sec_malware_border,9.0,24.0,0.4958800740904867,0.75,"credential_attack:0,malware:15,data_exfiltration:1,insufficient:4",benchmark_authored_adjudication,"Behavior is strongly malware-like, but execution was blocked before full confirmation.",target,choice,malware,insufficient,0.8193594254112433,0.8193594254112433,0.4283875927176441,0,0.12565283751802087,2.0742324325334676,1.4385832828533325,"{""credential_attack"": 0.0, ""data_exfiltration"": 0.05, ""insufficient"": 0.2, ""malware"": 0.75}","{""credential_attack"": 0.05237989562609763, ""data_exfiltration"": 0.0026078414446381, ""insufficient"": 0.8193594254112433, ""malware"": 0.12565283751802087}",0.671739321037341,0.25556027251508096,1.2055466820301124,0.7784051473033818,
case_5c64562396488cc9,semantic_adjudication,206.34395792149007,215,0,security_classification,sec_malware_border,10.0,0.0,0.4958800740904867,0.75,"credential_attack:0,malware:15,data_exfiltration:1,insufficient:4",benchmark_authored_adjudication,"Behavior is strongly malware-like, but execution was blocked before full confirmation.",target,choice,malware,insufficient,0.7291826078327445,0.7291826078327445,0.5328190844869624,0,0.2089143149311041,1.5658310874868302,1.1611106469398864,"{""credential_attack"": 0.0, ""data_exfiltration"": 0.05, ""insufficient"": 0.2, ""malware"": 0.75}","{""credential_attack"": 0.05985495336052177, ""data_exfiltration"": 0.0020481238756295864, ""insufficient"": 0.7291826078327445, ""malware"": 0.2089143149311041}",0.5890375611932662,0.19553350740666114,0.8596453369834748,0.5786899488847778,
case_38997320f85318d2,semantic_adjudication,207.74741703644395,234,0,security_classification,sec_malware_border,11.0,2.0,0.4958800740904867,0.75,"credential_attack:0,malware:15,data_exfiltration:1,insufficient:4",benchmark_authored_adjudication,"Behavior is strongly malware-like, but execution was blocked before full confirmation.",target,choice,malware,insufficient,0.6922971037429472,0.6922971037429472,0.5026883898951051,0,0.28859236888386686,1.2427400748358015,0.9856491818397451,"{""credential_attack"": 0.0, ""data_exfiltration"": 0.05, ""insufficient"": 0.2, ""malware"": 0.75}","{""credential_attack"": 0.0028292600305080714, ""data_exfiltration"": 0.016281267342677805, ""insufficient"": 0.6922971037429472, ""malware"": 0.28859236888386686}",0.4951263637734553,0.13040912055125345,0.5240543243324463,0.45639839805023186,
case_dfb856b4fae465d5,semantic_adjudication,262.19437504187226,269,0,security_classification,sec_malware_border,12.0,6.0,0.4958800740904867,0.75,"credential_attack:0,malware:15,data_exfiltration:1,insufficient:4",benchmark_authored_adjudication,"Behavior is strongly malware-like, but execution was blocked before full confirmation.",target,choice,malware,malware,0.6181764496998986,0.6181764496998986,0.5071440737960354,1,0.6181764496998986,0.48098134496300593,0.2864024062072149,"{""credential_attack"": 0.0, ""data_exfiltration"": 0.05, ""insufficient"": 0.2, ""malware"": 0.75}","{""credential_attack"": 0.0053482742245507565, ""data_exfiltration"": 0.0015323062202575054, ""insufficient"": 0.3749429698552931, ""malware"": 0.6181764496998986}",0.18029124407984387,0.032966741107459244,0.1935455944596506,0.05036021249302122,
case_b12bda94e9ca9927,semantic_adjudication,306.0859169345349,323,0,security_classification,sec_malware_border,13.0,12.0,0.4958800740904867,0.75,"credential_attack:0,malware:15,data_exfiltration:1,insufficient:4",benchmark_authored_adjudication,"Behavior is strongly malware-like, but execution was blocked before full confirmation.",target,choice,malware,insufficient,0.7581014494386692,0.7581014494386692,0.4688300974813022,0,0.2171997017708416,1.5269380639857228,1.1878038477896862,"{""credential_attack"": 0.0, ""data_exfiltration"": 0.05, ""insufficient"": 0.2, ""malware"": 0.75}","{""credential_attack"": 0.013885112388944638, ""data_exfiltration"": 0.01081373640154455, ""insufficient"": 0.7581014494386692, ""malware"": 0.2171997017708416}",0.5719865618276139,0.17592365831136517,0.7395023134823675,0.5970817452594848,
case_6dfe273350ba13c1,semantic_adjudication,362.8318749833852,429,0,security_classification,sec_malware_border,14.0,24.0,0.4958800740904867,0.75,"credential_attack:0,malware:15,data_exfiltration:1,insufficient:4",benchmark_authored_adjudication,"Behavior is strongly malware-like, but execution was blocked before full confirmation.",target,choice,malware,insufficient,0.6256195529898422,0.6256195529898422,0.5776960612278075,0,0.33487001564275504,1.0940128354602967,0.8350612305458787,"{""credential_attack"": 0.0, ""data_exfiltration"": 0.05, ""insufficient"": 0.2, ""malware"": 0.75}","{""credential_attack"": 0.004215391389637098, ""data_exfiltration"": 0.03529503997776576, ""insufficient"": 0.6256195529898422, ""malware"": 0.33487001564275504}",0.4298349443794792,0.10042697403933663,0.3940770849569413,0.35371891317354287,
case_60b43d6536885836,semantic_adjudication,206.83066709898412,210,0,security_classification,sec_malware_border,15.0,0.0,0.4958800740904867,0.75,"credential_attack:0,malware:15,data_exfiltration:1,insufficient:4",benchmark_authored_adjudication,"Behavior is strongly malware-like, but execution was blocked before full confirmation.",target,choice,malware,insufficient,0.5838618707356151,0.5838618707356151,0.6470938219222643,0,0.35413012563832497,1.038090846842806,0.7599725652012644,"{""credential_attack"": 0.0, ""data_exfiltration"": 0.05, ""insufficient"": 0.2, ""malware"": 0.75}","{""credential_attack"": 0.03293923275035688, ""data_exfiltration"": 0.02906877087570301, ""insufficient"": 0.5838618707356151, ""malware"": 0.35413012563832497}",0.416801103485972,0.09818399787605447,0.3756550963394507,0.30558600263861047,
case_d5aad107ccff327b,semantic_adjudication,207.89562514983118,235,0,security_classification,sec_malware_border,16.0,2.0,0.4958800740904867,0.75,"credential_attack:0,malware:15,data_exfiltration:1,insufficient:4",benchmark_authored_adjudication,"Behavior is strongly malware-like, but execution was blocked before full confirmation.",target,choice,malware,insufficient,0.713690052862595,0.713690052862595,0.5502030657588227,0,0.23170123659095254,1.4623065105232942,1.1017988055414782,"{""credential_attack"": 0.0, ""data_exfiltration"": 0.05, ""insufficient"": 0.2, ""malware"": 0.75}","{""credential_attack"": 0.008984031902444586, ""data_exfiltration"": 0.045624678644007766, ""insufficient"": 0.713690052862595, ""malware"": 0.23170123659095254}",0.5226740847650396,0.15175818362055932,0.631120760019939,0.5326109348275156,
case_fd5a0ff8eb325f74,semantic_adjudication,262.3039579484612,270,0,security_classification,sec_malware_border,17.0,6.0,0.4958800740904867,0.75,"credential_attack:0,malware:15,data_exfiltration:1,insufficient:4",benchmark_authored_adjudication,"Behavior is strongly malware-like, but execution was blocked before full confirmation.",target,choice,malware,insufficient,0.6694011686587215,0.6694011686587215,0.660561802119679,0,0.21732274105761673,1.5263717443762563,1.0681841135838457,"{""credential_attack"": 0.0, ""data_exfiltration"": 0.05, ""insufficient"": 0.2, ""malware"": 0.75}","{""credential_attack"": 0.03332752174953978, ""data_exfiltration"": 0.0799485685341221, ""insufficient"": 0.6694011686587215, ""malware"": 0.21732274105761673}",0.5326772589423833,0.157735335806791,0.663935993872901,0.5060901597957533,
case_87e0e03e57cf889c,semantic_adjudication,305.95770780928433,329,0,security_classification,sec_malware_border,18.0,12.0,0.4958800740904867,0.75,"credential_attack:0,malware:15,data_exfiltration:1,insufficient:4",benchmark_authored_adjudication,"Behavior is strongly malware-like, but execution was blocked before full confirmation.",target,choice,malware,malware,0.4661702709127734,0.4661702709127734,0.6568013029054639,1,0.4661702709127734,0.7632043233696766,0.5062900455810156,"{""credential_attack"": 0.0, ""data_exfiltration"": 0.05, ""insufficient"": 0.2, ""malware"": 0.75}","{""credential_attack"": 0.0045701725239844365, ""data_exfiltration"": 0.06308928565046867, ""insufficient"": 0.4661702709127734, ""malware"": 0.4661702709127734}",0.28382972908722653,0.04602139492749672,0.1757685728663213,0.15159814410724617,
case_2b7610459736f028,semantic_adjudication,356.5208751242608,430,0,security_classification,sec_malware_border,19.0,24.0,0.4958800740904867,0.75,"credential_attack:0,malware:15,data_exfiltration:1,insufficient:4",benchmark_authored_adjudication,"Behavior is strongly malware-like, but execution was blocked before full confirmation.",target,choice,malware,insufficient,0.8719975293929856,0.8719975293929856,0.32244567375235406,0,0.10414525325665035,2.261968688342096,1.5634758042083161,"{""credential_attack"": 0.0, ""data_exfiltration"": 0.05, ""insufficient"": 0.2, ""malware"": 0.75}","{""credential_attack"": 0.0006192703125088762, ""data_exfiltration"": 0.023237947037855176, ""insufficient"": 0.8719975293929856, ""malware"": 0.10414525325665035}",0.6726167997054945,0.2540028460480896,1.2245329378387408,0.8694256243756615,
case_e1308941fa56ad1c,semantic_adjudication,207.05062500201166,211,0,security_classification,sec_malware_border,20.0,0.0,0.4958800740904867,0.75,"credential_attack:0,malware:15,data_exfiltration:1,insufficient:4",benchmark_authored_adjudication,"Behavior is strongly malware-like, but execution was blocked before full confirmation.",target,choice,malware,insufficient,0.8025063060147087,0.8025063060147087,0.4393711856967889,0,0.1580228610792859,1.8450155660465857,1.3542028516502391,"{""credential_attack"": 0.0, ""data_exfiltration"": 0.05, ""insufficient"": 0.2, ""malware"": 0.75}","{""credential_attack"": 0.03525966629973414, ""data_exfiltration"": 0.004211166606271271, ""insufficient"": 0.8025063060147087, ""malware"": 0.1580228610792859}",0.6377659723144429,0.22541257951507665,1.0138298155432306,0.7167906431233715,
case_4dd555412a8edd7b,semantic_adjudication,206.96070906706154,233,0,security_classification,sec_malware_border,21.0,2.0,0.4958800740904867,0.75,"credential_attack:0,malware:15,data_exfiltration:1,insufficient:4",benchmark_authored_adjudication,"Behavior is strongly malware-like, but execution was blocked before full confirmation.",target,choice,malware,insufficient,0.9130082073457758,0.9130082073457758,0.22085389489432453,0,0.08492299205141088,2.466010409001751,1.6709531174428172,"{""credential_attack"": 0.0, ""data_exfiltration"": 0.05, ""insufficient"": 0.2, ""malware"": 0.75}","{""credential_attack"": 0.0017625204702804988, ""data_exfiltration"": 0.00030628013253277536, ""insufficient"": 0.9130082073457758, ""malware"": 0.08492299205141088}",0.7147707278160563,0.2928653225196406,1.5848246584983956,0.9531807025169589,
case_3d2a7401af903fba,semantic_adjudication,263.788916869089,277,0,security_classification,sec_malware_border,22.0,6.0,0.4958800740904867,0.75,"credential_attack:0,malware:15,data_exfiltration:1,insufficient:4",benchmark_authored_adjudication,"Behavior is strongly malware-like, but execution was blocked before full confirmation.",target,choice,malware,insufficient,0.7145209368028654,0.7145209368028654,0.5684779032304703,0,0.20471367585105768,1.5861429793083401,1.1487218572469562,"{""credential_attack"": 0.0, ""data_exfiltration"": 0.05, ""insufficient"": 0.2, ""malware"": 0.75}","{""credential_attack"": 0.07530995267223889, ""data_exfiltration"": 0.0054554346738379614, ""insufficient"": 0.7145209368028654, ""malware"": 0.20471367585105768}",0.5898308894751043,0.19594602933785005,0.8299572288049848,0.5697247769839552,
case_b1e106d921a8c364,semantic_adjudication,305.25716696865857,321,0,security_classification,sec_malware_border,23.0,12.0,0.4958800740904867,0.75,"credential_attack:0,malware:15,data_exfiltration:1,insufficient:4",benchmark_authored_adjudication,"Behavior is strongly malware-like, but execution was blocked before full confirmation.",target,choice,malware,insufficient,0.6662814643185998,0.6662814643185998,0.5954976029400182,0,0.27774743689020553,1.281043078623049,0.9671999392690712,"{""credential_attack"": 0.0, ""data_exfiltration"": 0.05, ""insufficient"": 0.2, ""malware"": 0.75}","{""credential_attack"": 0.03317220081627063, ""data_exfiltration"": 0.02279889797492394, ""insufficient"": 0.6662814643185998, ""malware"": 0.27774743689020553}",0.4994536651348705,0.13663425204097934,0.5436073281196936,0.4422811821892416,
case_2cc4ddf8517208a9,semantic_adjudication,354.7696250025183,422,0,security_classification,sec_malware_border,24.0,24.0,0.4958800740904867,0.75,"credential_attack:0,malware:15,data_exfiltration:1,insufficient:4",benchmark_authored_adjudication,"Behavior is strongly malware-like, but execution was blocked before full confirmation.",target,choice,malware,insufficient,0.682936278160099,0.682936278160099,0.5419881710805979,0,0.2846901962255425,1.2563537207475308,0.9786022012951299,"{""credential_attack"": 0.0, ""data_exfiltration"": 0.05, ""insufficient"": 0.2, ""malware"": 0.75}","{""credential_attack"": 0.014173890263141685, ""data_exfiltration"": 0.01819963535121682, ""insufficient"": 0.682936278160099, ""malware"": 0.2846901962255425}",0.49711016842324074,0.13280631012352428,0.5314179702441755,0.45095282460873987,
case_f1e91bcb45b04938,semantic_adjudication,205.64229204319417,209,0,security_classification,sec_malware_border,25.0,0.0,0.4958800740904867,0.75,"credential_attack:0,malware:15,data_exfiltration:1,insufficient:4",benchmark_authored_adjudication,"Behavior is strongly malware-like, but execution was blocked before full confirmation.",target,choice,malware,insufficient,0.8028346287882403,0.8028346287882403,0.48930389983677836,0,0.08461814732569273,2.4696065279774864,1.4919389280758897,"{""credential_attack"": 0.0, ""data_exfiltration"": 0.05, ""insufficient"": 0.2, ""malware"": 0.75}","{""credential_attack"": 0.09588492274348952, ""data_exfiltration"": 0.016662301142577447, ""insufficient"": 0.8028346287882403, ""malware"": 0.08461814732569273}",0.6987195515317298,0.28696272302668124,1.4134207774741308,0.8164479201091821,
case_7cf63cd2d304c357,semantic_adjudication,207.869625184685,239,0,security_classification,sec_malware_border,26.0,2.0,0.4958800740904867,0.75,"credential_attack:0,malware:15,data_exfiltration:1,insufficient:4",benchmark_authored_adjudication,"Behavior is strongly malware-like, but execution was blocked before full confirmation.",target,choice,malware,insufficient,0.6469485728985441,0.6469485728985441,0.6487933403208112,0,0.2696882887266158,1.310488473114031,0.9554260897284942,"{""credential_attack"": 0.0, ""data_exfiltration"": 0.05, ""insufficient"": 0.2, ""malware"": 0.75}","{""credential_attack"": 0.03649834094041393, ""data_exfiltration"": 0.04686479743442625, ""insufficient"": 0.6469485728985441, ""malware"": 0.2696882887266158}",0.483446913838958,0.13360132274873293,0.5355527226106755,0.43180432518894185,
case_66ce637d3046465a,semantic_adjudication,261.94324996322393,269,0,security_classification,sec_malware_border,27.0,6.0,0.4958800740904867,0.75,"credential_attack:0,malware:15,data_exfiltration:1,insufficient:4",benchmark_authored_adjudication,"Behavior is strongly malware-like, but execution was blocked before full confirmation.",target,choice,malware,insufficient,0.6879666223122333,0.6879666223122333,0.5155009976063435,0,0.2867871556484792,1.2490149563066957,0.9825277178762815,"{""credential_attack"": 0.0, ""data_exfiltration"": 0.05, ""insufficient"": 0.2, ""malware"": 0.75}","{""credential_attack"": 0.02354092327675726, ""data_exfiltration"": 0.0017052987625302508, ""insufficient"": 0.6879666223122333, ""malware"": 0.2867871556484792}",0.5115075455889906,0.14684623662602264,0.6428292058033402,0.4555641168993746,
case_3d3ebf72998da01b,semantic_adjudication,305.78100006096065,323,0,security_classification,sec_malware_border,28.0,12.0,0.4958800740904867,0.75,"credential_attack:0,malware:15,data_exfiltration:1,insufficient:4",benchmark_authored_adjudication,"Behavior is strongly malware-like, but execution was blocked before full confirmation.",target,choice,malware,insufficient,0.6543614169735085,0.6543614169735085,0.60441599835711,0,0.2727784218792673,1.2990954548243334,0.9618119760042625,"{""credential_attack"": 0.0, ""data_exfiltration"": 0.05, ""insufficient"": 0.2, ""malware"": 0.75}","{""credential_attack"": 0.06896918593221056, ""data_exfiltration"": 0.0038909752150135496, ""insufficient"": 0.6543614169735085, ""malware"": 0.2727784218792673}",0.5233306029057191,0.15711803144416683,0.6491597043209782,0.4410675226329913,
case_479c81cbe016d24d,semantic_adjudication,355.16395792365074,418,0,security_classification,sec_malware_border,29.0,24.0,0.4958800740904867,0.75,"credential_attack:0,malware:15,data_exfiltration:1,insufficient:4",benchmark_authored_adjudication,"Behavior is strongly malware-like, but execution was blocked before full confirmation.",target,choice,malware,insufficient,0.570458811175228,0.570458811175228,0.6616477980438261,0,0.34600075908099565,1.0613143100511093,0.7591387576193723,"{""credential_attack"": 0.0, ""data_exfiltration"": 0.05, ""insufficient"": 0.2, ""malware"": 0.75}","{""credential_attack"": 0.07720320478522084, ""data_exfiltration"": 0.006337224958555429, ""insufficient"": 0.570458811175228, ""malware"": 0.34600075908099565}",0.44766201596044886,0.1209269118751106,0.4738785595477541,0.30832189019392353,
case_b4cba57784814c9d,semantic_adjudication,208.26208405196667,214,0,security_classification,sec_insufficient,0.0,0.0,0.5783898247235197,0.7,"credential_attack:2,malware:4,data_exfiltration:0,insufficient:14",benchmark_authored_adjudication,The report is too vague for a reliable security classification.,target,choice,insufficient,insufficient,0.9526179891600047,0.9526179891600047,0.15190084587743993,1,0.9526179891600047,0.048541306519060905,0.004017610886134457,"{""credential_attack"": 0.1, ""data_exfiltration"": 0.0, ""insufficient"": 0.7, ""malware"": 0.2}","{""credential_attack"": 0.0011154009899065173, ""data_exfiltration"": 0.004411496491901836, ""insufficient"": 0.9526179891600047, ""malware"": 0.04185511335818697}",0.2570294856519066,0.07130524067540786,0.5467227539757236,0.09862327884088123,
case_642327a11a40389f,semantic_adjudication,207.51562505029142,236,0,security_classification,sec_insufficient,1.0,2.0,0.5783898247235197,0.7,"credential_attack:2,malware:4,data_exfiltration:0,insufficient:14",benchmark_authored_adjudication,The report is too vague for a reliable security classification.,target,choice,insufficient,insufficient,0.9952322515237776,0.9952322515237776,0.02239837832296826,1,0.9952322515237776,0.004779150444569262,4.398550390344405e-05,"{""credential_attack"": 0.1, ""data_exfiltration"": 0.0, ""insufficient"": 0.7, ""malware"": 0.2}","{""credential_attack"": 7.449495518981106e-05, ""data_exfiltration"": 8.441384323461693e-05, ""insufficient"": 0.9952322515237776, ""malware"": 0.004608839677797933}",0.2953166653670123,0.10721948970535224,1.227960597901232,0.1353249015560129,
case_97979a7efda324b9,semantic_adjudication,262.7529159653932,278,0,security_classification,sec_insufficient,2.0,6.0,0.5783898247235197,0.7,"credential_attack:2,malware:4,data_exfiltration:0,insufficient:14",benchmark_authored_adjudication,The report is too vague for a reliable security classification.,target,choice,insufficient,insufficient,0.994613063867132,0.994613063867132,0.02668811762365654,1,0.994613063867132,0.005401497992734414,4.692239288757943e-05,"{""credential_attack"": 0.1, ""data_exfiltration"": 0.0, ""insufficient"": 0.7, ""malware"": 0.2}","{""credential_attack"": 0.004064756261735432, ""data_exfiltration"": 0.00015760770407782307, ""insufficient"": 0.994613063867132, ""malware"": 0.0011645721670546958}",0.2947706715712099,0.10654629255839934,1.103582945449397,0.13553598059399782,
case_22622ef47f4b36a2,semantic_adjudication,306.34016706608236,322,0,security_classification,sec_insufficient,3.0,12.0,0.5783898247235197,0.7,"credential_attack:2,malware:4,data_exfiltration:0,insufficient:14",benchmark_authored_adjudication,The report is too vague for a reliable security classification.,target,choice,insufficient,insufficient,0.9987486447105339,0.9987486447105339,0.007429225143413734,1,0.9987486447105339,0.0012521388882715298,2.6646860272403036e-06,"{""credential_attack"": 0.1, ""data_exfiltration"": 0.0, ""insufficient"": 0.7, ""malware"": 0.2}","{""credential_attack"": 0.00017933551181299574, ""data_exfiltration"": 4.001516147113437e-05, ""insufficient"": 0.9987486447105339, ""malware"": 0.0010320046161819225}",0.2987886598720051,0.11371730355708236,1.4369335863449342,0.13880318256351226,
case_fdef9b36929da945,semantic_adjudication,356.14670906215906,429,0,security_classification,sec_insufficient,4.0,24.0,0.5783898247235197,0.7,"credential_attack:2,malware:4,data_exfiltration:0,insufficient:14",benchmark_authored_adjudication,The report is too vague for a reliable security classification.,target,choice,insufficient,insufficient,0.9862841054219541,0.9862841054219541,0.06027478483487471,1,0.9862841054219541,0.01381082651049975,0.00027663238716258516,"{""credential_attack"": 0.1, ""data_exfiltration"": 0.0, ""insufficient"": 0.7, ""malware"": 0.2}","{""credential_attack"": 0.00664553002837355, ""data_exfiltration"": 0.0004248345212988717, ""insufficient"": 0.9862841054219541, ""malware"": 0.00664553002837355}",0.28670893994325297,0.09380659531802717,0.7119922739671625,0.12805977762331097,
case_7d86441f6aef7c03,semantic_adjudication,206.10141707584262,212,0,security_classification,sec_insufficient,5.0,0.0,0.5783898247235197,0.7,"credential_attack:2,malware:4,data_exfiltration:0,insufficient:14",benchmark_authored_adjudication,The report is too vague for a reliable security classification.,target,choice,insufficient,insufficient,0.9996491621283377,0.9996491621283377,0.0023943349861567883,1,0.9996491621283377,0.00035089942966678295,2.1281841342221758e-07,"{""credential_attack"": 0.1, ""data_exfiltration"": 0.0, ""insufficient"": 0.7, ""malware"": 0.2}","{""credential_attack"": 4.538400174775337e-05, ""data_exfiltration"": 9.51300356081443e-06, ""insufficient"": 0.9996491621283377, ""malware"": 0.0002959408663538454}",0.2996586751318985,0.11606041451429944,1.8235323468863296,0.13966225694852497,
case_6ec26a7b3049586c,semantic_adjudication,207.492042100057,244,0,security_classification,sec_insufficient,6.0,2.0,0.5783898247235197,0.7,"credential_attack:2,malware:4,data_exfiltration:0,insufficient:14",benchmark_authored_adjudication,The report is too vague for a reliable security classification.,target,choice,insufficient,insufficient,0.9946859258234632,0.9946859258234632,0.02567450131000616,1,0.9946859258234632,0.005328244090991795,4.978497690605592e-05,"{""credential_attack"": 0.1, ""data_exfiltration"": 0.0, ""insufficient"": 0.7, ""malware"": 0.2}","{""credential_attack"": 0.0005501452387789849, ""data_exfiltration"": 0.00015761924987997385, ""insufficient"": 0.9946859258234632, ""malware"": 0.004606309687877736}",0.29484354507334326,0.10596837036795989,1.0285096915476544,0.13490878754807709,
case_b1af8c8dbd6a8a45,semantic_adjudication,262.5956670381129,271,0,security_classification,sec_insufficient,7.0,6.0,0.5783898247235197,0.7,"credential_attack:2,malware:4,data_exfiltration:0,insufficient:14",benchmark_authored_adjudication,The report is too vague for a reliable security classification.,target,choice,insufficient,insufficient,0.993504460980571,0.993504460980571,0.0315622083560217,1,0.993504460980571,0.006516726833692037,6.626534321562898e-05,"{""credential_attack"": 0.1, ""data_exfiltration"": 0.0, ""insufficient"": 0.7, ""malware"": 0.2}","{""credential_attack"": 0.004600838420203776, ""data_exfiltration"": 0.00020214673228051595, ""insufficient"": 0.993504460980571, ""malware"": 0.0016925538669446667}",0.29370660771285156,0.10468092673704438,1.0171981742903549,0.13457175270073962,
case_bc4616997bad4565,semantic_adjudication,307.1202919818461,327,0,security_classification,sec_insufficient,8.0,12.0,0.5783898247235197,0.7,"credential_attack:2,malware:4,data_exfiltration:0,insufficient:14",benchmark_authored_adjudication,The report is too vague for a reliable security classification.,target,choice,insufficient,insufficient,0.9145849933768636,0.9145849933768636,0.2361517360291691,1,0.9145849933768636,0.08928487574664822,0.013014069767038953,"{""credential_attack"": 0.1, ""data_exfiltration"": 0.0, ""insufficient"": 0.7, ""malware"": 0.2}","{""credential_attack"": 0.008966275776006163, ""data_exfiltration"": 0.0013750229243519102, ""insufficient"": 0.9145849933768636, ""malware"": 0.07507370792277834}",0.21596001630121553,0.04461889910788579,0.24996632320331083,0.06994232746884457,
case_91f45e4c325c1a79,semantic_adjudication,355.19720800220966,426,0,security_classification,sec_insufficient,9.0,24.0,0.5783898247235197,0.7,"credential_attack:2,malware:4,data_exfiltration:0,insufficient:14",benchmark_authored_adjudication,The report is too vague for a reliable security classification.,target,choice,insufficient,insufficient,0.9601845868539158,0.9601845868539158,0.1410801836884532,1,0.9601845868539158,0.04062973503046634,0.0024278861499328064,"{""credential_attack"": 0.1, ""data_exfiltration"": 0.0, ""insufficient"": 0.7, ""malware"": 0.2}","{""credential_attack"": 0.0005310630874457558, ""data_exfiltration"": 0.013696297542700067, ""insufficient"": 0.9601845868539158, ""malware"": 0.025588052515938278}",0.27388088439661595,0.0864635364645798,0.7138111824871292,0.10819720463841788,
case_e4790ab740a92ed2,semantic_adjudication,206.2248750589788,218,0,security_classification,sec_insufficient,10.0,0.0,0.5783898247235197,0.7,"credential_attack:2,malware:4,data_exfiltration:0,insufficient:14",benchmark_authored_adjudication,The report is too vague for a reliable security classification.,target,choice,insufficient,insufficient,0.9974119421265644,0.9974119421265644,0.013374821716903143,1,0.9974119421265644,0.0025914126847611002,1.2818619440002516e-05,"{""credential_attack"": 0.1, ""data_exfiltration"": 0.0, ""insufficient"": 0.7, ""malware"": 0.2}","{""credential_attack"": 8.459872074492862e-05, ""data_exfiltration"": 3.112213011146324e-05, ""insufficient"": 0.9974119421265644, ""malware"": 0.0024723370225792412}",0.2974430642566759,0.11094823424486085,1.338272860141424,0.13745412934219797,
case_980a6cb9401b8340,semantic_adjudication,207.53645803779364,237,0,security_classification,sec_insufficient,11.0,2.0,0.5783898247235197,0.7,"credential_attack:2,malware:4,data_exfiltration:0,insufficient:14",benchmark_authored_adjudication,The report is too vague for a reliable security classification.,target,choice,insufficient,insufficient,0.9887717352176819,0.9887717352176819,0.051015728220278646,1,0.9887717352176819,0.011291777620841843,0.00019159296026362863,"{""credential_attack"": 0.1, ""data_exfiltration"": 0.0, ""insufficient"": 0.7, ""malware"": 0.2}","{""credential_attack"": 0.0009016431133950495, ""data_exfiltration"": 0.007549365359332656, ""insufficient"": 0.9887717352176819, ""malware"": 0.0027772563095903426}",0.2963211005770146,0.11035619058770779,1.0844732250775047,0.13216340294435766,
case_3daea3d224e442b4,semantic_adjudication,262.7168330363929,271,0,security_classification,sec_insufficient,12.0,6.0,0.5783898247235197,0.7,"credential_attack:2,malware:4,data_exfiltration:0,insufficient:14",benchmark_authored_adjudication,The report is too vague for a reliable security classification.,target,choice,insufficient,insufficient,0.950583879048667,0.950583879048667,0.1690467965879758,1,0.950583879048667,0.050678873657719045,0.0036561263396985995,"{""credential_attack"": 0.1, ""data_exfiltration"": 0.0, ""insufficient"": 0.7, ""malware"": 0.2}","{""credential_attack"": 0.019728739003068166, ""data_exfiltration"": 0.0009822360775574987, ""insufficient"": 0.950583879048667, ""malware"": 0.02870514587070743}",0.2515661151262245,0.06065766648459619,0.33636032111438174,0.09857864762000225,
case_d78674dd704423ad,semantic_adjudication,306.8883749656379,326,0,security_classification,sec_insufficient,13.0,12.0,0.5783898247235197,0.7,"credential_attack:2,malware:4,data_exfiltration:0,insufficient:14",benchmark_authored_adjudication,The report is too vague for a reliable security classification.,target,choice,insufficient,insufficient,0.9961706344462103,0.9961706344462103,0.020010437439942155,1,0.9961706344462103,0.003836716345976247,2.3333344862222917e-05,"{""credential_attack"": 0.1, ""data_exfiltration"": 0.0, ""insufficient"": 0.7, ""malware"": 0.2}","{""credential_attack"": 0.0027980382947893124, ""data_exfiltration"": 0.0001229372228339101, ""insufficient"": 0.9961706344462103, ""malware"": 0.0009083900361664998}",0.29629357166904424,0.10896744401214889,1.1895181638026389,0.136802750339164,
case_9a974e7104cffa9c,semantic_adjudication,356.74133407883346,435,0,security_classification,sec_insufficient,14.0,24.0,0.5783898247235197,0.7,"credential_attack:2,malware:4,data_exfiltration:0,insufficient:14",benchmark_authored_adjudication,The report is too vague for a reliable security classification.,target,choice,insufficient,insufficient,0.9951863751194108,0.9951863751194108,0.023731969634593453,1,0.9951863751194108,0.004825247686386489,4.0116378544455236e-05,"{""credential_attack"": 0.1, ""data_exfiltration"": 0.0, ""insufficient"": 0.7, ""malware"": 0.2}","{""credential_attack"": 0.0006237098712194765, ""data_exfiltration"": 0.00012281575558321928, ""insufficient"": 0.9951863751194108, ""malware"": 0.004067099253786594}",0.29530919087499397,0.10668471198170786,1.0405066951430493,0.13540035977443243,
case_25a7543eb5473458,semantic_adjudication,207.3179162107408,213,0,security_classification,sec_insufficient,15.0,0.0,0.5783898247235197,0.7,"credential_attack:2,malware:4,data_exfiltration:0,insufficient:14",benchmark_authored_adjudication,The report is too vague for a reliable security classification.,target,choice,insufficient,insufficient,0.9878619516331815,0.9878619516331815,0.05238121159695787,1,0.9878619516331815,0.012212316064355976,0.00024588000099561285,"{""credential_attack"": 0.1, ""data_exfiltration"": 0.0, ""insufficient"": 0.7, ""malware"": 0.2}","{""credential_attack"": 0.0002924513248046835, ""data_exfiltration"": 0.00968465779682542, ""insufficient"": 0.9878619516331815, ""malware"": 0.0021609392451883954}",0.29754660943000694,0.11353457721414667,1.2478937635210188,0.1320401850178682,
case_30dcb589ff97e28d,semantic_adjudication,207.48708304017782,239,0,security_classification,sec_insufficient,16.0,2.0,0.5783898247235197,0.7,"credential_attack:2,malware:4,data_exfiltration:0,insufficient:14",benchmark_authored_adjudication,The report is too vague for a reliable security classification.,target,choice,insufficient,insufficient,0.9586073417311556,0.9586073417311556,0.1421675630199689,1,0.9586073417311556,0.042273733480222585,0.002844492500851509,"{""credential_attack"": 0.1, ""data_exfiltration"": 0.0, ""insufficient"": 0.7, ""malware"": 0.2}","{""credential_attack"": 0.001271861462047701, ""data_exfiltration"": 0.007319057373008262, ""insufficient"": 0.9586073417311556, ""malware"": 0.032801739433788356}",0.26592639910416394,0.07769587696096476,0.5779551809368854,0.10463382947362,
case_eeb9a22df621f4e7,semantic_adjudication,261.8939159438014,268,0,security_classification,sec_insufficient,17.0,6.0,0.5783898247235197,0.7,"credential_attack:2,malware:4,data_exfiltration:0,insufficient:14",benchmark_authored_adjudication,The report is too vague for a reliable security classification.,target,choice,insufficient,insufficient,0.9800906578082988,0.9800906578082988,0.08183566676463619,1,0.9800906578082988,0.020110203628465734,0.0005871214533232247,"{""credential_attack"": 0.1, ""data_exfiltration"": 0.0, ""insufficient"": 0.7, ""malware"": 0.2}","{""credential_attack"": 0.0005420728241616789, ""data_exfiltration"": 0.008479445642783405, ""insufficient"": 0.9800906578082988, ""malware"": 0.010887823724756017}",0.2885701034510823,0.09947957880137866,0.8682916510851284,0.12417797208356782,
case_dd52ad3a2fe8dd43,semantic_adjudication,306.1299999244511,329,0,security_classification,sec_insufficient,18.0,12.0,0.5783898247235197,0.7,"credential_attack:2,malware:4,data_exfiltration:0,insufficient:14",benchmark_authored_adjudication,The report is too vague for a reliable security classification.,target,choice,insufficient,insufficient,0.9982575751850645,0.9982575751850645,0.010361826820149383,1,0.9982575751850645,0.0017439446027205372,4.3824462966342676e-06,"{""credential_attack"": 0.1, ""data_exfiltration"": 0.0, ""insufficient"": 0.7, ""malware"": 0.2}","{""credential_attack"": 0.0001231947717816326, ""data_exfiltration"": 0.0007089369633644981, ""insufficient"": 0.9982575751850645, ""malware"": 0.0009102930797894418}",0.298966512148429,0.11435478333510576,1.4999253920593834,0.13857017137106328,
case_03b71b6c1188703b,semantic_adjudication,355.57141713798046,421,0,security_classification,sec_insufficient,19.0,24.0,0.5783898247235197,0.7,"credential_attack:2,malware:4,data_exfiltration:0,insufficient:14",benchmark_authored_adjudication,The report is too vague for a reliable security classification.,target,choice,insufficient,insufficient,0.9902707525321323,0.9902707525321323,0.04250763332255572,1,0.9902707525321323,0.009776885838170782,0.00016894302903747418,"{""credential_attack"": 0.1, ""data_exfiltration"": 0.0, ""insufficient"": 0.7, ""malware"": 0.2}","{""credential_attack"": 0.00025871670814458153, ""data_exfiltration"": 0.0009030100402501507, ""insufficient"": 0.9902707525321323, ""malware"": 0.008567520719472909}",0.2911737625723825,0.10109837242461954,0.9829583332948335,0.13085264291889878,
case_b5cfd8142ffe480e,semantic_adjudication,206.12174994312227,214,0,security_classification,sec_insufficient,20.0,0.0,0.5783898247235197,0.7,"credential_attack:2,malware:4,data_exfiltration:0,insufficient:14",benchmark_authored_adjudication,The report is too vague for a reliable security classification.,target,choice,insufficient,insufficient,0.9992874506603728,0.9992874506603728,0.004452650576373832,1,0.9992874506603728,0.00071280332356576,9.056797482398778e-07,"{""credential_attack"": 0.1, ""data_exfiltration"": 0.0, ""insufficient"": 0.7, ""malware"": 0.2}","{""credential_attack"": 1.1470720608173778e-05, ""data_exfiltration"": 7.479849426574423e-05, ""insufficient"": 0.9992874506603728, ""malware"": 0.0006262801247533514}",0.29936224915463855,0.11528898360951492,1.8113942507802285,0.139320569881949,
case_ccebd1d35d9c228e,semantic_adjudication,208.46599992364645,235,0,security_classification,sec_insufficient,21.0,2.0,0.5783898247235197,0.7,"credential_attack:2,malware:4,data_exfiltration:0,insufficient:14",benchmark_authored_adjudication,The report is too vague for a reliable security classification.,target,choice,insufficient,insufficient,0.9957504345503316,0.9957504345503316,0.020426680154865613,1,0.9957504345503316,0.004258620515425563,3.4635151198040785e-05,"{""credential_attack"": 0.1, ""data_exfiltration"": 0.0, ""insufficient"": 0.7, ""malware"": 0.2}","{""credential_attack"": 8.445779460446391e-05, ""data_exfiltration"": 9.570321930548404e-05, ""insufficient"": 0.9957504345503316, ""malware"": 0.004069404435758478}",0.29584613776963714,0.10808511923030616,1.2399400679720884,0.13584024254817276,
case_a4e4dd2d18563722,semantic_adjudication,264.5223750732839,279,0,security_classification,sec_insufficient,22.0,6.0,0.5783898247235197,0.7,"credential_attack:2,malware:4,data_exfiltration:0,insufficient:14",benchmark_authored_adjudication,The report is too vague for a reliable security classification.,target,choice,insufficient,insufficient,0.9979086069138877,0.9979086069138877,0.011699500739226711,1,0.9979086069138877,0.0020935831026222844,7.36059348571053e-06,"{""credential_attack"": 0.1, ""data_exfiltration"": 0.0, ""insufficient"": 0.7, ""malware"": 0.2}","{""credential_attack"": 9.591064481677868e-05, ""data_exfiltration"": 0.0017000568571402686, ""insufficient"": 0.9979086069138877, ""malware"": 0.00029542558415523453}",0.299608663771028,0.11634045647940813,1.7502750305592851,0.1386151723791929,
case_562f535e138308bf,semantic_adjudication,264.96787485666573,320,0,security_classification,sec_insufficient,23.0,12.0,0.5783898247235197,0.7,"credential_attack:2,malware:4,data_exfiltration:0,insufficient:14",benchmark_authored_adjudication,The report is too vague for a reliable security classification.,target,choice,insufficient,insufficient,0.9989182449820205,0.9989182449820205,0.006507810424498638,1,0.9989182449820205,0.001082340537235947,2.0204095001416234e-06,"{""credential_attack"": 0.1, ""data_exfiltration"": 0.0, ""insufficient"": 0.7, ""malware"": 0.2}","{""credential_attack"": 3.116913110621254e-05, ""data_exfiltration"": 0.00013969035421064696, ""insufficient"": 0.9989182449820205, ""malware"": 0.0009108955326624727}",0.29905793533623126,0.11451055748386571,1.6367637879938988,0.13898237535942626,
case_9eed5c684f22b295,semantic_adjudication,356.5537501126528,434,0,security_classification,sec_insufficient,24.0,24.0,0.5783898247235197,0.7,"credential_attack:2,malware:4,data_exfiltration:0,insufficient:14",benchmark_authored_adjudication,The report is too vague for a reliable security classification.,target,choice,insufficient,insufficient,0.9918547557178875,0.9918547557178875,0.038255688813738725,1,0.9918547557178875,0.008178598024043861,0.00010490576089988947,"{""credential_attack"": 0.1, ""data_exfiltration"": 0.0, ""insufficient"": 0.7, ""malware"": 0.2}","{""credential_attack"": 0.005897783963549091, ""data_exfiltration"": 0.0003327302028507265, ""insufficient"": 0.9918547557178875, ""malware"": 0.0019147301157127201}",0.29218748592073823,0.10265106399090348,0.9688600454807065,0.1332723103526375,
case_5e6ca27bf431db02,semantic_adjudication,206.6214589867741,212,0,security_classification,sec_insufficient,25.0,0.0,0.5783898247235197,0.7,"credential_attack:2,malware:4,data_exfiltration:0,insufficient:14",benchmark_authored_adjudication,The report is too vague for a reliable security classification.,target,choice,insufficient,insufficient,0.9743436192141831,0.9743436192141831,0.09339882806847007,1,0.9743436192141831,0.025991245754987503,0.0011882336460385808,"{""credential_attack"": 0.1, ""data_exfiltration"": 0.0, ""insufficient"": 0.7, ""malware"": 0.2}","{""credential_attack"": 0.0006106471596244261, ""data_exfiltration"": 0.0021313680130891927, ""insufficient"": 0.9743436192141831, ""malware"": 0.02291436561310327}",0.2764749872272723,0.0853773215723711,0.7116726932116504,0.11650652949738229,
case_900f19438ca69946,semantic_adjudication,208.26687500812113,242,0,security_classification,sec_insufficient,26.0,2.0,0.5783898247235197,0.7,"credential_attack:2,malware:4,data_exfiltration:0,insufficient:14",benchmark_authored_adjudication,The report is too vague for a reliable security classification.,target,choice,insufficient,insufficient,0.9940034688890018,0.9940034688890018,0.028400510673098116,1,0.9940034688890018,0.006014582503682816,6.35784780468514e-05,"{""credential_attack"": 0.1, ""data_exfiltration"": 0.0, ""insufficient"": 0.7, ""malware"": 0.2}","{""credential_attack"": 0.0006229685123031182, ""data_exfiltration"": 0.00015751110684980466, ""insufficient"": 0.9940034688890018, ""malware"": 0.0052160514918451585}",0.2941609799958517,0.1048252025561685,0.9916960299603454,0.1342546455122493,
case_3cdbb26353090e11,semantic_adjudication,262.29895814321935,270,0,security_classification,sec_insufficient,27.0,6.0,0.5783898247235197,0.7,"credential_attack:2,malware:4,data_exfiltration:0,insufficient:14",benchmark_authored_adjudication,The report is too vague for a reliable security classification.,target,choice,insufficient,insufficient,0.9907332275211134,0.9907332275211134,0.043116003166422924,1,0.9907332275211134,0.009309976127701156,0.0001341004472342229,"{""credential_attack"": 0.1, ""data_exfiltration"": 0.0, ""insufficient"": 0.7, ""malware"": 0.2}","{""credential_attack"": 0.0009034317628521226, ""data_exfiltration"": 0.006675507977270146, ""insufficient"": 0.9907332275211134, ""malware"": 0.0016878327387643444}",0.29740873549838354,0.11228751322392924,1.1824914235843638,0.1337182175118261,
case_ae47ec849ef560c4,semantic_adjudication,305.79170817509294,325,0,security_classification,sec_insufficient,28.0,12.0,0.5783898247235197,0.7,"credential_attack:2,malware:4,data_exfiltration:0,insufficient:14",benchmark_authored_adjudication,The report is too vague for a reliable security classification.,target,choice,insufficient,insufficient,0.9848895425920686,0.9848895425920686,0.06419526161247201,1,0.9848895425920686,0.015225783598589997,0.0003610325284420933,"{""credential_attack"": 0.1, ""data_exfiltration"": 0.0, ""insufficient"": 0.7, ""malware"": 0.2}","{""credential_attack"": 0.0035520663173599495, ""data_exfiltration"": 0.0006172565713651387, ""insufficient"": 0.9848895425920686, ""malware"": 0.01094113451920634}",0.28550679916343374,0.09206082441309621,0.6759072310552526,0.12620789101252877,
case_67b3e7b6a91b46fa,semantic_adjudication,356.45950003527105,427,0,security_classification,sec_insufficient,29.0,24.0,0.5783898247235197,0.7,"credential_attack:2,malware:4,data_exfiltration:0,insufficient:14",benchmark_authored_adjudication,The report is too vague for a reliable security classification.,target,choice,insufficient,insufficient,0.9946878078957472,0.9946878078957472,0.026795625911159648,1,0.9946878078957472,0.0053263519655936155,4.3377828303908306e-05,"{""credential_attack"": 0.1, ""data_exfiltration"": 0.0, ""insufficient"": 0.7, ""malware"": 0.2}","{""credential_attack"": 0.0035874043798010983, ""data_exfiltration"": 0.00022933508928425948, ""insufficient"": 0.9946878078957472, ""malware"": 0.0014954526351674126}",0.2949171429850315,0.10648347535914962,1.0660077994222563,0.13554040063572506,
case_4d7110abb74bd230,semantic_adjudication,207.95904099941254,198,0,support_routing,sup_billing_clear,0.0,0.0,0.0,1.0,"billing:20,technical:0,account:0,insufficient:0",benchmark_authored_adjudication,Explicit renewal charge/refund request is billing.,target,choice,billing,billing,0.9977532427308529,0.9977532427308529,0.01174057789847538,1,0.9977532427308529,0.002249285015124534,9.813966248247462e-06,"{""account"": 0.0, ""billing"": 1.0, ""insufficient"": 0.0, ""technical"": 0.0}","{""account"": 0.0021825763566119126, ""billing"": 0.9977532427308529, ""insufficient"": 1.8882985394943797e-05, ""technical"": 4.529792714027222e-05}",0.002246757269147133,0.0007792984328050471,0.002249285015124569,9.813966248247462e-06,
case_84c2fed1a0dbfe7c,semantic_adjudication,205.67587506957352,221,0,support_routing,sup_billing_clear,1.0,2.0,0.0,1.0,"billing:20,technical:0,account:0,insufficient:0",benchmark_authored_adjudication,Explicit renewal charge/refund request is billing.,target,choice,billing,billing,0.9999094492420777,0.9999094492420777,0.0007301563806858645,1,0.9999094492420777,9.05548578896885e-05,1.1891098877028867e-08,"{""account"": 0.0, ""billing"": 1.0, ""insufficient"": 0.0, ""technical"": 0.0}","{""account"": 4.0061669449905756e-05, ""billing"": 0.9999094492420777, ""insufficient"": 4.539581876443524e-05, ""technical"": 5.093269707994706e-06}",9.055075792231938e-05,3.1383526252093146e-05,9.055485788970643e-05,1.1891098877028867e-08,
case_c1d213f18e932f08,semantic_adjudication,261.67724980041385,263,0,support_routing,sup_billing_clear,2.0,6.0,0.0,1.0,"billing:20,technical:0,account:0,insufficient:0",benchmark_authored_adjudication,Explicit renewal charge/refund request is billing.,target,choice,billing,billing,0.9981200142815477,0.9981200142815477,0.010362570674345088,1,0.9981200142815477,0.0018817551095708584,6.446845745722096e-06,"{""account"": 0.0, ""billing"": 1.0, ""insufficient"": 0.0, ""technical"": 0.0}","{""account"": 0.0017004170149167925, ""billing"": 0.9981200142815477, ""insufficient"": 0.00013957872832949902, ""technical"": 3.9989975206046775e-05}",0.0018799857184523044,0.0006519956091454195,0.0018817551095708968,6.446845745722096e-06,
case_30dead244c5fd9fa,semantic_adjudication,265.7307081390172,306,0,support_routing,sup_billing_clear,3.0,12.0,0.0,1.0,"billing:20,technical:0,account:0,insufficient:0",benchmark_authored_adjudication,Explicit renewal charge/refund request is billing.,target,choice,billing,billing,0.9966105391521705,0.9966105391521705,0.016966969478024767,1,0.9966105391521705,0.003395218083212835,2.1591318688822148e-05,"{""account"": 0.0, ""billing"": 1.0, ""insufficient"": 0.0, ""technical"": 0.0}","{""account"": 1.468924127661791e-05, ""billing"": 0.9966105391521705, ""insufficient"": 0.0031719928856126737, ""technical"": 0.00020277872094011086}",0.003389460847829471,0.0011761361093000707,0.0033952180832127797,2.1591318688822148e-05,
case_bef8f9b9e0a3b5bc,semantic_adjudication,353.8976670242846,412,0,support_routing,sup_billing_clear,4.0,24.0,0.0,1.0,"billing:20,technical:0,account:0,insufficient:0",benchmark_authored_adjudication,Explicit renewal charge/refund request is billing.,target,choice,billing,billing,0.9957202637365917,0.9957202637365917,0.022065675551626713,1,0.9957202637365917,0.004288920548228622,2.9225185650257414e-05,"{""account"": 0.0, ""billing"": 1.0, ""insufficient"": 0.0, ""technical"": 0.0}","{""account"": 0.0002025975780533328, ""billing"": 0.9957202637365917, ""insufficient"": 0.0009079793512385846, ""technical"": 0.003169159334116365}",0.004279736263408278,0.0014855379916023758,0.004288920548228605,2.9225185650257414e-05,
case_029c03e25cee87e1,semantic_adjudication,205.1424579694867,196,0,support_routing,sup_billing_clear,5.0,0.0,0.0,1.0,"billing:20,technical:0,account:0,insufficient:0",benchmark_authored_adjudication,Explicit renewal charge/refund request is billing.,target,choice,billing,billing,0.9998843752229594,0.9998843752229594,0.0009139372490536841,1,0.9998843752229594,0.00011563146210047841,1.942693902561938e-08,"{""account"": 0.0, ""billing"": 1.0, ""insufficient"": 0.0, ""technical"": 0.0}","{""account"": 4.006066485187294e-05, ""billing"": 0.9998843752229594, ""insufficient"": 6.604887025967192e-05, ""technical"": 9.51524192912549e-06}",0.00011562477704065262,4.0074165337058575e-05,0.0001156314621004796,1.942693902561938e-08,
case_fa32ee305b94aa26,semantic_adjudication,206.57808287069201,226,0,support_routing,sup_billing_clear,6.0,2.0,0.0,1.0,"billing:20,technical:0,account:0,insufficient:0",benchmark_authored_adjudication,Explicit renewal charge/refund request is billing.,target,choice,billing,billing,0.9969463939979559,0.9969463939979559,0.016217375066357106,1,0.9969463939979559,0.003058277769767965,1.567722059863817e-05,"{""account"": 0.0, ""billing"": 1.0, ""insufficient"": 0.0, ""technical"": 0.0}","{""account"": 0.00048660479295822276, ""billing"": 0.9969463939979559, ""insufficient"": 0.0024711830441421106, ""technical"": 9.581816494379366e-05}",0.0030536060020441005,0.0010594665418931337,0.0030582777697679203,1.567722059863817e-05,
case_907157e48c3c5299,semantic_adjudication,207.93987507931888,254,0,support_routing,sup_billing_clear,7.0,6.0,0.0,1.0,"billing:20,technical:0,account:0,insufficient:0",benchmark_authored_adjudication,Explicit renewal charge/refund request is billing.,target,choice,billing,billing,0.9980952423327244,0.9980952423327244,0.01085844148411994,1,0.9980952423327244,0.0019065740250084839,5.9789535220503405e-06,"{""account"": 0.0, ""billing"": 1.0, ""insufficient"": 0.0, ""technical"": 0.0}","{""account"": 0.00029548083658742307, ""billing"": 0.9980952423327244, ""insufficient"": 0.0015005755056474656, ""technical"": 0.00010870132504065146}",0.0019047576672755716,0.0006605926484787809,0.0019065740250084869,5.9789535220503405e-06,
case_5082d3e554150cd8,semantic_adjudication,265.43933409266174,307,0,support_routing,sup_billing_clear,8.0,12.0,0.0,1.0,"billing:20,technical:0,account:0,insufficient:0",benchmark_authored_adjudication,Explicit renewal charge/refund request is billing.,target,choice,billing,billing,0.9959202896411301,0.9959202896411301,0.0209295021651759,1,0.9959202896411301,0.004088055080941683,2.7345729653014874e-05,"{""account"": 0.0, ""billing"": 1.0, ""insufficient"": 0.0, ""technical"": 0.0}","{""account"": 0.0008014499325270833, ""billing"": 0.9959202896411301, ""insufficient"": 0.0031697959727241343, ""technical"": 0.00010846445361851696}",0.0040797103588698135,0.0014160046250068447,0.004088055080941634,2.7345729653014874e-05,
case_98c42e53010637b9,semantic_adjudication,353.5321250092238,408,0,support_routing,sup_billing_clear,9.0,24.0,0.0,1.0,"billing:20,technical:0,account:0,insufficient:0",benchmark_authored_adjudication,Explicit renewal charge/refund request is billing.,target,choice,billing,billing,0.9968731262477664,0.9968731262477664,0.01651031424893097,1,0.9968731262477664,0.0031317726367592513,1.6274488886160206e-05,"{""account"": 0.0, ""billing"": 1.0, ""insufficient"": 0.0, ""technical"": 0.0}","{""account"": 3.110531750156976e-05, ""billing"": 0.9968731262477664, ""insufficient"": 0.000624767003185255, ""technical"": 0.0024710014315468486}",0.003126873752233656,0.0010849159443705732,0.003131772636759254,1.6274488886160206e-05,
case_d45b6ce6dde10064,semantic_adjudication,205.9608339332044,202,0,support_routing,sup_billing_clear,10.0,0.0,0.0,1.0,"billing:20,technical:0,account:0,insufficient:0",benchmark_authored_adjudication,Explicit renewal charge/refund request is billing.,target,choice,billing,billing,0.997731394140804,0.997731394140804,0.01245982592709688,1,0.997731394140804,0.002271183043950213,8.91701508748575e-06,"{""account"": 0.0, ""billing"": 1.0, ""insufficient"": 0.0, ""technical"": 0.0}","{""account"": 0.00013952438305611295, ""billing"": 0.997731394140804, ""insufficient"": 0.00020300677947654558, ""technical"": 0.001926074696663354}",0.002268605859195992,0.0007868829298085316,0.0022711830439502007,8.91701508748575e-06,
case_e29ed312f949f7b7,semantic_adjudication,209.59100010804832,222,0,support_routing,sup_billing_clear,11.0,2.0,0.0,1.0,"billing:20,technical:0,account:0,insufficient:0",benchmark_authored_adjudication,Explicit renewal charge/refund request is billing.,target,choice,billing,billing,0.9991231002388409,0.9991231002388409,0.0053007931283190705,1,0.9991231002388409,0.0008772844626675653,1.4182276216462005e-06,"{""account"": 0.0, ""billing"": 1.0, ""insufficient"": 0.0, ""technical"": 0.0}","{""account"": 4.536011857491949e-05, ""billing"": 0.9991231002388409, ""insufficient"": 2.7512302643889194e-05, ""technical"": 0.0008040273399402381}",0.0008768997611590845,0.0003040064598544859,0.0008772844626675903,1.4182276216462005e-06,
case_63b0300c67c61db1,semantic_adjudication,263.7508751358837,258,0,support_routing,sup_billing_clear,12.0,6.0,0.0,1.0,"billing:20,technical:0,account:0,insufficient:0",benchmark_authored_adjudication,Explicit renewal charge/refund request is billing.,target,choice,billing,billing,0.9987380841251045,0.9987380841251045,0.0072571764239095435,1,0.9987380841251045,0.0012627127612060746,2.965836830525827e-06,"{""account"": 0.0, ""billing"": 1.0, ""insufficient"": 0.0, ""technical"": 0.0}","{""account"": 1.7756432510022162e-05, ""billing"": 0.9987380841251045, ""insufficient"": 0.0011694020692101063, ""technical"": 7.475737317530033e-05}",0.001261915874895488,0.00043754589504036356,0.0012627127612060659,2.965836830525827e-06,
case_53c598fcb523f1f1,semantic_adjudication,265.248249983415,304,0,support_routing,sup_billing_clear,13.0,12.0,0.0,1.0,"billing:20,technical:0,account:0,insufficient:0",benchmark_authored_adjudication,Explicit renewal charge/refund request is billing.,target,choice,billing,billing,0.9982944542411564,0.9982944542411564,0.009624437529289143,1,0.9982944542411564,0.0017070018578759305,5.18253878909867e-06,"{""account"": 0.0, ""billing"": 1.0, ""insufficient"": 0.0, ""technical"": 0.0}","{""account"": 0.0015008750086383102, ""billing"": 0.9982944542411564, ""insufficient"": 9.594772924084593e-05, ""technical"": 0.00010872302096453926}",0.0017055457588436625,0.0005914610382074914,0.0017070018578759275,5.18253878909867e-06,
case_e4b4b05ef9812038,semantic_adjudication,355.68283312022686,423,0,support_routing,sup_billing_clear,14.0,24.0,0.0,1.0,"billing:20,technical:0,account:0,insufficient:0",benchmark_authored_adjudication,Explicit renewal charge/refund request is billing.,target,choice,billing,billing,0.9984955793345822,0.9984955793345822,0.008603171571202205,1,0.9984955793345822,0.0015055534424450443,4.039432519329068e-06,"{""account"": 0.0, ""billing"": 1.0, ""insufficient"": 0.0, ""technical"": 0.0}","{""account"": 0.0013247843951280827, ""billing"": 0.9984955793345822, ""insufficient"": 0.0001396312479581584, ""technical"": 4.0005022331587006e-05}",0.0015044206654178055,0.0005216755944924655,0.0015055534424450263,4.039432519329068e-06,
case_ef83affcf255735b,semantic_adjudication,205.93908382579684,197,0,support_routing,sup_billing_clear,15.0,0.0,0.0,1.0,"billing:20,technical:0,account:0,insufficient:0",benchmark_authored_adjudication,Explicit renewal charge/refund request is billing.,target,choice,billing,billing,0.9976200502628207,0.9976200502628207,0.01266285387545232,1,0.9976200502628207,0.0023827863190636154,1.044937338997606e-05,"{""account"": 0.0, ""billing"": 1.0, ""insufficient"": 0.0, ""technical"": 0.0}","{""account"": 5.815592536124358e-05, ""billing"": 0.9976200502628207, ""insufficient"": 0.002182284999271084, ""technical"": 0.0001395088125468818}",0.002379949737179232,0.0008255365888916065,0.0023827863190635664,1.044937338997606e-05,
case_8285ebd7e0dfe36d,semantic_adjudication,205.6450410746038,222,0,support_routing,sup_billing_clear,16.0,2.0,0.0,1.0,"billing:20,technical:0,account:0,insufficient:0",benchmark_authored_adjudication,Explicit renewal charge/refund request is billing.,target,choice,billing,billing,0.9998925902914194,0.9998925902914194,0.0008484894174469536,1,0.9998925902914194,0.00010741547741642421,1.7008979173177494e-08,"{""account"": 0.0, ""billing"": 1.0, ""insufficient"": 0.0, ""technical"": 0.0}","{""account"": 3.726252893347477e-06, ""billing"": 0.9998925902914194, ""insufficient"": 5.828840231802567e-05, ""technical"": 4.539505336925949e-05}",0.00010740970858060924,3.7226810516911046e-05,0.00010741547741644542,1.7008979173177494e-08,
case_0f1d18e19791955a,semantic_adjudication,260.5585840065032,257,0,support_routing,sup_billing_clear,17.0,6.0,0.0,1.0,"billing:20,technical:0,account:0,insufficient:0",benchmark_authored_adjudication,Explicit renewal charge/refund request is billing.,target,choice,billing,billing,0.9969200742467772,0.9969200742467772,0.01646163573197643,1,0.9969200742467772,0.00308467848576318,1.5788806067873492e-05,"{""account"": 0.0, ""billing"": 1.0, ""insufficient"": 0.0, ""technical"": 0.0}","{""account"": 0.00022984976031858404, ""billing"": 0.9969200742467772, ""insufficient"": 0.0024711178040015868, ""technical"": 0.0003789581889025758}",0.003079925753222774,0.0010686084982078556,0.0030846784857631302,1.5788806067873492e-05,
case_8a5017a10a2d0929,semantic_adjudication,266.8164581991732,316,0,support_routing,sup_billing_clear,18.0,12.0,0.0,1.0,"billing:20,technical:0,account:0,insufficient:0",benchmark_authored_adjudication,Explicit renewal charge/refund request is billing.,target,choice,billing,billing,0.9950731299409592,0.9950731299409592,0.023341389316479826,1,0.9950731299409592,0.004939047096248218,4.5596025711058135e-05,"{""account"": 0.0, ""billing"": 1.0, ""insufficient"": 0.0, ""technical"": 0.0}","{""account"": 0.00029458615614020146, ""billing"": 0.9950731299409592, ""insufficient"": 0.00460810279867915, ""technical"": 2.418110422138807e-05}",0.0049268700590407695,0.001710564797520221,0.004939047096248215,4.5596025711058135e-05,
case_5463d4e798a4037b,semantic_adjudication,355.25837494060397,414,0,support_routing,sup_billing_clear,19.0,24.0,0.0,1.0,"billing:20,technical:0,account:0,insufficient:0",benchmark_authored_adjudication,Explicit renewal charge/refund request is billing.,target,choice,billing,billing,0.9999280830601968,0.9999280830601968,0.0005982550628393353,1,0.9999280830601968,7.191952595034836e-05,7.209553968901545e-09,"{""account"": 0.0, ""billing"": 1.0, ""insufficient"": 0.0, ""technical"": 0.0}","{""account"": 3.120064096761795e-05, ""billing"": 0.9999280830601968, ""insufficient"": 3.120064096761795e-05, ""technical"": 9.515657867863827e-06}",7.191693980317008e-05,2.4925158558480598e-05,7.191952595029367e-05,7.209553968901545e-09,
case_12cd89810a69032f,semantic_adjudication,205.8906250167638,198,0,support_routing,sup_billing_clear,20.0,0.0,0.0,1.0,"billing:20,technical:0,account:0,insufficient:0",benchmark_authored_adjudication,Explicit renewal charge/refund request is billing.,target,choice,billing,billing,0.9984532219224038,0.9984532219224038,0.008841269763758682,1,0.9984532219224038,0.0015479755738067352,4.189055687541881e-06,"{""account"": 0.0, ""billing"": 1.0, ""insufficient"": 0.0, ""technical"": 0.0}","{""account"": 0.0013247281961424953, ""billing"": 0.9984532219224038, ""insufficient"": 0.00020315364859797426, ""technical"": 1.8896232855623198e-05}",0.0015467780775961354,0.0005363717285242266,0.0015479755738067019,4.189055687541881e-06,
case_ce2ad174306e8604,semantic_adjudication,205.23166609928012,220,0,support_routing,sup_billing_clear,21.0,2.0,0.0,1.0,"billing:20,technical:0,account:0,insufficient:0",benchmark_authored_adjudication,Explicit renewal charge/refund request is billing.,target,choice,billing,billing,0.9989033242780364,0.9989033242780364,0.006598369654829216,1,0.9989033242780364,0.0010972775108015354,2.0582150641625326e-06,"{""account"": 0.0, ""billing"": 1.0, ""insufficient"": 0.0, ""technical"": 0.0}","{""account"": 0.0009108819267415962, ""billing"": 0.9989033242780364, ""insufficient"": 0.00015828754442762664, ""technical"": 2.7506250794276213e-05}",0.0010966757219635452,0.0003802292620269633,0.0010972775108014975,2.0582150641625326e-06,
case_435d4e677dc3112f,semantic_adjudication,261.706167133525,259,0,support_routing,sup_billing_clear,22.0,6.0,0.0,1.0,"billing:20,technical:0,account:0,insufficient:0",benchmark_authored_adjudication,Explicit renewal charge/refund request is billing.,target,choice,billing,billing,0.9973916240221934,0.9973916240221934,0.013507291877235487,1,0.9973916240221934,0.002611783717494819,1.2928380195931326e-05,"{""account"": 0.0, ""billing"": 1.0, ""insufficient"": 0.0, ""technical"": 0.0}","{""account"": 2.7464623936749187e-05, ""billing"": 0.9973916240221934, ""insufficient"": 0.002472286659033806, ""technical"": 0.00010862469483600402}",0.0026083759778065844,0.0009048457914249653,0.002611783717494835,1.2928380195931326e-05,
case_810cc74868e8a1e6,semantic_adjudication,266.26479206606746,309,0,support_routing,sup_billing_clear,23.0,12.0,0.0,1.0,"billing:20,technical:0,account:0,insufficient:0",benchmark_authored_adjudication,Explicit renewal charge/refund request is billing.,target,choice,billing,billing,0.9939160582840244,0.9939160582840244,0.027419253203178225,1,0.9939160582840244,0.006102524297944529,7.195895820392288e-05,"{""account"": 0.0, ""billing"": 1.0, ""insufficient"": 0.0, ""technical"": 0.0}","{""account"": 0.005910040916644795, ""billing"": 0.9939160582840244, ""insufficient"": 6.565462408387742e-05, ""technical"": 0.00010824617524690961}",0.006083941715975588,0.002113174441627127,0.006102524297944576,7.195895820392288e-05,
case_eff44ac5a613b824,semantic_adjudication,354.4128749053925,415,0,support_routing,sup_billing_clear,24.0,24.0,0.0,1.0,"billing:20,technical:0,account:0,insufficient:0",benchmark_authored_adjudication,Explicit renewal charge/refund request is billing.,target,choice,billing,billing,0.9945651955782052,0.9945651955782052,0.026279389738683403,1,0.9945651955782052,0.005449626699861311,5.1263983038400736e-05,"{""account"": 0.0, ""billing"": 1.0, ""insufficient"": 0.0, ""technical"": 0.0}","{""account"": 0.0007063147299338221, ""billing"": 0.9945651955782052, ""insufficient"": 0.004605750595923267, ""technical"": 0.00012273909593773645}",0.005434804421794804,0.001887261883260308,0.005449626699861271,5.1263983038400736e-05,
case_d1ca6df9f275563b,semantic_adjudication,205.15929185785353,196,0,support_routing,sup_billing_clear,25.0,0.0,0.0,1.0,"billing:20,technical:0,account:0,insufficient:0",benchmark_authored_adjudication,Explicit renewal charge/refund request is billing.,target,choice,billing,billing,0.999398912355012,0.999398912355012,0.0037909325636968187,1,0.999398912355012,0.0006012683705913999,6.682586766454478e-07,"{""account"": 0.0, ""billing"": 1.0, ""insufficient"": 0.0, ""technical"": 0.0}","{""account"": 1.2999479128153079e-05, ""billing"": 0.999398912355012, ""insufficient"": 0.0005527519179663018, ""technical"": 3.533624789349115e-05}",0.0006010876449879768,0.00020836628006939162,0.0006012683705913731,6.682586766454478e-07,
case_d6a9e0fccd87ed57,semantic_adjudication,206.74562500789762,228,0,support_routing,sup_billing_clear,26.0,2.0,0.0,1.0,"billing:20,technical:0,account:0,insufficient:0",benchmark_authored_adjudication,Explicit renewal charge/refund request is billing.,target,choice,billing,billing,0.9935574906560404,0.9935574906560404,0.030737937094533832,1,0.9935574906560404,0.006463351874307105,6.97835698618459e-05,"{""account"": 0.0, ""billing"": 1.0, ""insufficient"": 0.0, ""technical"": 0.0}","{""account"": 0.0010266406089555582, ""billing"": 0.9935574906560404, ""insufficient"": 0.005213711212862059, ""technical"": 0.00020215752214209286}",0.006442509343959667,0.0022380086102939227,0.006463351874307095,6.97835698618459e-05,
case_4e9c724339c70585,semantic_adjudication,208.53362488560379,255,0,support_routing,sup_billing_clear,27.0,6.0,0.0,1.0,"billing:20,technical:0,account:0,insufficient:0",benchmark_authored_adjudication,Explicit renewal charge/refund request is billing.,target,choice,billing,billing,0.9982059524310075,0.9982059524310075,0.00978570530645526,1,0.9982059524310075,0.0017956587997037987,6.115154384810608e-06,"{""account"": 0.0, ""billing"": 1.0, ""insufficient"": 0.0, ""technical"": 0.0}","{""account"": 5.819008033111721e-05, ""billing"": 0.9982059524310075, ""insufficient"": 3.529406781196366e-05, ""technical"": 0.001700563420849427}",0.0017940475689924964,0.000622172194227733,0.001795658799703786,6.115154384810608e-06,
case_733d53bb041b3e99,semantic_adjudication,266.59424998797476,310,0,support_routing,sup_billing_clear,28.0,12.0,0.0,1.0,"billing:20,technical:0,account:0,insufficient:0",benchmark_authored_adjudication,Explicit renewal charge/refund request is billing.,target,choice,billing,billing,0.997045651145498,0.997045651145498,0.015043810966836345,1,0.997045651145498,0.0029587215575294654,1.658479533797265e-05,"{""account"": 0.0, ""billing"": 1.0, ""insufficient"": 0.0, ""technical"": 0.0}","{""account"": 0.0028004960366143847, ""billing"": 0.997045651145498, ""insufficient"": 4.526580253199659e-05, ""technical"": 0.00010858701535559991}",0.002954348854501973,0.0010249919260013256,0.0029587215575294507,1.658479533797265e-05,
case_f7e71c36883c09bf,semantic_adjudication,353.60825015231967,414,0,support_routing,sup_billing_clear,29.0,24.0,0.0,1.0,"billing:20,technical:0,account:0,insufficient:0",benchmark_authored_adjudication,Explicit renewal charge/refund request is billing.,target,choice,billing,billing,0.9985738423904622,0.9985738423904622,0.008080062264775168,1,0.9985738423904622,0.0014271755402362645,3.7948519719721815e-06,"{""account"": 0.0, ""billing"": 1.0, ""insufficient"": 0.0, ""technical"": 0.0}","{""account"": 6.596230103710021e-05, ""billing"": 0.9985738423904622, ""insufficient"": 3.530707548151793e-05, ""technical"": 0.0013248882330190966}",0.0014261576095377538,0.0004945229851781592,0.001427175540236261,3.7948519719721815e-06,
case_04e4a5c6fec0a5b5,semantic_adjudication,206.46362495608628,212,0,support_routing,sup_account_technical_border,0.0,0.0,0.6172488983973203,0.5,"billing:0,technical:9,account:10,insufficient:1",benchmark_authored_adjudication,The symptom crosses product malfunction and account/membership verification.,target,choice,account,technical,0.5209921450226828,0.5209921450226828,0.5670719791828134,0,0.4597739542534219,0.77702031407432,0.5634648274844214,"{""account"": 0.5, ""billing"": 0.0, ""insufficient"": 0.05, ""technical"": 0.45}","{""account"": 0.4597739542534219, ""billing"": 0.008421053716551063, ""insufficient"": 0.010812847007344334, ""technical"": 0.5209921450226828}",0.0794131987392338,0.011483321907547389,0.052581646818650615,0.008264566516694256,
case_13bbc7505ddf89b5,semantic_adjudication,207.00529194436967,237,0,support_routing,sup_account_technical_border,1.0,2.0,0.6172488983973203,0.5,"billing:0,technical:9,account:10,insufficient:1",benchmark_authored_adjudication,The symptom crosses product malfunction and account/membership verification.,target,choice,account,account,0.6739468716383593,0.6739468716383593,0.649466601929526,1,0.6739468716383593,0.39460399663909496,0.15756100623351346,"{""account"": 0.5, ""billing"": 0.0, ""insufficient"": 0.05, ""technical"": 0.45}","{""account"": 0.6739468716383593, ""billing"": 0.015849711247643325, ""insufficient"": 0.11711440556068865, ""technical"": 0.19308901155330874}",0.25691098844669125,0.04528167881604142,0.18891532938342556,0.10101632691782604,
case_09a27bac245ac53b,semantic_adjudication,263.48954206332564,276,0,support_routing,sup_account_technical_border,2.0,6.0,0.6172488983973203,0.5,"billing:0,technical:9,account:10,insufficient:1",benchmark_authored_adjudication,The symptom crosses product malfunction and account/membership verification.,target,choice,account,technical,0.5905811818948774,0.5905811818948774,0.6555148679555745,0,0.31611532707748574,1.1516481728706327,0.8246945217477892,"{""account"": 0.5, ""billing"": 0.0, ""insufficient"": 0.05, ""technical"": 0.45}","{""account"": 0.31611532707748574, ""billing"": 0.0027349334589091934, ""insufficient"": 0.0905685575687276, ""technical"": 0.5905811818948774}",0.18388467292251423,0.01912715537901547,0.07720950561496336,0.05522992936301248,
case_1a7e3c95ed32bcc8,semantic_adjudication,267.1670001000166,319,0,support_routing,sup_account_technical_border,3.0,12.0,0.6172488983973203,0.5,"billing:0,technical:9,account:10,insufficient:1",benchmark_authored_adjudication,The symptom crosses product malfunction and account/membership verification.,target,choice,account,technical,0.5574088521090194,0.5574088521090194,0.6241151564928136,0,0.3831011279577116,0.9594562829893132,0.694721010325706,"{""account"": 0.5, ""billing"": 0.0, ""insufficient"": 0.05, ""technical"": 0.45}","{""account"": 0.3831011279577116, ""billing"": 0.0007395591570594652, ""insufficient"": 0.05875046077620955, ""technical"": 0.5574088521090194}",0.11689887204228837,0.007180874432257733,0.02876761573364378,0.025279125307679274,
case_98d3f6c3e2b1ca35,semantic_adjudication,355.3989587817341,423,0,support_routing,sup_account_technical_border,4.0,24.0,0.6172488983973203,0.5,"billing:0,technical:9,account:10,insufficient:1",benchmark_authored_adjudication,The symptom crosses product malfunction and account/membership verification.,target,choice,account,account,0.4925488052905288,0.4925488052905288,0.5523615518395053,1,0.4925488052905288,0.7081617262431738,0.5002864876105307,"{""account"": 0.5, ""billing"": 0.0, ""insufficient"": 0.05, ""technical"": 0.45}","{""account"": 0.4925488052905288, ""billing"": 0.001776408363849411, ""insufficient"": 0.013125981055092908, ""technical"": 0.4925488052905288}",0.04432521365437825,0.006852621949314657,0.033723058987504335,0.003228770034074304,
case_dff3b3913f3c05b5,semantic_adjudication,206.1125000473112,210,0,support_routing,sup_account_technical_border,5.0,0.0,0.6172488983973203,0.5,"billing:0,technical:9,account:10,insufficient:1",benchmark_authored_adjudication,The symptom crosses product malfunction and account/membership verification.,target,choice,account,account,0.8494189600012978,0.8494189600012978,0.42006039154684593,1,0.8494189600012978,0.1632027397117586,0.030917329686666002,"{""account"": 0.5, ""billing"": 0.0, ""insufficient"": 0.05, ""technical"": 0.45}","{""account"": 0.8494189600012978, ""billing"": 0.04792093854458669, ""insufficient"": 0.03293554729129548, ""technical"": 0.06972455416282008}",0.3973398985458845,0.1180534495536189,0.5950140724560891,0.2692906362122962,
case_1d93c02ca59256d2,semantic_adjudication,208.20841705426574,239,0,support_routing,sup_account_technical_border,6.0,2.0,0.6172488983973203,0.5,"billing:0,technical:9,account:10,insufficient:1",benchmark_authored_adjudication,The symptom crosses product malfunction and account/membership verification.,target,choice,account,technical,0.7522811104955112,0.7522811104955112,0.4869096374337867,0,0.21553214674427465,1.5346452077362338,1.1819224180274728,"{""account"": 0.5, ""billing"": 0.0, ""insufficient"": 0.05, ""technical"": 0.45}","{""account"": 0.21553214674427465, ""billing"": 0.0227169211350005, ""insufficient"": 0.009469821625213702, ""technical"": 0.7522811104955112}",0.32499803163051166,0.06372304989340218,0.2727065404805645,0.17445458316326612,
case_a875b5f8dcffefa7,semantic_adjudication,263.32441717386246,271,0,support_routing,sup_account_technical_border,7.0,6.0,0.6172488983973203,0.5,"billing:0,technical:9,account:10,insufficient:1",benchmark_authored_adjudication,The symptom crosses product malfunction and account/membership verification.,target,choice,account,technical,0.8074510191570854,0.8074510191570854,0.4582182337107653,0,0.14031394774200764,1.9638728831156658,1.3925767030607543,"{""account"": 0.5, ""billing"": 0.0, ""insufficient"": 0.05, ""technical"": 0.45}","{""account"": 0.14031394774200764, ""billing"": 0.035476921832857534, ""insufficient"": 0.016758111268049353, ""technical"": 0.8074510191570854}",0.39292794098994294,0.09595532273514734,0.4269342158599963,0.2595089224345803,
case_da67f4fc2cc30aa2,semantic_adjudication,306.6689169500023,327,0,support_routing,sup_account_technical_border,8.0,12.0,0.6172488983973203,0.5,"billing:0,technical:9,account:10,insufficient:1",benchmark_authored_adjudication,The symptom crosses product malfunction and account/membership verification.,target,choice,account,account,0.561645264872246,0.561645264872246,0.6239462470381607,1,0.561645264872246,0.5768848296747857,0.34332511512914904,"{""account"": 0.5, ""billing"": 0.0, ""insufficient"": 0.05, ""technical"": 0.45}","{""account"": 0.561645264872246, ""billing"": 0.006239315303185964, ""insufficient"": 0.04610265079415759, ""technical"": 0.3860127690304105}",0.06788458017543193,0.0043228509473602055,0.014946162419116324,0.007948622794609813,
case_aa8e5f8f58a82c97,semantic_adjudication,355.5260421708226,424,0,support_routing,sup_account_technical_border,9.0,24.0,0.6172488983973203,0.5,"billing:0,technical:9,account:10,insufficient:1",benchmark_authored_adjudication,The symptom crosses product malfunction and account/membership verification.,target,choice,account,account,0.8724986919054307,0.8724986919054307,0.3279158087434703,1,0.8724986919054307,0.1363941241554687,0.027470108726371092,"{""account"": 0.5, ""billing"": 0.0, ""insufficient"": 0.05, ""technical"": 0.45}","{""account"": 0.8724986919054307, ""billing"": 0.00518806686530727, ""insufficient"": 0.018108132646166362, ""technical"": 0.10420510858309567}",0.377686758770738,0.08941125226678932,0.43070545689979933,0.2593733896423991,
case_234d4062d7ab4851,semantic_adjudication,206.57379203476012,216,0,support_routing,sup_account_technical_border,10.0,0.0,0.6172488983973203,0.5,"billing:0,technical:9,account:10,insufficient:1",benchmark_authored_adjudication,The symptom crosses product malfunction and account/membership verification.,target,choice,account,account,0.6950703035456701,0.6950703035456701,0.5850161682719947,1,0.6950703035456701,0.3637422823524661,0.14930605188067744,"{""account"": 0.5, ""billing"": 0.0, ""insufficient"": 0.05, ""technical"": 0.45}","{""account"": 0.6950703035456701, ""billing"": 0.006013536411017677, ""insufficient"": 0.07325987100969329, ""technical"": 0.2256562890336189}",0.2243437109663811,0.030164988755821055,0.12680361509679672,0.08895970819512124,
case_6fa7bb92639b9b19,semantic_adjudication,208.24641594663262,234,0,support_routing,sup_account_technical_border,11.0,2.0,0.6172488983973203,0.5,"billing:0,technical:9,account:10,insufficient:1",benchmark_authored_adjudication,The symptom crosses product malfunction and account/membership verification.,target,choice,account,account,0.8448724179735271,0.8448724179735271,0.3711180583855597,1,0.8448724179735271,0.16856964767100593,0.04127895854720555,"{""account"": 0.5, ""billing"": 0.0, ""insufficient"": 0.05, ""technical"": 0.45}","{""account"": 0.8448724179735271, ""billing"": 0.0056927055732948085, ""insufficient"": 0.019869494806653308, ""technical"": 0.12956538164652479}",0.3505651235468219,0.07456820901295269,0.3441309804153365,0.222555583558195,
case_07b403a76bb37816,semantic_adjudication,262.0134160388261,272,0,support_routing,sup_account_technical_border,12.0,6.0,0.6172488983973203,0.5,"billing:0,technical:9,account:10,insufficient:1",benchmark_authored_adjudication,The symptom crosses product malfunction and account/membership verification.,target,choice,account,account,0.9445949692051938,0.9445949692051938,0.16197236786311514,1,0.9445949692051938,0.05699904738101683,0.005911896961029393,"{""account"": 0.5, ""billing"": 0.0, ""insufficient"": 0.05, ""technical"": 0.45}","{""account"": 0.9445949692051938, ""billing"": 0.0012532701203879948, ""insufficient"": 0.0008613591171717399, ""technical"": 0.053290401557246486}",0.4458482393255818,0.14006308014606195,0.8450603801253475,0.35745936885298424,
case_ac49f9774dd5db14,semantic_adjudication,267.99908303655684,318,0,support_routing,sup_account_technical_border,13.0,12.0,0.6172488983973203,0.5,"billing:0,technical:9,account:10,insufficient:1",benchmark_authored_adjudication,The symptom crosses product malfunction and account/membership verification.,target,choice,account,account,0.8843271573162473,0.8843271573162473,0.28383586990776377,1,0.8843271573162473,0.12292819734814844,0.02463189397499993,"{""account"": 0.5, ""billing"": 0.0, ""insufficient"": 0.05, ""technical"": 0.45}","{""account"": 0.8843271573162473, ""billing"": 0.00023103803730312755, ""insufficient"": 0.00982398732929985, ""technical"": 0.10561781731714973}",0.38455819535355046,0.09193245173571694,0.4484895300924791,0.2679206169728825,
case_29e3a9ed6a523a8b,semantic_adjudication,356.06849985197186,433,0,support_routing,sup_account_technical_border,14.0,24.0,0.6172488983973203,0.5,"billing:0,technical:9,account:10,insufficient:1",benchmark_authored_adjudication,The symptom crosses product malfunction and account/membership verification.,target,choice,account,account,0.7772231533797378,0.7772231533797378,0.4971164794108336,1,0.7772231533797378,0.2520277711612166,0.07715753049876893,"{""account"": 0.5, ""billing"": 0.0, ""insufficient"": 0.05, ""technical"": 0.45}","{""account"": 0.7772231533797378, ""billing"": 0.005934172005133746, ""insufficient"": 0.06379836147563807, ""technical"": 0.15304431313949043}",0.2969556868605096,0.05583927243864371,0.2525891039055472,0.1652609659054015,
case_10011d46a689de78,semantic_adjudication,206.6016250755638,211,0,support_routing,sup_account_technical_border,15.0,0.0,0.6172488983973203,0.5,"billing:0,technical:9,account:10,insufficient:1",benchmark_authored_adjudication,The symptom crosses product malfunction and account/membership verification.,target,choice,account,account,0.6261914001032677,0.6261914001032677,0.6687816366440891,1,0.6261914001032677,0.46809920365065266,0.21233610843739562,"{""account"": 0.5, ""billing"": 0.0, ""insufficient"": 0.05, ""technical"": 0.45}","{""account"": 0.6261914001032677, ""billing"": 0.003723470171767612, ""insufficient"": 0.1397221873886116, ""technical"": 0.23036294233635315}",0.21963705766364688,0.033923767644384296,0.1374105363949833,0.0722286416990843,
case_02df9320a446f6da,semantic_adjudication,207.71166612394154,237,0,support_routing,sup_account_technical_border,16.0,2.0,0.6172488983973203,0.5,"billing:0,technical:9,account:10,insufficient:1",benchmark_authored_adjudication,The symptom crosses product malfunction and account/membership verification.,target,choice,account,account,0.49433591658893655,0.49433591658893655,0.5444897936489935,1,0.49433591658893655,0.7045399997897519,0.5001321762317024,"{""account"": 0.5, ""billing"": 0.0, ""insufficient"": 0.05, ""technical"": 0.45}","{""account"": 0.49433591658893655, ""billing"": 0.004276843678282744, ""insufficient"": 0.007051323143844136, ""technical"": 0.49433591658893655}",0.0486127602672193,0.01111393151445117,0.06135133253408246,0.0038606355762115883,
case_02971908a07fe2ce,semantic_adjudication,261.6408329922706,267,0,support_routing,sup_account_technical_border,17.0,6.0,0.6172488983973203,0.5,"billing:0,technical:9,account:10,insufficient:1",benchmark_authored_adjudication,The symptom crosses product malfunction and account/membership verification.,target,choice,account,account,0.7385745419083541,0.7385745419083541,0.5295297831378021,1,0.7385745419083541,0.3030332451940576,0.11447476052816248,"{""account"": 0.5, ""billing"": 0.0, ""insufficient"": 0.05, ""technical"": 0.45}","{""account"": 0.7385745419083541, ""billing"": 0.0324507006237659, ""insufficient"": 0.01736960837231902, ""technical"": 0.21160514909556097}",0.27102524253212,0.04889524332352777,0.19734457793838817,0.11586770741327987,
case_98eda200f5445f8f,semantic_adjudication,305.8281661942601,326,0,support_routing,sup_account_technical_border,18.0,12.0,0.6172488983973203,0.5,"billing:0,technical:9,account:10,insufficient:1",benchmark_authored_adjudication,The symptom crosses product malfunction and account/membership verification.,target,choice,account,technical,0.6434983580147342,0.6434983580147342,0.513766218294598,0,0.34443985036059127,1.0658358035968658,0.843924488590833,"{""account"": 0.5, ""billing"": 0.0, ""insufficient"": 0.05, ""technical"": 0.45}","{""account"": 0.34443985036059127, ""billing"": 0.004913170593124175, ""insufficient"": 0.00714862103155029, ""technical"": 0.6434983580147342}",0.1984115286078584,0.02654870475029246,0.12264713634119642,0.06350095463500832,
case_02f47d53fbd6dda1,semantic_adjudication,355.34329200163484,431,0,support_routing,sup_account_technical_border,19.0,24.0,0.6172488983973203,0.5,"billing:0,technical:9,account:10,insufficient:1",benchmark_authored_adjudication,The symptom crosses product malfunction and account/membership verification.,target,choice,account,account,0.9618666088836209,0.9618666088836209,0.12836403297787788,1,0.9618666088836209,0.03887949813478174,0.0025629447638398713,"{""account"": 0.5, ""billing"": 0.0, ""insufficient"": 0.05, ""technical"": 0.45}","{""account"": 0.9618666088836209, ""billing"": 0.0001727129658833923, ""insufficient"": 0.005047412727675006, ""technical"": 0.03291326542282074}",0.46203932184950425,0.15509749708712672,0.9644408308791124,0.38930287349415454,
case_46724faede68cc9c,semantic_adjudication,206.83641685172915,212,0,support_routing,sup_account_technical_border,20.0,0.0,0.6172488983973203,0.5,"billing:0,technical:9,account:10,insufficient:1",benchmark_authored_adjudication,The symptom crosses product malfunction and account/membership verification.,target,choice,account,technical,0.6209210801006054,0.6209210801006054,0.6310631927380154,0,0.2933023501313505,1.2265512903088747,0.8920290638560802,"{""account"": 0.5, ""billing"": 0.0, ""insufficient"": 0.05, ""technical"": 0.45}","{""account"": 0.2933023501313505, ""billing"": 0.0017440395250450916, ""insufficient"": 0.08403253024299892, ""technical"": 0.6209210801006054}",0.20669764986864947,0.023258258432066338,0.09586262305320536,0.07309918887258596,
case_45787989270433b5,semantic_adjudication,207.773334113881,234,0,support_routing,sup_account_technical_border,21.0,2.0,0.6172488983973203,0.5,"billing:0,technical:9,account:10,insufficient:1",benchmark_authored_adjudication,The symptom crosses product malfunction and account/membership verification.,target,choice,account,account,0.8156809500681867,0.8156809500681867,0.46960674631680877,1,0.8156809500681867,0.20373199303904924,0.049056199768193025,"{""account"": 0.5, ""billing"": 0.0, ""insufficient"": 0.05, ""technical"": 0.45}","{""account"": 0.8156809500681867, ""billing"": 0.027911067254005367, ""insufficient"": 0.04601757026962047, ""technical"": 0.1103904124081874}",0.34359201732219213,0.08402039406226855,0.39179332578337983,0.21578402164204907,
case_7ba636183b01cc4c,semantic_adjudication,263.49287503398955,276,0,support_routing,sup_account_technical_border,22.0,6.0,0.6172488983973203,0.5,"billing:0,technical:9,account:10,insufficient:1",benchmark_authored_adjudication,The symptom crosses product malfunction and account/membership verification.,target,choice,account,account,0.7694401968854999,0.7694401968854999,0.5029698904834949,1,0.7694401968854999,0.26209204557126714,0.08514701001194326,"{""account"": 0.5, ""billing"": 0.0, ""insufficient"": 0.05, ""technical"": 0.45}","{""account"": 0.7694401968854999, ""billing"": 0.009685822645441095, ""insufficient"": 0.04918866611335799, ""technical"": 0.17168531435570097}",0.27912601953094107,0.050048026257021754,0.21890337831559775,0.15015155736597652,
case_75f2b7767e27d44f,semantic_adjudication,305.21904211491346,322,0,support_routing,sup_account_technical_border,23.0,12.0,0.6172488983973203,0.5,"billing:0,technical:9,account:10,insufficient:1",benchmark_authored_adjudication,The symptom crosses product malfunction and account/membership verification.,target,choice,account,account,0.8743448886974954,0.8743448886974954,0.3344208137991457,1,0.8743448886974954,0.1342803716707497,0.02429883579139737,"{""account"": 0.5, ""billing"": 0.0, ""insufficient"": 0.05, ""technical"": 0.45}","{""account"": 0.8743448886974954, ""billing"": 0.0007972993356780169, ""insufficient"": 0.04353106875067459, ""technical"": 0.08132674321615195}",0.37514218803317345,0.096647769661375,0.4973417044150803,0.2760965487192885,
case_78d32d32e616ff6a,semantic_adjudication,355.95612484030426,430,0,support_routing,sup_account_technical_border,24.0,24.0,0.6172488983973203,0.5,"billing:0,technical:9,account:10,insufficient:1",benchmark_authored_adjudication,The symptom crosses product malfunction and account/membership verification.,target,choice,account,account,0.7918653491782051,0.7918653491782051,0.4808832654467089,1,0.7918653491782051,0.23336391528555492,0.06504322982480154,"{""account"": 0.5, ""billing"": 0.0, ""insufficient"": 0.05, ""technical"": 0.45}","{""account"": 0.7918653491782051, ""billing"": 0.0032361726921308637, ""insufficient"": 0.08346199376079275, ""technical"": 0.12143648436887135}",0.3285635156311287,0.07012257607546313,0.3339252480298856,0.19426954369494312,
case_9c6ddae383bacde1,semantic_adjudication,205.97179210744798,210,0,support_routing,sup_account_technical_border,25.0,0.0,0.6172488983973203,0.5,"billing:0,technical:9,account:10,insufficient:1",benchmark_authored_adjudication,The symptom crosses product malfunction and account/membership verification.,target,choice,account,technical,0.5508330614875296,0.5508330614875296,0.5657396379025762,0,0.4289892196281074,0.8463234894418713,0.6296739430983306,"{""account"": 0.5, ""billing"": 0.0, ""insufficient"": 0.05, ""technical"": 0.45}","{""account"": 0.4289892196281074, ""billing"": 0.010088859442181502, ""insufficient"": 0.010088859442181502, ""technical"": 0.5508330614875296}",0.11092192092971112,0.014627807659054207,0.06563482218620188,0.016904521443443142,
case_a96ea4a17ae6d0d8,semantic_adjudication,207.53254205919802,242,0,support_routing,sup_account_technical_border,26.0,2.0,0.6172488983973203,0.5,"billing:0,technical:9,account:10,insufficient:1",benchmark_authored_adjudication,The symptom crosses product malfunction and account/membership verification.,target,choice,account,account,0.4929106474854421,0.4929106474854421,0.5514538366644172,1,0.4929106474854421,0.707427363788878,0.5002415859987338,"{""account"": 0.5, ""billing"": 0.0, ""insufficient"": 0.05, ""technical"": 0.45}","{""account"": 0.4929106474854421, ""billing"": 0.002586557691832267, ""insufficient"": 0.011592147337283521, ""technical"": 0.4929106474854421}",0.04549720517727437,0.007850245277926346,0.039238696533208633,0.003373436013549661,
case_b9a2acc8abdbbd7b,semantic_adjudication,263.0962079856545,268,0,support_routing,sup_account_technical_border,27.0,6.0,0.6172488983973203,0.5,"billing:0,technical:9,account:10,insufficient:1",benchmark_authored_adjudication,The symptom crosses product malfunction and account/membership verification.,target,choice,account,account,0.7811157415402079,0.7811157415402079,0.4790666662545058,1,0.7811157415402079,0.24703194352810526,0.07940948106602987,"{""account"": 0.5, ""billing"": 0.0, ""insufficient"": 0.05, ""technical"": 0.45}","{""account"": 0.7811157415402079, ""billing"": 0.030287144103109676, ""insufficient"": 0.014306633852356268, ""technical"": 0.1742904805043261}",0.31140288564331764,0.06280604272966739,0.26634327627243587,0.15723312676710866,
case_17a7bcfaaef9bad3,semantic_adjudication,305.64541718922555,323,0,support_routing,sup_account_technical_border,28.0,12.0,0.6172488983973203,0.5,"billing:0,technical:9,account:10,insufficient:1",benchmark_authored_adjudication,The symptom crosses product malfunction and account/membership verification.,target,choice,account,technical,0.5145716083867212,0.5145716083867212,0.5989486076975646,0,0.45410785055925496,0.7894205528549001,0.5632802518710541,"{""account"": 0.5, ""billing"": 0.0, ""insufficient"": 0.05, ""technical"": 0.45}","{""account"": 0.45410785055925496, ""billing"": 0.013712868878422732, ""insufficient"": 0.017607672175601108, ""technical"": 0.5145716083867212}",0.07828447726514394,0.010430054462311409,0.039981885599230826,0.007512887664699902,
case_579a92db00a25727,semantic_adjudication,356.4743329770863,426,0,support_routing,sup_account_technical_border,29.0,24.0,0.6172488983973203,0.5,"billing:0,technical:9,account:10,insufficient:1",benchmark_authored_adjudication,The symptom crosses product malfunction and account/membership verification.,target,choice,account,account,0.5225269414906876,0.5225269414906876,0.5555845723124705,1,0.5225269414906876,0.6490787338108763,0.4408196870730884,"{""account"": 0.5, ""billing"": 0.0, ""insufficient"": 0.05, ""technical"": 0.45}","{""account"": 0.5225269414906876, ""billing"": 0.002419779802125055, ""insufficient"": 0.01392487132465346, ""technical"": 0.4611284073825339}",0.036075128675346534,0.0063982538363576424,0.03089006655520691,0.0019385747870300787,
case_48ca24ec8b11dffe,semantic_adjudication,207.55504188127816,211,0,support_routing,sup_billing_account_border,0.0,0.0,0.6172488983973203,0.5,"billing:9,technical:0,account:10,insufficient:1",benchmark_authored_adjudication,Ownership transfer mixes account access with subscription/billing concerns.,target,choice,account,billing,0.5980099956718165,0.5980099956718165,0.6697132243104311,0,0.32009168455193165,1.1391478100009407,0.823675617779969,"{""account"": 0.5, ""billing"": 0.45, ""insufficient"": 0.05, ""technical"": 0.0}","{""account"": 0.32009168455193165, ""billing"": 0.5980099956718165, ""insufficient"": 0.05562359429028509, ""technical"": 0.02627472548596676}",0.17990831544806832,0.02437196425614594,0.08970914274527114,0.05499594679823743,
case_543bae2c11476f51,semantic_adjudication,207.50374998897314,234,0,support_routing,sup_billing_account_border,1.0,2.0,0.6172488983973203,0.5,"billing:9,technical:0,account:10,insufficient:1",benchmark_authored_adjudication,Ownership transfer mixes account access with subscription/billing concerns.,target,choice,account,billing,0.9192198317950839,0.9192198317950839,0.21916670744018102,0,0.07545415862795996,2.5842299776204034,1.6997651459334597,"{""account"": 0.5, ""billing"": 0.45, ""insufficient"": 0.05, ""technical"": 0.0}","{""account"": 0.07545415862795996, ""billing"": 0.9192198317950839, ""insufficient"": 0.0033152243592467303, ""technical"": 0.0020107852177093117}",0.4712306170127933,0.14164262298421562,0.7597913103647339,0.40258993350991945,
case_da9aa9f07721dd13,semantic_adjudication,262.9274579230696,275,0,support_routing,sup_billing_account_border,2.0,6.0,0.6172488983973203,0.5,"billing:9,technical:0,account:10,insufficient:1",benchmark_authored_adjudication,Ownership transfer mixes account access with subscription/billing concerns.,target,choice,account,billing,0.7918047162763426,0.7918047162763426,0.43559210439127743,0,0.17667551314902238,1.733440487929333,1.3057611770492494,"{""account"": 0.5, ""billing"": 0.45, ""insufficient"": 0.05, ""technical"": 0.0}","{""account"": 0.17667551314902238, ""billing"": 0.7918047162763426, ""insufficient"": 0.03070160063103659, ""technical"": 0.0008181699435984071}",0.342622886219941,0.06552037684136049,0.29025182067366356,0.2217422854864597,
case_11c4bdf5436d5cb3,semantic_adjudication,305.3691249806434,321,0,support_routing,sup_billing_account_border,3.0,12.0,0.6172488983973203,0.5,"billing:9,technical:0,account:10,insufficient:1",benchmark_authored_adjudication,Ownership transfer mixes account access with subscription/billing concerns.,target,choice,account,billing,0.919983088110335,0.919983088110335,0.21506661032585545,0,0.07551681052154702,2.583399991596777,1.7010527339415544,"{""account"": 0.5, ""billing"": 0.45, ""insufficient"": 0.05, ""technical"": 0.0}","{""account"": 0.07551681052154702, ""billing"": 0.919983088110335, ""insufficient"": 0.003759760608359288, ""technical"": 0.0007403407597587672}",0.4707234288700937,0.1408229353837595,0.7527113243411079,0.4032087891029639,
case_4b12e0ccfce41fca,semantic_adjudication,355.84362503141165,427,0,support_routing,sup_billing_account_border,4.0,24.0,0.6172488983973203,0.5,"billing:9,technical:0,account:10,insufficient:1",benchmark_authored_adjudication,Ownership transfer mixes account access with subscription/billing concerns.,target,choice,account,billing,0.5542665656464787,0.5542665656464787,0.5456254738051904,0,0.4316632353557758,0.8401095425309608,0.6303570211443125,"{""account"": 0.5, ""billing"": 0.45, ""insufficient"": 0.05, ""technical"": 0.0}","{""account"": 0.4316632353557758, ""billing"": 0.5542665656464787, ""insufficient"": 0.011503435575522195, ""technical"": 0.0025667634222234126}",0.10683332906870206,0.011351290008261393,0.053170875275291254,0.017030003860705176,
case_ae072619cf37376d,semantic_adjudication,209.42516694776714,209,0,support_routing,sup_billing_account_border,5.0,0.0,0.6172488983973203,0.5,"billing:9,technical:0,account:10,insufficient:1",benchmark_authored_adjudication,Ownership transfer mixes account access with subscription/billing concerns.,target,choice,account,account,0.4552765267045723,0.4552765267045723,0.801402846740935,1,0.4552765267045723,0.7868502936379725,0.45100898616420027,"{""account"": 0.5, ""billing"": 0.45, ""insufficient"": 0.05, ""technical"": 0.0}","{""account"": 0.4552765267045723, ""billing"": 0.3545697155115503, ""insufficient"": 0.16748687422255332, ""technical"": 0.022666883561324177}",0.14015375778387745,0.027961546954666336,0.0936616263823031,0.025424081486121967,
case_b501fd873a1fe9a3,semantic_adjudication,208.1234590150416,239,0,support_routing,sup_billing_account_border,6.0,2.0,0.6172488983973203,0.5,"billing:9,technical:0,account:10,insufficient:1",benchmark_authored_adjudication,Ownership transfer mixes account access with subscription/billing concerns.,target,choice,account,billing,0.9101169316437522,0.9101169316437522,0.2535749040183548,0,0.0747069470815644,2.5941821914143697,1.6846251528253278,"{""account"": 0.5, ""billing"": 0.45, ""insufficient"": 0.05, ""technical"": 0.0}","{""account"": 0.0747069470815644, ""billing"": 0.9101169316437522, ""insufficient"": 0.011456681392779134, ""technical"": 0.00371943988190424}",0.46383637152565643,0.13565367901340486,0.7072435241587001,0.39408119328823743,
case_4e1e61cbfa1d5d18,semantic_adjudication,266.3052501156926,268,0,support_routing,sup_billing_account_border,7.0,6.0,0.6172488983973203,0.5,"billing:9,technical:0,account:10,insufficient:1",benchmark_authored_adjudication,Ownership transfer mixes account access with subscription/billing concerns.,target,choice,account,billing,0.9339280715042868,0.9339280715042868,0.19353871321962926,0,0.05970402413217411,2.8183558549561925,1.7564010438091668,"{""account"": 0.5, ""billing"": 0.45, ""insufficient"": 0.05, ""technical"": 0.0}","{""account"": 0.05970402413217411, ""billing"": 0.9339280715042868, ""insufficient"": 0.004324945002101779, ""technical"": 0.002042959361437298}",0.4859710308657241,0.15417079873782624,0.8564171877005229,0.4301373090872727,
case_e5440619d85efaf2,semantic_adjudication,306.98458291590214,324,0,support_routing,sup_billing_account_border,8.0,12.0,0.6172488983973203,0.5,"billing:9,technical:0,account:10,insufficient:1",benchmark_authored_adjudication,Ownership transfer mixes account access with subscription/billing concerns.,target,choice,account,billing,0.7023747816672374,0.7023747816672374,0.5851790618066809,0,0.2280277058785508,1.4782881403991024,1.092210667385754,"{""account"": 0.5, ""billing"": 0.45, ""insufficient"": 0.05, ""technical"": 0.0}","{""account"": 0.2280277058785508, ""billing"": 0.7023747816672374, ""insufficient"": 0.050879858530960095, ""technical"": 0.018717653923251643}",0.2719722941214492,0.04644631022849752,0.19134947314343295,0.13801308391069494,
case_b92ceea5180b2db6,semantic_adjudication,354.9890408758074,428,0,support_routing,sup_billing_account_border,9.0,24.0,0.6172488983973203,0.5,"billing:9,technical:0,account:10,insufficient:1",benchmark_authored_adjudication,Ownership transfer mixes account access with subscription/billing concerns.,target,choice,account,account,0.7067562697653464,0.7067562697653464,0.5278318882200941,1,0.7067562697653464,0.34706941118447376,0.15414499431771722,"{""account"": 0.5, ""billing"": 0.45, ""insufficient"": 0.05, ""technical"": 0.0}","{""account"": 0.7067562697653464, ""billing"": 0.2600011015656888, ""insufficient"": 0.01662131433448243, ""technical"": 0.01662131433448243}",0.22337758409982883,0.03190383108999397,0.12888074392880444,0.08023814124049553,
case_346251c9480d4587,semantic_adjudication,206.4027921296656,215,0,support_routing,sup_billing_account_border,10.0,0.0,0.6172488983973203,0.5,"billing:9,technical:0,account:10,insufficient:1",benchmark_authored_adjudication,Ownership transfer mixes account access with subscription/billing concerns.,target,choice,account,billing,0.6867830101843706,0.6867830101843706,0.6251218868467187,0,0.15324200304965932,1.8757368879113165,1.2121984530456544,"{""account"": 0.5, ""billing"": 0.45, ""insufficient"": 0.05, ""technical"": 0.0}","{""account"": 0.15324200304965932, ""billing"": 0.6867830101843706, ""insufficient"": 0.15324200304965932, ""technical"": 0.006732983716310878}",0.34675799695034076,0.07696351890505285,0.345048220655647,0.18701154662441422,
case_913319938e56601a,semantic_adjudication,207.3343328665942,235,0,support_routing,sup_billing_account_border,11.0,2.0,0.6172488983973203,0.5,"billing:9,technical:0,account:10,insufficient:1",benchmark_authored_adjudication,Ownership transfer mixes account access with subscription/billing concerns.,target,choice,account,billing,0.5277726751315349,0.5277726751315349,0.5263711352935969,0,0.46575775107236556,0.7640896275082351,0.5639832497872778,"{""account"": 0.5, ""billing"": 0.45, ""insufficient"": 0.05, ""technical"": 0.0}","{""account"": 0.46575775107236556, ""billing"": 0.5277726751315349, ""insufficient"": 0.004566128321773646, ""technical"": 0.0019034454743258001}",0.07967612060586075,0.01357414583875089,0.0834009602525657,0.00928898040908462,
case_8073723ef58ba8e7,semantic_adjudication,262.8613340202719,268,0,support_routing,sup_billing_account_border,12.0,6.0,0.6172488983973203,0.5,"billing:9,technical:0,account:10,insufficient:1",benchmark_authored_adjudication,Ownership transfer mixes account access with subscription/billing concerns.,target,choice,account,billing,0.7229213309699811,0.7229213309699811,0.4632102144562112,0,0.26594789524815193,1.3244548719136702,1.061534680648663,"{""account"": 0.5, ""billing"": 0.45, ""insufficient"": 0.05, ""technical"": 0.0}","{""account"": 0.26594789524815193, ""billing"": 0.7229213309699811, ""insufficient"": 0.009100236544339828, ""technical"": 0.0020305372375271397}",0.2749518682075082,0.04268481264615077,0.18751620465800076,0.13094335436939797,
case_aaf65844568fa3fd,semantic_adjudication,305.665833177045,321,0,support_routing,sup_billing_account_border,13.0,12.0,0.6172488983973203,0.5,"billing:9,technical:0,account:10,insufficient:1",benchmark_authored_adjudication,Ownership transfer mixes account access with subscription/billing concerns.,target,choice,account,billing,0.8464105828130782,0.8464105828130782,0.3775564100695806,0,0.11454921595947437,2.1667507146326876,1.501820392102392,"{""account"": 0.5, ""billing"": 0.45, ""insufficient"": 0.05, ""technical"": 0.0}","{""account"": 0.11454921595947437, ""billing"": 0.8464105828130782, ""insufficient"": 0.037188685595207806, ""technical"": 0.0018515156322396079}",0.39826209844531785,0.0971095642897507,0.46731204737701837,0.30588121497057513,
case_99edfaeddea757b0,semantic_adjudication,355.6383750401437,430,0,support_routing,sup_billing_account_border,14.0,24.0,0.6172488983973203,0.5,"billing:9,technical:0,account:10,insufficient:1",benchmark_authored_adjudication,Ownership transfer mixes account access with subscription/billing concerns.,target,choice,account,billing,0.576581365475191,0.576581365475191,0.6749995195954046,0,0.3086217653416808,1.1756388122411203,0.8233418582162728,"{""account"": 0.5, ""billing"": 0.45, ""insufficient"": 0.05, ""technical"": 0.0}","{""account"": 0.3086217653416808, ""billing"": 0.576581365475191, ""insufficient"": 0.11353560256724152, ""technical"": 0.0012612666158867403}",0.19137823465831924,0.022117235764224957,0.08870014498545092,0.056686834373557385,
case_73854be53cb2889e,semantic_adjudication,206.22775005176663,210,0,support_routing,sup_billing_account_border,15.0,0.0,0.6172488983973203,0.5,"billing:9,technical:0,account:10,insufficient:1",benchmark_authored_adjudication,Ownership transfer mixes account access with subscription/billing concerns.,target,choice,account,billing,0.4339135664797611,0.4339135664797611,0.7595802064686001,0,0.3829273784078241,0.9599099202924248,0.6017831170066625,"{""account"": 0.5, ""billing"": 0.45, ""insufficient"": 0.05, ""technical"": 0.0}","{""account"": 0.3829273784078241, ""billing"": 0.4339135664797611, ""insufficient"": 0.18088208568865793, ""technical"": 0.002276969423756961}",0.13315905511241485,0.024451952928171004,0.08547125303675536,0.031100077013835804,
case_8e43100e46b7ae05,semantic_adjudication,208.41383398510516,236,0,support_routing,sup_billing_account_border,16.0,2.0,0.6172488983973203,0.5,"billing:9,technical:0,account:10,insufficient:1",benchmark_authored_adjudication,Ownership transfer mixes account access with subscription/billing concerns.,target,choice,account,account,0.4505037169982673,0.4505037169982673,0.7476297455712261,1,0.4505037169982673,0.79738895113922,0.48142989913982615,"{""account"": 0.5, ""billing"": 0.45, ""insufficient"": 0.05, ""technical"": 0.0}","{""account"": 0.4505037169982673, ""billing"": 0.39756813485381803, ""insufficient"": 0.1462571432775952, ""technical"": 0.00567100487031942}",0.10192814814791465,0.015749801225505976,0.05420028388355065,0.014496580441897704,
case_571355f83842266e,semantic_adjudication,262.21945811994374,267,0,support_routing,sup_billing_account_border,17.0,6.0,0.6172488983973203,0.5,"billing:9,technical:0,account:10,insufficient:1",benchmark_authored_adjudication,Ownership transfer mixes account access with subscription/billing concerns.,target,choice,account,billing,0.8321208049167587,0.8321208049167587,0.4463322660454821,0,0.07739929163089847,2.5587776504839113,1.5487743667635705,"{""account"": 0.5, ""billing"": 0.45, ""insufficient"": 0.05, ""technical"": 0.0}","{""account"": 0.07739929163089847, ""billing"": 0.8321208049167587, ""insufficient"": 0.0683046351265097, ""technical"": 0.022175268325833174}",0.4226007083691015,0.12366587201719079,0.640588983228242,0.32543447045673524,
case_3668191bae8c5387,semantic_adjudication,305.68787502124906,325,0,support_routing,sup_billing_account_border,18.0,12.0,0.6172488983973203,0.5,"billing:9,technical:0,account:10,insufficient:1",benchmark_authored_adjudication,Ownership transfer mixes account access with subscription/billing concerns.,target,choice,account,account,0.5204190484703521,0.5204190484703521,0.7122932532619763,1,0.5204190484703521,0.6531209294964768,0.3714493037081816,"{""account"": 0.5, ""billing"": 0.45, ""insufficient"": 0.05, ""technical"": 0.0}","{""account"": 0.5204190484703521, ""billing"": 0.3576784324922723, ""insufficient"": 0.11612118562948312, ""technical"": 0.005781333407892496}",0.09232156750772771,0.011515117691023872,0.0411822622408074,0.013345644372540289,
case_07d52d8d5524daf4,semantic_adjudication,354.8188330605626,424,0,support_routing,sup_billing_account_border,19.0,24.0,0.6172488983973203,0.5,"billing:9,technical:0,account:10,insufficient:1",benchmark_authored_adjudication,Ownership transfer mixes account access with subscription/billing concerns.,target,choice,account,billing,0.5212126266344018,0.5212126266344018,0.5653666714459131,0,0.4599685285928409,0.7765972079420045,0.563489892628447,"{""account"": 0.5, ""billing"": 0.45, ""insufficient"": 0.05, ""technical"": 0.0}","{""account"": 0.4599685285928409, ""billing"": 0.5212126266344018, ""insufficient"": 0.012257746090130826, ""technical"": 0.006561098682626494}",0.07777372531702831,0.010133128801381596,0.0459085406863352,0.00814128264131311,
case_df09eaa21fcdab92,semantic_adjudication,206.48737507872283,211,0,support_routing,sup_billing_account_border,20.0,0.0,0.6172488983973203,0.5,"billing:9,technical:0,account:10,insufficient:1",benchmark_authored_adjudication,Ownership transfer mixes account access with subscription/billing concerns.,target,choice,account,account,0.4603534465156933,0.4603534465156933,0.7811140462695094,1,0.4603534465156933,0.7757607225473115,0.43864533120127847,"{""account"": 0.5, ""billing"": 0.45, ""insufficient"": 0.05, ""technical"": 0.0}","{""account"": 0.4603534465156933, ""billing"": 0.31639598824470927, ""insufficient"": 0.2174555705730631, ""technical"": 0.0057949946665342795}",0.1732505652395974,0.03653786107991335,0.12632205529164214,0.047496831239427134,
case_2795587ae4d5f83d,semantic_adjudication,207.21329213120043,235,0,support_routing,sup_billing_account_border,21.0,2.0,0.6172488983973203,0.5,"billing:9,technical:0,account:10,insufficient:1",benchmark_authored_adjudication,Ownership transfer mixes account access with subscription/billing concerns.,target,choice,account,billing,0.621260153778364,0.621260153778364,0.5839104564939532,0,0.3325365973933347,1.1010053575948193,0.8334983649756245,"{""account"": 0.5, ""billing"": 0.45, ""insufficient"": 0.05, ""technical"": 0.0}","{""account"": 0.3325365973933347, ""billing"": 0.621260153778364, ""insufficient"": 0.045003934594766384, ""technical"": 0.0011993142335349055}",0.1724594680118989,0.015834551017439864,0.06406669033914998,0.05740043050895508,
case_379dd521faea2d8c,semantic_adjudication,262.30975007638335,272,0,support_routing,sup_billing_account_border,22.0,6.0,0.6172488983973203,0.5,"billing:9,technical:0,account:10,insufficient:1",benchmark_authored_adjudication,Ownership transfer mixes account access with subscription/billing concerns.,target,choice,account,billing,0.7154893751612982,0.7154893751612982,0.5546455092952333,0,0.23228539101479942,1.4597885296258684,1.102679817599678,"{""account"": 0.5, ""billing"": 0.45, ""insufficient"": 0.05, ""technical"": 0.0}","{""account"": 0.23228539101479942, ""billing"": 0.7154893751612982, ""insufficient"": 0.027742533733893095, ""technical"": 0.024482700090009305}",0.28997207525130747,0.05039804077701305,0.2040998623701989,0.1432505175959196,
case_e8216bb941467f9f,semantic_adjudication,305.4844168946147,323,0,support_routing,sup_billing_account_border,23.0,12.0,0.6172488983973203,0.5,"billing:9,technical:0,account:10,insufficient:1",benchmark_authored_adjudication,Ownership transfer mixes account access with subscription/billing concerns.,target,choice,account,billing,0.5210854262819283,0.5210854262819283,0.7083355292674314,0,0.35813642681779284,1.0268412846775392,0.6970578763241495,"{""account"": 0.5, ""billing"": 0.45, ""insufficient"": 0.05, ""technical"": 0.0}","{""account"": 0.35813642681779284, ""billing"": 0.5210854262819283, ""insufficient"": 0.11626987461729948, ""technical"": 0.00450827228297943}",0.1418635731822072,0.015544842120721184,0.058652617421869925,0.029590432026476987,
case_f2df75fe0c131eb1,semantic_adjudication,354.5984998345375,421,0,support_routing,sup_billing_account_border,24.0,24.0,0.6172488983973203,0.5,"billing:9,technical:0,account:10,insufficient:1",benchmark_authored_adjudication,Ownership transfer mixes account access with subscription/billing concerns.,target,choice,account,billing,0.5964654901676849,0.5964654901676849,0.6462531213468735,0,0.31926497032943474,1.141733892985855,0.8257000154037955,"{""account"": 0.5, ""billing"": 0.45, ""insufficient"": 0.05, ""technical"": 0.0}","{""account"": 0.31926497032943474, ""billing"": 0.5964654901676849, ""insufficient"": 0.08072282605270867, ""technical"": 0.003546713450171723}",0.18073502967056526,0.01824339184494322,0.07354522573018546,0.05507376197704293,
case_b79dd244d19ed85e,semantic_adjudication,205.95254097133875,209,0,support_routing,sup_billing_account_border,25.0,0.0,0.6172488983973203,0.5,"billing:9,technical:0,account:10,insufficient:1",benchmark_authored_adjudication,Ownership transfer mixes account access with subscription/billing concerns.,target,choice,account,account,0.5967141706885478,0.5967141706885478,0.6448074836862513,1,0.5967141706885478,0.5163170563054756,0.27118600737595727,"{""account"": 0.5, ""billing"": 0.45, ""insufficient"": 0.05, ""technical"": 0.0}","{""account"": 0.5967141706885478, ""billing"": 0.3193980794202767, ""insufficient"": 0.08075648130143508, ""technical"": 0.0031312685897404158}",0.1306019205797233,0.010615073048876836,0.0418783890498062,0.027366258456112538,
case_253a5239ba8d4a23,semantic_adjudication,207.097209058702,239,0,support_routing,sup_billing_account_border,26.0,2.0,0.6172488983973203,0.5,"billing:9,technical:0,account:10,insufficient:1",benchmark_authored_adjudication,Ownership transfer mixes account access with subscription/billing concerns.,target,choice,account,billing,0.4497244710264726,0.4497244710264726,0.8320149340600014,0,0.2124347980620512,1.549120170349605,0.9188747324346698,"{""account"": 0.5, ""billing"": 0.45, ""insufficient"": 0.05, ""technical"": 0.0}","{""account"": 0.2124347980620512, ""billing"": 0.4497244710264726, ""insufficient"": 0.30909080734643585, ""technical"": 0.02874992356504032}",0.28784073091147616,0.09181629895355692,0.33718150309393535,0.1506484258382521,
case_d2dc783742560196,semantic_adjudication,263.43787484802306,274,0,support_routing,sup_billing_account_border,27.0,6.0,0.6172488983973203,0.5,"billing:9,technical:0,account:10,insufficient:1",benchmark_authored_adjudication,Ownership transfer mixes account access with subscription/billing concerns.,target,choice,account,billing,0.5447669711410129,0.5447669711410129,0.5941497002212475,0,0.42426494371605833,0.8573971516435775,0.6287232872524968,"{""account"": 0.5, ""billing"": 0.45, ""insufficient"": 0.05, ""technical"": 0.0}","{""account"": 0.42426494371605833, ""billing"": 0.5447669711410129, ""insufficient"": 0.016450537103360287, ""technical"": 0.014517548039568414}",0.10928451918058135,0.01328085473589578,0.05170848438790818,0.016052903231307567,
case_220be149de061bcd,semantic_adjudication,305.2984999958426,321,0,support_routing,sup_billing_account_border,28.0,12.0,0.6172488983973203,0.5,"billing:9,technical:0,account:10,insufficient:1",benchmark_authored_adjudication,Ownership transfer mixes account access with subscription/billing concerns.,target,choice,account,account,0.7891888738818855,0.7891888738818855,0.5060120484620105,1,0.7891888738818855,0.23674960290329544,0.064745347208869,"{""account"": 0.5, ""billing"": 0.45, ""insufficient"": 0.05, ""technical"": 0.0}","{""account"": 0.7891888738818855, ""billing"": 0.12102603358854298, ""insufficient"": 0.0734059999948623, ""technical"": 0.016379092534709264}",0.32897396641145704,0.07357833188114558,0.34356093564762613,0.19267019086157963,
case_e2639abf3bd05372,semantic_adjudication,356.5360000357032,428,0,support_routing,sup_billing_account_border,29.0,24.0,0.6172488983973203,0.5,"billing:9,technical:0,account:10,insufficient:1",benchmark_authored_adjudication,Ownership transfer mixes account access with subscription/billing concerns.,target,choice,account,billing,0.5438030025018651,0.5438030025018651,0.5958116008166053,0,0.42351420418503366,0.8591682254642077,0.6287057153222209,"{""account"": 0.5, ""billing"": 0.45, ""insufficient"": 0.05, ""technical"": 0.0}","{""account"": 0.42351420418503366, ""billing"": 0.5438030025018651, ""insufficient"": 0.023893036425134104, ""technical"": 0.00878975688796725}",0.10259275938983228,0.009205014117080135,0.03472955820853823,0.01540791361306257,
case_fcc5ed43213f3df1,semantic_adjudication,163.33187511190772,192,0,support_routing,sup_insufficient,0.0,0.0,0.8713688243068336,0.5,"billing:2,technical:3,account:5,insufficient:10",benchmark_authored_adjudication,"The word account gives a weak clue, but there is not enough concrete information.",target,choice,insufficient,account,0.6771009171455684,0.6771009171455684,0.548563165681632,0,0.282257655847472,1.264934951971342,0.9750848836611785,"{""account"": 0.25, ""billing"": 0.1, ""insufficient"": 0.5, ""technical"": 0.15}","{""account"": 0.6771009171455684, ""billing"": 0.0024420072071396483, ""insufficient"": 0.282257655847472, ""technical"": 0.03819941979981997}",0.4271009171455684,0.11393798562450641,0.6132112643791099,0.25184385355449235,
case_74454033a3a9f84f,semantic_adjudication,206.35374984703958,214,0,support_routing,sup_insufficient,1.0,2.0,0.8713688243068336,0.5,"billing:2,technical:3,account:5,insufficient:10",benchmark_authored_adjudication,"The word account gives a weak clue, but there is not enough concrete information.",target,choice,insufficient,insufficient,0.6025631608352207,0.6025631608352207,0.7644672285731453,1,0.6025631608352207,0.5065627878499627,0.2218821492282797,"{""account"": 0.25, ""billing"": 0.1, ""insufficient"": 0.5, ""technical"": 0.15}","{""account"": 0.19562361690440053, ""billing"": 0.0494613962279712, ""insufficient"": 0.6025631608352207, ""technical"": 0.15235182603240763}",0.10491498686762829,0.00841377041576977,0.036089100257730586,0.01603567455598357,
case_b42c1aa06b59622b,semantic_adjudication,208.70433398522437,254,0,support_routing,sup_insufficient,2.0,6.0,0.8713688243068336,0.5,"billing:2,technical:3,account:5,insufficient:10",benchmark_authored_adjudication,"The word account gives a weak clue, but there is not enough concrete information.",target,choice,insufficient,account,0.4605775226571497,0.4605775226571497,0.7813498359374084,0,0.40645823714502094,0.9002740929227707,0.5732976637440853,"{""account"": 0.25, ""billing"": 0.1, ""insufficient"": 0.5, ""technical"": 0.15}","{""account"": 0.4605775226571497, ""billing"": 0.07063185071660648, ""insufficient"": 0.40645823714502094, ""technical"": 0.06233238948122276}",0.21057752265714974,0.028850768297169177,0.11730040533053855,0.06164105257284323,
case_8be7e83889710914,semantic_adjudication,265.3098748996854,301,0,support_routing,sup_insufficient,3.0,12.0,0.8713688243068336,0.5,"billing:2,technical:3,account:5,insufficient:10",benchmark_authored_adjudication,"The word account gives a weak clue, but there is not enough concrete information.",target,choice,insufficient,account,0.5417633694452593,0.5417633694452593,0.7175037368336064,0,0.3285960938777722,1.1129259606140403,0.7589803153698303,"{""account"": 0.25, ""billing"": 0.1, ""insufficient"": 0.5, ""technical"": 0.15}","{""account"": 0.5417633694452593, ""billing"": 0.008756789290094956, ""insufficient"": 0.3285960938777722, ""technical"": 0.12088374738687364}",0.2917633694452592,0.059699578239065056,0.29245227302180826,0.12367824245089185,
case_06745cd195703c46,semantic_adjudication,354.53195800073445,409,0,support_routing,sup_insufficient,4.0,24.0,0.8713688243068336,0.5,"billing:2,technical:3,account:5,insufficient:10",benchmark_authored_adjudication,"The word account gives a weak clue, but there is not enough concrete information.",target,choice,insufficient,account,0.9177372039127618,0.9177372039127618,0.23664891503543958,0,0.06648066007273375,2.710844199592332,1.7139208755474609,"{""account"": 0.25, ""billing"": 0.1, ""insufficient"": 0.5, ""technical"": 0.15}","{""account"": 0.9177372039127618, ""billing"": 0.0009482956857021417, ""insufficient"": 0.06648066007273375, ""technical"": 0.014833840328802406}",0.6677372039127618,0.2598848110904639,1.4966205120000997,0.6618931224280327,
case_19629e84096a9f71,semantic_adjudication,163.0746249575168,190,0,support_routing,sup_insufficient,5.0,0.0,0.8713688243068336,0.5,"billing:2,technical:3,account:5,insufficient:10",benchmark_authored_adjudication,"The word account gives a weak clue, but there is not enough concrete information.",target,choice,insufficient,account,0.9735222452076785,0.9735222452076785,0.10102080871448513,0,0.017830681893373567,4.026834603678334,1.9124731222139308,"{""account"": 0.25, ""billing"": 0.1, ""insufficient"": 0.5, ""technical"": 0.15}","{""account"": 0.9735222452076785, ""billing"": 0.00022445515995337886, ""insufficient"": 0.017830681893373567, ""technical"": 0.008422617738994501}",0.7235222452076785,0.32734043042358085,2.368860916086102,0.7859710051497761,
case_449b88d70d21a40d,semantic_adjudication,206.364540848881,222,0,support_routing,sup_insufficient,6.0,2.0,0.8713688243068336,0.5,"billing:2,technical:3,account:5,insufficient:10",benchmark_authored_adjudication,"The word account gives a weak clue, but there is not enough concrete information.",target,choice,insufficient,account,0.5508626164596112,0.5508626164596112,0.7451361307441469,0,0.2602090751709223,1.3462698358373772,0.8828253855547066,"{""account"": 0.25, ""billing"": 0.1, ""insufficient"": 0.5, ""technical"": 0.15}","{""account"": 0.5508626164596112, ""billing"": 0.010089400760377515, ""insufficient"": 0.2602090751709223, ""technical"": 0.17883890760908905}",0.32970152406870024,0.07012288504114117,0.3320461482451452,0.1569336000610211,
case_3bc5af399a692f8c,semantic_adjudication,208.15558289177716,253,0,support_routing,sup_insufficient,7.0,6.0,0.8713688243068336,0.5,"billing:2,technical:3,account:5,insufficient:10",benchmark_authored_adjudication,"The word account gives a weak clue, but there is not enough concrete information.",target,choice,insufficient,account,0.5419245971056675,0.5419245971056675,0.6648046732798701,0,0.37245896550384244,0.9876284069517789,0.6944030620243592,"{""account"": 0.25, ""billing"": 0.1, ""insufficient"": 0.5, ""technical"": 0.15}","{""account"": 0.5419245971056675, ""billing"": 0.0025096087688990924, ""insufficient"": 0.37245896550384244, ""technical"": 0.08310682862159087}",0.29192459710566754,0.06672556207454133,0.41090471935954687,0.1154657586351107,
case_710294243f9905f4,semantic_adjudication,265.73875010944903,309,0,support_routing,sup_insufficient,8.0,12.0,0.8713688243068336,0.5,"billing:2,technical:3,account:5,insufficient:10",benchmark_authored_adjudication,"The word account gives a weak clue, but there is not enough concrete information.",target,choice,insufficient,account,0.7010247929144932,0.7010247929144932,0.5310567160718259,0,0.2578926090647098,1.3552120246493067,1.0437256238399353,"{""account"": 0.25, ""billing"": 0.1, ""insufficient"": 0.5, ""technical"": 0.15}","{""account"": 0.7010247929144932, ""billing"": 0.00153348550812645, ""insufficient"": 0.2578926090647098, ""technical"": 0.039549112512670674}",0.4510247929144931,0.12372925007521317,0.6909883370570745,0.2839344055919719,
case_2694fe3eaa6d1a13,semantic_adjudication,353.55241619981825,404,0,support_routing,sup_insufficient,9.0,24.0,0.8713688243068336,0.5,"billing:2,technical:3,account:5,insufficient:10",benchmark_authored_adjudication,"The word account gives a weak clue, but there is not enough concrete information.",target,choice,insufficient,account,0.83944433526649,0.83944433526649,0.35608738755200525,0,0.14587355244639555,1.9250151116712986,1.4343841211085873,"{""account"": 0.25, ""billing"": 0.1, ""insufficient"": 0.5, ""technical"": 0.15}","{""account"": 0.83944433526649, ""billing"": 0.00111375831696804, ""insufficient"": 0.14587355244639555, ""technical"": 0.013568353970146411}",0.58944433526649,0.20077032303397402,1.1232914240790666,0.5012422480673002,
case_600aa8a93b4fdd3f,semantic_adjudication,205.6447910144925,196,0,support_routing,sup_insufficient,10.0,0.0,0.8713688243068336,0.5,"billing:2,technical:3,account:5,insufficient:10",benchmark_authored_adjudication,"The word account gives a weak clue, but there is not enough concrete information.",target,choice,insufficient,account,0.5201124254779147,0.5201124254779147,0.5677011226026033,0,0.4589976044800209,0.7787102879329867,0.5635268346640696,"{""account"": 0.25, ""billing"": 0.1, ""insufficient"": 0.5, ""technical"": 0.15}","{""account"": 0.5201124254779147, ""billing"": 0.017797268510370865, ""insufficient"": 0.4589976044800209, ""technical"": 0.003092701531693575}",0.2701124254779147,0.08594609671463077,0.6144866003407546,0.10298096224355095,
case_a4beaada03ed40aa,semantic_adjudication,206.46687503904104,215,0,support_routing,sup_insufficient,11.0,2.0,0.8713688243068336,0.5,"billing:2,technical:3,account:5,insufficient:10",benchmark_authored_adjudication,"The word account gives a weak clue, but there is not enough concrete information.",target,choice,insufficient,account,0.8869870990819656,0.8869870990819656,0.3236840097849972,0,0.07280833480755913,2.6199248412180522,1.6474487751155056,"{""account"": 0.25, ""billing"": 0.1, ""insufficient"": 0.5, ""technical"": 0.15}","{""account"": 0.8869870990819656, ""billing"": 0.03035102949730814, ""insufficient"": 0.07280833480755913, ""technical"": 0.009853536613167142}",0.6369870990819656,0.23074319733198195,1.17445115362582,0.6127372934986701,
case_082af74749df1e95,semantic_adjudication,207.90437515825033,251,0,support_routing,sup_insufficient,12.0,6.0,0.8713688243068336,0.5,"billing:2,technical:3,account:5,insufficient:10",benchmark_authored_adjudication,"The word account gives a weak clue, but there is not enough concrete information.",target,choice,insufficient,insufficient,0.6323806797026462,0.6323806797026462,0.6509262496402785,1,0.6323806797026462,0.4582637248683328,0.21409131384025937,"{""account"": 0.25, ""billing"": 0.1, ""insufficient"": 0.5, ""technical"": 0.15}","{""account"": 0.263615487346513, ""billing"": 0.007025114781668014, ""insufficient"": 0.6323806797026462, ""technical"": 0.09697871816917264}",0.1459961670491593,0.030966714020960705,0.20029003727610067,0.029165611462563697,
case_59c993dc07d21e0c,semantic_adjudication,265.2976671233773,301,0,support_routing,sup_insufficient,13.0,12.0,0.8713688243068336,0.5,"billing:2,technical:3,account:5,insufficient:10",benchmark_authored_adjudication,"The word account gives a weak clue, but there is not enough concrete information.",target,choice,insufficient,account,0.9859036257710165,0.9859036257710165,0.06003163824568634,0,0.002443810758363162,6.014196671782368,1.9672447552966759,"{""account"": 0.25, ""billing"": 0.1, ""insufficient"": 0.5, ""technical"": 0.15}","{""account"": 0.9859036257710165, ""billing"": 0.0007001635048895849, ""insufficient"": 0.002443810758363162, ""technical"": 0.01095239996573076}",0.7359036257710165,0.35216039909342123,3.2062229841901355,0.8183110004788337,
case_089d0abe7c46c1b2,semantic_adjudication,356.0959168244153,413,0,support_routing,sup_insufficient,14.0,24.0,0.8713688243068336,0.5,"billing:2,technical:3,account:5,insufficient:10",benchmark_authored_adjudication,"The word account gives a weak clue, but there is not enough concrete information.",target,choice,insufficient,account,0.4626052854235377,0.4626052854235377,0.7734997990648012,0,0.40824773150553473,0.8958811037776566,0.5730141134541901,"{""account"": 0.25, ""billing"": 0.1, ""insufficient"": 0.5, ""technical"": 0.15}","{""account"": 0.4626052854235377, ""billing"": 0.08038874470906687, ""insufficient"": 0.40824773150553473, ""technical"": 0.048758238361860794}",0.21260528542353763,0.032474382123187345,0.13790741618542451,0.06425398179758432,
case_e696ad94233945da,semantic_adjudication,162.98758308403194,191,0,support_routing,sup_insufficient,15.0,0.0,0.8713688243068336,0.5,"billing:2,technical:3,account:5,insufficient:10",benchmark_authored_adjudication,"The word account gives a weak clue, but there is not enough concrete information.",target,choice,insufficient,account,0.8049905990798426,0.8049905990798426,0.39669963213325343,0,0.17961768129066574,1.71692467979345,1.3212548161980047,"{""account"": 0.25, ""billing"": 0.1, ""insufficient"": 0.5, ""technical"": 0.15}","{""account"": 0.8049905990798426, ""billing"": 0.0006478025079195374, ""insufficient"": 0.17961768129066574, ""technical"": 0.014743917121572189}",0.5549905990798426,0.18129059022164692,1.071450992201218,0.4388244623106935,
case_8f3082f1ed800ff8,semantic_adjudication,206.37358305975795,217,0,support_routing,sup_insufficient,16.0,2.0,0.8713688243068336,0.5,"billing:2,technical:3,account:5,insufficient:10",benchmark_authored_adjudication,"The word account gives a weak clue, but there is not enough concrete information.",target,choice,insufficient,account,0.562838932881188,0.562838932881188,0.7160582696716409,0,0.3012659712400888,1.1997617790179906,0.820895106840194,"{""account"": 0.25, ""billing"": 0.1, ""insufficient"": 0.5, ""technical"": 0.15}","{""account"": 0.562838932881188, ""billing"": 0.010308754647172335, ""insufficient"": 0.3012659712400888, ""technical"": 0.12558634123155082}",0.312838932881188,0.0649925253403957,0.3042880914257585,0.14600395834078908,
case_f299432d5f35f691,semantic_adjudication,207.83445797860622,248,0,support_routing,sup_insufficient,17.0,6.0,0.8713688243068336,0.5,"billing:2,technical:3,account:5,insufficient:10",benchmark_authored_adjudication,"The word account gives a weak clue, but there is not enough concrete information.",target,choice,insufficient,account,0.8857672306932084,0.8857672306932084,0.32595826830551594,0,0.04409975367253628,3.12130108220171,1.702481604746883,"{""account"": 0.25, ""billing"": 0.1, ""insufficient"": 0.5, ""technical"": 0.15}","{""account"": 0.8857672306932084, ""billing"": 0.0059682526539375485, ""insufficient"": 0.04409975367253628, ""technical"": 0.06416476298031777}",0.6357672306932084,0.24044663982229736,1.307077394609478,0.6282546636479321,
case_bdf18446132884d5,semantic_adjudication,265.9494581166655,306,0,support_routing,sup_insufficient,18.0,12.0,0.8713688243068336,0.5,"billing:2,technical:3,account:5,insufficient:10",benchmark_authored_adjudication,"The word account gives a weak clue, but there is not enough concrete information.",target,choice,insufficient,account,0.5082874501422556,0.5082874501422556,0.6098798042105047,0,0.4485621003731626,0.8017081446978304,0.5641827172965371,"{""account"": 0.25, ""billing"": 0.1, ""insufficient"": 0.5, ""technical"": 0.15}","{""account"": 0.5082874501422556, ""billing"": 0.0014276748391097436, ""insufficient"": 0.4485621003731626, ""technical"": 0.04172277464547208}",0.2582874501422556,0.07076476415686198,0.4937344571055983,0.09079872523710829,
case_83122f5057f3d094,semantic_adjudication,353.3936662133783,404,0,support_routing,sup_insufficient,19.0,24.0,0.8713688243068336,0.5,"billing:2,technical:3,account:5,insufficient:10",benchmark_authored_adjudication,"The word account gives a weak clue, but there is not enough concrete information.",target,choice,insufficient,account,0.8484813180335656,0.8484813180335656,0.3551366129371668,0,0.13011882439557867,2.0393072121889446,1.4770140729653258,"{""account"": 0.25, ""billing"": 0.1, ""insufficient"": 0.5, ""technical"": 0.15}","{""account"": 0.8484813180335656, ""billing"": 0.0014454895697706418, ""insufficient"": 0.13011882439557867, ""technical"": 0.01995436800108503}",0.5984813180335656,0.20358239605764983,1.0938335245967128,0.5216168300298422,
case_27c2c24f9b375e19,semantic_adjudication,162.82170894555748,192,0,support_routing,sup_insufficient,20.0,0.0,0.8713688243068336,0.5,"billing:2,technical:3,account:5,insufficient:10",benchmark_authored_adjudication,"The word account gives a weak clue, but there is not enough concrete information.",target,choice,insufficient,account,0.5865815938606687,0.5865815938606687,0.6182487594702175,0,0.3557797210995994,1.0334435005978526,0.7620840663782801,"{""account"": 0.25, ""billing"": 0.1, ""insufficient"": 0.5, ""technical"": 0.15}","{""account"": 0.5865815938606687, ""billing"": 0.0030780977064050015, ""insufficient"": 0.3557797210995994, ""technical"": 0.054560587333326964}",0.33658159386066866,0.08131786343739408,0.4567198130056205,0.15258919480626615,
case_446e3d3eb3250812,semantic_adjudication,206.09141699969769,215,0,support_routing,sup_insufficient,21.0,2.0,0.8713688243068336,0.5,"billing:2,technical:3,account:5,insufficient:10",benchmark_authored_adjudication,"The word account gives a weak clue, but there is not enough concrete information.",target,choice,insufficient,account,0.666132365806005,0.666132365806005,0.5161503606929536,0,0.31465864930499915,1.1562668807329433,0.9137423463934341,"{""account"": 0.25, ""billing"": 0.1, ""insufficient"": 0.5, ""technical"": 0.15}","{""account"": 0.666132365806005, ""billing"": 0.0014571586337347887, ""insufficient"": 0.31465864930499915, ""technical"": 0.017751826255260988}",0.41613236580600504,0.12082718423880315,0.729543193140711,0.23471783319210562,
case_0b6a4f46b892c6f4,semantic_adjudication,208.5605829488486,255,0,support_routing,sup_insufficient,22.0,6.0,0.8713688243068336,0.5,"billing:2,technical:3,account:5,insufficient:10",benchmark_authored_adjudication,"The word account gives a weak clue, but there is not enough concrete information.",target,choice,insufficient,account,0.8064132706912918,0.8064132706912918,0.4683461587689032,0,0.12366748039017338,2.090158925090012,1.4218058376495721,"{""account"": 0.25, ""billing"": 0.1, ""insufficient"": 0.5, ""technical"": 0.15}","{""account"": 0.8064132706912918, ""billing"": 0.058416381398073224, ""insufficient"": 0.12366748039017338, ""technical"": 0.011502867520461719}",0.5564132706912918,0.17594032785381775,0.8446852374977797,0.47213254615834654,
case_bf18d7cf752e90bc,semantic_adjudication,266.3466250523925,304,0,support_routing,sup_insufficient,23.0,12.0,0.8713688243068336,0.5,"billing:2,technical:3,account:5,insufficient:10",benchmark_authored_adjudication,"The word account gives a weak clue, but there is not enough concrete information.",target,choice,insufficient,account,0.9103018392288372,0.9103018392288372,0.251148790359858,0,0.07472212522043166,2.593979043008432,1.6849611531945723,"{""account"": 0.25, ""billing"": 0.1, ""insufficient"": 0.5, ""technical"": 0.15}","{""account"": 0.9103018392288372, ""billing"": 0.001991277188178626, ""insufficient"": 0.07472212522043166, ""technical"": 0.012984758362552369}",0.6603018392288373,0.2522321139678794,1.3860053554161997,0.645238675854184,
case_569b6107dba20861,semantic_adjudication,354.1655829176307,406,0,support_routing,sup_insufficient,24.0,24.0,0.8713688243068336,0.5,"billing:2,technical:3,account:5,insufficient:10",benchmark_authored_adjudication,"The word account gives a weak clue, but there is not enough concrete information.",target,choice,insufficient,account,0.8887164363133896,0.8887164363133896,0.2903633721606299,0,0.09367002324281476,2.367977063626029,1.6115176702428617,"{""account"": 0.25, ""billing"": 0.1, ""insufficient"": 0.5, ""technical"": 0.15}","{""account"": 0.8887164363133896, ""billing"": 0.0013361311217969065, ""insufficient"": 0.09367002324281476, ""technical"": 0.01627740932199877}",0.6387164363133896,0.2338683365465068,1.2850033760337973,0.6006790263080224,
case_3faa25bbcd11b734,semantic_adjudication,163.29279192723334,190,0,support_routing,sup_insufficient,25.0,0.0,0.8713688243068336,0.5,"billing:2,technical:3,account:5,insufficient:10",benchmark_authored_adjudication,"The word account gives a weak clue, but there is not enough concrete information.",target,choice,insufficient,account,0.5828721856752713,0.5828721856752713,0.5429226046753205,0,0.4006018041200749,0.9147873522156902,0.6992604427283633,"{""account"": 0.25, ""billing"": 0.1, ""insufficient"": 0.5, ""technical"": 0.15}","{""account"": 0.5828721856752713, ""billing"": 0.0009929925939391058, ""insufficient"": 0.4006018041200749, ""technical"": 0.015533017610714574}",0.3328721856752714,0.10076987809185613,0.7005636646234581,0.14856765020880047,
case_bb4bee1e30a95e62,semantic_adjudication,206.16237516514957,220,0,support_routing,sup_insufficient,26.0,2.0,0.8713688243068336,0.5,"billing:2,technical:3,account:5,insufficient:10",benchmark_authored_adjudication,"The word account gives a weak clue, but there is not enough concrete information.",target,choice,insufficient,account,0.6015059172068788,0.6015059172068788,0.6577893376469982,0,0.3219629165067795,1.1333189061978706,0.8250975546203251,"{""account"": 0.25, ""billing"": 0.1, ""insufficient"": 0.5, ""technical"": 0.15}","{""account"": 0.6015059172068788, ""billing"": 0.05594876564618948, ""insufficient"": 0.3219629165067795, ""technical"": 0.020582400640152175}",0.35150591720687885,0.0779666154251725,0.35659521860563836,0.17394303920238155,
case_fa8a1c7c16868123,semantic_adjudication,208.05325009860098,247,0,support_routing,sup_insufficient,27.0,6.0,0.8713688243068336,0.5,"billing:2,technical:3,account:5,insufficient:10",benchmark_authored_adjudication,"The word account gives a weak clue, but there is not enough concrete information.",target,choice,insufficient,account,0.9533197945633501,0.9533197945633501,0.16407517231712868,0,0.02241993264804368,3.7978048654441663,1.8649874590219393,"{""account"": 0.25, ""billing"": 0.1, ""insufficient"": 0.5, ""technical"": 0.15}","{""account"": 0.9533197945633501, ""billing"": 0.0018403401405625694, ""insufficient"": 0.02241993264804368, ""technical"": 0.02241993264804368}",0.7033197945633501,0.30153490731866617,1.902331177851934,0.7486534465657824,
case_0f5ea87b5d810d7d,semantic_adjudication,266.16791589185596,304,0,support_routing,sup_insufficient,28.0,12.0,0.8713688243068336,0.5,"billing:2,technical:3,account:5,insufficient:10",benchmark_authored_adjudication,"The word account gives a weak clue, but there is not enough concrete information.",target,choice,insufficient,account,0.6375367760347493,0.6375367760347493,0.6835825405569795,0,0.206977887371369,1.5751433157157926,1.0557483988824334,"{""account"": 0.25, ""billing"": 0.1, ""insufficient"": 0.5, ""technical"": 0.15}","{""account"": 0.6375367760347493, ""billing"": 0.013231653656734428, ""insufficient"": 0.206977887371369, ""technical"": 0.14225368293714727}",0.38753677603474934,0.09393815148434696,0.4171696281235605,0.24363546262393668,
case_ca0b78ca81ae5408,semantic_adjudication,353.9360831491649,403,0,support_routing,sup_insufficient,29.0,24.0,0.8713688243068336,0.5,"billing:2,technical:3,account:5,insufficient:10",benchmark_authored_adjudication,"The word account gives a weak clue, but there is not enough concrete information.",target,choice,insufficient,account,0.9596982628944276,0.9596982628944276,0.15192381897641313,0,0.01991790200491367,3.9161363534108053,1.8817965608713918,"{""account"": 0.25, ""billing"": 0.1, ""insufficient"": 0.5, ""technical"": 0.15}","{""account"": 0.9596982628944276, ""billing"": 0.012080818243131872, ""insufficient"": 0.01991790200491367, ""technical"": 0.008303016857526924}",0.7096982628944276,0.3072861092338104,1.9206626658185733,0.7619582627232072,
case_2ffe43ed035ccc21,semantic_adjudication,209.1475420165807,241,0,code_review_severity,code_high_clear,0.0,0.0,0.1431984785579781,0.95,"low:0,medium:1,high:19,insufficient:0",benchmark_authored_adjudication,Duplicate financial debits are a high-severity correctness/data-integrity issue.,target,choice,high,high,0.9961393288071061,0.9961393288071061,0.021151299085810267,1,0.9961393288071061,0.0038681428204548544,2.0487312422194447e-05,"{""high"": 0.95, ""insufficient"": 0.0, ""low"": 0.0, ""medium"": 0.05}","{""high"": 0.9961393288071061, ""insufficient"": 0.001029308416220425, ""low"": 0.0009083614891187805, ""medium"": 0.0019230012875547722}",0.048076998712445286,0.014827723675713854,0.11785289947458229,0.004442120064377331,
case_0597f9a1c50eed19,semantic_adjudication,262.6819999422878,262,0,code_review_severity,code_high_clear,1.0,2.0,0.1431984785579781,0.95,"low:0,medium:1,high:19,insufficient:0",benchmark_authored_adjudication,Duplicate financial debits are a high-severity correctness/data-integrity issue.,target,choice,high,high,0.9929317035155683,0.9929317035155683,0.03538787913430924,1,0.9929317035155683,0.007093395232216074,6.98952085789609e-05,"{""high"": 0.95, ""insufficient"": 0.0, ""low"": 0.0, ""medium"": 0.05}","{""high"": 0.9929317035155683, ""insufficient"": 0.0024612316213702503, ""low"": 0.0010259939845810124, ""medium"": 0.0035810708784805496}",0.04641892912151951,0.013441866643243634,0.0898281518863435,0.004004958472287735,
case_4377a7534a6dcd7a,semantic_adjudication,266.1672909744084,309,0,code_review_severity,code_high_clear,2.0,6.0,0.1431984785579781,0.95,"low:0,medium:1,high:19,insufficient:0",benchmark_authored_adjudication,Duplicate financial debits are a high-severity correctness/data-integrity issue.,target,choice,high,high,0.9451646588108336,0.9451646588108336,0.1902538978507744,1,0.9451646588108336,0.05639612453892454,0.004338372302691103,"{""high"": 0.95, ""insufficient"": 0.0, ""low"": 0.0, ""medium"": 0.05}","{""high"": 0.9451646588108336, ""insufficient"": 0.015277163847614553, ""low"": 0.007216421222357343, ""medium"": 0.03234175611919456}",0.022493585069971865,0.008752865507893825,0.026630881193052028,0.0006206625718550024,
case_e6b754f150c58be8,semantic_adjudication,308.77904198132455,354,0,code_review_severity,code_high_clear,3.0,12.0,0.1431984785579781,0.95,"low:0,medium:1,high:19,insufficient:0",benchmark_authored_adjudication,Duplicate financial debits are a high-severity correctness/data-integrity issue.,target,choice,high,high,0.9893305296125636,0.9893305296125636,0.050486683894885566,1,0.9893305296125636,0.010726797316556388,0.0001571683547128758,"{""high"": 0.95, ""insufficient"": 0.0, ""low"": 0.0, ""medium"": 0.05}","{""high"": 0.9893305296125636, ""insufficient"": 0.0019098572129869237, ""low"": 0.003568083017435591, ""medium"": 0.0051915301570137915}",0.0448084698429862,0.012620377576255445,0.07471155397068384,0.003571068300267863,
case_baa3c0a4bbd8e6a5,semantic_adjudication,396.9756660517305,457,0,code_review_severity,code_high_clear,4.0,24.0,0.1431984785579781,0.95,"low:0,medium:1,high:19,insufficient:0",benchmark_authored_adjudication,Duplicate financial debits are a high-severity correctness/data-integrity issue.,target,choice,high,high,0.9918210233975402,0.9918210233975402,0.04003508258005077,1,0.9918210233975402,0.0082126079370606,9.353675828506696e-05,"{""high"": 0.95, ""insufficient"": 0.0, ""low"": 0.0, ""medium"": 0.05}","{""high"": 0.9918210233975402, ""insufficient"": 0.001024846321437761, ""low"": 0.003577065140510964, ""medium"": 0.003577065140510964}",0.046422934859489,0.013820233486138615,0.09094736459118805,0.003917932583987994,
case_59c079188ffcafda,semantic_adjudication,209.73658305592835,239,0,code_review_severity,code_high_clear,5.0,0.0,0.1431984785579781,0.95,"low:0,medium:1,high:19,insufficient:0",benchmark_authored_adjudication,Duplicate financial debits are a high-severity correctness/data-integrity issue.,target,choice,high,high,0.9936125313580859,0.9936125313580859,0.03206211916027123,1,0.9936125313580859,0.006407955807086015,5.99957768965291e-05,"{""high"": 0.95, ""insufficient"": 0.0, ""low"": 0.0, ""medium"": 0.05}","{""high"": 0.9936125313580859, ""insufficient"": 0.0040606673140542076, ""low"": 0.0011634006639299145, ""medium"": 0.0011634006639299145}",0.04883659933607008,0.01701108007582129,0.1453927124612134,0.004304908846312134,
case_f47f4056c230cf4c,semantic_adjudication,267.25004194304347,270,0,code_review_severity,code_high_clear,6.0,2.0,0.1431984785579781,0.95,"low:0,medium:1,high:19,insufficient:0",benchmark_authored_adjudication,Duplicate financial debits are a high-severity correctness/data-integrity issue.,target,choice,high,high,0.9822785777004925,0.9822785777004925,0.07703716965457362,1,0.9822785777004925,0.017880326845650815,0.0004400265976786803,"{""high"": 0.95, ""insufficient"": 0.0, ""low"": 0.0, ""medium"": 0.05}","{""high"": 0.9822785777004925, ""insufficient"": 0.004548852267021603, ""low"": 0.0035426497076325595, ""medium"": 0.009629920324853335}",0.040370079675146706,0.010422871365392874,0.05061508349977824,0.0027048923352426036,
case_f79a648f055589fa,semantic_adjudication,265.53004095330834,298,0,code_review_severity,code_high_clear,7.0,6.0,0.1431984785579781,0.95,"low:0,medium:1,high:19,insufficient:0",benchmark_authored_adjudication,Duplicate financial debits are a high-severity correctness/data-integrity issue.,target,choice,high,high,0.9952172597563491,0.9952172597563491,0.025092150722454635,1,0.9952172597563491,0.004794214144847814,3.253728265314955e-05,"{""high"": 0.95, ""insufficient"": 0.0, ""low"": 0.0, ""medium"": 0.05}","{""high"": 0.9952172597563491, ""insufficient"": 0.00042868241089222373, ""low"": 0.002177028916379323, ""medium"": 0.002177028916379323}",0.04782297108362069,0.014725700586118374,0.11252897079897525,0.004336560366650133,
case_cbd56830ee50e215,semantic_adjudication,309.2163330875337,359,0,code_review_severity,code_high_clear,8.0,12.0,0.1431984785579781,0.95,"low:0,medium:1,high:19,insufficient:0",benchmark_authored_adjudication,Duplicate financial debits are a high-severity correctness/data-integrity issue.,target,choice,high,high,0.9942967271535232,0.9942967271535232,0.029750972306665208,1,0.9942967271535232,0.005719598610172551,4.4026239381795516e-05,"{""high"": 0.95, ""insufficient"": 0.0, ""low"": 0.0, ""medium"": 0.05}","{""high"": 0.9942967271535232, ""insufficient"": 0.0019194442295711932, ""low"": 0.0013192134402214787, ""medium"": 0.0024646151766840323}",0.047535384823315964,0.014586184753651296,0.10720435526429994,0.00422723743706572,
case_b51a9e01dcda9bfb,semantic_adjudication,396.50470786727965,451,0,code_review_severity,code_high_clear,9.0,24.0,0.1431984785579781,0.95,"low:0,medium:1,high:19,insufficient:0",benchmark_authored_adjudication,Duplicate financial debits are a high-severity correctness/data-integrity issue.,target,choice,high,high,0.9954069529188012,0.9954069529188012,0.023897397268676363,1,0.9954069529188012,0.004603627532047235,3.216417927736886e-05,"{""high"": 0.95, ""insufficient"": 0.0, ""low"": 0.0, ""medium"": 0.05}","{""high"": 0.9954069529188012, ""insufficient"": 0.0008010368335213161, ""low"": 0.0006238481132154395, ""medium"": 0.0031681621344621627}",0.04683183786553793,0.013181973129981673,0.09358838418617464,0.004256043257711278,
case_5c715386825aa18d,semantic_adjudication,207.72208296693861,245,0,code_review_severity,code_high_clear,10.0,0.0,0.1431984785579781,0.95,"low:0,medium:1,high:19,insufficient:0",benchmark_authored_adjudication,Duplicate financial debits are a high-severity correctness/data-integrity issue.,target,choice,high,high,0.9830963350358921,0.9830963350358921,0.0726820615405135,1,0.9830963350358921,0.01704816258295323,0.00042351632053103376,"{""high"": 0.95, ""insufficient"": 0.0, ""low"": 0.0, ""medium"": 0.05}","{""high"": 0.9830963350358921, ""insufficient"": 0.002436852180342937, ""low"": 0.003545599001092618, ""medium"": 0.010921213782672422}",0.039078786217327646,0.00900365178396356,0.043532919237080636,0.0026410284458530052,
case_f04dc66b6f26de6e,semantic_adjudication,262.2605829965323,266,0,code_review_severity,code_high_clear,11.0,2.0,0.1431984785579781,0.95,"low:0,medium:1,high:19,insufficient:0",benchmark_authored_adjudication,Duplicate financial debits are a high-severity correctness/data-integrity issue.,target,choice,high,high,0.993645691801246,0.993645691801246,0.031823360625439945,1,0.993645691801246,0.006374582747886491,5.9738438674876375e-05,"{""high"": 0.95, ""insufficient"": 0.0, ""low"": 0.0, ""medium"": 0.05}","{""high"": 0.993645691801246, ""insufficient"": 0.0007996194885605704, ""low"": 0.0014938858769873067, ""medium"": 0.004060802833206201}",0.04593919716679384,0.01256763978783445,0.08285933940201394,0.004018227335478856,
case_91b92cc61c73168e,semantic_adjudication,265.83412499167025,301,0,code_review_severity,code_high_clear,12.0,6.0,0.1431984785579781,0.95,"low:0,medium:1,high:19,insufficient:0",benchmark_authored_adjudication,Duplicate financial debits are a high-severity correctness/data-integrity issue.,target,choice,high,high,0.994707075838267,0.994707075838267,0.02773699576261976,1,0.994707075838267,0.005306981309040737,3.8604446332266046e-05,"{""high"": 0.95, ""insufficient"": 0.0, ""low"": 0.0, ""medium"": 0.05}","{""high"": 0.994707075838267, ""insufficient"": 0.0019202363888869522, ""low"": 0.0009070554434663842, ""medium"": 0.002465632329379533}",0.04753436767062043,0.014447056253852958,0.10679173796316821,0.004262748797221018,
case_96a3c35427db1de9,semantic_adjudication,307.2446670848876,350,0,code_review_severity,code_high_clear,13.0,12.0,0.1431984785579781,0.95,"low:0,medium:1,high:19,insufficient:0",benchmark_authored_adjudication,Duplicate financial debits are a high-severity correctness/data-integrity issue.,target,choice,high,high,0.9885149091701458,0.9885149091701458,0.04958589866004881,1,0.9885149091701458,0.011551553864927976,0.00022777687823921934,"{""high"": 0.95, ""insufficient"": 0.0, ""low"": 0.0, ""medium"": 0.05}","{""high"": 0.9885149091701458, ""insufficient"": 0.0013115422372653735, ""low"": 0.0004824894253179288, ""medium"": 0.009691059167270857}",0.040308940832729165,0.008262377543870766,0.04428631051905543,0.003110161878526721,
case_947863208c2a9d1a,semantic_adjudication,396.9077921938151,462,0,code_review_severity,code_high_clear,14.0,24.0,0.1431984785579781,0.95,"low:0,medium:1,high:19,insufficient:0",benchmark_authored_adjudication,Duplicate financial debits are a high-severity correctness/data-integrity issue.,target,choice,high,high,0.9853690234745554,0.9853690234745554,0.06592811120629966,1,0.9853690234745554,0.014739064849883314,0.00029592572724886806,"{""high"": 0.95, ""insufficient"": 0.0, ""low"": 0.0, ""medium"": 0.05}","{""high"": 0.9853690234745554, ""insufficient"": 0.00355379559543515, ""low"": 0.00355379559543515, ""medium"": 0.007523385334574264}",0.04247661466542572,0.011404834969420036,0.059973821504010774,0.00308048954124698,
case_54bf78e365fd5032,semantic_adjudication,208.81549990735948,240,0,code_review_severity,code_high_clear,15.0,0.0,0.1431984785579781,0.95,"low:0,medium:1,high:19,insufficient:0",benchmark_authored_adjudication,Duplicate financial debits are a high-severity correctness/data-integrity issue.,target,choice,high,high,0.982841871879352,0.982841871879352,0.07361187949773136,1,0.982841871879352,0.017307034562821243,0.00042434228005467647,"{""high"": 0.95, ""insufficient"": 0.0, ""low"": 0.0, ""medium"": 0.05}","{""high"": 0.982841871879352, ""insufficient"": 0.0011507895182437838, ""low"": 0.008503248308364695, ""medium"": 0.007504090294039544}",0.0424959097059605,0.012278227388870057,0.06254179121694864,0.0029581204385859265,
case_b04a2a6edae38043,semantic_adjudication,262.929042102769,265,0,code_review_severity,code_high_clear,16.0,2.0,0.1431984785579781,0.95,"low:0,medium:1,high:19,insufficient:0",benchmark_authored_adjudication,Duplicate financial debits are a high-severity correctness/data-integrity issue.,target,choice,high,high,0.9745788680746273,0.9745788680746273,0.10199736291044167,1,0.9745788680746273,0.025749831472868936,0.0009471209999623028,"{""high"": 0.95, ""insufficient"": 0.0, ""low"": 0.0, ""medium"": 0.05}","{""high"": 0.9745788680746273, ""insufficient"": 0.006566660759515547, ""low"": 0.0031018709059920523, ""medium"": 0.015752600259865062}",0.034247399740134965,0.008116147513558592,0.03348458812699637,0.0018297477814385333,
case_24e6e091e47d23ca,semantic_adjudication,265.03841718658805,302,0,code_review_severity,code_high_clear,17.0,6.0,0.1431984785579781,0.95,"low:0,medium:1,high:19,insufficient:0",benchmark_authored_adjudication,Duplicate financial debits are a high-severity correctness/data-integrity issue.,target,choice,high,high,0.9903424282606972,0.9903424282606972,0.04567462558143595,1,0.9903424282606972,0.009704508526647972,0.00013569917352464526,"{""high"": 0.95, ""insufficient"": 0.0, ""low"": 0.0, ""medium"": 0.05}","{""high"": 0.9903424282606972, ""insufficient"": 0.005888791335774478, ""low"": 0.0013139669538320452, ""medium"": 0.00245481344969625}",0.04754518655030375,0.01592902206811896,0.11118926518077535,0.003924460654624742,
case_75e9f1fe761f8f55,semantic_adjudication,307.3973339051008,352,0,code_review_severity,code_high_clear,18.0,12.0,0.1431984785579781,0.95,"low:0,medium:1,high:19,insufficient:0",benchmark_authored_adjudication,Duplicate financial debits are a high-severity correctness/data-integrity issue.,target,choice,high,high,0.98784815679633,0.98784815679633,0.05433306867571791,1,0.98784815679633,0.01222628049850333,0.00022804463571555862,"{""high"": 0.95, ""insufficient"": 0.0, ""low"": 0.0, ""medium"": 0.05}","{""high"": 0.98784815679633, ""insufficient"": 0.0011566512752289476, ""low"": 0.008546561159566368, ""medium"": 0.002448630768874753}",0.047551369231125296,0.016778045870382383,0.11371103715263076,0.0037679972384610846,
case_58cffff01c9ad8af,semantic_adjudication,397.26045820862055,454,0,code_review_severity,code_high_clear,19.0,24.0,0.1431984785579781,0.95,"low:0,medium:1,high:19,insufficient:0",benchmark_authored_adjudication,Duplicate financial debits are a high-severity correctness/data-integrity issue.,target,choice,high,high,0.994898201420377,0.994898201420377,0.026502860011496543,1,0.994898201420377,0.005114857187857039,3.7935245778367576e-05,"{""high"": 0.95, ""insufficient"": 0.0, ""low"": 0.0, ""medium"": 0.05}","{""high"": 0.994898201420377, ""insufficient"": 0.0009072297274378664, ""low"": 0.0010280259622224568, ""medium"": 0.0031665428899627823}",0.04683345711003729,0.013354739243711665,0.09409961384198443,0.004211101098819793,
case_60c8d541d7706b3f,semantic_adjudication,208.52391701191664,241,0,code_review_severity,code_high_clear,20.0,0.0,0.1431984785579781,0.95,"low:0,medium:1,high:19,insufficient:0",benchmark_authored_adjudication,Duplicate financial debits are a high-severity correctness/data-integrity issue.,target,choice,high,high,0.983558421737756,0.983558421737756,0.07125423219545343,1,0.983558421737756,0.016578241048656742,0.0003883584415206267,"{""high"": 0.95, ""insufficient"": 0.0, ""low"": 0.0, ""medium"": 0.05}","{""high"": 0.983558421737756, ""insufficient"": 0.0013049660667334474, ""low"": 0.008509447679337446, ""medium"": 0.006627164516173152}",0.04337283548382689,0.012952199711948036,0.06806299770278418,0.003081484163678913,
case_a875bfd9c789542a,semantic_adjudication,261.8453330360353,263,0,code_review_severity,code_high_clear,21.0,2.0,0.1431984785579781,0.95,"low:0,medium:1,high:19,insufficient:0",benchmark_authored_adjudication,Duplicate financial debits are a high-severity correctness/data-integrity issue.,target,choice,high,high,0.9931035228607362,0.9931035228607362,0.03493153765401855,1,0.9931035228607362,0.006920367741751934,6.48593125086355e-05,"{""high"": 0.95, ""insufficient"": 0.0, ""low"": 0.0, ""medium"": 0.05}","{""high"": 0.9931035228607362, ""insufficient"": 0.0027894234095740705, ""low"": 0.0013176303201155913, ""medium"": 0.0027894234095740705}",0.04721057659042593,0.014499562933092226,0.10215512439587934,0.004096269257624854,
case_5b5b509a467bbfcc,semantic_adjudication,266.76549995318055,308,0,code_review_severity,code_high_clear,22.0,6.0,0.1431984785579781,0.95,"low:0,medium:1,high:19,insufficient:0",benchmark_authored_adjudication,Duplicate financial debits are a high-severity correctness/data-integrity issue.,target,choice,high,high,0.9450505210810977,0.9450505210810977,0.19508941766790372,1,0.9450505210810977,0.056516891455928295,0.004117607022308893,"{""high"": 0.95, ""insufficient"": 0.0, ""low"": 0.0, ""medium"": 0.05}","{""high"": 0.9450505210810977, ""insufficient"": 0.022225457975874233, ""low"": 0.022225457975874233, ""medium"": 0.010498562967154}",0.04445091595174838,0.022417541262691,0.08300164811005575,0.002572802833703259,
case_c3ff282b5b2a66e7,semantic_adjudication,308.4478329401463,352,0,code_review_severity,code_high_clear,23.0,12.0,0.1431984785579781,0.95,"low:0,medium:1,high:19,insufficient:0",benchmark_authored_adjudication,Duplicate financial debits are a high-severity correctness/data-integrity issue.,target,choice,high,high,0.9867908859946649,0.9867908859946649,0.060748314652468126,1,0.9867908859946649,0.013297130289058904,0.000237475160157767,"{""high"": 0.95, ""insufficient"": 0.0, ""low"": 0.0, ""medium"": 0.05}","{""high"": 0.9867908859946649, ""insufficient"": 0.004569748400032563, ""low"": 0.0027716925117925017, ""medium"": 0.005867673093509952}",0.044132326906490035,0.012695783304575596,0.07103188694318635,0.0033297964502732665,
case_e2e1758192b82c19,semantic_adjudication,395.4755000304431,452,0,code_review_severity,code_high_clear,24.0,24.0,0.1431984785579781,0.95,"low:0,medium:1,high:19,insufficient:0",benchmark_authored_adjudication,Duplicate financial debits are a high-severity correctness/data-integrity issue.,target,choice,high,high,0.9854938695617664,0.9854938695617664,0.0600157953364803,1,0.9854938695617664,0.014612373046187387,0.0003666637571747451,"{""high"": 0.95, ""insufficient"": 0.0, ""low"": 0.0, ""medium"": 0.05}","{""high"": 0.9854938695617664, ""insufficient"": 0.0013075339810316182, ""low"": 0.0007930594481117933, ""medium"": 0.012405537009090212}",0.03759446299090984,0.006957439206859749,0.034847129700314804,0.0026754970124423707,
case_38978691b0e59998,semantic_adjudication,208.40070908889174,239,0,code_review_severity,code_high_clear,25.0,0.0,0.1431984785579781,0.95,"low:0,medium:1,high:19,insufficient:0",benchmark_authored_adjudication,Duplicate financial debits are a high-severity correctness/data-integrity issue.,target,choice,high,high,0.994762038326337,0.994762038326337,0.027172177222175995,1,0.994762038326337,0.00525172788721812,3.9639967081110353e-05,"{""high"": 0.95, ""insufficient"": 0.0, ""low"": 0.0, ""medium"": 0.05}","{""high"": 0.994762038326337, ""insufficient"": 0.0011647465982129973, ""low"": 0.0009071055627680373, ""medium"": 0.003166109512681879}",0.04683389048731812,0.013400989494956474,0.0942364845413455,0.00419923284844663,
case_ee4a9bc1e3088a5e,semantic_adjudication,263.06012482382357,270,0,code_review_severity,code_high_clear,26.0,2.0,0.1431984785579781,0.95,"low:0,medium:1,high:19,insufficient:0",benchmark_authored_adjudication,Duplicate financial debits are a high-severity correctness/data-integrity issue.,target,choice,high,high,0.9575631976224273,0.9575631976224273,0.1564657639209316,1,0.9575631976224273,0.0433635573665935,0.0025286855366596682,"{""high"": 0.95, ""insufficient"": 0.0, ""low"": 0.0, ""medium"": 0.05}","{""high"": 0.9575631976224273, ""insufficient"": 0.01753838174079398, ""low"": 0.005024830497902647, ""medium"": 0.019873590138876174}",0.030126409861123877,0.011183539482790565,0.03859831402072091,0.0012976462850147771,
case_d713af1aacc00862,semantic_adjudication,265.34004090353847,300,0,code_review_severity,code_high_clear,27.0,6.0,0.1431984785579781,0.95,"low:0,medium:1,high:19,insufficient:0",benchmark_authored_adjudication,Duplicate financial debits are a high-severity correctness/data-integrity issue.,target,choice,high,high,0.9948045453419511,0.9948045453419511,0.027087389205138767,1,0.9948045453419511,0.005208997962048056,3.817167127432034e-05,"{""high"": 0.95, ""insufficient"": 0.0, ""low"": 0.0, ""medium"": 0.05}","{""high"": 0.9948045453419511, ""insufficient"": 0.00070648471000601, ""low"": 0.001694768716398927, ""medium"": 0.0027942012316440642}",0.04720579876835599,0.013922027202502267,0.10044375461617547,0.0042392060823050245,
case_59d0c4383d708b70,semantic_adjudication,307.14374990202487,351,0,code_review_severity,code_high_clear,28.0,12.0,0.1431984785579781,0.95,"low:0,medium:1,high:19,insufficient:0",benchmark_authored_adjudication,Duplicate financial debits are a high-severity correctness/data-integrity issue.,target,choice,high,high,0.997203445115643,0.997203445115643,0.01568714544917508,1,0.997203445115643,0.002800472549649697,1.1437960516180369e-05,"{""high"": 0.95, ""insufficient"": 0.0, ""low"": 0.0, ""medium"": 0.05}","{""high"": 0.997203445115643, ""insufficient"": 0.0002952168247210267, ""low"": 0.0008024825300945459, ""medium"": 0.001698855529541535}",0.048301144470458524,0.014847471849518843,0.12303522920377716,0.004561896919126327,
case_4b99d918965781e3,semantic_adjudication,395.35483391955495,454,0,code_review_severity,code_high_clear,29.0,24.0,0.1431984785579781,0.95,"low:0,medium:1,high:19,insufficient:0",benchmark_authored_adjudication,Duplicate financial debits are a high-severity correctness/data-integrity issue.,target,choice,high,high,0.9777677195810119,0.9777677195810119,0.08887486051515084,1,0.9777677195810119,0.022483142697114884,0.0007720538434649979,"{""high"": 0.95, ""insufficient"": 0.0, ""low"": 0.0, ""medium"": 0.05}","{""high"": 0.9777677195810119, ""insufficient"": 0.005130854098626985, ""low"": 0.0012972830764299737, ""medium"": 0.015804143243930976}",0.03419585675606898,0.006995702118152368,0.03021789935124234,0.001968411477173097,
case_8550ff81294d4fec,semantic_adjudication,211.53345797210932,243,0,code_review_severity,code_medium_border,0.0,0.0,0.659517637169433,0.7,"low:2,medium:14,high:3,insufficient:1",benchmark_authored_adjudication,Reliability defect is real but impact is bounded and retries exist.,target,choice,medium,medium,0.9736083541025695,0.9736083541025695,0.1088609778011576,1,0.9736083541025695,0.026746156714398943,0.00092953055870842,"{""high"": 0.15, ""insufficient"": 0.05, ""low"": 0.1, ""medium"": 0.7}","{""high"": 0.008423362726907377, ""insufficient"": 0.009544920443615856, ""low"": 0.008423362726907377, ""medium"": 0.9736083541025695}",0.27360835410256945,0.07998647282459445,0.5312105752473,0.10492836961243487,
case_6798901837fdd61b,semantic_adjudication,262.0557921472937,265,0,code_review_severity,code_medium_border,1.0,2.0,0.659517637169433,0.7,"low:2,medium:14,high:3,insufficient:1",benchmark_authored_adjudication,Reliability defect is real but impact is bounded and retries exist.,target,choice,medium,medium,0.8012640050502421,0.8012640050502421,0.476463160240083,1,0.8012640050502421,0.22156479189815104,0.05902261278813779,"{""high"": 0.15, ""insufficient"": 0.05, ""low"": 0.1, ""medium"": 0.7}","{""high"": 0.12287781492851448, ""insufficient"": 0.010086425269314801, ""low"": 0.06577175475192876, ""medium"": 0.8012640050502421}",0.10126400505024205,0.011393858651754369,0.05727921043105205,0.01375467786241148,
case_e610974226d990ee,semantic_adjudication,266.2447080947459,307,0,code_review_severity,code_medium_border,2.0,6.0,0.659517637169433,0.7,"low:2,medium:14,high:3,insufficient:1",benchmark_authored_adjudication,Reliability defect is real but impact is bounded and retries exist.,target,choice,medium,medium,0.8125982474593402,0.8125982474593402,0.4465262041651623,1,0.8125982474593402,0.20751845213851522,0.056130299243610245,"{""high"": 0.15, ""insufficient"": 0.05, ""low"": 0.1, ""medium"": 0.7}","{""high"": 0.1412084019019302, ""insufficient"": 0.021655009791895836, ""low"": 0.024538340846833744, ""medium"": 0.8125982474593402}",0.11259824745934022,0.017304793711806116,0.0869828706714162,0.01925355800007896,
case_4fa1cbd5681c5d70,semantic_adjudication,307.05683305859566,352,0,code_review_severity,code_medium_border,3.0,12.0,0.659517637169433,0.7,"low:2,medium:14,high:3,insufficient:1",benchmark_authored_adjudication,Reliability defect is real but impact is bounded and retries exist.,target,choice,medium,medium,0.7887062389516417,0.7887062389516417,0.5043843976005326,1,0.7887062389516417,0.23736134818518376,0.06653901323985142,"{""high"": 0.15, ""insufficient"": 0.05, ""low"": 0.1, ""medium"": 0.7}","{""high"": 0.05042030297656489, ""insufficient"": 0.02381686470519748, ""low"": 0.13705659336659587, ""medium"": 0.7887062389516417}",0.12576283231823762,0.01808565202097971,0.08557576671808469,0.019843660574028067,
case_a81dc96f5c379754,semantic_adjudication,396.8236669898033,464,0,code_review_severity,code_medium_border,4.0,24.0,0.659517637169433,0.7,"low:2,medium:14,high:3,insufficient:1",benchmark_authored_adjudication,Reliability defect is real but impact is bounded and retries exist.,target,choice,medium,medium,0.9295405752465765,0.9295405752465765,0.23221484731816364,1,0.9295405752465765,0.07306482000676916,0.0071113440354549085,"{""high"": 0.15, ""insufficient"": 0.05, ""low"": 0.1, ""medium"": 0.7}","{""high"": 0.019291999165980667, ""insufficient"": 0.01032626303256998, ""low"": 0.04084116255487278, ""medium"": 0.9295405752465765}",0.22954057524657656,0.050267515434852375,0.27752923853967015,0.07484723061937508,
case_8e7de87bf5588b16,semantic_adjudication,208.44429079443216,241,0,code_review_severity,code_medium_border,5.0,0.0,0.659517637169433,0.7,"low:2,medium:14,high:3,insufficient:1",benchmark_authored_adjudication,Reliability defect is real but impact is bounded and retries exist.,target,choice,medium,medium,0.964801878859429,0.964801878859429,0.1376212124691831,1,0.964801878859429,0.03583250560291467,0.0016580549927286635,"{""high"": 0.15, ""insufficient"": 0.05, ""low"": 0.1, ""medium"": 0.7}","{""high"": 0.01071798073233907, ""insufficient"": 0.01071798073233907, ""low"": 0.013762159675892859, ""medium"": 0.964801878859429}",0.264801878859429,0.07192785153955605,0.4465469241358157,0.0984995580802719,
case_cdec31627ce134b4,semantic_adjudication,261.7849169764668,271,0,code_review_severity,code_medium_border,6.0,2.0,0.659517637169433,0.7,"low:2,medium:14,high:3,insufficient:1",benchmark_authored_adjudication,Reliability defect is real but impact is bounded and retries exist.,target,choice,medium,medium,0.8972807853054899,0.8972807853054899,0.315781933456284,1,0.8972807853054899,0.10838643880967946,0.014447941877893918,"{""high"": 0.15, ""insufficient"": 0.05, ""low"": 0.1, ""medium"": 0.7}","{""high"": 0.04467297980317508, ""insufficient"": 0.039423766305526194, ""low"": 0.018622468585808776, ""medium"": 0.8972807853054899}",0.19728078530548995,0.03679157766740386,0.18785085734258053,0.056747648772520996,
case_55cdb8200e59a142,semantic_adjudication,264.8032910656184,301,0,code_review_severity,code_medium_border,7.0,6.0,0.659517637169433,0.7,"low:2,medium:14,high:3,insufficient:1",benchmark_authored_adjudication,Reliability defect is real but impact is bounded and retries exist.,target,choice,medium,medium,0.9209716955192078,0.9209716955192078,0.2602817651809848,1,0.9209716955192078,0.0823259755343574,0.008458913297380282,"{""high"": 0.15, ""insufficient"": 0.05, ""low"": 0.1, ""medium"": 0.7}","{""high"": 0.021659178275798528, ""insufficient"": 0.021659178275798528, ""low"": 0.035709947929195164, ""medium"": 0.9209716955192078}",0.2209716955192078,0.04532116848320695,0.24304039406725847,0.07023626971274652,
case_44c47ed5e47fa596,semantic_adjudication,307.8233329579234,354,0,code_review_severity,code_medium_border,8.0,12.0,0.659517637169433,0.7,"low:2,medium:14,high:3,insufficient:1",benchmark_authored_adjudication,Reliability defect is real but impact is bounded and retries exist.,target,choice,medium,medium,0.8768689054130012,0.8768689054130012,0.36490025720062175,1,0.8768689054130012,0.13139777849824547,0.020414702193291404,"{""high"": 0.15, ""insufficient"": 0.05, ""low"": 0.1, ""medium"": 0.7}","{""high"": 0.043656732143451116, ""insufficient"": 0.04946955849430443, ""low"": 0.030004803949243167, ""medium"": 0.8768689054130012}",0.17686890541300127,0.030349261890455108,0.1483621970311465,0.047491109158777745,
case_d7ff394f47e7fab0,semantic_adjudication,397.05945807509124,461,0,code_review_severity,code_medium_border,9.0,24.0,0.659517637169433,0.7,"low:2,medium:14,high:3,insufficient:1",benchmark_authored_adjudication,Reliability defect is real but impact is bounded and retries exist.,target,choice,medium,medium,0.84484523175687,0.84484523175687,0.4254759194921323,1,0.84484523175687,0.16860182608455776,0.03335574980786213,"{""high"": 0.15, ""insufficient"": 0.05, ""low"": 0.1, ""medium"": 0.7}","{""high"": 0.07858284769392988, ""insufficient"": 0.04766290645389668, ""low"": 0.028909014095303488, ""medium"": 0.84484523175687}",0.14484523175687,0.019457762927944797,0.09181624461745871,0.031139941089354802,
case_bce1292c14588d96,semantic_adjudication,207.99820800311863,247,0,code_review_severity,code_medium_border,10.0,0.0,0.659517637169433,0.7,"low:2,medium:14,high:3,insufficient:1",benchmark_authored_adjudication,Reliability defect is real but impact is bounded and retries exist.,target,choice,medium,medium,0.9327342921171252,0.9327342921171252,0.22618316818233333,1,0.9327342921171252,0.06963490742242949,0.006345260812965932,"{""high"": 0.15, ""insufficient"": 0.05, ""low"": 0.1, ""medium"": 0.7}","{""high"": 0.019358282644984973, ""insufficient"": 0.011741391943566357, ""low"": 0.036166033294323524, ""medium"": 0.9327342921171252}",0.2327342921171252,0.05108335845046073,0.2803493259553305,0.07677100543652425,
case_98701f03bcec237e,semantic_adjudication,262.38595810718834,267,0,code_review_severity,code_medium_border,11.0,2.0,0.659517637169433,0.7,"low:2,medium:14,high:3,insufficient:1",benchmark_authored_adjudication,Reliability defect is real but impact is bounded and retries exist.,target,choice,medium,medium,0.9389438418762319,0.9389438418762319,0.21411902016968284,1,0.9389438418762319,0.06299960787093493,0.0049749608529591795,"{""high"": 0.15, ""insufficient"": 0.05, ""low"": 0.1, ""medium"": 0.7}","{""high"": 0.01948715773872902, ""insufficient"": 0.01948715773872902, ""low"": 0.022081842646310024, ""medium"": 0.9389438418762319}",0.23894384187623194,0.05416525362655867,0.29871402640383593,0.08113003435394474,
case_a76066bcfa85e74c,semantic_adjudication,265.9005830064416,302,0,code_review_severity,code_medium_border,12.0,6.0,0.659517637169433,0.7,"low:2,medium:14,high:3,insufficient:1",benchmark_authored_adjudication,Reliability defect is real but impact is bounded and retries exist.,target,choice,medium,medium,0.9394900826086316,0.9394900826086316,0.2098390269655944,1,0.9394900826086316,0.06241801621559189,0.005024035670989335,"{""high"": 0.15, ""insufficient"": 0.05, ""low"": 0.1, ""medium"": 0.7}","{""high"": 0.02503656265797808, ""insufficient"": 0.02503656265797808, ""low"": 0.010436792075412267, ""medium"": 0.9394900826086316}",0.23949008260863164,0.05663602021528511,0.3231324347484929,0.08161610175789466,
case_108e3303c5255e67,semantic_adjudication,308.36345814168453,356,0,code_review_severity,code_medium_border,13.0,12.0,0.659517637169433,0.7,"low:2,medium:14,high:3,insufficient:1",benchmark_authored_adjudication,Reliability defect is real but impact is bounded and retries exist.,target,choice,medium,medium,0.9532420407337279,0.9532420407337279,0.16680126312709354,1,0.9532420407337279,0.04788642988988822,0.003151622489632647,"{""high"": 0.15, ""insufficient"": 0.05, ""low"": 0.1, ""medium"": 0.7}","{""high"": 0.025403039928619253, ""insufficient"": 0.0038956823460137993, ""low"": 0.017459236991638996, ""medium"": 0.9532420407337279}",0.2532420407337279,0.061957675948196206,0.3523508484227892,0.08859451931835444,
case_1afda4c1c7e7b733,semantic_adjudication,398.9075419958681,456,0,code_review_severity,code_medium_border,14.0,24.0,0.659517637169433,0.7,"low:2,medium:14,high:3,insufficient:1",benchmark_authored_adjudication,Reliability defect is real but impact is bounded and retries exist.,target,choice,medium,medium,0.9468683205946946,0.9468683205946946,0.18641534070069107,1,0.9468683205946946,0.054595244466702005,0.0039872622523911775,"{""high"": 0.15, ""insufficient"": 0.05, ""low"": 0.1, ""medium"": 0.7}","{""high"": 0.022268208522852183, ""insufficient"": 0.005630284842213756, ""low"": 0.025233186040239466, ""medium"": 0.9468683205946946}",0.24686832059469463,0.05793383014669406,0.3215596629996029,0.08481812636008304,
case_90410310365041a3,semantic_adjudication,208.350959001109,242,0,code_review_severity,code_medium_border,15.0,0.0,0.659517637169433,0.7,"low:2,medium:14,high:3,insufficient:1",benchmark_authored_adjudication,Reliability defect is real but impact is bounded and retries exist.,target,choice,medium,medium,0.9340229167607614,0.9340229167607614,0.22200590852190358,1,0.9340229167607614,0.06825430490787524,0.006148015919673511,"{""high"": 0.15, ""insufficient"": 0.05, ""low"": 0.1, ""medium"": 0.7}","{""high"": 0.03621599869407295, ""insufficient"": 0.01037605734893428, ""low"": 0.019385027196231374, ""medium"": 0.9340229167607614}",0.23402291676076142,0.04904586920244462,0.2539687234407762,0.0757823551937688,
case_a016804a573e731c,semantic_adjudication,261.52954204007983,266,0,code_review_severity,code_medium_border,16.0,2.0,0.659517637169433,0.7,"low:2,medium:14,high:3,insufficient:1",benchmark_authored_adjudication,Reliability defect is real but impact is bounded and retries exist.,target,choice,medium,medium,0.7990972857557748,0.7990972857557748,0.5181038555122548,1,0.7990972857557748,0.22427258123397484,0.05436781624573466,"{""high"": 0.15, ""insufficient"": 0.05, ""low"": 0.1, ""medium"": 0.7}","{""high"": 0.06559389960162404, ""insufficient"": 0.08422423426814918, ""low"": 0.05108458037445191, ""medium"": 0.7990972857557748}",0.13332152002392403,0.016362769055869024,0.07248699976687581,0.020508678317007024,
case_7b54ed9ec488827b,semantic_adjudication,265.12987492606044,298,0,code_review_severity,code_medium_border,17.0,6.0,0.659517637169433,0.7,"low:2,medium:14,high:3,insufficient:1",benchmark_authored_adjudication,Reliability defect is real but impact is bounded and retries exist.,target,choice,medium,medium,0.8946409355596248,0.8946409355596248,0.30981506488845406,1,0.8946409355596248,0.11133283052410214,0.016336480329723586,"{""high"": 0.15, ""insufficient"": 0.05, ""low"": 0.1, ""medium"": 0.7}","{""high"": 0.030612929379438828, ""insufficient"": 0.00993856305610173, ""low"": 0.06480757200483464, ""medium"": 0.8946409355596248}",0.1946409355596248,0.03665758319205054,0.19079724905700315,0.05498179214508971,
case_2483e5c30e708cf8,semantic_adjudication,308.7104170117527,359,0,code_review_severity,code_medium_border,18.0,12.0,0.659517637169433,0.7,"low:2,medium:14,high:3,insufficient:1",benchmark_authored_adjudication,Reliability defect is real but impact is bounded and retries exist.,target,choice,medium,medium,0.9388596746748898,0.9388596746748898,0.21063616913172437,1,0.9388596746748898,0.06308925218212785,0.005205592958260168,"{""high"": 0.15, ""insufficient"": 0.05, ""low"": 0.1, ""medium"": 0.7}","{""high"": 0.03212601142607766, ""insufficient"": 0.011818499130492821, ""low"": 0.017195814768539732, ""medium"": 0.9388596746748898}",0.23885967467488983,0.05195517697394105,0.2738036707150288,0.07926258146861358,
case_ea4509b901ce1584,semantic_adjudication,397.0329579897225,457,0,code_review_severity,code_medium_border,19.0,24.0,0.659517637169433,0.7,"low:2,medium:14,high:3,insufficient:1",benchmark_authored_adjudication,Reliability defect is real but impact is bounded and retries exist.,target,choice,medium,medium,0.8757702576169945,0.8757702576169945,0.33517411113284634,1,0.8757702576169945,0.13265148543699742,0.024571735401544906,"{""high"": 0.15, ""insufficient"": 0.05, ""low"": 0.1, ""medium"": 0.7}","{""high"": 0.09230550604717537, ""insufficient"": 0.008585749496309827, ""low"": 0.023338486839520403, ""medium"": 0.8757702576169945}",0.17577025761699444,0.02930841645689109,0.14961590396989846,0.04181596584005392,
case_9142e315a675e7d6,semantic_adjudication,208.69333297014236,243,0,code_review_severity,code_medium_border,20.0,0.0,0.659517637169433,0.7,"low:2,medium:14,high:3,insufficient:1",benchmark_authored_adjudication,Reliability defect is real but impact is bounded and retries exist.,target,choice,medium,medium,0.8604546084575263,0.8604546084575263,0.38628886387647887,1,0.8604546084575263,0.15029441491650708,0.02768077559697145,"{""high"": 0.15, ""insufficient"": 0.05, ""low"": 0.1, ""medium"": 0.7}","{""high"": 0.05500702278414465, ""insufficient"": 0.013907953407165613, ""low"": 0.07063041535116343, ""medium"": 0.8604546084575263}",0.16045460845752632,0.022246905340781796,0.10475883344940803,0.0369345554252946,
case_fd617e2ab16a2e69,semantic_adjudication,261.35058398358524,264,0,code_review_severity,code_medium_border,21.0,2.0,0.659517637169433,0.7,"low:2,medium:14,high:3,insufficient:1",benchmark_authored_adjudication,Reliability defect is real but impact is bounded and retries exist.,target,choice,medium,medium,0.8414411446537201,0.8414411446537201,0.41045563262080126,1,0.8414411446537201,0.17263920879105837,0.03760599608397269,"{""high"": 0.15, ""insufficient"": 0.05, ""low"": 0.1, ""medium"": 0.7}","{""high"": 0.04747086100100237, ""insufficient"": 0.010592180817537511, ""low"": 0.10049581352773998, ""medium"": 0.8414411446537201}",0.14193695818146013,0.024191176527408577,0.1208536273239594,0.032071043788602316,
case_8759ecc438cbaf40,semantic_adjudication,265.55562508292496,307,0,code_review_severity,code_medium_border,22.0,6.0,0.659517637169433,0.7,"low:2,medium:14,high:3,insufficient:1",benchmark_authored_adjudication,Reliability defect is real but impact is bounded and retries exist.,target,choice,medium,medium,0.921452348503806,0.921452348503806,0.25375219257364245,1,0.921452348503806,0.08180421400279064,0.008687872571788274,"{""high"": 0.15, ""insufficient"": 0.05, ""low"": 0.1, ""medium"": 0.7}","{""high"": 0.04048579067334461, ""insufficient"": 0.010236410949684024, ""low"": 0.027825449873165282, ""medium"": 0.921452348503806}",0.22145234850380605,0.04229505687480142,0.21126863253569164,0.06782481340246704,
case_386fc94b651d4f2a,semantic_adjudication,308.59774979762733,355,0,code_review_severity,code_medium_border,23.0,12.0,0.659517637169433,0.7,"low:2,medium:14,high:3,insufficient:1",benchmark_authored_adjudication,Reliability defect is real but impact is bounded and retries exist.,target,choice,medium,medium,0.9233551424373936,0.9233551424373936,0.25133702936613916,1,0.9233551424373936,0.07974134877951332,0.008173564706510494,"{""high"": 0.15, ""insufficient"": 0.05, ""low"": 0.1, ""medium"": 0.7}","{""high"": 0.019163624603563818, ""insufficient"": 0.016911839354939014, ""low"": 0.040569393604103665, ""medium"": 0.9233551424373936}",0.22335514243739357,0.047209392093951814,0.2592057673124143,0.07163250013156287,
case_3f67d8ecfb538925,semantic_adjudication,395.95812489278615,452,0,code_review_severity,code_medium_border,24.0,24.0,0.659517637169433,0.7,"low:2,medium:14,high:3,insufficient:1",benchmark_authored_adjudication,Reliability defect is real but impact is bounded and retries exist.,target,choice,medium,medium,0.9590702022483347,0.9590702022483347,0.15050402059018753,1,0.9590702022483347,0.041791003182190374,0.002391980167229257,"{""high"": 0.15, ""insufficient"": 0.05, ""low"": 0.1, ""medium"": 0.7}","{""high"": 0.017565983493325756, ""insufficient"": 0.003458947236279995, ""low"": 0.019904867022059486, ""medium"": 0.9590702022483347}",0.25907020224833477,0.06684172086747411,0.39625542171509137,0.09323743834019249,
case_1e0b5bc4bbd8672f,semantic_adjudication,208.36983318440616,241,0,code_review_severity,code_medium_border,25.0,0.0,0.659517637169433,0.7,"low:2,medium:14,high:3,insufficient:1",benchmark_authored_adjudication,Reliability defect is real but impact is bounded and retries exist.,target,choice,medium,medium,0.9157895076580475,0.9157895076580475,0.27429646076898917,1,0.9157895076580475,0.0879687358480899,0.009519226734922118,"{""high"": 0.15, ""insufficient"": 0.05, ""low"": 0.1, ""medium"": 0.7}","{""high"": 0.03133659372162545, ""insufficient"": 0.021537304898701665, ""low"": 0.03133659372162545, ""medium"": 0.9157895076580475}",0.21578950765804747,0.040683827907391286,0.20493315438099088,0.06617090397906772,
case_229a9391c62d4adf,semantic_adjudication,261.8816669564694,270,0,code_review_severity,code_medium_border,26.0,2.0,0.659517637169433,0.7,"low:2,medium:14,high:3,insufficient:1",benchmark_authored_adjudication,Reliability defect is real but impact is bounded and retries exist.,target,choice,medium,medium,0.6964866925245906,0.6964866925245906,0.6766955245285764,1,0.6964866925245906,0.36170659215500994,0.12476843263125632,"{""high"": 0.15, ""insufficient"": 0.05, ""low"": 0.1, ""medium"": 0.7}","{""high"": 0.13714636138244554, ""insufficient"": 0.08318347304648194, ""low"": 0.08318347304648194, ""medium"": 0.6964866925245906}",0.0331834730464819,0.0026214918496119417,0.009921010687910969,0.001561497817332447,
case_b7d581f4a89d4292,semantic_adjudication,265.7474158331752,301,0,code_review_severity,code_medium_border,27.0,6.0,0.659517637169433,0.7,"low:2,medium:14,high:3,insufficient:1",benchmark_authored_adjudication,Reliability defect is real but impact is bounded and retries exist.,target,choice,medium,medium,0.9272858876155693,0.9272858876155693,0.23990142737236986,1,0.9272858876155693,0.07549336008226376,0.007460356881183801,"{""high"": 0.15, ""insufficient"": 0.05, ""low"": 0.1, ""medium"": 0.7}","{""high"": 0.01698383346418611, ""insufficient"": 0.014988180426156843, ""low"": 0.0407420984940877, ""medium"": 0.9272858876155693}",0.22728588761556934,0.04979194388773344,0.27995777861516485,0.07408950166983634,
case_5e85c79d08398a86,semantic_adjudication,314.5449999719858,354,0,code_review_severity,code_medium_border,28.0,12.0,0.659517637169433,0.7,"low:2,medium:14,high:3,insufficient:1",benchmark_authored_adjudication,Reliability defect is real but impact is bounded and retries exist.,target,choice,medium,medium,0.9617104055809941,0.9617104055809941,0.1425071680453877,1,0.9617104055809941,0.03904190733576047,0.002095992214472644,"{""high"": 0.15, ""insufficient"": 0.05, ""low"": 0.1, ""medium"": 0.7}","{""high"": 0.017614340504159574, ""insufficient"": 0.003060913410686711, ""low"": 0.017614340504159574, ""medium"": 0.9617104055809941}",0.2617104055809941,0.06873473500641587,0.41225632586866146,0.09500897396992065,
case_4ff1f8a0273343c4,semantic_adjudication,397.5405830424279,461,0,code_review_severity,code_medium_border,29.0,24.0,0.659517637169433,0.7,"low:2,medium:14,high:3,insufficient:1",benchmark_authored_adjudication,Reliability defect is real but impact is bounded and retries exist.,target,choice,medium,medium,0.8767757723266937,0.8767757723266937,0.35592574450072145,1,0.8767757723266937,0.13150399509682703,0.02138155284618515,"{""high"": 0.15, ""insufficient"": 0.05, ""low"": 0.1, ""medium"": 0.7}","{""high"": 0.04365209532011581, ""insufficient"": 0.016058708432326735, ""low"": 0.06351342392086386, ""medium"": 0.8767757723266937}",0.17677577232669367,0.027033989094879383,0.129718413629728,0.045042832018761185,
case_f64a036f853e24c2,semantic_adjudication,207.80737488530576,231,0,code_review_severity,code_low_medium,0.0,0.0,0.5941881858672536,0.6,"low:12,medium:7,high:0,insufficient:1",benchmark_authored_adjudication,"Primarily maintainability risk, with some chance of future correctness drift.",target,choice,low,medium,0.6090430884816495,0.6090430884816495,0.6829870007644064,0,0.28769158417681756,1.2458662609316735,0.8855449650743037,"{""high"": 0.0, ""insufficient"": 0.05, ""low"": 0.6, ""medium"": 0.35}","{""high"": 0.0824250188829654, ""insufficient"": 0.020840308458567564, ""low"": 0.28769158417681756, ""medium"": 0.6090430884816495}",0.34146810736461486,0.07743544412359565,0.2908965294198421,0.1722840396327462,
case_1c7cfb98ad3ce538,semantic_adjudication,208.14554090611637,252,0,code_review_severity,code_low_medium,1.0,2.0,0.5941881858672536,0.6,"low:12,medium:7,high:0,insufficient:1",benchmark_authored_adjudication,"Primarily maintainability risk, with some chance of future correctness drift.",target,choice,low,medium,0.685629487535579,0.685629487535579,0.5915296658735973,0,0.2522289927252512,1.3774179027991063,1.0312958761211632,"{""high"": 0.0, ""insufficient"": 0.05, ""low"": 0.6, ""medium"": 0.35}","{""high"": 0.038680568816710593, ""insufficient"": 0.02346095092245939, ""low"": 0.2522289927252512, ""medium"": 0.685629487535579}",0.3743100563522895,0.08008351088211596,0.32244817128727504,0.23579233393421314,
case_1de789e46539c9dd,semantic_adjudication,264.7351671475917,293,0,code_review_severity,code_low_medium,2.0,6.0,0.5941881858672536,0.6,"low:12,medium:7,high:0,insufficient:1",benchmark_authored_adjudication,"Primarily maintainability risk, with some chance of future correctness drift.",target,choice,low,low,0.5478888876252864,0.5478888876252864,0.7800080382971007,1,0.5478888876252864,0.6016827724005419,0.30464452115564544,"{""high"": 0.0, ""insufficient"": 0.05, ""low"": 0.6, ""medium"": 0.35}","{""high"": 0.10788571868805757, ""insufficient"": 0.05096160502666463, ""low"": 0.5478888876252864, ""medium"": 0.29326378865999136}",0.10884732371472218,0.0392369286801437,0.11546304088871064,0.017574818691214147,
case_290583736c296134,semantic_adjudication,307.3870830703527,342,0,code_review_severity,code_low_medium,3.0,12.0,0.5941881858672536,0.6,"low:12,medium:7,high:0,insufficient:1",benchmark_authored_adjudication,"Primarily maintainability risk, with some chance of future correctness drift.",target,choice,low,medium,0.7638287039739661,0.7638287039739661,0.5419481409081974,0,0.1504067896685621,1.8944117244124743,1.3097060845788953,"{""high"": 0.0, ""insufficient"": 0.05, ""low"": 0.6, ""medium"": 0.35}","{""high"": 0.02306562824287447, ""insufficient"": 0.06269887811459741, ""low"": 0.1504067896685621, ""medium"": 0.7638287039739661}",0.4495932103314379,0.1198208573282093,0.5456919929006432,0.37408153572050884,
case_5c6aa78710beb75a,semantic_adjudication,355.47495796345174,448,0,code_review_severity,code_low_medium,4.0,24.0,0.5941881858672536,0.6,"low:12,medium:7,high:0,insufficient:1",benchmark_authored_adjudication,"Primarily maintainability risk, with some chance of future correctness drift.",target,choice,low,low,0.6087699112561924,0.6087699112561924,0.7279641647612923,1,0.6087699112561924,0.496314896691183,0.22812217572805416,"{""high"": 0.0, ""insufficient"": 0.05, ""low"": 0.6, ""medium"": 0.35}","{""high"": 0.0440991444611614, ""insufficient"": 0.09335788955688343, ""low"": 0.6087699112561924, ""medium"": 0.25377305472576267}",0.09622694527423728,0.022480220282444147,0.07259516517935181,0.013161177469285835,
case_39385d70fb790de9,semantic_adjudication,208.9607920497656,229,0,code_review_severity,code_low_medium,5.0,0.0,0.5941881858672536,0.6,"low:12,medium:7,high:0,insufficient:1",benchmark_authored_adjudication,"Primarily maintainability risk, with some chance of future correctness drift.",target,choice,low,medium,0.5300674328920089,0.5300674328920089,0.7271381646297936,0,0.3643096636629308,1.0097510486575427,0.6913681255867139,"{""high"": 0.0, ""insufficient"": 0.05, ""low"": 0.6, ""medium"": 0.35}","{""high"": 0.03388607728011612, ""insufficient"": 0.07173682616494421, ""low"": 0.3643096636629308, ""medium"": 0.5300674328920089}",0.23569033633706918,0.03654405952744559,0.1360313171457116,0.0895949708761579,
case_1e3fdfa226074f7a,semantic_adjudication,262.9070000257343,261,0,code_review_severity,code_low_medium,6.0,2.0,0.5941881858672536,0.6,"low:12,medium:7,high:0,insufficient:1",benchmark_authored_adjudication,"Primarily maintainability risk, with some chance of future correctness drift.",target,choice,low,low,0.5043443948927435,0.5043443948927435,0.7136794573410069,1,0.5043443948927435,0.6844959210698779,0.4078666544507493,"{""high"": 0.0, ""insufficient"": 0.05, ""low"": 0.6, ""medium"": 0.35}","{""high"": 0.01522988106947339, ""insufficient"": 0.08764191435764059, ""low"": 0.5043443948927435, ""medium"": 0.39278380968014254}",0.0956556051072565,0.010575286011782143,0.0357761895580466,0.0126293121530803,
case_1360b6edb83d6a7f,semantic_adjudication,263.4613330010325,286,0,code_review_severity,code_low_medium,7.0,6.0,0.5941881858672536,0.6,"low:12,medium:7,high:0,insufficient:1",benchmark_authored_adjudication,"Primarily maintainability risk, with some chance of future correctness drift.",target,choice,low,low,0.47215760539599616,0.47215760539599616,0.7467275897813147,1,0.47215760539599616,0.7504424393947513,0.45898282258358525,"{""high"": 0.0, ""insufficient"": 0.05, ""low"": 0.6, ""medium"": 0.35}","{""high"": 0.038757056389193696, ""insufficient"": 0.07240771392108382, ""low"": 0.47215760539599616, ""medium"": 0.4166776242937263}",0.12784239460400382,0.019735033866798493,0.06422270788292005,0.02279379850266542,
case_35d65520c7860758,semantic_adjudication,308.081875089556,344,0,code_review_severity,code_low_medium,8.0,12.0,0.5941881858672536,0.6,"low:12,medium:7,high:0,insufficient:1",benchmark_authored_adjudication,"Primarily maintainability risk, with some chance of future correctness drift.",target,choice,low,low,0.585057835120382,0.585057835120382,0.6420376656815419,1,0.585057835120382,0.5360445731833052,0.3000129246373023,"{""high"": 0.0, ""insufficient"": 0.05, ""low"": 0.6, ""medium"": 0.35}","{""high"": 0.02268515409253504, ""insufficient"": 0.037401496081472585, ""low"": 0.585057835120382, ""medium"": 0.35485551470561044}",0.027540668798145446,0.008373128138046797,0.024824841671474095,0.0009201828315332982,
case_61f8f5ab63844989,semantic_adjudication,377.33391718938947,448,0,code_review_severity,code_low_medium,9.0,24.0,0.5941881858672536,0.6,"low:12,medium:7,high:0,insufficient:1",benchmark_authored_adjudication,"Primarily maintainability risk, with some chance of future correctness drift.",target,choice,low,medium,0.6385326806156136,0.6385326806156136,0.6188028798289229,0,0.30162148115487675,1.1985824213963256,0.8972542789635848,"{""high"": 0.0, ""insufficient"": 0.05, ""low"": 0.6, ""medium"": 0.35}","{""high"": 0.028055168004584626, ""insufficient"": 0.03179067022492499, ""low"": 0.30162148115487675, ""medium"": 0.6385326806156136}",0.3165878486201983,0.057266648827797584,0.2248626898844946,0.17339952043406417,
case_24d85699fbe10ba8,semantic_adjudication,212.8608338534832,235,0,code_review_severity,code_low_medium,10.0,0.0,0.5941881858672536,0.6,"low:12,medium:7,high:0,insufficient:1",benchmark_authored_adjudication,"Primarily maintainability risk, with some chance of future correctness drift.",target,choice,low,medium,0.6838289943586172,0.6838289943586172,0.6560040970290621,0,0.1959202871158237,1.630047400864494,1.1223248877397778,"{""high"": 0.0, ""insufficient"": 0.05, ""low"": 0.6, ""medium"": 0.35}","{""high"": 0.038578991942463524, ""insufficient"": 0.08167172658309553, ""low"": 0.1959202871158237, ""medium"": 0.6838289943586172}",0.40407971288417627,0.09648609432889906,0.4125776693526628,0.27721364872309506,
case_26e7000026a20ff0,semantic_adjudication,209.1424169484526,254,0,code_review_severity,code_low_medium,11.0,2.0,0.5941881858672536,0.6,"low:12,medium:7,high:0,insufficient:1",benchmark_authored_adjudication,"Primarily maintainability risk, with some chance of future correctness drift.",target,choice,low,medium,0.467937046366022,0.467937046366022,0.8109243046763833,0,0.36442973813797824,1.0094215084245395,0.6393450886362955,"{""high"": 0.0, ""insufficient"": 0.05, ""low"": 0.6, ""medium"": 0.35}","{""high"": 0.049320201830747874, ""insufficient"": 0.1183130136652519, ""low"": 0.36442973813797824, ""medium"": 0.467937046366022}",0.23557026186202176,0.04302641665067541,0.15445177691270834,0.07650164532393733,
case_ac4c7591a9b15eba,semantic_adjudication,265.55816689506173,291,0,code_review_severity,code_low_medium,12.0,6.0,0.5941881858672536,0.6,"low:12,medium:7,high:0,insufficient:1",benchmark_authored_adjudication,"Primarily maintainability risk, with some chance of future correctness drift.",target,choice,low,medium,0.46177989104627243,0.46177989104627243,0.7451177823536285,0,0.4075193235241874,0.8976669277342403,0.5781004899043374,"{""high"": 0.0, ""insufficient"": 0.05, ""low"": 0.6, ""medium"": 0.35}","{""high"": 0.11675624100289939, ""insufficient"": 0.01394454442664075, ""low"": 0.4075193235241874, ""medium"": 0.46177989104627243}",0.22853613204917184,0.058968053182548996,0.19894719622240908,0.06447557054863257,
case_6930ae286bd92dc7,semantic_adjudication,307.606833986938,344,0,code_review_severity,code_low_medium,13.0,12.0,0.5941881858672536,0.6,"low:12,medium:7,high:0,insufficient:1",benchmark_authored_adjudication,"Primarily maintainability risk, with some chance of future correctness drift.",target,choice,low,medium,0.4725221032835851,0.4725221032835851,0.6500841218462518,0,0.4725221032835851,0.7496707537063043,0.5032759297892642,"{""high"": 0.0, ""insufficient"": 0.05, ""low"": 0.6, ""medium"": 0.35}","{""high"": 0.03878697619779485, ""insufficient"": 0.016168817235034993, ""low"": 0.4725221032835851, ""medium"": 0.4725221032835851}",0.16130907948137993,0.026354940154392863,0.09470102219447314,0.03391125839411921,
case_3f3926b54ca51572,semantic_adjudication,396.54604089446366,452,0,code_review_severity,code_low_medium,14.0,24.0,0.5941881858672536,0.6,"low:12,medium:7,high:0,insufficient:1",benchmark_authored_adjudication,"Primarily maintainability risk, with some chance of future correctness drift.",target,choice,low,medium,0.41829521274664994,0.41829521274664994,0.9245914913549049,0,0.2874898150903613,1.2465678451448958,0.7274095141383753,"{""high"": 0.0, ""insufficient"": 0.05, ""low"": 0.6, ""medium"": 0.35}","{""high"": 0.17437138720741982, ""insufficient"": 0.11984358495556893, ""low"": 0.2874898150903613, ""medium"": 0.41829521274664994}",0.31251018490963867,0.09745968736434264,0.3353481136330645,0.13761035879245243,
case_7570e54ffe787bf3,semantic_adjudication,208.70995917357504,230,0,code_review_severity,code_low_medium,15.0,0.0,0.5941881858672536,0.6,"low:12,medium:7,high:0,insufficient:1",benchmark_authored_adjudication,"Primarily maintainability risk, with some chance of future correctness drift.",target,choice,low,medium,0.5935373245563009,0.5935373245563009,0.7312194380501057,0,0.2803671799237847,1.271655178019693,0.8782309251085306,"{""high"": 0.0, ""insufficient"": 0.05, ""low"": 0.6, ""medium"": 0.35}","{""high"": 0.05520757107106813, ""insufficient"": 0.07088792444884635, ""low"": 0.2803671799237847, ""medium"": 0.5935373245563009}",0.31963282007621535,0.06562021425476325,0.2541854465078616,0.16495974941326302,
case_4aa8eac36c243f03,semantic_adjudication,208.46362505108118,256,0,code_review_severity,code_low_medium,16.0,2.0,0.5941881858672536,0.6,"low:12,medium:7,high:0,insufficient:1",benchmark_authored_adjudication,"Primarily maintainability risk, with some chance of future correctness drift.",target,choice,low,medium,0.5173630892934702,0.5173630892934702,0.5845258706850944,0,0.45657132381308496,0.7840103505969952,0.5633626249096713,"{""high"": 0.0, ""insufficient"": 0.05, ""low"": 0.6, ""medium"": 0.35}","{""high"": 0.008362395493911783, ""insufficient"": 0.017703191399533, ""low"": 0.45657132381308496, ""medium"": 0.5173630892934702}",0.175725484787382,0.019918076363487823,0.07904061908516394,0.049695202314756805,
case_b25af10c2dec7084,semantic_adjudication,263.30591598525643,287,0,code_review_severity,code_low_medium,17.0,6.0,0.5941881858672536,0.6,"low:12,medium:7,high:0,insufficient:1",benchmark_authored_adjudication,"Primarily maintainability risk, with some chance of future correctness drift.",target,choice,low,low,0.513763734605048,0.513763734605048,0.6815980176952062,1,0.513763734605048,0.6659917795046161,0.4027826889578278,"{""high"": 0.0, ""insufficient"": 0.05, ""low"": 0.6, ""medium"": 0.35}","{""high"": 0.00732844608436742, ""insufficient"": 0.07878822048648376, ""low"": 0.513763734605048, ""medium"": 0.4001195988241008}",0.08623626539495201,0.00667104477444052,0.023522047992784886,0.010831135416347287,
case_27cbb711894d5a63,semantic_adjudication,307.1415841113776,351,0,code_review_severity,code_low_medium,18.0,12.0,0.5941881858672536,0.6,"low:12,medium:7,high:0,insufficient:1",benchmark_authored_adjudication,"Primarily maintainability risk, with some chance of future correctness drift.",target,choice,low,low,0.48406043866524767,0.48406043866524767,0.7118935339896628,1,0.48406043866524767,0.7255455067862187,0.4529778602788177,"{""high"": 0.0, ""insufficient"": 0.05, ""low"": 0.6, ""medium"": 0.35}","{""high"": 0.030944948538649934, ""insufficient"": 0.0578127750102809, ""low"": 0.48406043866524767, ""medium"": 0.4271818377858216}",0.11593956133475238,0.0158916105637857,0.05182577527438746,0.020417647259912634,
case_941f267110198f5a,semantic_adjudication,358.5401668678969,444,0,code_review_severity,code_low_medium,19.0,24.0,0.5941881858672536,0.6,"low:12,medium:7,high:0,insufficient:1",benchmark_authored_adjudication,"Primarily maintainability risk, with some chance of future correctness drift.",target,choice,low,medium,0.4628412647398522,0.4628412647398522,0.8437548554471783,0,0.31810583903775447,1.145371124413884,0.7105732749249816,"{""high"": 0.0, ""insufficient"": 0.05, ""low"": 0.6, ""medium"": 0.35}","{""high"": 0.17026978582358043, ""insufficient"": 0.04878311039881298, ""low"": 0.31810583903775447, ""medium"": 0.4628412647398522}",0.2831110505634326,0.08493528773098279,0.2841513929020528,0.12119074979740724,
case_6cc5e6bd9880f0a5,semantic_adjudication,207.6477080117911,231,0,code_review_severity,code_low_medium,20.0,0.0,0.5941881858672536,0.6,"low:12,medium:7,high:0,insufficient:1",benchmark_authored_adjudication,"Primarily maintainability risk, with some chance of future correctness drift.",target,choice,low,medium,0.5368245626428308,0.5368245626428308,0.6266925509050635,0,0.4180793897582011,0.872083936840155,0.6278639608023774,"{""high"": 0.0, ""insufficient"": 0.05, ""low"": 0.6, ""medium"": 0.35}","{""high"": 0.02672692120184728, ""insufficient"": 0.01836912639712076, ""low"": 0.4180793897582011, ""medium"": 0.5368245626428308}",0.21355148384467815,0.031148707197201732,0.11711420532832373,0.06971336611924461,
case_2551ed2f7068fef0,semantic_adjudication,207.92270894162357,254,0,code_review_severity,code_low_medium,21.0,2.0,0.5941881858672536,0.6,"low:12,medium:7,high:0,insufficient:1",benchmark_authored_adjudication,"Primarily maintainability risk, with some chance of future correctness drift.",target,choice,low,medium,0.45871474114685057,0.45871474114685057,0.6892757214681837,0,0.45871474114685057,0.7793267411026013,0.5085069651257516,"{""high"": 0.0, ""insufficient"": 0.05, ""low"": 0.6, ""medium"": 0.35}","{""high"": 0.07034618391985521, ""insufficient"": 0.012224333786443532, ""low"": 0.45871474114685057, ""medium"": 0.45871474114685057}",0.17906092506670584,0.03892332728334203,0.13685700959077002,0.03815600586179229,
case_98e835eb04b0349e,semantic_adjudication,265.21904207766056,294,0,code_review_severity,code_low_medium,22.0,6.0,0.5941881858672536,0.6,"low:12,medium:7,high:0,insufficient:1",benchmark_authored_adjudication,"Primarily maintainability risk, with some chance of future correctness drift.",target,choice,low,low,0.5333977672212744,0.5333977672212744,0.7227300212258118,1,0.5333977672212744,0.6284878531798526,0.3571898433963048,"{""high"": 0.0, ""insufficient"": 0.05, ""low"": 0.6, ""medium"": 0.35}","{""high"": 0.043783954988349, ""insufficient"": 0.056219711048152134, ""low"": 0.5333977672212744, ""medium"": 0.3665985667422245}",0.06660223277872562,0.016340596543589644,0.04851812166802141,0.006667089348951906,
case_6d5ef3295b5d4b1c,semantic_adjudication,310.6225829105824,339,0,code_review_severity,code_low_medium,23.0,12.0,0.5941881858672536,0.6,"low:12,medium:7,high:0,insufficient:1",benchmark_authored_adjudication,"Primarily maintainability risk, with some chance of future correctness drift.",target,choice,low,low,0.6481368859607416,0.6481368859607416,0.6434859399248658,1,0.6481368859607416,0.4336533611721086,0.2004482907400261,"{""high"": 0.0, ""insufficient"": 0.05, ""low"": 0.6, ""medium"": 0.35}","{""high"": 0.02847714733733909, ""insufficient"": 0.05320231539218553, ""low"": 0.6481368859607416, ""medium"": 0.2701836513097338}",0.07981634869026619,0.012933697751736592,0.041183629660277415,0.009509012052587144,
case_8d9ebd2ee33e38a4,semantic_adjudication,355.98833416588604,445,0,code_review_severity,code_low_medium,24.0,24.0,0.5941881858672536,0.6,"low:12,medium:7,high:0,insufficient:1",benchmark_authored_adjudication,"Primarily maintainability risk, with some chance of future correctness drift.",target,choice,low,medium,0.38834516945355374,0.38834516945355374,0.9185646340687527,0,0.34271340917645104,1.070860722835392,0.6191432786359884,"{""high"": 0.0, ""insufficient"": 0.05, ""low"": 0.6, ""medium"": 0.35}","{""high"": 0.14286420392020244, ""insufficient"": 0.12607721744979267, ""low"": 0.34271340917645104, ""medium"": 0.38834516945355374}",0.2572865908235489,0.07628504006669728,0.25339099132356085,0.09386466561468228,
case_72d2d15f9230bbfc,semantic_adjudication,211.79108298383653,229,0,code_review_severity,code_low_medium,25.0,0.0,0.5941881858672536,0.6,"low:12,medium:7,high:0,insufficient:1",benchmark_authored_adjudication,"Primarily maintainability risk, with some chance of future correctness drift.",target,choice,low,medium,0.731738501864292,0.731738501864292,0.5678597576349873,0,0.1850124670461383,1.687332066735793,1.2045090256641202,"{""high"": 0.0, ""insufficient"": 0.05, ""low"": 0.6, ""medium"": 0.35}","{""high"": 0.06806228298668325, ""insufficient"": 0.015186748102886385, ""low"": 0.1850124670461383, ""medium"": 0.731738501864292}",0.4498007848509753,0.12063863283440987,0.5073623352239618,0.3237833731857378,
case_7eec08583b5664e2,semantic_adjudication,267.5087919924408,258,0,code_review_severity,code_low_medium,26.0,2.0,0.5941881858672536,0.6,"low:12,medium:7,high:0,insufficient:1",benchmark_authored_adjudication,"Primarily maintainability risk, with some chance of future correctness drift.",target,choice,low,medium,0.4430784948239146,0.4430784948239146,0.7869117636648764,0,0.39101539928394935,0.939008335414388,0.5883592447327871,"{""high"": 0.0, ""insufficient"": 0.05, ""low"": 0.6, ""medium"": 0.35}","{""high"": 0.022059579314128486, ""insufficient"": 0.14384652657800767, ""low"": 0.39101539928394935, ""medium"": 0.4430784948239146}",0.2089846007160507,0.03333321383142729,0.12153860390255687,0.061631965125405634,
case_e18a6ca7fd0d75e3,semantic_adjudication,274.3906248360872,287,0,code_review_severity,code_low_medium,27.0,6.0,0.5941881858672536,0.6,"low:12,medium:7,high:0,insufficient:1",benchmark_authored_adjudication,"Primarily maintainability risk, with some chance of future correctness drift.",target,choice,low,low,0.4784810030815137,0.4784810030815137,0.8704568358315065,1,0.4784810030815137,0.7371387698563056,0.3838758794523558,"{""high"": 0.0, ""insufficient"": 0.05, ""low"": 0.6, ""medium"": 0.35}","{""high"": 0.09421849587016401, ""insufficient"": 0.13708710258932907, ""low"": 0.4784810030815137, ""medium"": 0.29021339845899313}",0.1813055984594931,0.04801834381339197,0.15091903834447423,0.03480259273733864,
case_baebbfa9bc696cfc,semantic_adjudication,309.5222918782383,342,0,code_review_severity,code_low_medium,28.0,12.0,0.5941881858672536,0.6,"low:12,medium:7,high:0,insufficient:1",benchmark_authored_adjudication,"Primarily maintainability risk, with some chance of future correctness drift.",target,choice,low,low,0.6238659218874085,0.6238659218874085,0.6364891328978329,1,0.6238659218874085,0.4718198024704895,0.23392083765215094,"{""high"": 0.0, ""insufficient"": 0.05, ""low"": 0.6, ""medium"": 0.35}","{""high"": 0.006930524366574566, ""insufficient"": 0.07451015885146664, ""low"": 0.6238659218874085, ""medium"": 0.2946933948945503}",0.055306605105449706,0.004920041839462276,0.016850070958658307,0.004277182850745849,
case_312ee764ed55f02a,semantic_adjudication,361.4798339549452,442,0,code_review_severity,code_low_medium,29.0,24.0,0.5941881858672536,0.6,"low:12,medium:7,high:0,insufficient:1",benchmark_authored_adjudication,"Primarily maintainability risk, with some chance of future correctness drift.",target,choice,low,medium,0.5832489800915762,0.5832489800915762,0.7013015697847448,0,0.3121906822660612,1.1641411167463764,0.8201483335659241,"{""high"": 0.0, ""insufficient"": 0.05, ""low"": 0.6, ""medium"": 0.35}","{""high"": 0.07893416591815895, ""insufficient"": 0.025626171724203662, ""low"": 0.3121906822660612, ""medium"": 0.5832489800915762}",0.3121831460097351,0.06718014881556214,0.2466713852345453,0.14406397614224928,
case_f6cd247d8e57962e,semantic_adjudication,208.09349999763072,230,0,code_review_severity,code_insufficient,0.0,0.0,0.7205767639396528,0.65,"low:1,medium:3,high:3,insufficient:13",benchmark_authored_adjudication,Severity cannot be assessed from an unsupported assertion.,target,choice,insufficient,insufficient,0.9895223261863799,0.9895223261863799,0.049406207178885504,1,0.9895223261863799,0.010532951095140958,0.000153502032726752,"{""high"": 0.15, ""insufficient"": 0.65, ""low"": 0.05, ""medium"": 0.15}","{""high"": 0.004582397477585902, ""insufficient"": 0.9895223261863799, ""low"": 0.0013128788584483963, ""medium"": 0.004582397477585902}",0.33952232618637984,0.11894619658461096,0.9553514464915817,0.15993840399079629,
case_5461031b7b0d6ade,semantic_adjudication,213.9422909822315,252,0,code_review_severity,code_insufficient,1.0,2.0,0.7205767639396528,0.65,"low:1,medium:3,high:3,insufficient:13",benchmark_authored_adjudication,Severity cannot be assessed from an unsupported assertion.,target,choice,insufficient,insufficient,0.9868930066321787,0.9868930066321787,0.052559918005814395,1,0.9868930066321787,0.01319364802628478,0.00032644490213654007,"{""high"": 0.15, ""insufficient"": 0.65, ""low"": 0.05, ""medium"": 0.15}","{""high"": 0.012423149545549225, ""insufficient"": 0.9868930066321787, ""low"": 0.00013800872529557283, ""medium"": 0.0005458350969764603}",0.33689300663217875,0.11908467607373471,1.2392621434227256,0.15724705327937435,
case_c415f61a180d4ce6,semantic_adjudication,264.7384579759091,293,0,code_review_severity,code_insufficient,2.0,6.0,0.7205767639396528,0.65,"low:1,medium:3,high:3,insufficient:13",benchmark_authored_adjudication,Severity cannot be assessed from an unsupported assertion.,target,choice,insufficient,insufficient,0.9890697901160961,0.9890697901160961,0.04674653902228462,1,0.9890697901160961,0.010990383503211408,0.0002144151205664652,"{""high"": 0.15, ""insufficient"": 0.65, ""low"": 0.05, ""medium"": 0.15}","{""high"": 0.009696499028650904, ""insufficient"": 0.9890697901160961, ""low"": 0.0009019149042816585, ""medium"": 0.00033179595097133143}",0.33906979011609606,0.12102526542388,1.2558088788996522,0.15946458821751885,
case_5c8635acc951a7da,semantic_adjudication,306.5412088762969,337,0,code_review_severity,code_insufficient,3.0,12.0,0.7205767639396528,0.65,"low:1,medium:3,high:3,insufficient:13",benchmark_authored_adjudication,Severity cannot be assessed from an unsupported assertion.,target,choice,insufficient,insufficient,0.9785317953894984,0.9785317953894984,0.07858244424243435,1,0.9785317953894984,0.02170199866319597,0.0008740887827114387,"{""high"": 0.15, ""insufficient"": 0.65, ""low"": 0.05, ""medium"": 0.15}","{""high"": 0.020308779501671672, ""insufficient"": 0.9785317953894984, ""low"": 0.0003719682716235453, ""medium"": 0.0007874568372064332}",0.3285317953894984,0.11074730958815877,1.0665204940596367,0.14948027782653453,
case_c4d3491f544bc5ba,semantic_adjudication,364.07091608271,447,0,code_review_severity,code_insufficient,4.0,24.0,0.7205767639396528,0.65,"low:1,medium:3,high:3,insufficient:13",benchmark_authored_adjudication,Severity cannot be assessed from an unsupported assertion.,target,choice,insufficient,insufficient,0.9831265895693846,0.9831265895693846,0.06991166171751886,1,0.9831265895693846,0.017017388317109552,0.0004542439462765176,"{""high"": 0.15, ""insufficient"": 0.65, ""low"": 0.05, ""medium"": 0.15}","{""high"": 0.004017813666646746, ""insufficient"": 0.9831265895693846, ""low"": 0.012375737351818442, ""medium"": 0.0004798594121502132}",0.33312658956938457,0.11779268262676312,1.2055858837135502,0.1560559809860248,
case_d6eca475e48eb1d1,semantic_adjudication,216.49099979549646,228,0,code_review_severity,code_insufficient,5.0,0.0,0.7205767639396528,0.65,"low:1,medium:3,high:3,insufficient:13",benchmark_authored_adjudication,Severity cannot be assessed from an unsupported assertion.,target,choice,insufficient,insufficient,0.9984043903942877,0.9984043903942877,0.009741157068202468,1,0.9984043903942877,0.0015968839464664754,3.5082817512977985e-06,"{""high"": 0.15, ""insufficient"": 0.65, ""low"": 0.05, ""medium"": 0.15}","{""high"": 0.000709041227765981, ""insufficient"": 0.9984043903942877, ""low"": 0.0006257266873082569, ""medium"": 0.00026084169063806246}",0.3484043903942877,0.13550454727949957,1.696415379342907,0.16853304401350067,
case_86f6715735897832,semantic_adjudication,270.50662506371737,261,0,code_review_severity,code_insufficient,6.0,2.0,0.7205767639396528,0.65,"low:1,medium:3,high:3,insufficient:13",benchmark_authored_adjudication,Severity cannot be assessed from an unsupported assertion.,target,choice,insufficient,insufficient,0.9888017725445367,0.9888017725445367,0.04818599609635293,1,0.9888017725445367,0.011261399658415452,0.00022064829864767226,"{""high"": 0.15, ""insufficient"": 0.65, ""low"": 0.05, ""medium"": 0.15}","{""high"": 0.009693871476835798, ""insufficient"": 0.9888017725445367, ""low"": 0.0010217265366608678, ""medium"": 0.0004826294419665101}",0.33880177254453675,0.12041249688819335,1.1935798950548562,0.1592267661505166,
case_4f5b298705a96a0f,semantic_adjudication,272.70595799200237,289,0,code_review_severity,code_insufficient,7.0,6.0,0.7205767639396528,0.65,"low:1,medium:3,high:3,insufficient:13",benchmark_authored_adjudication,Severity cannot be assessed from an unsupported assertion.,target,choice,insufficient,insufficient,0.9719230421124224,0.9719230421124224,0.107686083718192,1,0.9719230421124224,0.02847865243764485,0.0012331298835906391,"{""high"": 0.15, ""insufficient"": 0.65, ""low"": 0.05, ""medium"": 0.15}","{""high"": 0.0057792656621640445, ""insufficient"": 0.9719230421124224, ""low"": 0.002126073022178214, ""medium"": 0.02017161920323532}",0.3219230421124224,0.09934445424676594,0.6857971478340856,0.14358138660044867,
case_f39ddcbbc9408719,semantic_adjudication,312.54024989902973,340,0,code_review_severity,code_insufficient,8.0,12.0,0.7205767639396528,0.65,"low:1,medium:3,high:3,insufficient:13",benchmark_authored_adjudication,Severity cannot be assessed from an unsupported assertion.,target,choice,insufficient,insufficient,0.98939602853093,0.98939602853093,0.049152184734896784,1,0.98939602853093,0.010660594214242184,0.00016595134012488638,"{""high"": 0.15, ""insufficient"": 0.65, ""low"": 0.05, ""medium"": 0.15}","{""high"": 0.0066664980013470595, ""insufficient"": 0.98939602853093, ""low"": 0.0011584636466985894, ""medium"": 0.002779009821024275}",0.33939602853093004,0.11917385768787964,0.980479089610683,0.15979367260039462,
case_6ac66d0695af905f,semantic_adjudication,369.8559580370784,444,0,code_review_severity,code_insufficient,9.0,24.0,0.7205767639396528,0.65,"low:1,medium:3,high:3,insufficient:13",benchmark_authored_adjudication,Severity cannot be assessed from an unsupported assertion.,target,choice,insufficient,insufficient,0.9985485313218699,0.9985485313218699,0.00867056526214892,1,0.9985485313218699,0.0014525230792021184,3.290750098479325e-06,"{""high"": 0.15, ""insufficient"": 0.65, ""low"": 0.05, ""medium"": 0.15}","{""high"": 0.0010317978394899542, ""insufficient"": 0.9985485313218699, ""low"": 0.00033497571440542815, ""medium"": 8.469512423467463e-05}",0.3485485313218699,0.13591472025763507,1.840021018475643,0.16861881721484948,
case_062a3c9f3026eeb8,semantic_adjudication,214.0712921973318,234,0,code_review_severity,code_insufficient,10.0,0.0,0.7205767639396528,0.65,"low:1,medium:3,high:3,insufficient:13",benchmark_authored_adjudication,Severity cannot be assessed from an unsupported assertion.,target,choice,insufficient,insufficient,0.9993295923480356,0.9993295923480356,0.00435224587818668,1,0.9993295923480356,0.0006706324756622288,7.130301357214961e-07,"{""high"": 0.15, ""insufficient"": 0.65, ""low"": 0.05, ""medium"": 0.15}","{""high"": 0.0004877680207372695, ""insufficient"": 0.9993295923480356, ""low"": 0.00015835509143085326, ""medium"": 2.4284539796104113e-05}",0.3493295923480357,0.13787655199715937,2.176739127872103,0.16936197639645756,
case_053988bdd9b7c03b,semantic_adjudication,212.81949989497662,254,0,code_review_severity,code_insufficient,11.0,2.0,0.7205767639396528,0.65,"low:1,medium:3,high:3,insufficient:13",benchmark_authored_adjudication,Severity cannot be assessed from an unsupported assertion.,target,choice,insufficient,insufficient,0.9779289135158524,0.9779289135158524,0.08165786159734856,1,0.9779289135158524,0.022318297155656586,0.0009009826513263246,"{""high"": 0.15, ""insufficient"": 0.65, ""low"": 0.05, ""medium"": 0.15}","{""high"": 0.020296267087568095, ""insufficient"": 0.9779289135158524, ""low"": 0.0012974969453883201, ""medium"": 0.0004773224511911086}",0.3279289135158524,0.1098366025070686,1.0796367925520975,0.14908939555625642,
case_1a6bcc18e0ebd511,semantic_adjudication,272.4679580423981,288,0,code_review_severity,code_insufficient,12.0,6.0,0.7205767639396528,0.65,"low:1,medium:3,high:3,insufficient:13",benchmark_authored_adjudication,Severity cannot be assessed from an unsupported assertion.,target,choice,insufficient,insufficient,0.9642485567937569,0.9642485567937569,0.11901572157134484,1,0.9642485567937569,0.03640617860868001,0.0023726677052001996,"{""high"": 0.15, ""insufficient"": 0.65, ""low"": 0.05, ""medium"": 0.15}","{""high"": 0.032994771198221994, ""insufficient"": 0.9642485567937569, ""low"": 0.00239013320899992, ""medium"": 0.00036653879902114517}",0.3142485567937569,0.099766979503629,1.0249746740051209,0.13709925114075705,
case_f2ae64fa0a7a063c,semantic_adjudication,312.35245801508427,342,0,code_review_severity,code_insufficient,13.0,12.0,0.7205767639396528,0.65,"low:1,medium:3,high:3,insufficient:13",benchmark_authored_adjudication,Severity cannot be assessed from an unsupported assertion.,target,choice,insufficient,insufficient,0.9290901591094715,0.9290901591094715,0.22488796073673992,1,0.9290901591094715,0.07354949524386341,0.007485864839672436,"{""high"": 0.15, ""insufficient"": 0.65, ""low"": 0.05, ""medium"": 0.15}","{""high"": 0.02805609176853161, ""insufficient"": 0.9290901591094715, ""low"": 0.0020323764710430924, ""medium"": 0.04082137265095388}",0.27909015910947144,0.06567096397385622,0.3746179906403042,0.10698249924335249,
case_322a8c3c2c8ea975,semantic_adjudication,365.98162492737174,447,0,code_review_severity,code_insufficient,14.0,24.0,0.7205767639396528,0.65,"low:1,medium:3,high:3,insufficient:13",benchmark_authored_adjudication,Severity cannot be assessed from an unsupported assertion.,target,choice,insufficient,insufficient,0.989880084769305,0.989880084769305,0.042242539105502755,1,0.989880084769305,0.010171469685559357,0.00019668038172170112,"{""high"": 0.15, ""insufficient"": 0.65, ""low"": 0.05, ""medium"": 0.15}","{""high"": 0.009704442877908335, ""insufficient"": 0.989880084769305, ""low"": 0.000258614642848481, ""medium"": 0.00015685770993823626}",0.339880084769305,0.1228285259040702,1.429989965082,0.16012848807959637,
case_4a4e5c20abc8ecb0,semantic_adjudication,214.72691697999835,229,0,code_review_severity,code_insufficient,15.0,0.0,0.7205767639396528,0.65,"low:1,medium:3,high:3,insufficient:13",benchmark_authored_adjudication,Severity cannot be assessed from an unsupported assertion.,target,choice,insufficient,insufficient,0.9863533216034186,0.9863533216034186,0.05554761785587209,1,0.9863533216034186,0.013740650227170003,0.0003413161984698123,"{""high"": 0.15, ""insufficient"": 0.65, ""low"": 0.05, ""medium"": 0.15}","{""high"": 0.01241635591364108, ""insufficient"": 0.9863533216034186, ""low"": 0.0008994378056349512, ""medium"": 0.0003308846773054542}",0.3363533216034185,0.11807353360305356,1.2210591456236108,0.15687452536301535,
case_f36a9a1eade5132f,semantic_adjudication,208.35183397866786,255,0,code_review_severity,code_insufficient,16.0,2.0,0.7205767639396528,0.65,"low:1,medium:3,high:3,insufficient:13",benchmark_authored_adjudication,Severity cannot be assessed from an unsupported assertion.,target,choice,insufficient,insufficient,0.9622217008728422,0.9622217008728422,0.13631230443691011,1,0.9622217008728422,0.03851039658008475,0.002201083755706101,"{""high"": 0.15, ""insufficient"": 0.65, ""low"": 0.05, ""medium"": 0.15}","{""high"": 0.010689317544018029, ""insufficient"": 0.9622217008728422, ""low"": 0.025642339765713906, ""medium"": 0.001446641817425773}",0.31222170087284223,0.10165433633352404,0.8708288919765255,0.1395512525816911,
case_2de73a58468b67a9,semantic_adjudication,266.7281669564545,284,0,code_review_severity,code_insufficient,17.0,6.0,0.7205767639396528,0.65,"low:1,medium:3,high:3,insufficient:13",benchmark_authored_adjudication,Severity cannot be assessed from an unsupported assertion.,target,choice,insufficient,insufficient,0.9668384706346159,0.9668384706346159,0.12052817178457435,1,0.9668384706346159,0.03372383922476828,0.0017993058372737006,"{""high"": 0.15, ""insufficient"": 0.65, ""low"": 0.05, ""medium"": 0.15}","{""high"": 0.005749031694992488, ""insufficient"": 0.9668384706346159, ""low"": 0.025765372512474953, ""medium"": 0.0016471251579166172}",0.3168384706346159,0.10728267190101608,0.941042334621209,0.1437908509743846,
case_cd49106cffaa4654,semantic_adjudication,308.6795408744365,344,0,code_review_severity,code_insufficient,18.0,12.0,0.7205767639396528,0.65,"low:1,medium:3,high:3,insufficient:13",benchmark_authored_adjudication,Severity cannot be assessed from an unsupported assertion.,target,choice,insufficient,insufficient,0.9909829041745659,0.9909829041745659,0.041627987747531514,1,0.9909829041745659,0.009057995886151637,0.00012973484440661546,"{""high"": 0.15, ""insufficient"": 0.65, ""low"": 0.05, ""medium"": 0.15}","{""high"": 0.0019130470462947386, ""insufficient"": 0.9909829041745659, ""low"": 0.006677190285328018, ""medium"": 0.00042685849381122565}",0.34098290417456595,0.12539531144276098,1.3601264912825923,0.16244807707603814,
case_babe5eb491e1b12b,semantic_adjudication,403.39329186826944,451,0,code_review_severity,code_insufficient,19.0,24.0,0.7205767639396528,0.65,"low:1,medium:3,high:3,insufficient:13",benchmark_authored_adjudication,Severity cannot be assessed from an unsupported assertion.,target,choice,insufficient,insufficient,0.9721959052973738,0.9721959052973738,0.1083208679487628,1,0.9721959052973738,0.028197946170050888,0.0011383065247090852,"{""high"": 0.15, ""insufficient"": 0.65, ""low"": 0.05, ""medium"": 0.15}","{""high"": 0.010800120946441871, ""insufficient"": 0.9721959052973738, ""low"": 0.015714083253911125, ""medium"": 0.0012898905022731258}",0.3221959052973738,0.10545538482090157,0.9042664415664917,0.1464770284728651,
case_98b3e74d1c8f28fc,semantic_adjudication,209.32224998250604,230,0,code_review_severity,code_insufficient,20.0,0.0,0.7205767639396528,0.65,"low:1,medium:3,high:3,insufficient:13",benchmark_authored_adjudication,Severity cannot be assessed from an unsupported assertion.,target,choice,insufficient,insufficient,0.9853202604707423,0.9853202604707423,0.057357919419164134,1,0.9853202604707423,0.01478855312205314,0.00041325356732528396,"{""high"": 0.15, ""insufficient"": 0.65, ""low"": 0.05, ""medium"": 0.15}","{""high"": 0.01405483867063074, ""insufficient"": 0.9853202604707423, ""low"": 0.0004244193522758657, ""medium"": 0.000200481506351125}",0.33532026047074226,0.11772589807383281,1.315857048518494,0.15581839790852273,
case_b128e2a45c752472,semantic_adjudication,208.36662501096725,251,0,code_review_severity,code_insufficient,21.0,2.0,0.7205767639396528,0.65,"low:1,medium:3,high:3,insufficient:13",benchmark_authored_adjudication,Severity cannot be assessed from an unsupported assertion.,target,choice,insufficient,insufficient,0.9685829975132527,0.9685829975132527,0.10747202075505882,1,0.9685829975132527,0.031921102839125436,0.0018449444433178712,"{""high"": 0.15, ""insufficient"": 0.65, ""low"": 0.05, ""medium"": 0.15}","{""high"": 0.02924867215224626, ""insufficient"": 0.9685829975132527, ""low"": 0.00088323336757507, ""medium"": 0.0012850969669260489}",0.31858299751325264,0.10216333453768883,0.9017395982355663,0.14060458863008554,
case_212365788d3b5cc1,semantic_adjudication,264.4503749907017,293,0,code_review_severity,code_insufficient,22.0,6.0,0.7205767639396528,0.65,"low:1,medium:3,high:3,insufficient:13",benchmark_authored_adjudication,Severity cannot be assessed from an unsupported assertion.,target,choice,insufficient,insufficient,0.9973306158378035,0.9973306158378035,0.014435776383996,1,0.9973306158378035,0.0026729533211517437,1.2040742154909613e-05,"{""high"": 0.15, ""insufficient"": 0.65, ""low"": 0.05, ""medium"": 0.15}","{""high"": 0.002181651864037062, ""insufficient"": 0.9973306158378035, ""low"": 0.00010861805050969103, ""medium"": 0.0003791142476497347}",0.34733061583780345,0.13324784599123357,1.5599914487175925,0.1673643801900603,
case_939d8c87c31be461,semantic_adjudication,307.6190419960767,341,0,code_review_severity,code_insufficient,23.0,12.0,0.7205767639396528,0.65,"low:1,medium:3,high:3,insufficient:13",benchmark_authored_adjudication,Severity cannot be assessed from an unsupported assertion.,target,choice,insufficient,insufficient,0.98709619922053,0.98709619922053,0.058813784730842686,1,0.98709619922053,0.012987778015986313,0.0002344673268123732,"{""high"": 0.15, ""insufficient"": 0.65, ""low"": 0.05, ""medium"": 0.15}","{""high"": 0.004571162280769817, ""insufficient"": 0.98709619922053, ""low"": 0.0016816366253535762, ""medium"": 0.006651001873346641}",0.33709619922053,0.11548481025163373,0.8890562734124271,0.1576669938724131,
case_55b3ead92e1603aa,semantic_adjudication,396.1836248636246,450,0,code_review_severity,code_insufficient,24.0,24.0,0.7205767639396528,0.65,"low:1,medium:3,high:3,insufficient:13",benchmark_authored_adjudication,Severity cannot be assessed from an unsupported assertion.,target,choice,insufficient,insufficient,0.9983668447452498,0.9983668447452498,0.009599345972347113,1,0.9983668447452498,0.0016344903065558,4.184877939592179e-06,"{""high"": 0.15, ""insufficient"": 0.65, ""low"": 0.05, ""medium"": 0.15}","{""high"": 0.0011689673925857995, ""insufficient"": 0.9983668447452498, ""low"": 0.00037950814826443645, ""medium"": 8.467971389987775e-05}",0.34836684474524987,0.13551248839507718,1.8152029857029963,0.16844693125284232,
case_6a7297360c4ad4c7,semantic_adjudication,207.26658310741186,228,0,code_review_severity,code_insufficient,25.0,0.0,0.7205767639396528,0.65,"low:1,medium:3,high:3,insufficient:13",benchmark_authored_adjudication,Severity cannot be assessed from an unsupported assertion.,target,choice,insufficient,insufficient,0.999072479980531,0.999072479980531,0.005650623658457612,1,0.999072479980531,0.0009279504323272535,1.5166650180340333e-06,"{""high"": 0.15, ""insufficient"": 0.65, ""low"": 0.05, ""medium"": 0.15}","{""high"": 0.0008039866041473951, ""insufficient"": 0.999072479980531, ""low"": 2.7510908741710173e-05, ""medium"": 9.60225065800035e-05}",0.3490724799805309,0.13721234136724264,1.9832464458287682,0.16907949882729728,
case_eacca05df163009c,semantic_adjudication,261.1512499861419,260,0,code_review_severity,code_insufficient,26.0,2.0,0.7205767639396528,0.65,"low:1,medium:3,high:3,insufficient:13",benchmark_authored_adjudication,Severity cannot be assessed from an unsupported assertion.,target,choice,insufficient,insufficient,0.9676162947017731,0.9676162947017731,0.11789984380039557,1,0.9676162947017731,0.032919660059647866,0.0017381865149788131,"{""high"": 0.15, ""insufficient"": 0.65, ""low"": 0.05, ""medium"": 0.15}","{""high"": 0.004480952426006467, ""insufficient"": 0.9676162947017731, ""low"": 0.002116652050469162, ""medium"": 0.025786100821751187}",0.31761629470177316,0.09700540544910807,0.6902381554560887,0.13977781162684577,
case_be16b8b92e9519cc,semantic_adjudication,264.21033311635256,288,0,code_review_severity,code_insufficient,27.0,6.0,0.7205767639396528,0.65,"low:1,medium:3,high:3,insufficient:13",benchmark_authored_adjudication,Severity cannot be assessed from an unsupported assertion.,target,choice,insufficient,insufficient,0.9470570303391064,0.9470570303391064,0.18084375507926032,1,0.9470570303391064,0.054395965498348554,0.00412120312807544,"{""high"": 0.15, ""insufficient"": 0.65, ""low"": 0.05, ""medium"": 0.15}","{""high"": 0.02227264655066181, ""insufficient"": 0.9470570303391064, ""low"": 0.02859864426795232, ""medium"": 0.0020716788422794545}",0.29705703033910635,0.08913496125637971,0.7117144608947893,0.12689796232077227,
case_ef406bc0029337b2,semantic_adjudication,306.62066605873406,339,0,code_review_severity,code_insufficient,28.0,12.0,0.7205767639396528,0.65,"low:1,medium:3,high:3,insufficient:13",benchmark_authored_adjudication,Severity cannot be assessed from an unsupported assertion.,target,choice,insufficient,insufficient,0.9698806756884094,0.9698806756884094,0.1005886006998017,1,0.9698806756884094,0.030582229805861096,0.0017653718462458923,"{""high"": 0.15, ""insufficient"": 0.65, ""low"": 0.05, ""medium"": 0.15}","{""high"": 0.02928785863766024, ""insufficient"": 0.9698806756884094, ""low"": 0.0006078501137631561, ""medium"": 0.0002236155601671875}",0.3198806756884094,0.10524085988502069,1.1816507252023019,0.1417676175574079,
case_b3ddfce303d4b14f,semantic_adjudication,356.9887501653284,447,0,code_review_severity,code_insufficient,29.0,24.0,0.7205767639396528,0.65,"low:1,medium:3,high:3,insufficient:13",benchmark_authored_adjudication,Severity cannot be assessed from an unsupported assertion.,target,choice,insufficient,insufficient,0.9598138131090923,0.9598138131090923,0.14608614627472022,1,0.9598138131090923,0.04101595800798511,0.002369545230417004,"{""high"": 0.15, ""insufficient"": 0.65, ""low"": 0.05, ""medium"": 0.15}","{""high"": 0.015513945373835665, ""insufficient"": 0.9598138131090923, ""low"": 0.022572657325786654, ""medium"": 0.002099584191285387}",0.3098138131090923,0.0964496654053853,0.7670844534044259,0.13669788980466663,
case_b95351f976706760,semantic_adjudication,206.44249999895692,210,0,policy_compliance,policy_allowed_clear,0.0,0.0,0.0,1.0,"allowed:20,review:0,prohibited:0,insufficient:0",benchmark_authored_adjudication,The action is directly within the stated allowance.,target,choice,allowed,allowed,0.932163954646003,0.932163954646003,0.21187430440618482,1,0.932163954646003,0.07024656276597811,0.007498503289107727,"{""allowed"": 1.0, ""insufficient"": 0.0, ""prohibited"": 0.0, ""review"": 0.0}","{""allowed"": 0.932163954646003, ""insufficient"": 0.004891547503058582, ""prohibited"": 0.05258909170570169, ""review"": 0.010355406145236706}",0.067836045353997,0.024105715474801635,0.0702465627659781,0.007498503289107727,
case_945cb23af941f6f7,semantic_adjudication,208.39320891536772,234,0,policy_compliance,policy_allowed_clear,1.0,2.0,0.0,1.0,"allowed:20,review:0,prohibited:0,insufficient:0",benchmark_authored_adjudication,The action is directly within the stated allowance.,target,choice,allowed,allowed,0.8178080046337706,0.8178080046337706,0.4604938031982542,1,0.8178080046337706,0.20112768309048468,0.04854678603325744,"{""allowed"": 1.0, ""insufficient"": 0.0, ""prohibited"": 0.0, ""review"": 0.0}","{""allowed"": 0.8178080046337706, ""insufficient"": 0.019233000811986933, ""prohibited"": 0.11067827794028041, ""review"": 0.05228071661396214}",0.18219199536622946,0.06771571080654651,0.20112768309048473,0.04854678603325744,
case_fa73d34ad571b637,semantic_adjudication,263.9034581370652,274,0,policy_compliance,policy_allowed_clear,2.0,6.0,0.0,1.0,"allowed:20,review:0,prohibited:0,insufficient:0",benchmark_authored_adjudication,The action is directly within the stated allowance.,target,choice,allowed,review,0.5408762698280217,0.5408762698280217,0.8243099295137702,0,0.2554918590380815,1.3645647327106614,0.8682846249170522,"{""allowed"": 1.0, ""insufficient"": 0.0, ""prohibited"": 0.0, ""review"": 0.0}","{""allowed"": 0.2554918590380815, ""insufficient"": 0.12068580870721184, ""prohibited"": 0.08294606242668486, ""review"": 0.5408762698280217}",0.7445081409619185,0.37600018154745685,1.3645647327106614,0.8682846249170522,
case_e85be3048d46785e,semantic_adjudication,266.752416966483,317,0,policy_compliance,policy_allowed_clear,3.0,12.0,0.0,1.0,"allowed:20,review:0,prohibited:0,insufficient:0",benchmark_authored_adjudication,The action is directly within the stated allowance.,target,choice,allowed,allowed,0.3947943216774296,0.3947943216774296,0.827295287801418,1,0.3947943216774296,0.9293903543088435,0.5452993097473964,"{""allowed"": 1.0, ""insufficient"": 0.0, ""prohibited"": 0.0, ""review"": 0.0}","{""allowed"": 0.3947943216774296, ""insufficient"": 0.01734605190643938, ""prohibited"": 0.34840476603831805, ""review"": 0.239454860377813}",0.6052056783225703,0.2776313748174359,0.9293903543088435,0.5452993097473964,
case_f708776e56456a5d,semantic_adjudication,356.82487511076033,424,0,policy_compliance,policy_allowed_clear,4.0,24.0,0.0,1.0,"allowed:20,review:0,prohibited:0,insufficient:0",benchmark_authored_adjudication,The action is directly within the stated allowance.,target,choice,allowed,prohibited,0.5217700185586854,0.5217700185586854,0.7513850400174701,0,0.31646951357467246,1.1505283656560523,0.7619555964616211,"{""allowed"": 1.0, ""insufficient"": 0.0, ""prohibited"": 0.0, ""review"": 0.0}","{""allowed"": 0.31646951357467246, ""insufficient"": 0.1494896131748938, ""prohibited"": 0.5217700185586854, ""review"": 0.01227085469174832}",0.6835304864253275,0.33010962626304097,1.1505283656560523,0.7619555964616211,
case_02c5315beb82beb9,semantic_adjudication,210.6007921975106,208,0,policy_compliance,policy_allowed_clear,5.0,0.0,0.0,1.0,"allowed:20,review:0,prohibited:0,insufficient:0",benchmark_authored_adjudication,The action is directly within the stated allowance.,target,choice,allowed,allowed,0.6574905509719173,0.6574905509719173,0.547429469666892,1,0.6574905509719173,0.4193248861788562,0.21461430711094845,"{""allowed"": 1.0, ""insufficient"": 0.0, ""prohibited"": 0.0, ""review"": 0.0}","{""allowed"": 0.6574905509719173, ""insufficient"": 0.0030447853096169475, ""prohibited"": 0.310576545022395, ""review"": 0.028888118696070705}",0.34250944902808267,0.13652718748102363,0.4193248861788562,0.21461430711094845,
case_7a20c77902b594a2,semantic_adjudication,210.46516695059836,240,0,policy_compliance,policy_allowed_clear,6.0,2.0,0.0,1.0,"allowed:20,review:0,prohibited:0,insufficient:0",benchmark_authored_adjudication,The action is directly within the stated allowance.,target,choice,allowed,prohibited,0.4258861893623922,0.4258861893623922,0.933157930877381,0,0.25831303139647127,1.3535831295278016,0.7821147686496356,"{""allowed"": 1.0, ""insufficient"": 0.0, ""prohibited"": 0.0, ""review"": 0.0}","{""allowed"": 0.25831303139647127, ""insufficient"": 0.1775357770507905, ""prohibited"": 0.4258861893623922, ""review"": 0.138265002190346}",0.7416869686035288,0.37376057413809943,1.3535831295278016,0.7821147686496356,
case_21b6f51b7c1d4add,semantic_adjudication,265.18849981948733,267,0,policy_compliance,policy_allowed_clear,7.0,6.0,0.0,1.0,"allowed:20,review:0,prohibited:0,insufficient:0",benchmark_authored_adjudication,The action is directly within the stated allowance.,target,choice,allowed,review,0.5781299795559953,0.5781299795559953,0.7307516300360313,0,0.27308926547909884,1.2979565574664955,0.8796653819360127,"{""allowed"": 1.0, ""insufficient"": 0.0, ""prohibited"": 0.0, ""review"": 0.0}","{""allowed"": 0.27308926547909884, ""insufficient"": 0.019782520039968114, ""prohibited"": 0.1289982349249377, ""review"": 0.5781299795559953}",0.7269107345209012,0.3622267441083444,1.2979565574664955,0.8796653819360127,
case_39e2de41b0fdc46a,semantic_adjudication,269.8816249612719,318,0,policy_compliance,policy_allowed_clear,8.0,12.0,0.0,1.0,"allowed:20,review:0,prohibited:0,insufficient:0",benchmark_authored_adjudication,The action is directly within the stated allowance.,target,choice,allowed,allowed,0.677467832960687,0.677467832960687,0.7017641075213902,1,0.677467832960687,0.38939320638026187,0.14078099873867936,"{""allowed"": 1.0, ""insufficient"": 0.0, ""prohibited"": 0.0, ""review"": 0.0}","{""allowed"": 0.677467832960687, ""insufficient"": 0.07140458425966305, ""prohibited"": 0.13340132588524398, ""review"": 0.11772625689440604}",0.32253216703931303,0.1273816734077318,0.3893932063802619,0.14078099873867936,
case_60574ea24be0c1b7,semantic_adjudication,355.5115829221904,420,0,policy_compliance,policy_allowed_clear,9.0,24.0,0.0,1.0,"allowed:20,review:0,prohibited:0,insufficient:0",benchmark_authored_adjudication,The action is directly within the stated allowance.,target,choice,allowed,allowed,0.9580921099598965,0.9580921099598965,0.1556187055019128,1,0.9580921099598965,0.04281135744960885,0.0024629388848692703,"{""allowed"": 1.0, ""insufficient"": 0.0, ""prohibited"": 0.0, ""review"": 0.0}","{""allowed"": 0.9580921099598965, ""insufficient"": 0.012060599761528892, ""prohibited"": 0.022532166748684378, ""review"": 0.007315123529890148}",0.04190789004010348,0.01474841749476848,0.04281135744960883,0.0024629388848692703,
case_0cd86d065cc681af,semantic_adjudication,206.9744998589158,214,0,policy_compliance,policy_allowed_clear,10.0,0.0,0.0,1.0,"allowed:20,review:0,prohibited:0,insufficient:0",benchmark_authored_adjudication,The action is directly within the stated allowance.,target,choice,allowed,allowed,0.5603370303661737,0.5603370303661737,0.8224745829859984,1,0.5603370303661737,0.5792168363463711,0.26524021550646637,"{""allowed"": 1.0, ""insufficient"": 0.0, ""prohibited"": 0.0, ""review"": 0.0}","{""allowed"": 0.5603370303661737, ""insufficient"": 0.07583337071256857, ""prohibited"": 0.18191479946062883, ""review"": 0.18191479946062883}",0.4396629696338263,0.18377044927000752,0.5792168363463712,0.26524021550646637,
case_ec8f2ab14d90806c,semantic_adjudication,207.3772910516709,235,0,policy_compliance,policy_allowed_clear,11.0,2.0,0.0,1.0,"allowed:20,review:0,prohibited:0,insufficient:0",benchmark_authored_adjudication,The action is directly within the stated allowance.,target,choice,allowed,allowed,0.888909816406056,0.888909816406056,0.32790304931768716,1,0.888909816406056,0.11775949247671323,0.01767766388951132,"{""allowed"": 1.0, ""insufficient"": 0.0, ""prohibited"": 0.0, ""review"": 0.0}","{""allowed"": 0.888909816406056, ""insufficient"": 0.01628095120194432, ""prohibited"": 0.06439241112581577, ""review"": 0.03041682126618376}",0.1110901835939439,0.04013522003393225,0.1177594924767132,0.01767766388951132,
case_c1f0275406ecd5e7,semantic_adjudication,262.8403340931982,270,0,policy_compliance,policy_allowed_clear,12.0,6.0,0.0,1.0,"allowed:20,review:0,prohibited:0,insufficient:0",benchmark_authored_adjudication,The action is directly within the stated allowance.,target,choice,allowed,prohibited,0.6361927101033019,0.6361927101033019,0.6831195088886731,0,0.23404221867014813,1.4522537582311674,1.0040236874646944,"{""allowed"": 1.0, ""insufficient"": 0.0, ""prohibited"": 0.0, ""review"": 0.0}","{""allowed"": 0.23404221867014813, ""insufficient"": 0.11055371602907663, ""prohibited"": 0.6361927101033019, ""review"": 0.01921135519747333}",0.7659577813298519,0.3934462955480673,1.4522537582311674,1.0040236874646944,
case_460d38e124dd33d2,semantic_adjudication,265.96658304333687,316,0,policy_compliance,policy_allowed_clear,13.0,12.0,0.0,1.0,"allowed:20,review:0,prohibited:0,insufficient:0",benchmark_authored_adjudication,The action is directly within the stated allowance.,target,choice,allowed,allowed,0.4889076279343782,0.4889076279343782,0.8937318088446033,1,0.4889076279343782,0.7155817072808008,0.35379202837527185,"{""allowed"": 1.0, ""insufficient"": 0.0, ""prohibited"": 0.0, ""review"": 0.0}","{""allowed"": 0.4889076279343782, ""insufficient"": 0.14007438062473643, ""prohibited"": 0.23094361081614884, ""review"": 0.14007438062473643}",0.5110923720656217,0.22189608535834954,0.7155817072808008,0.35379202837527185,
case_d8f666016767bbbe,semantic_adjudication,356.0101669281721,432,0,policy_compliance,policy_allowed_clear,14.0,24.0,0.0,1.0,"allowed:20,review:0,prohibited:0,insufficient:0",benchmark_authored_adjudication,The action is directly within the stated allowance.,target,choice,allowed,allowed,0.3076566816396497,0.3076566816396497,0.956427185735152,1,0.3076566816396497,1.1787707877163471,0.6605172905245356,"{""allowed"": 1.0, ""insufficient"": 0.0, ""prohibited"": 0.0, ""review"": 0.0}","{""allowed"": 0.3076566816396497, ""insufficient"": 0.3076566816396497, ""prohibited"": 0.2715060686064458, ""review"": 0.11318056811425467}",0.6923433183603502,0.33643804160543334,1.1787707877163471,0.6605172905245356,
case_cad13b22a40dcc7a,semantic_adjudication,206.858083140105,209,0,policy_compliance,policy_allowed_clear,15.0,0.0,0.0,1.0,"allowed:20,review:0,prohibited:0,insufficient:0",benchmark_authored_adjudication,The action is directly within the stated allowance.,target,choice,allowed,allowed,0.5670094272650058,0.5670094272650058,0.6942695324366916,1,0.5670094272650058,0.5673793488229297,0.2956074196619261,"{""allowed"": 1.0, ""insufficient"": 0.0, ""prohibited"": 0.0, ""review"": 0.0}","{""allowed"": 0.5670094272650058, ""insufficient"": 0.002975392402082417, ""prohibited"": 0.3034982760216015, ""review"": 0.1265169043113102}",0.4329905727349942,0.18036644811164176,0.5673793488229297,0.2956074196619261,
case_5d83d34083aeafc3,semantic_adjudication,207.07595814019442,234,0,policy_compliance,policy_allowed_clear,16.0,2.0,0.0,1.0,"allowed:20,review:0,prohibited:0,insufficient:0",benchmark_authored_adjudication,The action is directly within the stated allowance.,target,choice,allowed,prohibited,0.7613877223130359,0.7613877223130359,0.557345860543148,0,0.13230934700108873,2.022612560310802,1.3397171155168077,"{""allowed"": 1.0, ""insufficient"": 0.0, ""prohibited"": 0.0, ""review"": 0.0}","{""allowed"": 0.13230934700108873, ""insufficient"": 0.026053255163157384, ""prohibited"": 0.7613877223130359, ""review"": 0.08024967552271807}",0.8676906529989112,0.48899197048013243,2.022612560310802,1.3397171155168077,
case_c3dc90fdeaa4710a,semantic_adjudication,261.8952910415828,265,0,policy_compliance,policy_allowed_clear,17.0,6.0,0.0,1.0,"allowed:20,review:0,prohibited:0,insufficient:0",benchmark_authored_adjudication,The action is directly within the stated allowance.,target,choice,allowed,allowed,0.47028975732988765,0.47028975732988765,0.8165698272924498,1,0.47028975732988765,0.7544062692819355,0.4280984756497125,"{""allowed"": 1.0, ""insufficient"": 0.0, ""prohibited"": 0.0, ""review"": 0.0}","{""allowed"": 0.47028975732988765, ""insufficient"": 0.08172410569556746, ""prohibited"": 0.08172410569556746, ""review"": 0.36626203127897744}",0.5297102426701124,0.23238383607936797,0.7544062692819355,0.4280984756497125,
case_22b6f5e692f5a209,semantic_adjudication,306.66833301074803,328,0,policy_compliance,policy_allowed_clear,18.0,12.0,0.0,1.0,"allowed:20,review:0,prohibited:0,insufficient:0",benchmark_authored_adjudication,The action is directly within the stated allowance.,target,choice,allowed,prohibited,0.4846426077145077,0.4846426077145077,0.8919735445919634,0,0.22892895791751788,1.4743435509928022,0.8729102614908588,"{""allowed"": 1.0, ""insufficient"": 0.0, ""prohibited"": 0.0, ""review"": 0.0}","{""allowed"": 0.22892895791751788, ""insufficient"": 0.17829005169388362, ""prohibited"": 0.4846426077145077, ""review"": 0.10813838267409075}",0.7710710420824821,0.39771964827832784,1.4743435509928022,0.8729102614908588,
case_fee3cc5139969ec9,semantic_adjudication,355.2327919751406,422,0,policy_compliance,policy_allowed_clear,19.0,24.0,0.0,1.0,"allowed:20,review:0,prohibited:0,insufficient:0",benchmark_authored_adjudication,The action is directly within the stated allowance.,target,choice,allowed,allowed,0.626001444845002,0.626001444845002,0.7472558045677452,1,0.626001444845002,0.4684025998255935,0.19598445589218116,"{""allowed"": 1.0, ""insufficient"": 0.0, ""prohibited"": 0.0, ""review"": 0.0}","{""allowed"": 0.626001444845002, ""insufficient"": 0.07476521069709374, ""prohibited"": 0.20323291363882176, ""review"": 0.09600043081908259}",0.3739985551549981,0.1513177467758054,0.46840259982559357,0.19598445589218116,
case_3007610773498101,semantic_adjudication,205.7896670885384,210,0,policy_compliance,policy_allowed_clear,20.0,0.0,0.0,1.0,"allowed:20,review:0,prohibited:0,insufficient:0",benchmark_authored_adjudication,The action is directly within the stated allowance.,target,choice,allowed,allowed,0.6511144183293639,0.6511144183293639,0.659813756745005,1,0.6511144183293639,0.4290698944147585,0.18292973411951222,"{""allowed"": 1.0, ""insufficient"": 0.0, ""prohibited"": 0.0, ""review"": 0.0}","{""allowed"": 0.6511144183293639, ""insufficient"": 0.009287648364572038, ""prohibited"": 0.12821203086283944, ""review"": 0.21138590244322467}",0.3488855816706361,0.1394843367967433,0.42906989441475857,0.18292973411951222,
case_4710cd30df6db030,semantic_adjudication,207.66691700555384,233,0,policy_compliance,policy_allowed_clear,21.0,2.0,0.0,1.0,"allowed:20,review:0,prohibited:0,insufficient:0",benchmark_authored_adjudication,The action is directly within the stated allowance.,target,choice,allowed,allowed,0.6348927416529914,0.6348927416529914,0.6687024508827927,1,0.6348927416529914,0.454299205139169,0.20970541161356276,"{""allowed"": 1.0, ""insufficient"": 0.0, ""prohibited"": 0.0, ""review"": 0.0}","{""allowed"": 0.6348927416529914, ""insufficient"": 0.024617463115704875, ""prohibited"": 0.26466267056469145, ""review"": 0.07582712466661233}",0.36510725834700863,0.14709354787531692,0.45429920513916905,0.20970541161356276,
case_1c3f74112a836e52,semantic_adjudication,263.67845898494124,274,0,policy_compliance,policy_allowed_clear,22.0,6.0,0.0,1.0,"allowed:20,review:0,prohibited:0,insufficient:0",benchmark_authored_adjudication,The action is directly within the stated allowance.,target,choice,allowed,allowed,0.7591540642294957,0.7591540642294957,0.5590864148151574,1,0.7591540642294957,0.2755505390102382,0.08454246944419906,"{""allowed"": 1.0, ""insufficient"": 0.0, ""prohibited"": 0.0, ""review"": 0.0}","{""allowed"": 0.7591540642294957, ""insufficient"": 0.04282854159243078, ""prohibited"": 0.14948629852550233, ""review"": 0.04853109565257117}",0.24084593577050428,0.09174034860727902,0.2755505390102382,0.08454246944419906,
case_bb0fd6bb3f69b14f,semantic_adjudication,305.8025420177728,321,0,policy_compliance,policy_allowed_clear,23.0,12.0,0.0,1.0,"allowed:20,review:0,prohibited:0,insufficient:0",benchmark_authored_adjudication,The action is directly within the stated allowance.,target,choice,allowed,review,0.32473768086924776,0.32473768086924776,0.9121223707660782,0,0.32473768086924776,1.1247375583487995,0.6476507730721316,"{""allowed"": 1.0, ""insufficient"": 0.0, ""prohibited"": 0.0, ""review"": 0.0}","{""allowed"": 0.32473768086924776, ""insufficient"": 0.06394464074188853, ""prohibited"": 0.28657999751961594, ""review"": 0.32473768086924776}",0.6752623191307523,0.3242571495569042,1.1247375583487993,0.6476507730721316,
case_ea6581cf4e0260a9,semantic_adjudication,353.933208854869,420,0,policy_compliance,policy_allowed_clear,24.0,24.0,0.0,1.0,"allowed:20,review:0,prohibited:0,insufficient:0",benchmark_authored_adjudication,The action is directly within the stated allowance.,target,choice,allowed,prohibited,0.48881715347396426,0.48881715347396426,0.8206514769749749,0,0.3359587888717769,1.0907667787086557,0.6961655509539193,"{""allowed"": 1.0, ""insufficient"": 0.0, ""prohibited"": 0.0, ""review"": 0.0}","{""allowed"": 0.3359587888717769, ""insufficient"": 0.06615420791631373, ""prohibited"": 0.48881715347396426, ""review"": 0.10906984973794524}",0.6640412111282232,0.3164411216928869,1.0907667787086557,0.6961655509539193,
case_e2f369a3e4a66751,semantic_adjudication,206.142625072971,208,0,policy_compliance,policy_allowed_clear,25.0,0.0,0.0,1.0,"allowed:20,review:0,prohibited:0,insufficient:0",benchmark_authored_adjudication,The action is directly within the stated allowance.,target,choice,allowed,prohibited,0.5376655598726027,0.5376655598726027,0.6128115906289223,0,0.4187343590593083,0.8705185480406048,0.6284926130399484,"{""allowed"": 1.0, ""insufficient"": 0.0, ""prohibited"": 0.0, ""review"": 0.0}","{""allowed"": 0.4187343590593083, ""insufficient"": 0.004651718545232966, ""prohibited"": 0.5376655598726027, ""review"": 0.03894836252285611}",0.5812656409406918,0.26277722980071505,0.8705185480406049,0.6284926130399484,
case_8059c3fef1d643b1,semantic_adjudication,207.19670807011425,238,0,policy_compliance,policy_allowed_clear,26.0,2.0,0.0,1.0,"allowed:20,review:0,prohibited:0,insufficient:0",benchmark_authored_adjudication,The action is directly within the stated allowance.,target,choice,allowed,allowed,0.6094598715535207,0.6094598715535207,0.7620289186050372,1,0.6094598715535207,0.4951821705325611,0.2133777929683482,"{""allowed"": 1.0, ""insufficient"": 0.0, ""prohibited"": 0.0, ""review"": 0.0}","{""allowed"": 0.6094598715535207, ""insufficient"": 0.05668859864694731, ""prohibited"": 0.1978626510557534, ""review"": 0.13598887874377855}",0.3905401284464793,0.15928046817443936,0.49518217053256114,0.2133777929683482,
case_f2731ee0e2e4c552,semantic_adjudication,262.17970810830593,270,0,policy_compliance,policy_allowed_clear,27.0,6.0,0.0,1.0,"allowed:20,review:0,prohibited:0,insufficient:0",benchmark_authored_adjudication,The action is directly within the stated allowance.,target,choice,allowed,prohibited,0.5369445786426708,0.5369445786426708,0.7633097606951452,0,0.3256733495132611,1.1218603953064579,0.7536747180175574,"{""allowed"": 1.0, ""insufficient"": 0.0, ""prohibited"": 0.0, ""review"": 0.0}","{""allowed"": 0.3256733495132611, ""insufficient"": 0.04407509499899355, ""prohibited"": 0.5369445786426708, ""review"": 0.09330697684507457}",0.6743266504867389,0.3235999051087595,1.1218603953064579,0.7536747180175574,
case_18f0663638b740f4,semantic_adjudication,306.0627500526607,324,0,policy_compliance,policy_allowed_clear,28.0,12.0,0.0,1.0,"allowed:20,review:0,prohibited:0,insufficient:0",benchmark_authored_adjudication,The action is directly within the stated allowance.,target,choice,allowed,allowed,0.4795321063178843,0.4795321063178843,0.7831151111348595,1,0.4795321063178843,0.734944428990143,0.4108381863555241,"{""allowed"": 1.0, ""insufficient"": 0.0, ""prohibited"": 0.0, ""review"": 0.0}","{""allowed"": 0.4795321063178843, ""insufficient"": 0.014480614877793152, ""prohibited"": 0.17641000329598794, ""review"": 0.3295772755083345}",0.5204678936821157,0.2271469374402364,0.734944428990143,0.4108381863555241,
case_6e3b792c4a26f528,semantic_adjudication,354.8729170579463,417,0,policy_compliance,policy_allowed_clear,29.0,24.0,0.0,1.0,"allowed:20,review:0,prohibited:0,insufficient:0",benchmark_authored_adjudication,The action is directly within the stated allowance.,target,choice,allowed,allowed,0.528308966953112,0.528308966953112,0.8593185128247327,1,0.528308966953112,0.638074001734044,0.3027335548146773,"{""allowed"": 1.0, ""insufficient"": 0.0, ""prohibited"": 0.0, ""review"": 0.0}","{""allowed"": 0.528308966953112, ""insufficient"": 0.1178816644040994, ""prohibited"": 0.22023194297834062, ""review"": 0.133577425664448}",0.471691033046888,0.20047187462240332,0.638074001734044,0.3027335548146773,
case_421c11ef14d08544,semantic_adjudication,206.71941712498665,216,0,policy_compliance,policy_review_border,0.0,0.0,0.30492015235820025,0.85,"allowed:0,review:17,prohibited:3,insufficient:0",benchmark_authored_adjudication,"The policy provides an exception path, but approval is required before proceeding.",target,choice,review,prohibited,0.8562265801871244,0.8562265801871244,0.36183653001254973,0,0.11587766674434076,2.155220241386042,1.5151913600051707,"{""allowed"": 0.0, ""insufficient"": 0.0, ""prohibited"": 0.15, ""review"": 0.85}","{""allowed"": 0.01221341621889165, ""insufficient"": 0.01568233684964317, ""prohibited"": 0.8562265801871244, ""review"": 0.11587766674434076}",0.7341223332556592,0.3041135941044162,1.432511153580051,1.0380866859723354,
case_3c905274fe4aab88,semantic_adjudication,207.66358310356736,240,0,policy_compliance,policy_review_border,1.0,2.0,0.30492015235820025,0.85,"allowed:0,review:17,prohibited:3,insufficient:0",benchmark_authored_adjudication,"The policy provides an exception path, but approval is required before proceeding.",target,choice,review,prohibited,0.6460175374400542,0.6460175374400542,0.5009739988933863,0,0.34578826993848366,1.0619286278280065,0.8453653496279646,"{""allowed"": 0.0, ""insufficient"": 0.0, ""prohibited"": 0.15, ""review"": 0.85}","{""allowed"": 0.003841360693711411, ""insufficient"": 0.004352831927750796, ""prohibited"": 0.6460175374400542, ""review"": 0.34578826993848366}",0.5042117300615163,0.1409521596031953,0.5454695400220155,0.5002965693774933,
case_aff336b57cb218b2,semantic_adjudication,264.7465830668807,281,0,policy_compliance,policy_review_border,2.0,6.0,0.30492015235820025,0.85,"allowed:0,review:17,prohibited:3,insufficient:0",benchmark_authored_adjudication,"The policy provides an exception path, but approval is required before proceeding.",target,choice,review,prohibited,0.9278668169582358,0.9278668169582358,0.23022273304097865,0,0.04076762274805633,3.1998670727041705,1.7818598548110025,"{""allowed"": 0.0, ""insufficient"": 0.0, ""prohibited"": 0.15, ""review"": 0.85}","{""allowed"": 0.028019150036534064, ""insufficient"": 0.003346410257173829, ""prohibited"": 0.9278668169582358, ""review"": 0.04076762274805633}",0.8092323772519436,0.3929407732534642,2.3084079848981798,1.2607300965479487,
case_9ff344f690af7f9f,semantic_adjudication,306.47316691465676,325,0,policy_compliance,policy_review_border,3.0,12.0,0.30492015235820025,0.85,"allowed:0,review:17,prohibited:3,insufficient:0",benchmark_authored_adjudication,"The policy provides an exception path, but approval is required before proceeding.",target,choice,review,prohibited,0.5543684774159308,0.5543684774159308,0.5461699494890503,0,0.43174260432162936,0.8399256916408467,0.630357924855972,"{""allowed"": 0.0, ""insufficient"": 0.0, ""prohibited"": 0.15, ""review"": 0.85}","{""allowed"": 0.010153612843647578, ""insufficient"": 0.0037353054187922504, ""prohibited"": 0.5543684774159308, ""review"": 0.43174260432162936}",0.4182573956783706,0.10130549901900376,0.37971660383485584,0.3385701629276815,
case_f8e88bf3c163bf6e,semantic_adjudication,361.4359579514712,430,0,policy_compliance,policy_review_border,4.0,24.0,0.30492015235820025,0.85,"allowed:0,review:17,prohibited:3,insufficient:0",benchmark_authored_adjudication,"The policy provides an exception path, but approval is required before proceeding.",target,choice,review,prohibited,0.6473270339997047,0.6473270339997047,0.4936314859853549,0,0.34648919293764296,1.0599036500517243,0.8461289303063698,"{""allowed"": 0.0, ""insufficient"": 0.0, ""prohibited"": 0.15, ""review"": 0.85}","{""allowed"": 0.0038491472448826457, ""insufficient"": 0.0023346258177697364, ""prohibited"": 0.6473270339997047, ""review"": 0.34648919293764296}",0.5035108070623571,0.14038099929818204,0.5434445622457335,0.5008775779877513,
case_7ef4980857ccc605,semantic_adjudication,207.3585418984294,214,0,policy_compliance,policy_review_border,5.0,0.0,0.30492015235820025,0.85,"allowed:0,review:17,prohibited:3,insufficient:0",benchmark_authored_adjudication,"The policy provides an exception path, but approval is required before proceeding.",target,choice,review,prohibited,0.9710555498881283,0.9710555498881283,0.11577660304888858,0,0.012223785387296723,4.404371603379572,1.9188203739761052,"{""allowed"": 0.0, ""insufficient"": 0.0, ""prohibited"": 0.15, ""review"": 0.85}","{""allowed"": 0.00449687933727836, ""insufficient"": 0.012223785387296723, ""prohibited"": 0.9710555498881283, ""review"": 0.012223785387296723}",0.8377762146127032,0.4404691738526043,3.325412515573581,1.3761708446258556,
case_5b0258ff38d55ccc,semantic_adjudication,213.85199995711446,245,0,policy_compliance,policy_review_border,6.0,2.0,0.30492015235820025,0.85,"allowed:0,review:17,prohibited:3,insufficient:0",benchmark_authored_adjudication,"The policy provides an exception path, but approval is required before proceeding.",target,choice,review,prohibited,0.6467895019475918,0.6467895019475918,0.582783144310275,0,0.30552172738406175,1.1857343821660202,0.9023865843057793,"{""allowed"": 0.0, ""insufficient"": 0.0, ""prohibited"": 0.15, ""review"": 0.85}","{""allowed"": 0.04134786951046117, ""insufficient"": 0.0063409011578852, ""prohibited"": 0.6467895019475918, ""review"": 0.30552172738406175}",0.5444782726159382,0.16672939775866868,0.6505252943600294,0.5450062519367205,
case_03509ed2162ada75,semantic_adjudication,263.77745787613094,271,0,policy_compliance,policy_review_border,7.0,6.0,0.30492015235820025,0.85,"allowed:0,review:17,prohibited:3,insufficient:0",benchmark_authored_adjudication,"The policy provides an exception path, but approval is required before proceeding.",target,choice,review,prohibited,0.594683228367739,0.594683228367739,0.6018548512586891,0,0.3606936108219234,1.019726404503927,0.763849724120127,"{""allowed"": 0.0, ""insufficient"": 0.0, ""prohibited"": 0.15, ""review"": 0.85}","{""allowed"": 0.03801682688504961, ""insufficient"": 0.006606333925287972, ""prohibited"": 0.594683228367739, ""review"": 0.3606936108219234}",0.48930638917807656,0.13737856664749656,0.5220173166979362,0.4386528388563823,
case_4bd0a6e48d8bcfef,semantic_adjudication,305.81591720692813,328,0,policy_compliance,policy_review_border,8.0,12.0,0.30492015235820025,0.85,"allowed:0,review:17,prohibited:3,insufficient:0",benchmark_authored_adjudication,"The policy provides an exception path, but approval is required before proceeding.",target,choice,review,prohibited,0.9301188244581845,0.9301188244581845,0.2352297026872138,0,0.024786827087362698,3.697442932761894,1.8173507375790416,"{""allowed"": 0.0, ""insufficient"": 0.0, ""prohibited"": 0.15, ""review"": 0.85}","{""allowed"": 0.01326743247523496, ""insufficient"": 0.031826915979217885, ""prohibited"": 0.9301188244581845, ""review"": 0.024786827087362698}",0.8252131729126373,0.4191678045757571,2.7309838449559036,1.290751138367795,
case_3b95bbd7a1b1296a,semantic_adjudication,354.9891661386937,430,0,policy_compliance,policy_review_border,9.0,24.0,0.30492015235820025,0.85,"allowed:0,review:17,prohibited:3,insufficient:0",benchmark_authored_adjudication,"The policy provides an exception path, but approval is required before proceeding.",target,choice,review,review,0.5186353617333025,0.5186353617333025,0.6865325820538483,1,0.5186353617333025,0.6565542212887694,0.3983655179642584,"{""allowed"": 0.0, ""insufficient"": 0.0, ""prohibited"": 0.15, ""review"": 0.85}","{""allowed"": 0.02278724746322801, ""insufficient"": 0.054663764957052094, ""prohibited"": 0.4039136258464173, ""review"": 0.5186353617333025}",0.33136463826669743,0.07731441303017268,0.27134513348277856,0.1777820387303239,
case_678e34b6af52db82,semantic_adjudication,206.30112499929965,220,0,policy_compliance,policy_review_border,10.0,0.0,0.30492015235820025,0.85,"allowed:0,review:17,prohibited:3,insufficient:0",benchmark_authored_adjudication,"The policy provides an exception path, but approval is required before proceeding.",target,choice,review,prohibited,0.9413205791054862,0.9413205791054862,0.1950021463584792,0,0.03649895977051304,3.310471518237807,1.814807352038388,"{""allowed"": 0.0, ""insufficient"": 0.0, ""prohibited"": 0.15, ""review"": 0.85}","{""allowed"": 0.002643975777778883, ""insufficient"": 0.019536485346221967, ""prohibited"": 0.9413205791054862, ""review"": 0.03649895977051304}",0.813501040229487,0.3986329009103993,2.400262430431816,1.2883608662378958,
case_442e5f49795ac4eb,semantic_adjudication,213.10608414933085,240,0,policy_compliance,policy_review_border,11.0,2.0,0.30492015235820025,0.85,"allowed:0,review:17,prohibited:3,insufficient:0",benchmark_authored_adjudication,"The policy provides an exception path, but approval is required before proceeding.",target,choice,review,review,0.7098584174564658,0.7098584174564658,0.6044315333021123,1,0.7098584174564658,0.34268974086514575,0.12943794421951846,"{""allowed"": 0.0, ""insufficient"": 0.0, ""prohibited"": 0.15, ""review"": 0.85}","{""allowed"": 0.03534176956140877, ""insufficient"": 0.05142197128926463, ""prohibited"": 0.20337784169286077, ""review"": 0.7098584174564658}",0.14014158254353415,0.035245358087489215,0.1074806530591548,0.026382116948599977,
case_4761527fb3d22fd0,semantic_adjudication,262.99504190683365,276,0,policy_compliance,policy_review_border,12.0,6.0,0.30492015235820025,0.85,"allowed:0,review:17,prohibited:3,insufficient:0",benchmark_authored_adjudication,"The policy provides an exception path, but approval is required before proceeding.",target,choice,review,prohibited,0.80377301272532,0.80377301272532,0.4063086570461087,0,0.17934600105238654,1.7184383721446104,1.3196848236014707,"{""allowed"": 0.0, ""insufficient"": 0.0, ""prohibited"": 0.15, ""review"": 0.85}","{""allowed"": 0.0054157799590384545, ""insufficient"": 0.011465206263254998, ""prohibited"": 0.80377301272532, ""review"": 0.17934600105238654}",0.6706539989476135,0.2475922878968297,1.0707292843386191,0.8773567200995905,
case_21b264daf60cee36,semantic_adjudication,308.6768751963973,324,0,policy_compliance,policy_review_border,13.0,12.0,0.30492015235820025,0.85,"allowed:0,review:17,prohibited:3,insufficient:0",benchmark_authored_adjudication,"The policy provides an exception path, but approval is required before proceeding.",target,choice,review,prohibited,0.966762927043496,0.966762927043496,0.11603434731489319,0,0.029193710786415375,3.5338019769332423,1.8771038634483133,"{""allowed"": 0.0, ""insufficient"": 0.0, ""prohibited"": 0.15, ""review"": 0.85}","{""allowed"": 0.0023963657097294056, ""insufficient"": 0.0016469964603593394, ""prohibited"": 0.966762927043496, ""review"": 0.029193710786415375}",0.8208062892135847,0.4088046572021912,2.586092889127251,1.340833098571189,
case_c30482551261afee,semantic_adjudication,357.778541976586,430,0,policy_compliance,policy_review_border,14.0,24.0,0.30492015235820025,0.85,"allowed:0,review:17,prohibited:3,insufficient:0",benchmark_authored_adjudication,"The policy provides an exception path, but approval is required before proceeding.",target,choice,review,prohibited,0.7251667595480085,0.7251667595480085,0.5797854105116964,0,0.1833508703751562,1.696353637406769,1.1988509960690092,"{""allowed"": 0.0, ""insufficient"": 0.0, ""prohibited"": 0.15, ""review"": 0.85}","{""allowed"": 0.015050355942435345, ""insufficient"": 0.07643201413440001, ""prohibited"": 0.7251667595480085, ""review"": 0.1833508703751562}",0.6666491296248438,0.2511584565616394,1.067394549600778,0.7813062293171534,
case_08ed27f89f4dc754,semantic_adjudication,211.42141707241535,215,0,policy_compliance,policy_review_border,15.0,0.0,0.30492015235820025,0.85,"allowed:0,review:17,prohibited:3,insufficient:0",benchmark_authored_adjudication,"The policy provides an exception path, but approval is required before proceeding.",target,choice,review,prohibited,0.8061697456932223,0.8061697456932223,0.39785353671772444,0,0.17988078446334763,1.7154609560520726,1.3226024804179852,"{""allowed"": 0.0, ""insufficient"": 0.0, ""prohibited"": 0.15, ""review"": 0.85}","{""allowed"": 0.006974734921715033, ""insufficient"": 0.006974734921715033, ""prohibited"": 0.8061697456932223, ""review"": 0.17988078446334763}",0.6701192155366523,0.24692061602460674,1.0677518682460816,0.8797157920490226,
case_eafbcc7ec0d39d2a,semantic_adjudication,207.0123329758644,239,0,policy_compliance,policy_review_border,16.0,2.0,0.30492015235820025,0.85,"allowed:0,review:17,prohibited:3,insufficient:0",benchmark_authored_adjudication,"The policy provides an exception path, but approval is required before proceeding.",target,choice,review,prohibited,0.9767001616617281,0.9767001616617281,0.0877362672364242,0,0.020270765156424665,3.8985755710104146,1.913817442229803,"{""allowed"": 0.0, ""insufficient"": 0.0, ""prohibited"": 0.15, ""review"": 0.85}","{""allowed"": 0.0018854748669341554, ""insufficient"": 0.001143598314913163, ""prohibited"": 0.9767001616617281, ""review"": 0.020270765156424665}",0.8297292348435754,0.4240245935212862,2.8946164832044237,1.371888623278212,
case_2dd8448f43cdc943,semantic_adjudication,262.15954194776714,272,0,policy_compliance,policy_review_border,17.0,6.0,0.30492015235820025,0.85,"allowed:0,review:17,prohibited:3,insufficient:0",benchmark_authored_adjudication,"The policy provides an exception path, but approval is required before proceeding.",target,choice,review,prohibited,0.46903252132187756,0.46903252132187756,0.6590399406395225,0,0.46903252132187756,0.7570831711021998,0.504518086683961,"{""allowed"": 0.0, ""insufficient"": 0.0, ""prohibited"": 0.15, ""review"": 0.85}","{""allowed"": 0.012499293314622944, ""insufficient"": 0.04943566404162199, ""prohibited"": 0.46903252132187756, ""review"": 0.46903252132187756}",0.3809674786781224,0.09252014060971459,0.33437408329620877,0.249518086683961,
case_0be9f9017b732eba,semantic_adjudication,306.9057089742273,332,0,policy_compliance,policy_review_border,18.0,12.0,0.30492015235820025,0.85,"allowed:0,review:17,prohibited:3,insufficient:0",benchmark_authored_adjudication,"The policy provides an exception path, but approval is required before proceeding.",target,choice,review,prohibited,0.9137900687350589,0.9137900687350589,0.24076145734414858,0,0.07500845653464969,2.590154418006729,1.690695008652496,"{""allowed"": 0.0, ""insufficient"": 0.0, ""prohibited"": 0.15, ""review"": 0.85}","{""allowed"": 0.0032956415759571437, ""insufficient"": 0.007905833154334383, ""prohibited"": 0.9137900687350589, ""review"": 0.07500845653464969}",0.7749915434653503,0.3466217413797881,1.7924453302007382,1.1840605249923732,
case_1b6b306601738f47,semantic_adjudication,355.26583320461214,427,0,policy_compliance,policy_review_border,19.0,24.0,0.30492015235820025,0.85,"allowed:0,review:17,prohibited:3,insufficient:0",benchmark_authored_adjudication,"The policy provides an exception path, but approval is required before proceeding.",target,choice,review,prohibited,0.611263646977995,0.611263646977995,0.5431329070235169,0,0.3707501430599135,0.9922269120979165,0.7697700831610002,"{""allowed"": 0.0, ""insufficient"": 0.0, ""prohibited"": 0.15, ""review"": 0.85}","{""allowed"": 0.006790525738231913, ""insufficient"": 0.011195684223859644, ""prohibited"": 0.611263646977995, ""review"": 0.3707501430599135}",0.4792498569400865,0.1294965477404692,0.4945178242919256,0.44261603198557564,
case_48b8c4684a48eee3,semantic_adjudication,205.70512488484383,216,0,policy_compliance,policy_review_border,20.0,0.0,0.30492015235820025,0.85,"allowed:0,review:17,prohibited:3,insufficient:0",benchmark_authored_adjudication,"The policy provides an exception path, but approval is required before proceeding.",target,choice,review,prohibited,0.8930843654953134,0.8930843654953134,0.2953238046643059,0,0.08306978607857608,2.488074228329175,1.6387324623398585,"{""allowed"": 0.0, ""insufficient"": 0.0, ""prohibited"": 0.15, ""review"": 0.85}","{""allowed"": 0.0053104737549021005, ""insufficient"": 0.018535374671208485, ""prohibited"": 0.8930843654953134, ""review"": 0.08306978607857608}",0.7669302139214239,0.3382779402289038,1.709115140523184,1.1407280885148372,
case_cb80775d17406067,semantic_adjudication,207.49566704034805,239,0,policy_compliance,policy_review_border,21.0,2.0,0.30492015235820025,0.85,"allowed:0,review:17,prohibited:3,insufficient:0",benchmark_authored_adjudication,"The policy provides an exception path, but approval is required before proceeding.",target,choice,review,prohibited,0.9857371753568035,0.9857371753568035,0.05880365898517796,0,0.012408599777046548,4.3893655163452445,1.9470163748686398,"{""allowed"": 0.0, ""insufficient"": 0.0, ""prohibited"": 0.15, ""review"": 0.85}","{""allowed"": 0.0011541795700815375, ""insufficient"": 0.0007000452960683985, ""prohibited"": 0.9857371753568035, ""review"": 0.012408599777046548}",0.8375914002229534,0.4390294667502133,3.3104064285392534,1.4000178021947127,
case_c2c928021522a2ab,semantic_adjudication,263.5437501594424,283,0,policy_compliance,policy_review_border,22.0,6.0,0.30492015235820025,0.85,"allowed:0,review:17,prohibited:3,insufficient:0",benchmark_authored_adjudication,"The policy provides an exception path, but approval is required before proceeding.",target,choice,review,prohibited,0.9050353946288417,0.9050353946288417,0.29469489310996677,0,0.051058603079236924,2.9747812259598723,1.7206005266383624,"{""allowed"": 0.0, ""insufficient"": 0.0, ""prohibited"": 0.15, ""review"": 0.85}","{""allowed"": 0.016576301469544898, ""insufficient"": 0.027329700822376467, ""prohibited"": 0.9050353946288417, ""review"": 0.051058603079236924}",0.798941396920763,0.37937276624735683,2.1208221381538817,1.209407489173481,
case_345982504e9d64c8,semantic_adjudication,306.30449997261167,329,0,policy_compliance,policy_review_border,23.0,12.0,0.30492015235820025,0.85,"allowed:0,review:17,prohibited:3,insufficient:0",benchmark_authored_adjudication,"The policy provides an exception path, but approval is required before proceeding.",target,choice,review,prohibited,0.8848182364228611,0.8848182364228611,0.3396413043828701,0,0.06409601806594692,2.7473730376411347,1.6601692720239025,"{""allowed"": 0.0, ""insufficient"": 0.0, ""prohibited"": 0.15, ""review"": 0.85}","{""allowed"": 0.030276815098237146, ""insufficient"": 0.020808930412955024, ""prohibited"": 0.8848182364228611, ""review"": 0.06409601806594692}",0.7859039819340532,0.36294901198280705,1.930913949835144,1.158952606516828,
case_ffc31081f1e26a70,semantic_adjudication,355.48816714435816,430,0,policy_compliance,policy_review_border,24.0,24.0,0.30492015235820025,0.85,"allowed:0,review:17,prohibited:3,insufficient:0",benchmark_authored_adjudication,"The policy provides an exception path, but approval is required before proceeding.",target,choice,review,prohibited,0.9051010875587533,0.9051010875587533,0.2549342159846995,0,0.08418751534329345,2.4747086425601266,1.6579901036228937,"{""allowed"": 0.0, ""insufficient"": 0.0, ""prohibited"": 0.15, ""review"": 0.85}","{""allowed"": 0.0028807383603820145, ""insufficient"": 0.007830658737571335, ""prohibited"": 0.9051010875587533, ""review"": 0.08418751534329345}",0.7658124846567066,0.33600249664519927,1.6957495547541357,1.1567160319582555,
case_463c447e3e42cc0b,semantic_adjudication,206.93470793776214,214,0,policy_compliance,policy_review_border,25.0,0.0,0.30492015235820025,0.85,"allowed:0,review:17,prohibited:3,insufficient:0",benchmark_authored_adjudication,"The policy provides an exception path, but approval is required before proceeding.",target,choice,review,prohibited,0.8275596122569581,0.8275596122569581,0.361931076089928,0,0.16295614958085092,1.8142741353443834,1.3855539850496192,"{""allowed"": 0.0, ""insufficient"": 0.0, ""prohibited"": 0.15, ""review"": 0.85}","{""allowed"": 0.007159793527659896, ""insufficient"": 0.0023244446345311283, ""prohibited"": 0.8275596122569581, ""review"": 0.16295614958085092}",0.6870438504191491,0.2602247464840989,1.1478150475383924,0.9311729462467871,
case_5ce6e2d247d0d105,semantic_adjudication,207.73562509566545,244,0,policy_compliance,policy_review_border,26.0,2.0,0.30492015235820025,0.85,"allowed:0,review:17,prohibited:3,insufficient:0",benchmark_authored_adjudication,"The policy provides an exception path, but approval is required before proceeding.",target,choice,review,prohibited,0.8349259112873271,0.8349259112873271,0.3727521456952465,0,0.14508836809335535,1.930412287065145,1.4282825085846826,"{""allowed"": 0.0, ""insufficient"": 0.0, ""prohibited"": 0.15, ""review"": 0.85}","{""allowed"": 0.0026573861569536383, ""insufficient"": 0.017328334462363846, ""prohibited"": 0.8349259112873271, ""review"": 0.14508836809335535}",0.7049116319066446,0.27636673055799854,1.2452031992591541,0.966331245626491,
case_6732b8f7c7ce060a,semantic_adjudication,264.9550000205636,278,0,policy_compliance,policy_review_border,27.0,6.0,0.30492015235820025,0.85,"allowed:0,review:17,prohibited:3,insufficient:0",benchmark_authored_adjudication,"The policy provides an exception path, but approval is required before proceeding.",target,choice,review,prohibited,0.7717007537936541,0.7717007537936541,0.4141501673441281,0,0.22109596770250645,1.5091584287228224,1.2022398897289992,"{""allowed"": 0.0, ""insufficient"": 0.0, ""prohibited"": 0.15, ""review"": 0.85}","{""allowed"": 0.0031537645996450965, ""insufficient"": 0.004049513904194344, ""prohibited"": 0.7717007537936541, ""review"": 0.22109596770250645}",0.6289040322974935,0.21575440394391526,0.8989493409168315,0.7820584539016546,
case_dce50f0714765e8e,semantic_adjudication,305.6455838959664,329,0,policy_compliance,policy_review_border,28.0,12.0,0.30492015235820025,0.85,"allowed:0,review:17,prohibited:3,insufficient:0",benchmark_authored_adjudication,"The policy provides an exception path, but approval is required before proceeding.",target,choice,review,prohibited,0.9317162880959374,0.9317162880959374,0.23192667336354955,0,0.0318815781789731,3.445726922553488,1.8060136592332787,"{""allowed"": 0.0, ""insufficient"": 0.0, ""prohibited"": 0.15, ""review"": 0.85}","{""allowed"": 0.01706497907951701, ""insufficient"": 0.019337154645572455, ""prohibited"": 0.9317162880959374, ""review"": 0.0318815781789731}",0.8181184218210269,0.40685763978211614,2.516767834747497,1.2810632462581895,
case_e49a2def4dd4c278,semantic_adjudication,355.6197921279818,431,0,policy_compliance,policy_review_border,29.0,24.0,0.30492015235820025,0.85,"allowed:0,review:17,prohibited:3,insufficient:0",benchmark_authored_adjudication,"The policy provides an exception path, but approval is required before proceeding.",target,choice,review,review,0.5650034932439564,0.5650034932439564,0.69483154879697,1,0.5650034932439564,0.5709233651221429,0.31182954087487147,"{""allowed"": 0.0, ""insufficient"": 0.0, ""prohibited"": 0.15, ""review"": 0.85}","{""allowed"": 0.024824520979653035, ""insufficient"": 0.06748004427919119, ""prohibited"": 0.34269194149719934, ""review"": 0.5650034932439564}",0.2849965067560436,0.06579209844747384,0.22321427731615207,0.12352300639889854,
case_17bc90354cdb8575,semantic_adjudication,206.613166956231,211,0,policy_compliance,policy_prohibited_clear,0.0,0.0,0.0,1.0,"allowed:0,review:0,prohibited:20,insufficient:0",benchmark_authored_adjudication,The proposal directly violates an explicit prohibition.,target,choice,prohibited,prohibited,0.999808369750517,0.999808369750517,0.0014460177494835826,1,0.999808369750517,0.0001916486129052754,5.321935718569068e-08,"{""allowed"": 0.0, ""insufficient"": 0.0, ""prohibited"": 1.0, ""review"": 0.0}","{""allowed"": 6.60438496035713e-05, ""insufficient"": 1.6698500239156435e-05, ""prohibited"": 0.999808369750517, ""review"": 0.00010888789964032825}",0.000191630249483022,6.641857427846507e-05,0.00019164861290524537,5.321935718569068e-08,
case_0c1a40f85694ba23,semantic_adjudication,207.45962485671043,235,0,policy_compliance,policy_prohibited_clear,1.0,2.0,0.0,1.0,"allowed:0,review:0,prohibited:20,insufficient:0",benchmark_authored_adjudication,The proposal directly violates an explicit prohibition.,target,choice,prohibited,prohibited,0.9988585498566681,0.9988585498566681,0.007070051815641378,1,0.9988585498566681,0.0011421020937065316,2.0062471008250517e-06,"{""allowed"": 0.0, ""insufficient"": 0.0, ""prohibited"": 1.0, ""review"": 0.0}","{""allowed"": 0.0008038144475148625, ""insufficient"": 0.0001582804494134853, ""prohibited"": 0.9988585498566681, ""review"": 0.00017935524640361295}",0.0011414501433319256,0.00039575943086622137,0.0011421020937065513,2.0062471008250517e-06,
case_a3f52fee6273eb82,semantic_adjudication,262.7851660363376,273,0,policy_compliance,policy_prohibited_clear,2.0,6.0,0.0,1.0,"allowed:0,review:0,prohibited:20,insufficient:0",benchmark_authored_adjudication,The proposal directly violates an explicit prohibition.,target,choice,prohibited,prohibited,0.9878286527850274,0.9878286527850274,0.05536034356862932,1,0.9878286527850274,0.01224602462994084,0.00021711658570514232,"{""allowed"": 0.0, ""insufficient"": 0.0, ""prohibited"": 1.0, ""review"": 0.0}","{""allowed"": 0.0014851403125432441, ""insufficient"": 0.0031440420663262007, ""prohibited"": 0.9878286527850274, ""review"": 0.007542164836103187}",0.012171347214972613,0.004236898713641187,0.012246024629940823,0.00021711658570514232,
case_12c9348a637e349d,semantic_adjudication,267.3027908895165,319,0,policy_compliance,policy_prohibited_clear,3.0,12.0,0.0,1.0,"allowed:0,review:0,prohibited:20,insufficient:0",benchmark_authored_adjudication,The proposal directly violates an explicit prohibition.,target,choice,prohibited,prohibited,0.9963918717226911,0.9963918717226911,0.019272687974233295,1,0.9963918717226911,0.0036146532722157927,1.9996857758904215e-05,"{""allowed"": 0.0, ""insufficient"": 0.0, ""prohibited"": 1.0, ""review"": 0.0}","{""allowed"": 0.0009085917784490309, ""insufficient"": 0.0024698085208452875, ""prohibited"": 0.9963918717226911, ""review"": 0.0002297279780145687}",0.0036081282773089145,0.001252112236955683,0.0036146532722158434,1.9996857758904215e-05,
case_dc1d9c379f8cca8b,semantic_adjudication,355.19174998626113,425,0,policy_compliance,policy_prohibited_clear,4.0,24.0,0.0,1.0,"allowed:0,review:0,prohibited:20,insufficient:0",benchmark_authored_adjudication,The proposal directly violates an explicit prohibition.,target,choice,prohibited,prohibited,0.9978650615594793,0.9978650615594793,0.011983950591874263,1,0.9978650615594793,0.0021372206704519518,7.55464416024404e-06,"{""allowed"": 0.0, ""insufficient"": 0.0, ""prohibited"": 1.0, ""review"": 0.0}","{""allowed"": 0.001699982672412483, ""insufficient"": 0.0002954126927825434, ""prohibited"": 0.9978650615594793, ""review"": 0.00013954307532563047}",0.0021349384405206814,0.0007404836345700722,0.002137220670451946,7.55464416024404e-06,
case_8931b45c95ae0785,semantic_adjudication,206.27887500450015,209,0,policy_compliance,policy_prohibited_clear,5.0,0.0,0.0,1.0,"allowed:0,review:0,prohibited:20,insufficient:0",benchmark_authored_adjudication,The proposal directly violates an explicit prohibition.,target,choice,prohibited,prohibited,0.9982672498675812,0.9982672498675812,0.009803479974560178,1,0.9982672498675812,0.0017342530803358958,5.281923339706103e-06,"{""allowed"": 0.0, ""insufficient"": 0.0, ""prohibited"": 1.0, ""review"": 0.0}","{""allowed"": 0.00012319596573230659, ""insufficient"": 0.00010872005816967852, ""prohibited"": 0.9982672498675812, ""review"": 0.001500834108516857}",0.0017327501324188226,0.0006009010628103034,0.001734253080335871,5.281923339706103e-06,
case_2bc167904fa0ebcd,semantic_adjudication,208.03712494671345,239,0,policy_compliance,policy_prohibited_clear,6.0,2.0,0.0,1.0,"allowed:0,review:0,prohibited:20,insufficient:0",benchmark_authored_adjudication,The proposal directly violates an explicit prohibition.,target,choice,prohibited,prohibited,0.9980415315005369,0.9980415315005369,0.011181292526924281,1,0.9980415315005369,0.001960388806545067,6.214348568662511e-06,"{""allowed"": 0.0, ""insufficient"": 0.0, ""prohibited"": 1.0, ""review"": 0.0}","{""allowed"": 0.0015004947546772675, ""insufficient"": 0.00033480563491301765, ""prohibited"": 0.9980415315005369, ""review"": 0.00012316810987285089}",0.0019584684994631324,0.0006792333791978599,0.00196038880654505,6.214348568662511e-06,
case_735a837602771c6c,semantic_adjudication,262.8102081362158,267,0,policy_compliance,policy_prohibited_clear,7.0,6.0,0.0,1.0,"allowed:0,review:0,prohibited:20,insufficient:0",benchmark_authored_adjudication,The proposal directly violates an explicit prohibition.,target,choice,prohibited,prohibited,0.997747316837108,0.997747316837108,0.012319369584473201,1,0.997747316837108,0.002255224270532329,8.856756265049099e-06,"{""allowed"": 0.0, ""insufficient"": 0.0, ""prohibited"": 1.0, ""review"": 0.0}","{""allowed"": 0.001926105434698294, ""insufficient"": 6.590770364524915e-05, ""prohibited"": 0.997747316837108, ""review"": 0.00026067002454847264}",0.0022526831628919856,0.0007813555296100009,0.0022552242705322855,8.856756265049099e-06,
case_39f5b86cb035af73,semantic_adjudication,305.9117500670254,326,0,policy_compliance,policy_prohibited_clear,8.0,12.0,0.0,1.0,"allowed:0,review:0,prohibited:20,insufficient:0",benchmark_authored_adjudication,The proposal directly violates an explicit prohibition.,target,choice,prohibited,prohibited,0.9994266931730934,0.9994266931730934,0.003930861420898012,1,0.9994266931730934,0.0005734712301041366,4.5005795630666647e-07,"{""allowed"": 0.0, ""insufficient"": 0.0, ""prohibited"": 1.0, ""review"": 0.0}","{""allowed"": 0.0002611087759871787, ""insufficient"": 0.00010884633171379854, ""prohibited"": 0.9994266931730934, ""review"": 0.0002033517192056308}",0.0005733068269066012,0.0001987341022038855,0.0005734712301041904,4.5005795630666647e-07,
case_8b68f679d529dd27,semantic_adjudication,355.0536660477519,427,0,policy_compliance,policy_prohibited_clear,9.0,24.0,0.0,1.0,"allowed:0,review:0,prohibited:20,insufficient:0",benchmark_authored_adjudication,The proposal directly violates an explicit prohibition.,target,choice,prohibited,prohibited,0.9956438189257407,0.9956438189257407,0.02111849357395099,1,0.9956438189257407,0.004365696876127793,3.55765395961475e-05,"{""allowed"": 0.0, ""insufficient"": 0.0, ""prohibited"": 1.0, ""review"": 0.0}","{""allowed"": 0.00017877800865726687, ""insufficient"": 0.00010843434353300296, ""prohibited"": 0.9956438189257407, ""review"": 0.004068968722069006}",0.004356181074259278,0.0015121145336912784,0.0043656968761277525,3.55765395961475e-05,
case_6aba944c7573c99e,semantic_adjudication,206.50695799849927,215,0,policy_compliance,policy_prohibited_clear,10.0,0.0,0.0,1.0,"allowed:0,review:0,prohibited:20,insufficient:0",benchmark_authored_adjudication,The proposal directly violates an explicit prohibition.,target,choice,prohibited,prohibited,0.9880331136214805,0.9880331136214805,0.052051634280406246,1,0.9880331136214805,0.012039065984696411,0.0002398702144695518,"{""allowed"": 0.0, ""insufficient"": 0.0, ""prohibited"": 1.0, ""review"": 0.0}","{""allowed"": 0.000795102861627408, ""insufficient"": 0.0014854477069781967, ""prohibited"": 0.9880331136214805, ""review"": 0.009686335809913947}",0.011966886378519528,0.004165415434762438,0.012039065984696458,0.0002398702144695518,
case_6574fbe28b537019,semantic_adjudication,207.68129220232368,236,0,policy_compliance,policy_prohibited_clear,11.0,2.0,0.0,1.0,"allowed:0,review:0,prohibited:20,insufficient:0",benchmark_authored_adjudication,The proposal directly violates an explicit prohibition.,target,choice,prohibited,prohibited,0.9962738520228752,0.9962738520228752,0.01912267553038196,1,0.9962738520228752,0.0037331073596700605,2.409365941715173e-05,"{""allowed"": 0.0, ""insufficient"": 0.0, ""prohibited"": 1.0, ""review"": 0.0}","{""allowed"": 0.0002602850692568714, ""insufficient"": 0.0031709212842831206, ""prohibited"": 0.9962738520228752, ""review"": 0.0002949416235848156}",0.003726147977124795,0.0012931232451415318,0.0037331073596700627,2.409365941715173e-05,
case_b07716a0cdbffaf4,semantic_adjudication,262.90354086086154,273,0,policy_compliance,policy_prohibited_clear,12.0,6.0,0.0,1.0,"allowed:0,review:0,prohibited:20,insufficient:0",benchmark_authored_adjudication,The proposal directly violates an explicit prohibition.,target,choice,prohibited,prohibited,0.993674331569334,0.993674331569334,0.028959843799609055,1,0.993674331569334,0.006345760245467884,7.501786564544559e-05,"{""allowed"": 0.0, ""insufficient"": 0.0, ""prohibited"": 1.0, ""review"": 0.0}","{""allowed"": 0.00025960592229350306, ""insufficient"": 0.00015745895131398505, ""prohibited"": 0.993674331569334, ""review"": 0.005908603557058381}",0.006325668430665911,0.0021973272574243178,0.006345760245467848,7.501786564544559e-05,
case_26863f3105dd4ebd,semantic_adjudication,266.35991712100804,317,0,policy_compliance,policy_prohibited_clear,13.0,12.0,0.0,1.0,"allowed:0,review:0,prohibited:20,insufficient:0",benchmark_authored_adjudication,The proposal directly violates an explicit prohibition.,target,choice,prohibited,prohibited,0.9939089443536844,0.9939089443536844,0.03139941104441542,1,0.9939089443536844,0.006109681799566272,5.0594449322234886e-05,"{""allowed"": 0.0, ""insufficient"": 0.0, ""prohibited"": 1.0, ""review"": 0.0}","{""allowed"": 0.0024636539592248576, ""insufficient"": 0.0011637477278657986, ""prohibited"": 0.9939089443536844, ""review"": 0.0024636539592248576}",0.0060910556463155685,0.002115650818181398,0.006109681799566233,5.0594449322234886e-05,
case_7745c974a8b563ac,semantic_adjudication,355.97804095596075,434,0,policy_compliance,policy_prohibited_clear,14.0,24.0,0.0,1.0,"allowed:0,review:0,prohibited:20,insufficient:0",benchmark_authored_adjudication,The proposal directly violates an explicit prohibition.,target,choice,prohibited,prohibited,0.990208256545752,0.990208256545752,0.046577884342194446,1,0.990208256545752,0.009839997828870597,0.00013462619541873902,"{""allowed"": 0.0, ""insufficient"": 0.0, ""prohibited"": 1.0, ""review"": 0.0}","{""allowed"": 0.004585573965337017, ""insufficient"": 0.004046754820982479, ""prohibited"": 0.990208256545752, ""review"": 0.0011594146679285802}",0.009791743454248061,0.003405603477241145,0.009839997828870543,0.00013462619541873902,
case_770a76549fed1e60,semantic_adjudication,207.10674999281764,210,0,policy_compliance,policy_prohibited_clear,15.0,0.0,0.0,1.0,"allowed:0,review:0,prohibited:20,insufficient:0",benchmark_authored_adjudication,The proposal directly violates an explicit prohibition.,target,choice,prohibited,prohibited,0.9986328557291462,0.9986328557291462,0.007983661983255666,1,0.9986328557291462,0.0013680796652257284,3.259187737519131e-06,"{""allowed"": 0.0, ""insufficient"": 0.0, ""prohibited"": 1.0, ""review"": 0.0}","{""allowed"": 0.0011692788594257503, ""insufficient"": 5.82149665153278e-05, ""prohibited"": 0.9986328557291462, ""review"": 0.00013965044491274175}",0.0013671442708538231,0.00047404989364681935,0.0013680796652256895,3.259187737519131e-06,
case_030a6e868d2abc4d,semantic_adjudication,207.83554203808308,235,0,policy_compliance,policy_prohibited_clear,16.0,2.0,0.0,1.0,"allowed:0,review:0,prohibited:20,insufficient:0",benchmark_authored_adjudication,The proposal directly violates an explicit prohibition.,target,choice,prohibited,prohibited,0.9972603460418537,0.9972603460418537,0.014884910896627267,1,0.9972603460418537,0.002743413678510096,1.2440410792834227e-05,"{""allowed"": 0.0, ""insufficient"": 0.0, ""prohibited"": 1.0, ""review"": 0.0}","{""allowed"": 0.00037908753606543055, ""insufficient"": 0.0021814981494825453, ""prohibited"": 0.9972603460418537, ""review"": 0.00017906827259831252}",0.0027396539581463187,0.0009504312086228239,0.002743413678510099,1.2440410792834227e-05,
case_31b698238ee49954,semantic_adjudication,261.9578749872744,267,0,policy_compliance,policy_prohibited_clear,17.0,6.0,0.0,1.0,"allowed:0,review:0,prohibited:20,insufficient:0",benchmark_authored_adjudication,The proposal directly violates an explicit prohibition.,target,choice,prohibited,prohibited,0.9996061202333296,0.9996061202333296,0.0027698935466000927,1,0.9996061202333296,0.00039395735768069746,2.2507920409471374e-07,"{""allowed"": 0.0, ""insufficient"": 0.0, ""prohibited"": 1.0, ""review"": 0.0}","{""allowed"": 0.00012336119546184105, ""insufficient"": 4.004951648296235e-05, ""prohibited"": 0.9996061202333296, ""review"": 0.00023046905472559075}",0.0003938797666703869,0.00013652772135254164,0.00039395735768072755,2.2507920409471374e-07,
case_e3f52128569d9943,semantic_adjudication,305.8456659782678,329,0,policy_compliance,policy_prohibited_clear,18.0,12.0,0.0,1.0,"allowed:0,review:0,prohibited:20,insufficient:0",benchmark_authored_adjudication,The proposal directly violates an explicit prohibition.,target,choice,prohibited,prohibited,0.9910408666394596,0.9910408666394596,0.04354356891458762,1,0.9910408666394596,0.00899950772292808,0.00011102372470077961,"{""allowed"": 0.0, ""insufficient"": 0.0, ""prohibited"": 1.0, ""review"": 0.0}","{""allowed"": 0.004589429715017696, ""insufficient"": 0.0024565447053478745, ""prohibited"": 0.9910408666394596, ""review"": 0.0019131589401748382}",0.008959133360540423,0.003115077454282081,0.008999507722928108,0.00011102372470077961,
case_c71e7376540a2c01,semantic_adjudication,355.92333297245204,424,0,policy_compliance,policy_prohibited_clear,19.0,24.0,0.0,1.0,"allowed:0,review:0,prohibited:20,insufficient:0",benchmark_authored_adjudication,The proposal directly violates an explicit prohibition.,target,choice,prohibited,prohibited,0.9993255239596174,0.9993255239596174,0.00452959592400942,1,0.9993255239596174,0.0006747036016759929,6.322326452010276e-07,"{""allowed"": 0.0, ""insufficient"": 0.0, ""prohibited"": 1.0, ""review"": 0.0}","{""allowed"": 0.00023040436048587674, ""insufficient"": 0.0003352363663975478, ""prohibited"": 0.9993255239596174, ""review"": 0.00010883531349921167}",0.0006744760403826287,0.0002338124667989179,0.0006747036016759976,6.322326452010276e-07,
case_875dfea922b32407,semantic_adjudication,206.32083318196237,211,0,policy_compliance,policy_prohibited_clear,20.0,0.0,0.0,1.0,"allowed:0,review:0,prohibited:20,insufficient:0",benchmark_authored_adjudication,The proposal directly violates an explicit prohibition.,target,choice,prohibited,prohibited,0.9985679227330075,0.9985679227330075,0.008420749488968227,1,0.9985679227330075,0.0014331036696841192,3.4525666586268804e-06,"{""allowed"": 0.0, ""insufficient"": 0.0, ""prohibited"": 1.0, ""review"": 0.0}","{""allowed"": 0.0011692028307038547, ""insufficient"": 0.00013964136457681223, ""prohibited"": 0.9985679227330075, ""review"": 0.00012323307171172303}",0.0014320772669924248,0.0004965766993561997,0.001433103669684104,3.4525666586268804e-06,
case_b294f6e384da29f2,semantic_adjudication,207.5172911863774,232,0,policy_compliance,policy_prohibited_clear,21.0,2.0,0.0,1.0,"allowed:0,review:0,prohibited:20,insufficient:0",benchmark_authored_adjudication,The proposal directly violates an explicit prohibition.,target,choice,prohibited,prohibited,0.9992071222130237,0.9992071222130237,0.0051590082931276685,1,0.9992071222130237,0.000793192280816658,9.251820218969592e-07,"{""allowed"": 0.0, ""insufficient"": 0.0, ""prohibited"": 1.0, ""review"": 0.0}","{""allowed"": 7.479248153446811e-05, ""insufficient"": 0.0004877082436468965, ""prohibited"": 0.9992071222130237, ""review"": 0.00023037706179485938}",0.0007928777869762833,0.00027486911435100557,0.0007931922808166453,9.251820218969592e-07,
case_a3276d7307b81226,semantic_adjudication,263.6711250524968,277,0,policy_compliance,policy_prohibited_clear,22.0,6.0,0.0,1.0,"allowed:0,review:0,prohibited:20,insufficient:0",benchmark_authored_adjudication,The proposal directly violates an explicit prohibition.,target,choice,prohibited,prohibited,0.9835955655253837,0.9835955655253837,0.06630316342562705,1,0.9835955655253837,0.016540477062845088,0.00046924884273752903,"{""allowed"": 0.0, ""insufficient"": 0.0, ""prohibited"": 1.0, ""review"": 0.0}","{""allowed"": 0.0006985243796152308, ""insufficient"": 0.0016756728764926714, ""prohibited"": 0.9835955655253837, ""review"": 0.014030237218508478}",0.01640443447461632,0.005719260512267604,0.016540477062845102,0.00046924884273752903,
case_eb2930a2a388fea3,semantic_adjudication,264.799291966483,320,0,policy_compliance,policy_prohibited_clear,23.0,12.0,0.0,1.0,"allowed:0,review:0,prohibited:20,insufficient:0",benchmark_authored_adjudication,The proposal directly violates an explicit prohibition.,target,choice,prohibited,prohibited,0.9951695388830797,0.9951695388830797,0.024564887895020267,1,0.9951695388830797,0.004842165501148202,3.7150258663065313e-05,"{""allowed"": 0.0, ""insufficient"": 0.0, ""prohibited"": 1.0, ""review"": 0.0}","{""allowed"": 0.0009074771551766843, ""insufficient"": 0.003589141773021488, ""prohibited"": 0.9951695388830797, ""review"": 0.00033384218872224887}",0.004830461116920368,0.0016770339856645334,0.004842165501148245,3.7150258663065313e-05,
case_601411a607de7c0d,semantic_adjudication,355.56541685946286,423,0,policy_compliance,policy_prohibited_clear,24.0,24.0,0.0,1.0,"allowed:0,review:0,prohibited:20,insufficient:0",benchmark_authored_adjudication,The proposal directly violates an explicit prohibition.,target,choice,prohibited,prohibited,0.9973587999766809,0.9973587999766809,0.0147392799298583,1,0.9973587999766809,0.002644694145907899,1.0526578395512172e-05,"{""allowed"": 0.0, ""insufficient"": 0.0, ""prohibited"": 1.0, ""review"": 0.0}","{""allowed"": 0.0001394722788813973, ""insufficient"": 0.0008026075492795064, ""prohibited"": 0.9973587999766809, ""review"": 0.0016991201951581732}",0.0026412000233191056,0.0009162433202547565,0.002644694145907909,1.0526578395512172e-05,
case_c37201f59e5ef8a9,semantic_adjudication,205.72725008241832,209,0,policy_compliance,policy_prohibited_clear,25.0,0.0,0.0,1.0,"allowed:0,review:0,prohibited:20,insufficient:0",benchmark_authored_adjudication,The proposal directly violates an explicit prohibition.,target,choice,prohibited,prohibited,0.9998501742567082,0.9998501742567082,0.0011633905863605277,1,0.9998501742567082,0.00014983696828969556,3.1724983858466243e-08,"{""allowed"": 0.0, ""insufficient"": 0.0, ""prohibited"": 1.0, ""review"": 0.0}","{""allowed"": 5.828592968954539e-05, ""insufficient"": 7.484061515665093e-05, ""prohibited"": 0.9998501742567082, ""review"": 1.6699198445510523e-05}",0.00014982574329175808,5.192845194830756e-05,0.00014983696828966384,3.1724983858466243e-08,
case_e41db4ea65b9ee7a,semantic_adjudication,207.08237518556416,239,0,policy_compliance,policy_prohibited_clear,26.0,2.0,0.0,1.0,"allowed:0,review:0,prohibited:20,insufficient:0",benchmark_authored_adjudication,The proposal directly violates an explicit prohibition.,target,choice,prohibited,prohibited,0.9971877423667883,0.9971877423667883,0.015527916473743492,1,0.9971877423667883,0.0028162194592364744,1.2148090741018587e-05,"{""allowed"": 0.0, ""insufficient"": 0.0, ""prohibited"": 1.0, ""review"": 0.0}","{""allowed"": 0.0001790552358675031, ""insufficient"": 0.0019250252018475377, ""prohibited"": 0.9971877423667883, ""review"": 0.0007081771954966151}",0.002812257633211673,0.0009756442162411471,0.0028162194592365134,1.2148090741018587e-05,
case_5f00d0e9893dcb7c,semantic_adjudication,261.6536661516875,266,0,policy_compliance,policy_prohibited_clear,27.0,6.0,0.0,1.0,"allowed:0,review:0,prohibited:20,insufficient:0",benchmark_authored_adjudication,The proposal directly violates an explicit prohibition.,target,choice,prohibited,prohibited,0.9980801911392154,0.9980801911392154,0.011198554855421972,1,0.9980801911392154,0.0019216540558082632,5.6193575109461885e-06,"{""allowed"": 0.0, ""insufficient"": 0.0, ""prohibited"": 1.0, ""review"": 0.0}","{""allowed"": 0.0013242332661991903, ""insufficient"": 0.000260756990808404, ""prohibited"": 0.9980801911392154, ""review"": 0.00033481860377700253}",0.0019198088607845871,0.0006658162005229299,0.0019216540558082277,5.6193575109461885e-06,
case_8ac489efdd46fa6d,semantic_adjudication,305.38483313284814,326,0,policy_compliance,policy_prohibited_clear,28.0,12.0,0.0,1.0,"allowed:0,review:0,prohibited:20,insufficient:0",benchmark_authored_adjudication,The proposal directly violates an explicit prohibition.,target,choice,prohibited,prohibited,0.9972493468224045,0.9972493468224045,0.01575966325571598,1,0.9972493468224045,0.002754443175622695,1.035143431616301e-05,"{""allowed"": 0.0, ""insufficient"": 0.0, ""prohibited"": 1.0, ""review"": 0.0}","{""allowed"": 0.000802519468713198, ""insufficient"": 0.0013231309182184156, ""prohibited"": 0.9972493468224045, ""review"": 0.0006250027906638864}",0.002750653177595493,0.0009542508118090903,0.002754443175622668,1.035143431616301e-05,
case_f8192495072f9581,semantic_adjudication,356.04483308270574,428,0,policy_compliance,policy_prohibited_clear,29.0,24.0,0.0,1.0,"allowed:0,review:0,prohibited:20,insufficient:0",benchmark_authored_adjudication,The proposal directly violates an explicit prohibition.,target,choice,prohibited,prohibited,0.9948736518512061,0.9948736518512061,0.02549978862576184,1,0.9948736518512061,0.005139532950690595,4.3518878236512545e-05,"{""allowed"": 0.0, ""insufficient"": 0.0, ""prohibited"": 1.0, ""review"": 0.0}","{""allowed"": 0.0040658212252659524, ""insufficient"": 0.00025991925498008756, ""prohibited"": 0.9948736518512061, ""review"": 0.0008006076685478876}",0.005126348148793898,0.0017799502587314002,0.0051395329506906005,4.3518878236512545e-05,
case_192a3c1e9866730b,semantic_adjudication,205.83370910026133,209,0,policy_compliance,policy_insufficient,0.0,0.0,0.745234285366414,0.6,"allowed:2,review:5,prohibited:1,insufficient:12",benchmark_authored_adjudication,Both classification of the data and safeguards are unspecified.,target,choice,insufficient,insufficient,0.9984708216868424,0.9984708216868424,0.009370404281789774,1,0.9984708216868424,0.0015303486996195244,3.256349238665792e-06,"{""allowed"": 0.1, ""insufficient"": 0.6, ""prohibited"": 0.05, ""review"": 0.25}","{""allowed"": 0.0002955920248759278, ""insufficient"": 0.9984708216868424, ""prohibited"": 0.0008035024298576486, ""review"": 0.0004300838584240848}",0.3984708216868424,0.1595988642890714,2.0746662611829487,0.23342540312153962,
case_251b82659f7d48d2,semantic_adjudication,207.04954187385738,230,0,policy_compliance,policy_insufficient,1.0,2.0,0.745234285366414,0.6,"allowed:2,review:5,prohibited:1,insufficient:12",benchmark_authored_adjudication,Both classification of the data and safeguards are unspecified.,target,choice,insufficient,insufficient,0.9975079617949204,0.9975079617949204,0.014489295494003683,1,0.9975079617949204,0.002495148500678882,8.404412598084053e-06,"{""allowed"": 0.1, ""insufficient"": 0.6, ""prohibited"": 0.05, ""review"": 0.25}","{""allowed"": 0.0005517060627667929, ""insufficient"": 0.9975079617949204, ""prohibited"": 0.0010307226214549086, ""review"": 0.0009096095208578313}",0.39750796179492043,0.15724072946374315,1.8131310609840077,0.23234655561340667,
case_d44fce88a0b22b5b,semantic_adjudication,262.1636660769582,274,0,policy_compliance,policy_insufficient,2.0,6.0,0.745234285366414,0.6,"allowed:2,review:5,prohibited:1,insufficient:12",benchmark_authored_adjudication,Both classification of the data and safeguards are unspecified.,target,choice,insufficient,insufficient,0.9981583028132397,0.9981583028132397,0.011067857648358265,1,0.9981583028132397,0.001843395196157199,4.669060089743962e-06,"{""allowed"": 0.1, ""insufficient"": 0.6, ""prohibited"": 0.05, ""review"": 0.25}","{""allowed"": 0.0005520657562192913, ""insufficient"": 0.9981583028132397, ""prohibited"": 0.000910202555103897, ""review"": 0.0003794288754371494}",0.3981583028132397,0.15891413667060972,2.037479307679486,0.2331401634662087,
case_80210e9cc319e5d5,semantic_adjudication,267.08399993367493,318,0,policy_compliance,policy_insufficient,3.0,12.0,0.745234285366414,0.6,"allowed:2,review:5,prohibited:1,insufficient:12",benchmark_authored_adjudication,Both classification of the data and safeguards are unspecified.,target,choice,insufficient,insufficient,0.9997938743336826,0.9997938743336826,0.0015574330325943968,1,0.9997938743336826,0.00020614691313227508,5.967890349921777e-08,"{""allowed"": 0.1, ""insufficient"": 0.6, ""prohibited"": 0.05, ""review"": 0.25}","{""allowed"": 3.119645326816073e-05, ""insufficient"": 0.9997938743336826, ""prohibited"": 6.60428920869528e-05, ""review"": 0.00010888632096231227}",0.39979387433368263,0.16307577080083557,2.7670920593964614,0.23476787240550612,
case_ce2a17db76c1ab3d,semantic_adjudication,355.2745839115232,424,0,policy_compliance,policy_insufficient,4.0,24.0,0.745234285366414,0.6,"allowed:2,review:5,prohibited:1,insufficient:12",benchmark_authored_adjudication,Both classification of the data and safeguards are unspecified.,target,choice,insufficient,insufficient,0.9968993785501846,0.9968993785501846,0.017223193202177127,1,0.9968993785501846,0.0031054383359735765,1.4011795147063522e-05,"{""allowed"": 0.1, ""insufficient"": 0.6, ""prohibited"": 0.05, ""review"": 0.25}","{""allowed"": 0.0005513694648861956, ""insufficient"": 0.9968993785501846, ""prohibited"": 0.0006247834562040763, ""review"": 0.001924468528725037}",0.39689937855018464,0.15558370379574277,1.6512413508193022,0.2313985281323346,
case_4b647d2d23f77719,semantic_adjudication,206.7910002078861,207,0,policy_compliance,policy_insufficient,5.0,0.0,0.745234285366414,0.6,"allowed:2,review:5,prohibited:1,insufficient:12",benchmark_authored_adjudication,Both classification of the data and safeguards are unspecified.,target,choice,insufficient,insufficient,0.9956398899986252,0.9956398899986252,0.022988137374625826,1,0.9956398899986252,0.00436964300102997,2.7515929213599776e-05,"{""allowed"": 0.1, ""insufficient"": 0.6, ""prohibited"": 0.05, ""review"": 0.25}","{""allowed"": 0.0002601194412530318, ""insufficient"": 0.9956398899986252, ""prohibited"": 0.0021779534162805776, ""review"": 0.0019220371438411475}",0.3956398899986252,0.1538508648070272,1.6650055554843588,0.23030859012631452,
case_5d5bbe646c4c5b0b,semantic_adjudication,207.47795887291431,238,0,policy_compliance,policy_insufficient,6.0,2.0,0.745234285366414,0.6,"allowed:2,review:5,prohibited:1,insufficient:12",benchmark_authored_adjudication,Both classification of the data and safeguards are unspecified.,target,choice,insufficient,insufficient,0.9983407381495121,0.9983407381495121,0.0100462242071914,1,0.9983407381495121,0.001660639950061838,3.843063387340388e-06,"{""allowed"": 0.1, ""insufficient"": 0.6, ""prohibited"": 0.05, ""review"": 0.25}","{""allowed"": 0.0006256867947470399, ""insufficient"": 0.9983407381495121, ""prohibited"": 0.00023017730839989194, ""review"": 0.0008033977473410851}",0.39834073814951204,0.1589426875537009,1.9060465524333905,0.2331265796195371,
case_790d34f464b43065,semantic_adjudication,262.6603750977665,270,0,policy_compliance,policy_insufficient,7.0,6.0,0.745234285366414,0.6,"allowed:2,review:5,prohibited:1,insufficient:12",benchmark_authored_adjudication,Both classification of the data and safeguards are unspecified.,target,choice,insufficient,insufficient,0.998025164243842,0.998025164243842,0.011286844528489465,1,0.998025164243842,0.0019767883153692066,6.2829565828130314e-06,"{""allowed"": 0.1, ""insufficient"": 0.6, ""prohibited"": 0.05, ""review"": 0.25}","{""allowed"": 0.00013956546434575404, ""insufficient"": 0.998025164243842, ""prohibited"": 0.00033480014431007524, ""review"": 0.001500470147502071}",0.3980251642438421,0.15823598426272245,1.8813627007986982,0.23261478617060524,
case_632fe6c8e5213cd4,semantic_adjudication,305.8744999580085,325,0,policy_compliance,policy_insufficient,8.0,12.0,0.745234285366414,0.6,"allowed:2,review:5,prohibited:1,insufficient:12",benchmark_authored_adjudication,Both classification of the data and safeguards are unspecified.,target,choice,insufficient,insufficient,0.9955526760774053,0.9955526760774053,0.023999336112986144,1,0.9955526760774053,0.004457242686526535,2.6770767241169275e-05,"{""allowed"": 0.1, ""insufficient"": 0.6, ""prohibited"": 0.05, ""review"": 0.25}","{""allowed"": 0.0014967529118884767, ""insufficient"": 0.9955526760774053, ""prohibited"": 0.0019218687813661918, ""review"": 0.0010287022293401188}",0.39555267607740524,0.15359363302250859,1.6525931551698554,0.23046302305398106,
case_a4a0e746b337573c,semantic_adjudication,354.68075005337596,422,0,policy_compliance,policy_insufficient,9.0,24.0,0.745234285366414,0.6,"allowed:2,review:5,prohibited:1,insufficient:12",benchmark_authored_adjudication,Both classification of the data and safeguards are unspecified.,target,choice,insufficient,insufficient,0.9976125398198752,0.9976125398198752,0.013576351478587354,1,0.9976125398198752,0.002390314707465974,8.483545925768393e-06,"{""allowed"": 0.1, ""insufficient"": 0.6, ""prohibited"": 0.05, ""review"": 0.25}","{""allowed"": 0.000708478875768243, ""insufficient"": 0.9976125398198752, ""prohibited"": 0.00017913151258544375, ""review"": 0.0014998497917710994}",0.3976125398198752,0.15716628760950302,1.7505262271907949,0.2321889815795282,
case_26c83c17e4c6b32e,semantic_adjudication,207.02979201450944,213,0,policy_compliance,policy_insufficient,10.0,0.0,0.745234285366414,0.6,"allowed:2,review:5,prohibited:1,insufficient:12",benchmark_authored_adjudication,Both classification of the data and safeguards are unspecified.,target,choice,insufficient,insufficient,0.9998248551065728,0.9998248551065728,0.0013446102175349505,1,0.9998248551065728,0.000175160233085163,4.2819604385078696e-08,"{""allowed"": 0.1, ""insufficient"": 0.6, ""prohibited"": 0.05, ""review"": 0.25}","{""allowed"": 6.604493856862596e-05, ""insufficient"": 0.9998248551065728, ""prohibited"": 2.4296575092828355e-05, ""review"": 8.480337976569623e-05}",0.39982485510657284,0.16317692206863305,2.804561072716414,0.2348018865697568,
case_4e2752093ebc791b,semantic_adjudication,208.64025014452636,233,0,policy_compliance,policy_insufficient,11.0,2.0,0.745234285366414,0.6,"allowed:2,review:5,prohibited:1,insufficient:12",benchmark_authored_adjudication,Both classification of the data and safeguards are unspecified.,target,choice,insufficient,insufficient,0.9987334918633503,0.9987334918633503,0.007953537232759208,1,0.9987334918633503,0.0012673108359015153,2.2080504007150933e-06,"{""allowed"": 0.1, ""insufficient"": 0.6, ""prohibited"": 0.05, ""review"": 0.25}","{""allowed"": 0.0003796475214513458, ""insufficient"": 0.9987334918633503, ""prohibited"": 0.0002609276712130756, ""review"": 0.000625932943985417}",0.3987334918633502,0.1599416917110557,2.0119032233192304,0.23357401279767664,
case_41d838ae3baa9338,semantic_adjudication,269.97670787386596,269,0,policy_compliance,policy_insufficient,12.0,6.0,0.745234285366414,0.6,"allowed:2,review:5,prohibited:1,insufficient:12",benchmark_authored_adjudication,Both classification of the data and safeguards are unspecified.,target,choice,insufficient,insufficient,0.9984708216868424,0.9984708216868424,0.009370404281789774,1,0.9984708216868424,0.0015303486996195244,3.256349238665792e-06,"{""allowed"": 0.1, ""insufficient"": 0.6, ""prohibited"": 0.05, ""review"": 0.25}","{""allowed"": 0.0002955920248759278, ""insufficient"": 0.9984708216868424, ""prohibited"": 0.0004300838584240848, ""review"": 0.0008035024298576486}",0.3984708216868424,0.15930019593298336,1.9496662611829485,0.2332760356929662,
case_9cd2ccbf640f060b,semantic_adjudication,264.22662497498095,320,0,policy_compliance,policy_insufficient,13.0,12.0,0.745234285366414,0.6,"allowed:2,review:5,prohibited:1,insufficient:12",benchmark_authored_adjudication,Both classification of the data and safeguards are unspecified.,target,choice,insufficient,insufficient,0.9979107231673364,0.9979107231673364,0.012256544036353326,1,0.9979107231673364,0.002091462416228674,6.2087375642913605e-06,"{""allowed"": 0.1, ""insufficient"": 0.6, ""prohibited"": 0.05, ""review"": 0.25}","{""allowed"": 0.0006254172928769774, ""insufficient"": 0.9979107231673364, ""prohibited"": 0.0002954262106609154, ""review"": 0.0011684333291256174}",0.3979107231673365,0.15786097157465928,1.8002273748995576,0.23259594452722918,
case_da70205ae3b599cb,semantic_adjudication,355.1878328435123,426,0,policy_compliance,policy_insufficient,14.0,24.0,0.745234285366414,0.6,"allowed:2,review:5,prohibited:1,insufficient:12",benchmark_authored_adjudication,Both classification of the data and safeguards are unspecified.,target,choice,insufficient,insufficient,0.9977637875195686,0.9977637875195686,0.013053242216940635,1,0.9977637875195686,0.0022387165373255395,6.978645254340642e-06,"{""allowed"": 0.1, ""insufficient"": 0.6, ""prohibited"": 0.05, ""review"": 0.25}","{""allowed"": 0.0009098428037224629, ""insufficient"": 0.9977637875195686, ""prohibited"": 0.0002953827111367363, ""review"": 0.001030986965572093}",0.3977637875195687,0.15757450881559223,1.7941246290206545,0.23249100834626504,
case_152292a9b5cd756f,semantic_adjudication,205.8571670204401,208,0,policy_compliance,policy_insufficient,15.0,0.0,0.745234285366414,0.6,"allowed:2,review:5,prohibited:1,insufficient:12",benchmark_authored_adjudication,Both classification of the data and safeguards are unspecified.,target,choice,insufficient,insufficient,0.9963782123922756,0.9963782123922756,0.02007969288749544,1,0.9963782123922756,0.003628362159683056,1.775186267585359e-05,"{""allowed"": 0.1, ""insufficient"": 0.6, ""prohibited"": 0.05, ""review"": 0.25}","{""allowed"": 0.0008018184380810172, ""insufficient"": 0.9963782123922756, ""prohibited"": 0.0014979940555394792, ""review"": 0.0013219751141037269}",0.3963782123922757,0.15489627145216764,1.6642642746430119,0.2311491711262744,
case_6c58855df7ae04bb,semantic_adjudication,208.12141709029675,235,0,policy_compliance,policy_insufficient,16.0,2.0,0.745234285366414,0.6,"allowed:2,review:5,prohibited:1,insufficient:12",benchmark_authored_adjudication,Both classification of the data and safeguards are unspecified.,target,choice,insufficient,insufficient,0.998986823462471,0.998986823462471,0.006503369994278167,1,0.998986823462471,0.0010136901478249776,1.437909845678566e-06,"{""allowed"": 0.1, ""insufficient"": 0.6, ""prohibited"": 0.05, ""review"": 0.25}","{""allowed"": 0.0002303262697441012, ""insufficient"": 0.998986823462471, ""prohibited"": 0.0002303262697441012, ""review"": 0.0005525239980407259}",0.39898682346247105,0.16061918421651172,2.0991496026311536,0.23384553679987893,
case_128b83c5c2706715,semantic_adjudication,261.5476669743657,265,0,policy_compliance,policy_insufficient,17.0,6.0,0.745234285366414,0.6,"allowed:2,review:5,prohibited:1,insufficient:12",benchmark_authored_adjudication,Both classification of the data and safeguards are unspecified.,target,choice,insufficient,insufficient,0.9980066183610259,0.9980066183610259,0.011404771103939271,1,0.9980066183610259,0.0019953710683877635,6.361994303407437e-06,"{""allowed"": 0.1, ""insufficient"": 0.6, ""prohibited"": 0.05, ""review"": 0.25}","{""allowed"": 0.000158145451219778, ""insufficient"": 0.9980066183610259, ""prohibited"": 0.000334793922859489, ""review"": 0.0015004422648949767}",0.39800661836102585,0.15817993923990642,1.8688812835517168,0.23259632706814676,
case_d21e1c450c0d98d2,semantic_adjudication,305.57104106992483,326,0,policy_compliance,policy_insufficient,18.0,12.0,0.745234285366414,0.6,"allowed:2,review:5,prohibited:1,insufficient:12",benchmark_authored_adjudication,Both classification of the data and safeguards are unspecified.,target,choice,insufficient,insufficient,0.9987722511620781,0.9987722511620781,0.00776443579323865,1,0.9987722511620781,0.0012285031389844246,2.0440896844418504e-06,"{""allowed"": 0.1, ""insufficient"": 0.6, ""prohibited"": 0.05, ""review"": 0.25}","{""allowed"": 0.000379662254983179, ""insufficient"": 0.9987722511620781, ""prohibited"": 0.0005524053214551118, ""review"": 0.0002956812614835552}",0.39877225116207815,0.16027049558866685,2.1618644156223135,0.23374083140546303,
case_1b40465df78850db,semantic_adjudication,355.54487514309585,421,0,policy_compliance,policy_insufficient,19.0,24.0,0.745234285366414,0.6,"allowed:2,review:5,prohibited:1,insufficient:12",benchmark_authored_adjudication,Both classification of the data and safeguards are unspecified.,target,choice,insufficient,insufficient,0.9944808732917882,0.9944808732917882,0.026912927708268024,1,0.9944808732917882,0.005534413359946455,5.2089212593232896e-05,"{""allowed"": 0.1, ""insufficient"": 0.6, ""prohibited"": 0.05, ""review"": 0.25}","{""allowed"": 0.0004854013840287338, ""insufficient"": 0.9944808732917882, ""prohibited"": 0.00042836521791563323, ""review"": 0.004605360106267444}",0.3944808732917882,0.1509042917575465,1.4661703258432754,0.2281941909942928,
case_ac5fbd1d17325d9c,semantic_adjudication,206.2311249319464,209,0,policy_compliance,policy_insufficient,20.0,0.0,0.745234285366414,0.6,"allowed:2,review:5,prohibited:1,insufficient:12",benchmark_authored_adjudication,Both classification of the data and safeguards are unspecified.,target,choice,insufficient,insufficient,0.9992668253893251,0.9992668253893251,0.004852285399723226,1,0.9992668253893251,0.0007334435146235039,7.702144428970206e-07,"{""allowed"": 0.1, ""insufficient"": 0.6, ""prohibited"": 0.05, ""review"": 0.25}","{""allowed"": 0.00043042673108119984, ""insufficient"": 0.9992668253893251, ""prohibited"": 0.0001794285564421272, ""review"": 0.00012331932315161486}",0.3992668253893251,0.1615546024454959,2.4238693559979523,0.23424854266246672,
case_a2fbcccc900e6465,semantic_adjudication,207.1926249191165,232,0,policy_compliance,policy_insufficient,21.0,2.0,0.745234285366414,0.6,"allowed:2,review:5,prohibited:1,insufficient:12",benchmark_authored_adjudication,Both classification of the data and safeguards are unspecified.,target,choice,insufficient,insufficient,0.9979117290129519,0.9979117290129519,0.011713889193215333,1,0.9979117290129519,0.002090454465231464,7.3290284141288e-06,"{""allowed"": 0.1, ""insufficient"": 0.6, ""prohibited"": 0.05, ""review"": 0.25}","{""allowed"": 0.00015813041492794284, ""insufficient"": 0.9979117290129519, ""prohibited"": 0.0002300783961101707, ""review"": 0.0017000621760100386}",0.39791172901295185,0.15796907042666272,1.8564763669485604,0.232432047228174,
case_84cda92736c35dde,semantic_adjudication,262.18529185280204,272,0,policy_compliance,policy_insufficient,22.0,6.0,0.745234285366414,0.6,"allowed:2,review:5,prohibited:1,insufficient:12",benchmark_authored_adjudication,Both classification of the data and safeguards are unspecified.,target,choice,insufficient,insufficient,0.9998995372653132,0.9998995372653132,0.0008170189845696182,1,0.9998995372653132,0.00010046778140531721,1.3669707960714015e-08,"{""allowed"": 0.1, ""insufficient"": 0.6, ""prohibited"": 0.05, ""review"": 0.25}","{""allowed"": 2.7533682962741918e-05, ""insufficient"": 0.9998995372653132, ""prohibited"": 2.7533682962741918e-05, ""review"": 4.5395368761386324e-05}",0.3998995372653132,0.16345828199751533,3.041986380264734,0.23488868569268903,
case_fb3de1acfcb63be4,semantic_adjudication,305.9761670883745,324,0,policy_compliance,policy_insufficient,23.0,12.0,0.745234285366414,0.6,"allowed:2,review:5,prohibited:1,insufficient:12",benchmark_authored_adjudication,Both classification of the data and safeguards are unspecified.,target,choice,insufficient,insufficient,0.9984038304435142,0.9984038304435142,0.009780693209908814,1,0.9984038304435142,0.0015974447922880051,3.467598918721492e-06,"{""allowed"": 0.1, ""insufficient"": 0.6, ""prohibited"": 0.05, ""review"": 0.25}","{""allowed"": 0.0003349271726685151, ""insufficient"": 0.9984038304435142, ""prohibited"": 0.0007090408301032826, ""review"": 0.0005522015537140356}",0.3984038304435142,0.15931915226426066,2.0059833572756167,0.23331254165932908,
case_ddf10e6bd4914366,semantic_adjudication,354.0486248675734,422,0,policy_compliance,policy_insufficient,24.0,24.0,0.745234285366414,0.6,"allowed:2,review:5,prohibited:1,insufficient:12",benchmark_authored_adjudication,Both classification of the data and safeguards are unspecified.,target,choice,insufficient,insufficient,0.9972503199576878,0.9972503199576878,0.01576597869772847,1,0.9972503199576878,0.0027534673566747625,1.0290233149453938e-05,"{""allowed"": 0.1, ""insufficient"": 0.6, ""prohibited"": 0.05, ""review"": 0.25}","{""allowed"": 0.0011676600764659348, ""insufficient"": 0.9972503199576878, ""prohibited"": 0.0005515635650935233, ""review"": 0.0010304564007528791}",0.3972503199576877,0.156492217466319,1.7383893798400036,0.23200662962712068,
case_d973b88666706479,semantic_adjudication,206.22108411043882,207,0,policy_compliance,policy_insufficient,25.0,0.0,0.745234285366414,0.6,"allowed:2,review:5,prohibited:1,insufficient:12",benchmark_authored_adjudication,Both classification of the data and safeguards are unspecified.,target,choice,insufficient,insufficient,0.9996744412643054,0.9996744412643054,0.0023612256881299742,1,0.9996744412643054,0.00032561174144444887,1.463315889857277e-07,"{""allowed"": 0.1, ""insufficient"": 0.6, ""prohibited"": 0.05, ""review"": 0.25}","{""allowed"": 0.00010887331365364638, ""insufficient"": 0.9996744412643054, ""prohibited"": 5.827568539384684e-05, ""review"": 0.00015840973664709007}",0.3996744412643054,0.16265876722481895,2.554711524224773,0.23463289224343964,
case_e635bc738c25d455,semantic_adjudication,207.362666958943,238,0,policy_compliance,policy_insufficient,26.0,2.0,0.745234285366414,0.6,"allowed:2,review:5,prohibited:1,insufficient:12",benchmark_authored_adjudication,Both classification of the data and safeguards are unspecified.,target,choice,insufficient,insufficient,0.998978493015819,0.998978493015819,0.006409912617468984,1,0.998978493015819,0.0010220290780190025,1.5999460592291447e-06,"{""allowed"": 0.1, ""insufficient"": 0.6, ""prohibited"": 0.05, ""review"": 0.25}","{""allowed"": 0.00020326052465063988, ""insufficient"": 0.998978493015819, ""prohibited"": 0.00010879751878602093, ""review"": 0.0007094489407443599}",0.398978493015819,0.16058153387017157,2.0866579415613478,0.2337781380315335,
case_afaa41469a39c001,semantic_adjudication,261.7793751414865,263,0,policy_compliance,policy_insufficient,27.0,6.0,0.745234285366414,0.6,"allowed:2,review:5,prohibited:1,insufficient:12",benchmark_authored_adjudication,Both classification of the data and safeguards are unspecified.,target,choice,insufficient,insufficient,0.996428130182734,0.996428130182734,0.01976898238341163,1,0.996428130182734,0.0035782641753457373,1.750181197879407e-05,"{""allowed"": 0.1, ""insufficient"": 0.6, ""prohibited"": 0.05, ""review"": 0.25}","{""allowed"": 0.0011666973912140186, ""insufficient"": 0.996428130182734, ""prohibited"": 0.0016975346876738498, ""review"": 0.000707637738378047}",0.3964281301827341,0.15538942554014462,1.7767141766586745,0.23140309414196683,
case_8a47c0a648df5002,semantic_adjudication,264.4522918853909,320,0,policy_compliance,policy_insufficient,28.0,12.0,0.745234285366414,0.6,"allowed:2,review:5,prohibited:1,insufficient:12",benchmark_authored_adjudication,Both classification of the data and safeguards are unspecified.,target,choice,insufficient,insufficient,0.9995518235448945,0.9995518235448945,0.003148714147143073,1,0.9995518235448945,0.0004482769161903032,2.77673331505231e-07,"{""allowed"": 0.1, ""insufficient"": 0.6, ""prohibited"": 0.05, ""review"": 0.25}","{""allowed"": 0.0001088599595086629, ""insufficient"": 0.9995518235448945, ""prohibited"": 0.0001088599595086629, ""review"": 0.00023045653608829445}",0.39955182354489444,0.16226734427899958,2.4298341893995197,0.23449385025335034,
case_6d0aad05a9b20045,semantic_adjudication,355.55154201574624,419,0,policy_compliance,policy_insufficient,29.0,24.0,0.745234285366414,0.6,"allowed:2,review:5,prohibited:1,insufficient:12",benchmark_authored_adjudication,Both classification of the data and safeguards are unspecified.,target,choice,insufficient,insufficient,0.9977883854429253,0.9977883854429253,0.012923059720822748,1,0.9977883854429253,0.002214063788386024,6.870297915474898e-06,"{""allowed"": 0.1, ""insufficient"": 0.6, ""prohibited"": 0.05, ""review"": 0.25}","{""allowed"": 0.0011682900863772506, ""insufficient"": 0.9977883854429253, ""prohibited"": 0.0007086037568261232, ""review"": 0.00033472071387128814}",0.39778838544292533,0.15809041455831313,2.006599976271715,0.23276569990236198,
case_44c7a6fe0b020379,semantic_repeatability,215.0411659386009,236,0,incident_triage,inc_border_12,,,0.5941881858672536,0.6,"sev1:7,sev2:12,sev3:1,insufficient:0",benchmark_authored_adjudication,,target,choice,sev2,sev2,0.9131747083385696,0.9131747083385696,0.26393333561527166,1,0.9131747083385696,0.09082806035329385,0.011456362798446125,"{""insufficient"": 0.0, ""sev1"": 0.35, ""sev2"": 0.6, ""sev3"": 0.05}","{""insufficient"": 0.006972174936444944, ""sev1"": 0.05837730601214374, ""sev2"": 0.9131747083385696, ""sev3"": 0.02147581071284172}",0.32014688327501456,0.07942271824363932,0.41710832884146276,0.18398443418951702,0.0
case_9ca31cbd523883de,semantic_repeatability,209.19983298517764,236,0,incident_triage,inc_border_12,,,0.5941881858672536,0.6,"sev1:7,sev2:12,sev3:1,insufficient:0",benchmark_authored_adjudication,,target,choice,sev2,sev2,0.9131747083385696,0.9131747083385696,0.26393333561527166,1,0.9131747083385696,0.09082806035329385,0.011456362798446125,"{""insufficient"": 0.0, ""sev1"": 0.35, ""sev2"": 0.6, ""sev3"": 0.05}","{""insufficient"": 0.006972174936444944, ""sev1"": 0.05837730601214374, ""sev2"": 0.9131747083385696, ""sev3"": 0.02147581071284172}",0.32014688327501456,0.07942271824363932,0.41710832884146276,0.18398443418951702,1.0
case_81fdf1486c2e6746,semantic_repeatability,207.65470806509256,236,0,incident_triage,inc_border_12,,,0.5941881858672536,0.6,"sev1:7,sev2:12,sev3:1,insufficient:0",benchmark_authored_adjudication,,target,choice,sev2,sev2,0.9131747083385696,0.9131747083385696,0.26393333561527166,1,0.9131747083385696,0.09082806035329385,0.011456362798446125,"{""insufficient"": 0.0, ""sev1"": 0.35, ""sev2"": 0.6, ""sev3"": 0.05}","{""insufficient"": 0.006972174936444944, ""sev1"": 0.05837730601214374, ""sev2"": 0.9131747083385696, ""sev3"": 0.02147581071284172}",0.32014688327501456,0.07942271824363932,0.41710832884146276,0.18398443418951702,2.0
case_3f33dbef18507f9e,semantic_repeatability,209.82074993662536,236,0,incident_triage,inc_border_12,,,0.5941881858672536,0.6,"sev1:7,sev2:12,sev3:1,insufficient:0",benchmark_authored_adjudication,,target,choice,sev2,sev2,0.9131747083385696,0.9131747083385696,0.26393333561527166,1,0.9131747083385696,0.09082806035329385,0.011456362798446125,"{""insufficient"": 0.0, ""sev1"": 0.35, ""sev2"": 0.6, ""sev3"": 0.05}","{""insufficient"": 0.006972174936444944, ""sev1"": 0.05837730601214374, ""sev2"": 0.9131747083385696, ""sev3"": 0.02147581071284172}",0.32014688327501456,0.07942271824363932,0.41710832884146276,0.18398443418951702,3.0
case_780e38c758908271,semantic_repeatability,211.34820790030062,236,0,incident_triage,inc_border_12,,,0.5941881858672536,0.6,"sev1:7,sev2:12,sev3:1,insufficient:0",benchmark_authored_adjudication,,target,choice,sev2,sev2,0.9131747083385696,0.9131747083385696,0.26393333561527166,1,0.9131747083385696,0.09082806035329385,0.011456362798446125,"{""insufficient"": 0.0, ""sev1"": 0.35, ""sev2"": 0.6, ""sev3"": 0.05}","{""insufficient"": 0.006972174936444944, ""sev1"": 0.05837730601214374, ""sev2"": 0.9131747083385696, ""sev3"": 0.02147581071284172}",0.32014688327501456,0.07942271824363932,0.41710832884146276,0.18398443418951702,4.0
case_d1e4098267cc8920,semantic_repeatability,208.5402081720531,236,0,incident_triage,inc_border_12,,,0.5941881858672536,0.6,"sev1:7,sev2:12,sev3:1,insufficient:0",benchmark_authored_adjudication,,target,choice,sev2,sev2,0.9131747083385696,0.9131747083385696,0.26393333561527166,1,0.9131747083385696,0.09082806035329385,0.011456362798446125,"{""insufficient"": 0.0, ""sev1"": 0.35, ""sev2"": 0.6, ""sev3"": 0.05}","{""insufficient"": 0.006972174936444944, ""sev1"": 0.05837730601214374, ""sev2"": 0.9131747083385696, ""sev3"": 0.02147581071284172}",0.32014688327501456,0.07942271824363932,0.41710832884146276,0.18398443418951702,5.0
case_04d42cbee9e6185f,semantic_repeatability,206.8598340265453,236,0,incident_triage,inc_border_12,,,0.5941881858672536,0.6,"sev1:7,sev2:12,sev3:1,insufficient:0",benchmark_authored_adjudication,,target,choice,sev2,sev2,0.9131747083385696,0.9131747083385696,0.26393333561527166,1,0.9131747083385696,0.09082806035329385,0.011456362798446125,"{""insufficient"": 0.0, ""sev1"": 0.35, ""sev2"": 0.6, ""sev3"": 0.05}","{""insufficient"": 0.006972174936444944, ""sev1"": 0.05837730601214374, ""sev2"": 0.9131747083385696, ""sev3"": 0.02147581071284172}",0.32014688327501456,0.07942271824363932,0.41710832884146276,0.18398443418951702,6.0
case_89b0685bfa9e6857,semantic_repeatability,207.34133408404887,236,0,incident_triage,inc_border_12,,,0.5941881858672536,0.6,"sev1:7,sev2:12,sev3:1,insufficient:0",benchmark_authored_adjudication,,target,choice,sev2,sev2,0.9131747083385696,0.9131747083385696,0.26393333561527166,1,0.9131747083385696,0.09082806035329385,0.011456362798446125,"{""insufficient"": 0.0, ""sev1"": 0.35, ""sev2"": 0.6, ""sev3"": 0.05}","{""insufficient"": 0.006972174936444944, ""sev1"": 0.05837730601214374, ""sev2"": 0.9131747083385696, ""sev3"": 0.02147581071284172}",0.32014688327501456,0.07942271824363932,0.41710832884146276,0.18398443418951702,7.0
case_f7747d8c470d317d,semantic_repeatability,206.82016597129405,236,0,incident_triage,inc_border_12,,,0.5941881858672536,0.6,"sev1:7,sev2:12,sev3:1,insufficient:0",benchmark_authored_adjudication,,target,choice,sev2,sev2,0.9131747083385696,0.9131747083385696,0.26393333561527166,1,0.9131747083385696,0.09082806035329385,0.011456362798446125,"{""insufficient"": 0.0, ""sev1"": 0.35, ""sev2"": 0.6, ""sev3"": 0.05}","{""insufficient"": 0.006972174936444944, ""sev1"": 0.05837730601214374, ""sev2"": 0.9131747083385696, ""sev3"": 0.02147581071284172}",0.32014688327501456,0.07942271824363932,0.41710832884146276,0.18398443418951702,8.0
case_8e78617edd03d0f5,semantic_repeatability,208.4358751308173,236,0,incident_triage,inc_border_12,,,0.5941881858672536,0.6,"sev1:7,sev2:12,sev3:1,insufficient:0",benchmark_authored_adjudication,,target,choice,sev2,sev2,0.9131747083385696,0.9131747083385696,0.26393333561527166,1,0.9131747083385696,0.09082806035329385,0.011456362798446125,"{""insufficient"": 0.0, ""sev1"": 0.35, ""sev2"": 0.6, ""sev3"": 0.05}","{""insufficient"": 0.006972174936444944, ""sev1"": 0.05837730601214374, ""sev2"": 0.9131747083385696, ""sev3"": 0.02147581071284172}",0.32014688327501456,0.07942271824363932,0.41710832884146276,0.18398443418951702,9.0
case_535f2f8d3beec4e4,semantic_repeatability,208.47266586497426,236,0,incident_triage,inc_border_12,,,0.5941881858672536,0.6,"sev1:7,sev2:12,sev3:1,insufficient:0",benchmark_authored_adjudication,,target,choice,sev2,sev2,0.9131747083385696,0.9131747083385696,0.26393333561527166,1,0.9131747083385696,0.09082806035329385,0.011456362798446125,"{""insufficient"": 0.0, ""sev1"": 0.35, ""sev2"": 0.6, ""sev3"": 0.05}","{""insufficient"": 0.006972174936444944, ""sev1"": 0.05837730601214374, ""sev2"": 0.9131747083385696, ""sev3"": 0.02147581071284172}",0.32014688327501456,0.07942271824363932,0.41710832884146276,0.18398443418951702,10.0
case_a4b7cd361ad829c7,semantic_repeatability,206.4809170551598,236,0,incident_triage,inc_border_12,,,0.5941881858672536,0.6,"sev1:7,sev2:12,sev3:1,insufficient:0",benchmark_authored_adjudication,,target,choice,sev2,sev2,0.9131747083385696,0.9131747083385696,0.26393333561527166,1,0.9131747083385696,0.09082806035329385,0.011456362798446125,"{""insufficient"": 0.0, ""sev1"": 0.35, ""sev2"": 0.6, ""sev3"": 0.05}","{""insufficient"": 0.006972174936444944, ""sev1"": 0.05837730601214374, ""sev2"": 0.9131747083385696, ""sev3"": 0.02147581071284172}",0.32014688327501456,0.07942271824363932,0.41710832884146276,0.18398443418951702,11.0
case_089d7b5b02568193,semantic_repeatability,206.3630830962211,236,0,incident_triage,inc_border_12,,,0.5941881858672536,0.6,"sev1:7,sev2:12,sev3:1,insufficient:0",benchmark_authored_adjudication,,target,choice,sev2,sev2,0.9131747083385696,0.9131747083385696,0.26393333561527166,1,0.9131747083385696,0.09082806035329385,0.011456362798446125,"{""insufficient"": 0.0, ""sev1"": 0.35, ""sev2"": 0.6, ""sev3"": 0.05}","{""insufficient"": 0.006972174936444944, ""sev1"": 0.05837730601214374, ""sev2"": 0.9131747083385696, ""sev3"": 0.02147581071284172}",0.32014688327501456,0.07942271824363932,0.41710832884146276,0.18398443418951702,12.0
case_972c5841b6b30088,semantic_repeatability,207.71654206328094,236,0,incident_triage,inc_border_12,,,0.5941881858672536,0.6,"sev1:7,sev2:12,sev3:1,insufficient:0",benchmark_authored_adjudication,,target,choice,sev2,sev2,0.9131747083385696,0.9131747083385696,0.26393333561527166,1,0.9131747083385696,0.09082806035329385,0.011456362798446125,"{""insufficient"": 0.0, ""sev1"": 0.35, ""sev2"": 0.6, ""sev3"": 0.05}","{""insufficient"": 0.006972174936444944, ""sev1"": 0.05837730601214374, ""sev2"": 0.9131747083385696, ""sev3"": 0.02147581071284172}",0.32014688327501456,0.07942271824363932,0.41710832884146276,0.18398443418951702,13.0
case_6a9dc451b5f8983f,semantic_repeatability,208.4720409475267,236,0,incident_triage,inc_border_12,,,0.5941881858672536,0.6,"sev1:7,sev2:12,sev3:1,insufficient:0",benchmark_authored_adjudication,,target,choice,sev2,sev2,0.9131747083385696,0.9131747083385696,0.26393333561527166,1,0.9131747083385696,0.09082806035329385,0.011456362798446125,"{""insufficient"": 0.0, ""sev1"": 0.35, ""sev2"": 0.6, ""sev3"": 0.05}","{""insufficient"": 0.006972174936444944, ""sev1"": 0.05837730601214374, ""sev2"": 0.9131747083385696, ""sev3"": 0.02147581071284172}",0.32014688327501456,0.07942271824363932,0.41710832884146276,0.18398443418951702,14.0
case_865635671f14307f,semantic_repeatability,207.43445889092982,236,0,incident_triage,inc_border_12,,,0.5941881858672536,0.6,"sev1:7,sev2:12,sev3:1,insufficient:0",benchmark_authored_adjudication,,target,choice,sev2,sev2,0.9131747083385696,0.9131747083385696,0.26393333561527166,1,0.9131747083385696,0.09082806035329385,0.011456362798446125,"{""insufficient"": 0.0, ""sev1"": 0.35, ""sev2"": 0.6, ""sev3"": 0.05}","{""insufficient"": 0.006972174936444944, ""sev1"": 0.05837730601214374, ""sev2"": 0.9131747083385696, ""sev3"": 0.02147581071284172}",0.32014688327501456,0.07942271824363932,0.41710832884146276,0.18398443418951702,15.0
case_76eff36ec01f931d,semantic_repeatability,208.16166698932648,236,0,incident_triage,inc_border_12,,,0.5941881858672536,0.6,"sev1:7,sev2:12,sev3:1,insufficient:0",benchmark_authored_adjudication,,target,choice,sev2,sev2,0.9131747083385696,0.9131747083385696,0.26393333561527166,1,0.9131747083385696,0.09082806035329385,0.011456362798446125,"{""insufficient"": 0.0, ""sev1"": 0.35, ""sev2"": 0.6, ""sev3"": 0.05}","{""insufficient"": 0.006972174936444944, ""sev1"": 0.05837730601214374, ""sev2"": 0.9131747083385696, ""sev3"": 0.02147581071284172}",0.32014688327501456,0.07942271824363932,0.41710832884146276,0.18398443418951702,16.0
case_b735b39ec4baefdb,semantic_repeatability,207.58245885372162,236,0,incident_triage,inc_border_12,,,0.5941881858672536,0.6,"sev1:7,sev2:12,sev3:1,insufficient:0",benchmark_authored_adjudication,,target,choice,sev2,sev2,0.9131747083385696,0.9131747083385696,0.26393333561527166,1,0.9131747083385696,0.09082806035329385,0.011456362798446125,"{""insufficient"": 0.0, ""sev1"": 0.35, ""sev2"": 0.6, ""sev3"": 0.05}","{""insufficient"": 0.006972174936444944, ""sev1"": 0.05837730601214374, ""sev2"": 0.9131747083385696, ""sev3"": 0.02147581071284172}",0.32014688327501456,0.07942271824363932,0.41710832884146276,0.18398443418951702,17.0
case_ef97b473a2afd1d8,semantic_repeatability,207.20179192721844,236,0,incident_triage,inc_border_12,,,0.5941881858672536,0.6,"sev1:7,sev2:12,sev3:1,insufficient:0",benchmark_authored_adjudication,,target,choice,sev2,sev2,0.9131747083385696,0.9131747083385696,0.26393333561527166,1,0.9131747083385696,0.09082806035329385,0.011456362798446125,"{""insufficient"": 0.0, ""sev1"": 0.35, ""sev2"": 0.6, ""sev3"": 0.05}","{""insufficient"": 0.006972174936444944, ""sev1"": 0.05837730601214374, ""sev2"": 0.9131747083385696, ""sev3"": 0.02147581071284172}",0.32014688327501456,0.07942271824363932,0.41710832884146276,0.18398443418951702,18.0
case_d34324ced66f14d1,semantic_repeatability,208.2222499884665,236,0,incident_triage,inc_border_12,,,0.5941881858672536,0.6,"sev1:7,sev2:12,sev3:1,insufficient:0",benchmark_authored_adjudication,,target,choice,sev2,sev2,0.9131747083385696,0.9131747083385696,0.26393333561527166,1,0.9131747083385696,0.09082806035329385,0.011456362798446125,"{""insufficient"": 0.0, ""sev1"": 0.35, ""sev2"": 0.6, ""sev3"": 0.05}","{""insufficient"": 0.006972174936444944, ""sev1"": 0.05837730601214374, ""sev2"": 0.9131747083385696, ""sev3"": 0.02147581071284172}",0.32014688327501456,0.07942271824363932,0.41710832884146276,0.18398443418951702,19.0
case_7c8c1d2a30726e11,semantic_repeatability,207.42279198020697,236,0,incident_triage,inc_border_12,,,0.5941881858672536,0.6,"sev1:7,sev2:12,sev3:1,insufficient:0",benchmark_authored_adjudication,,target,choice,sev2,sev2,0.9131747083385696,0.9131747083385696,0.26393333561527166,1,0.9131747083385696,0.09082806035329385,0.011456362798446125,"{""insufficient"": 0.0, ""sev1"": 0.35, ""sev2"": 0.6, ""sev3"": 0.05}","{""insufficient"": 0.006972174936444944, ""sev1"": 0.05837730601214374, ""sev2"": 0.9131747083385696, ""sev3"": 0.02147581071284172}",0.32014688327501456,0.07942271824363932,0.41710832884146276,0.18398443418951702,20.0
case_789bc878d226887e,semantic_repeatability,208.53308402001858,236,0,incident_triage,inc_border_12,,,0.5941881858672536,0.6,"sev1:7,sev2:12,sev3:1,insufficient:0",benchmark_authored_adjudication,,target,choice,sev2,sev2,0.9131747083385696,0.9131747083385696,0.26393333561527166,1,0.9131747083385696,0.09082806035329385,0.011456362798446125,"{""insufficient"": 0.0, ""sev1"": 0.35, ""sev2"": 0.6, ""sev3"": 0.05}","{""insufficient"": 0.006972174936444944, ""sev1"": 0.05837730601214374, ""sev2"": 0.9131747083385696, ""sev3"": 0.02147581071284172}",0.32014688327501456,0.07942271824363932,0.41710832884146276,0.18398443418951702,21.0
case_6ea1a87d7bf00d78,semantic_repeatability,206.95262518711388,236,0,incident_triage,inc_border_12,,,0.5941881858672536,0.6,"sev1:7,sev2:12,sev3:1,insufficient:0",benchmark_authored_adjudication,,target,choice,sev2,sev2,0.9131747083385696,0.9131747083385696,0.26393333561527166,1,0.9131747083385696,0.09082806035329385,0.011456362798446125,"{""insufficient"": 0.0, ""sev1"": 0.35, ""sev2"": 0.6, ""sev3"": 0.05}","{""insufficient"": 0.006972174936444944, ""sev1"": 0.05837730601214374, ""sev2"": 0.9131747083385696, ""sev3"": 0.02147581071284172}",0.32014688327501456,0.07942271824363932,0.41710832884146276,0.18398443418951702,22.0
case_826a3f42767dd22f,semantic_repeatability,208.42945808544755,236,0,incident_triage,inc_border_12,,,0.5941881858672536,0.6,"sev1:7,sev2:12,sev3:1,insufficient:0",benchmark_authored_adjudication,,target,choice,sev2,sev2,0.9131747083385696,0.9131747083385696,0.26393333561527166,1,0.9131747083385696,0.09082806035329385,0.011456362798446125,"{""insufficient"": 0.0, ""sev1"": 0.35, ""sev2"": 0.6, ""sev3"": 0.05}","{""insufficient"": 0.006972174936444944, ""sev1"": 0.05837730601214374, ""sev2"": 0.9131747083385696, ""sev3"": 0.02147581071284172}",0.32014688327501456,0.07942271824363932,0.41710832884146276,0.18398443418951702,23.0
case_8b1febb219e7acf0,semantic_repeatability,211.7848750203848,236,0,incident_triage,inc_border_12,,,0.5941881858672536,0.6,"sev1:7,sev2:12,sev3:1,insufficient:0",benchmark_authored_adjudication,,target,choice,sev2,sev2,0.9131747083385696,0.9131747083385696,0.26393333561527166,1,0.9131747083385696,0.09082806035329385,0.011456362798446125,"{""insufficient"": 0.0, ""sev1"": 0.35, ""sev2"": 0.6, ""sev3"": 0.05}","{""insufficient"": 0.006972174936444944, ""sev1"": 0.05837730601214374, ""sev2"": 0.9131747083385696, ""sev3"": 0.02147581071284172}",0.32014688327501456,0.07942271824363932,0.41710832884146276,0.18398443418951702,24.0
case_382726aefa457866,semantic_repeatability,207.59091689251363,236,0,incident_triage,inc_border_12,,,0.5941881858672536,0.6,"sev1:7,sev2:12,sev3:1,insufficient:0",benchmark_authored_adjudication,,target,choice,sev2,sev2,0.9131747083385696,0.9131747083385696,0.26393333561527166,1,0.9131747083385696,0.09082806035329385,0.011456362798446125,"{""insufficient"": 0.0, ""sev1"": 0.35, ""sev2"": 0.6, ""sev3"": 0.05}","{""insufficient"": 0.006972174936444944, ""sev1"": 0.05837730601214374, ""sev2"": 0.9131747083385696, ""sev3"": 0.02147581071284172}",0.32014688327501456,0.07942271824363932,0.41710832884146276,0.18398443418951702,25.0
case_437a7adaa90fae17,semantic_repeatability,206.90370816737413,236,0,incident_triage,inc_border_12,,,0.5941881858672536,0.6,"sev1:7,sev2:12,sev3:1,insufficient:0",benchmark_authored_adjudication,,target,choice,sev2,sev2,0.9131747083385696,0.9131747083385696,0.26393333561527166,1,0.9131747083385696,0.09082806035329385,0.011456362798446125,"{""insufficient"": 0.0, ""sev1"": 0.35, ""sev2"": 0.6, ""sev3"": 0.05}","{""insufficient"": 0.006972174936444944, ""sev1"": 0.05837730601214374, ""sev2"": 0.9131747083385696, ""sev3"": 0.02147581071284172}",0.32014688327501456,0.07942271824363932,0.41710832884146276,0.18398443418951702,26.0
case_1f3ec27d84d366e2,semantic_repeatability,207.70612498745322,236,0,incident_triage,inc_border_12,,,0.5941881858672536,0.6,"sev1:7,sev2:12,sev3:1,insufficient:0",benchmark_authored_adjudication,,target,choice,sev2,sev2,0.9131747083385696,0.9131747083385696,0.26393333561527166,1,0.9131747083385696,0.09082806035329385,0.011456362798446125,"{""insufficient"": 0.0, ""sev1"": 0.35, ""sev2"": 0.6, ""sev3"": 0.05}","{""insufficient"": 0.006972174936444944, ""sev1"": 0.05837730601214374, ""sev2"": 0.9131747083385696, ""sev3"": 0.02147581071284172}",0.32014688327501456,0.07942271824363932,0.41710832884146276,0.18398443418951702,27.0
case_3e9d5d406cdc65b0,semantic_repeatability,207.85766700282693,236,0,incident_triage,inc_border_12,,,0.5941881858672536,0.6,"sev1:7,sev2:12,sev3:1,insufficient:0",benchmark_authored_adjudication,,target,choice,sev2,sev2,0.9131747083385696,0.9131747083385696,0.26393333561527166,1,0.9131747083385696,0.09082806035329385,0.011456362798446125,"{""insufficient"": 0.0, ""sev1"": 0.35, ""sev2"": 0.6, ""sev3"": 0.05}","{""insufficient"": 0.006972174936444944, ""sev1"": 0.05837730601214374, ""sev2"": 0.9131747083385696, ""sev3"": 0.02147581071284172}",0.32014688327501456,0.07942271824363932,0.41710832884146276,0.18398443418951702,28.0
case_e96a8e98efa9792b,semantic_repeatability,207.93620799668133,236,0,incident_triage,inc_border_12,,,0.5941881858672536,0.6,"sev1:7,sev2:12,sev3:1,insufficient:0",benchmark_authored_adjudication,,target,choice,sev2,sev2,0.9131747083385696,0.9131747083385696,0.26393333561527166,1,0.9131747083385696,0.09082806035329385,0.011456362798446125,"{""insufficient"": 0.0, ""sev1"": 0.35, ""sev2"": 0.6, ""sev3"": 0.05}","{""insufficient"": 0.006972174936444944, ""sev1"": 0.05837730601214374, ""sev2"": 0.9131747083385696, ""sev3"": 0.02147581071284172}",0.32014688327501456,0.07942271824363932,0.41710832884146276,0.18398443418951702,29.0
case_0de974508348f949,semantic_repeatability,208.63495883531868,230,0,incident_triage,inc_border_23,,,0.46703402768774555,0.65,"sev1:0,sev2:7,sev3:13,insufficient:0",benchmark_authored_adjudication,,target,choice,sev3,sev2,0.4758129561279158,0.4758129561279158,0.625693815179226,0,0.4758129561279158,0.7427304512866298,0.503145698709109,"{""insufficient"": 0.0, ""sev1"": 0.0, ""sev2"": 0.35, ""sev3"": 0.65}","{""insufficient"": 0.004116588670114538, ""sev1"": 0.04425749907405392, ""sev2"": 0.4758129561279158, ""sev3"": 0.4758129561279158}",0.17418704387208425,0.028340553139289758,0.09528381225199739,0.048145698709109064,0.0
case_b756d382d3ea2d69,semantic_repeatability,207.17979106120765,230,0,incident_triage,inc_border_23,,,0.46703402768774555,0.65,"sev1:0,sev2:7,sev3:13,insufficient:0",benchmark_authored_adjudication,,target,choice,sev3,sev2,0.4758129561279158,0.4758129561279158,0.625693815179226,0,0.4758129561279158,0.7427304512866298,0.503145698709109,"{""insufficient"": 0.0, ""sev1"": 0.0, ""sev2"": 0.35, ""sev3"": 0.65}","{""insufficient"": 0.004116588670114538, ""sev1"": 0.04425749907405392, ""sev2"": 0.4758129561279158, ""sev3"": 0.4758129561279158}",0.17418704387208425,0.028340553139289758,0.09528381225199739,0.048145698709109064,1.0
case_df15ec390e3d2064,semantic_repeatability,207.74575020186603,230,0,incident_triage,inc_border_23,,,0.46703402768774555,0.65,"sev1:0,sev2:7,sev3:13,insufficient:0",benchmark_authored_adjudication,,target,choice,sev3,sev2,0.4758129561279158,0.4758129561279158,0.625693815179226,0,0.4758129561279158,0.7427304512866298,0.503145698709109,"{""insufficient"": 0.0, ""sev1"": 0.0, ""sev2"": 0.35, ""sev3"": 0.65}","{""insufficient"": 0.004116588670114538, ""sev1"": 0.04425749907405392, ""sev2"": 0.4758129561279158, ""sev3"": 0.4758129561279158}",0.17418704387208425,0.028340553139289758,0.09528381225199739,0.048145698709109064,2.0
case_839a32b29e05bb86,semantic_repeatability,207.83474994823337,230,0,incident_triage,inc_border_23,,,0.46703402768774555,0.65,"sev1:0,sev2:7,sev3:13,insufficient:0",benchmark_authored_adjudication,,target,choice,sev3,sev2,0.4758129561279158,0.4758129561279158,0.625693815179226,0,0.4758129561279158,0.7427304512866298,0.503145698709109,"{""insufficient"": 0.0, ""sev1"": 0.0, ""sev2"": 0.35, ""sev3"": 0.65}","{""insufficient"": 0.004116588670114538, ""sev1"": 0.04425749907405392, ""sev2"": 0.4758129561279158, ""sev3"": 0.4758129561279158}",0.17418704387208425,0.028340553139289758,0.09528381225199739,0.048145698709109064,3.0
case_1a94bfe98bf4d444,semantic_repeatability,207.14324992150068,230,0,incident_triage,inc_border_23,,,0.46703402768774555,0.65,"sev1:0,sev2:7,sev3:13,insufficient:0",benchmark_authored_adjudication,,target,choice,sev3,sev2,0.4758129561279158,0.4758129561279158,0.625693815179226,0,0.4758129561279158,0.7427304512866298,0.503145698709109,"{""insufficient"": 0.0, ""sev1"": 0.0, ""sev2"": 0.35, ""sev3"": 0.65}","{""insufficient"": 0.004116588670114538, ""sev1"": 0.04425749907405392, ""sev2"": 0.4758129561279158, ""sev3"": 0.4758129561279158}",0.17418704387208425,0.028340553139289758,0.09528381225199739,0.048145698709109064,4.0
case_007648ee456ff767,semantic_repeatability,207.14116701856256,230,0,incident_triage,inc_border_23,,,0.46703402768774555,0.65,"sev1:0,sev2:7,sev3:13,insufficient:0",benchmark_authored_adjudication,,target,choice,sev3,sev2,0.4758129561279158,0.4758129561279158,0.625693815179226,0,0.4758129561279158,0.7427304512866298,0.503145698709109,"{""insufficient"": 0.0, ""sev1"": 0.0, ""sev2"": 0.35, ""sev3"": 0.65}","{""insufficient"": 0.004116588670114538, ""sev1"": 0.04425749907405392, ""sev2"": 0.4758129561279158, ""sev3"": 0.4758129561279158}",0.17418704387208425,0.028340553139289758,0.09528381225199739,0.048145698709109064,5.0
case_cc72b4c1d1a5f7b2,semantic_repeatability,206.49187499657273,230,0,incident_triage,inc_border_23,,,0.46703402768774555,0.65,"sev1:0,sev2:7,sev3:13,insufficient:0",benchmark_authored_adjudication,,target,choice,sev3,sev2,0.4758129561279158,0.4758129561279158,0.625693815179226,0,0.4758129561279158,0.7427304512866298,0.503145698709109,"{""insufficient"": 0.0, ""sev1"": 0.0, ""sev2"": 0.35, ""sev3"": 0.65}","{""insufficient"": 0.004116588670114538, ""sev1"": 0.04425749907405392, ""sev2"": 0.4758129561279158, ""sev3"": 0.4758129561279158}",0.17418704387208425,0.028340553139289758,0.09528381225199739,0.048145698709109064,6.0
case_3ae045a3d4265d99,semantic_repeatability,207.63995801098645,230,0,incident_triage,inc_border_23,,,0.46703402768774555,0.65,"sev1:0,sev2:7,sev3:13,insufficient:0",benchmark_authored_adjudication,,target,choice,sev3,sev2,0.4758129561279158,0.4758129561279158,0.625693815179226,0,0.4758129561279158,0.7427304512866298,0.503145698709109,"{""insufficient"": 0.0, ""sev1"": 0.0, ""sev2"": 0.35, ""sev3"": 0.65}","{""insufficient"": 0.004116588670114538, ""sev1"": 0.04425749907405392, ""sev2"": 0.4758129561279158, ""sev3"": 0.4758129561279158}",0.17418704387208425,0.028340553139289758,0.09528381225199739,0.048145698709109064,7.0
case_6b1e65b119f49c9b,semantic_repeatability,208.09854101389647,230,0,incident_triage,inc_border_23,,,0.46703402768774555,0.65,"sev1:0,sev2:7,sev3:13,insufficient:0",benchmark_authored_adjudication,,target,choice,sev3,sev2,0.4758129561279158,0.4758129561279158,0.625693815179226,0,0.4758129561279158,0.7427304512866298,0.503145698709109,"{""insufficient"": 0.0, ""sev1"": 0.0, ""sev2"": 0.35, ""sev3"": 0.65}","{""insufficient"": 0.004116588670114538, ""sev1"": 0.04425749907405392, ""sev2"": 0.4758129561279158, ""sev3"": 0.4758129561279158}",0.17418704387208425,0.028340553139289758,0.09528381225199739,0.048145698709109064,8.0
case_06c9f0aaabe9196a,semantic_repeatability,207.68891694024205,230,0,incident_triage,inc_border_23,,,0.46703402768774555,0.65,"sev1:0,sev2:7,sev3:13,insufficient:0",benchmark_authored_adjudication,,target,choice,sev3,sev2,0.4758129561279158,0.4758129561279158,0.625693815179226,0,0.4758129561279158,0.7427304512866298,0.503145698709109,"{""insufficient"": 0.0, ""sev1"": 0.0, ""sev2"": 0.35, ""sev3"": 0.65}","{""insufficient"": 0.004116588670114538, ""sev1"": 0.04425749907405392, ""sev2"": 0.4758129561279158, ""sev3"": 0.4758129561279158}",0.17418704387208425,0.028340553139289758,0.09528381225199739,0.048145698709109064,9.0
case_2f7c8db245a64a27,semantic_repeatability,206.76466706208885,230,0,incident_triage,inc_border_23,,,0.46703402768774555,0.65,"sev1:0,sev2:7,sev3:13,insufficient:0",benchmark_authored_adjudication,,target,choice,sev3,sev2,0.4758129561279158,0.4758129561279158,0.625693815179226,0,0.4758129561279158,0.7427304512866298,0.503145698709109,"{""insufficient"": 0.0, ""sev1"": 0.0, ""sev2"": 0.35, ""sev3"": 0.65}","{""insufficient"": 0.004116588670114538, ""sev1"": 0.04425749907405392, ""sev2"": 0.4758129561279158, ""sev3"": 0.4758129561279158}",0.17418704387208425,0.028340553139289758,0.09528381225199739,0.048145698709109064,10.0
case_391a5825fa58036c,semantic_repeatability,207.06604095175862,230,0,incident_triage,inc_border_23,,,0.46703402768774555,0.65,"sev1:0,sev2:7,sev3:13,insufficient:0",benchmark_authored_adjudication,,target,choice,sev3,sev2,0.4758129561279158,0.4758129561279158,0.625693815179226,0,0.4758129561279158,0.7427304512866298,0.503145698709109,"{""insufficient"": 0.0, ""sev1"": 0.0, ""sev2"": 0.35, ""sev3"": 0.65}","{""insufficient"": 0.004116588670114538, ""sev1"": 0.04425749907405392, ""sev2"": 0.4758129561279158, ""sev3"": 0.4758129561279158}",0.17418704387208425,0.028340553139289758,0.09528381225199739,0.048145698709109064,11.0
case_63216279c28a6661,semantic_repeatability,207.33179198578,230,0,incident_triage,inc_border_23,,,0.46703402768774555,0.65,"sev1:0,sev2:7,sev3:13,insufficient:0",benchmark_authored_adjudication,,target,choice,sev3,sev2,0.4758129561279158,0.4758129561279158,0.625693815179226,0,0.4758129561279158,0.7427304512866298,0.503145698709109,"{""insufficient"": 0.0, ""sev1"": 0.0, ""sev2"": 0.35, ""sev3"": 0.65}","{""insufficient"": 0.004116588670114538, ""sev1"": 0.04425749907405392, ""sev2"": 0.4758129561279158, ""sev3"": 0.4758129561279158}",0.17418704387208425,0.028340553139289758,0.09528381225199739,0.048145698709109064,12.0
case_5f305bf451f1fa90,semantic_repeatability,207.3974998202175,230,0,incident_triage,inc_border_23,,,0.46703402768774555,0.65,"sev1:0,sev2:7,sev3:13,insufficient:0",benchmark_authored_adjudication,,target,choice,sev3,sev2,0.4758129561279158,0.4758129561279158,0.625693815179226,0,0.4758129561279158,0.7427304512866298,0.503145698709109,"{""insufficient"": 0.0, ""sev1"": 0.0, ""sev2"": 0.35, ""sev3"": 0.65}","{""insufficient"": 0.004116588670114538, ""sev1"": 0.04425749907405392, ""sev2"": 0.4758129561279158, ""sev3"": 0.4758129561279158}",0.17418704387208425,0.028340553139289758,0.09528381225199739,0.048145698709109064,13.0
case_db548d7afcd39b9a,semantic_repeatability,208.2778331823647,230,0,incident_triage,inc_border_23,,,0.46703402768774555,0.65,"sev1:0,sev2:7,sev3:13,insufficient:0",benchmark_authored_adjudication,,target,choice,sev3,sev2,0.4758129561279158,0.4758129561279158,0.625693815179226,0,0.4758129561279158,0.7427304512866298,0.503145698709109,"{""insufficient"": 0.0, ""sev1"": 0.0, ""sev2"": 0.35, ""sev3"": 0.65}","{""insufficient"": 0.004116588670114538, ""sev1"": 0.04425749907405392, ""sev2"": 0.4758129561279158, ""sev3"": 0.4758129561279158}",0.17418704387208425,0.028340553139289758,0.09528381225199739,0.048145698709109064,14.0
case_fb0a8c780a4b3a87,semantic_repeatability,207.0064169820398,230,0,incident_triage,inc_border_23,,,0.46703402768774555,0.65,"sev1:0,sev2:7,sev3:13,insufficient:0",benchmark_authored_adjudication,,target,choice,sev3,sev2,0.4758129561279158,0.4758129561279158,0.625693815179226,0,0.4758129561279158,0.7427304512866298,0.503145698709109,"{""insufficient"": 0.0, ""sev1"": 0.0, ""sev2"": 0.35, ""sev3"": 0.65}","{""insufficient"": 0.004116588670114538, ""sev1"": 0.04425749907405392, ""sev2"": 0.4758129561279158, ""sev3"": 0.4758129561279158}",0.17418704387208425,0.028340553139289758,0.09528381225199739,0.048145698709109064,15.0
case_00ac43bd9b20178f,semantic_repeatability,207.2932079900056,230,0,incident_triage,inc_border_23,,,0.46703402768774555,0.65,"sev1:0,sev2:7,sev3:13,insufficient:0",benchmark_authored_adjudication,,target,choice,sev3,sev2,0.4758129561279158,0.4758129561279158,0.625693815179226,0,0.4758129561279158,0.7427304512866298,0.503145698709109,"{""insufficient"": 0.0, ""sev1"": 0.0, ""sev2"": 0.35, ""sev3"": 0.65}","{""insufficient"": 0.004116588670114538, ""sev1"": 0.04425749907405392, ""sev2"": 0.4758129561279158, ""sev3"": 0.4758129561279158}",0.17418704387208425,0.028340553139289758,0.09528381225199739,0.048145698709109064,16.0
case_085d1d4663c04f1b,semantic_repeatability,206.85095782391727,230,0,incident_triage,inc_border_23,,,0.46703402768774555,0.65,"sev1:0,sev2:7,sev3:13,insufficient:0",benchmark_authored_adjudication,,target,choice,sev3,sev2,0.4758129561279158,0.4758129561279158,0.625693815179226,0,0.4758129561279158,0.7427304512866298,0.503145698709109,"{""insufficient"": 0.0, ""sev1"": 0.0, ""sev2"": 0.35, ""sev3"": 0.65}","{""insufficient"": 0.004116588670114538, ""sev1"": 0.04425749907405392, ""sev2"": 0.4758129561279158, ""sev3"": 0.4758129561279158}",0.17418704387208425,0.028340553139289758,0.09528381225199739,0.048145698709109064,17.0
case_5b4e139b99c7ccc4,semantic_repeatability,208.00566696561873,230,0,incident_triage,inc_border_23,,,0.46703402768774555,0.65,"sev1:0,sev2:7,sev3:13,insufficient:0",benchmark_authored_adjudication,,target,choice,sev3,sev2,0.4758129561279158,0.4758129561279158,0.625693815179226,0,0.4758129561279158,0.7427304512866298,0.503145698709109,"{""insufficient"": 0.0, ""sev1"": 0.0, ""sev2"": 0.35, ""sev3"": 0.65}","{""insufficient"": 0.004116588670114538, ""sev1"": 0.04425749907405392, ""sev2"": 0.4758129561279158, ""sev3"": 0.4758129561279158}",0.17418704387208425,0.028340553139289758,0.09528381225199739,0.048145698709109064,18.0
case_921c1bf17894434b,semantic_repeatability,207.54508394747972,230,0,incident_triage,inc_border_23,,,0.46703402768774555,0.65,"sev1:0,sev2:7,sev3:13,insufficient:0",benchmark_authored_adjudication,,target,choice,sev3,sev2,0.4758129561279158,0.4758129561279158,0.625693815179226,0,0.4758129561279158,0.7427304512866298,0.503145698709109,"{""insufficient"": 0.0, ""sev1"": 0.0, ""sev2"": 0.35, ""sev3"": 0.65}","{""insufficient"": 0.004116588670114538, ""sev1"": 0.04425749907405392, ""sev2"": 0.4758129561279158, ""sev3"": 0.4758129561279158}",0.17418704387208425,0.028340553139289758,0.09528381225199739,0.048145698709109064,19.0
case_fd03b09d30d4bba3,semantic_repeatability,207.07958308048546,230,0,incident_triage,inc_border_23,,,0.46703402768774555,0.65,"sev1:0,sev2:7,sev3:13,insufficient:0",benchmark_authored_adjudication,,target,choice,sev3,sev2,0.4758129561279158,0.4758129561279158,0.625693815179226,0,0.4758129561279158,0.7427304512866298,0.503145698709109,"{""insufficient"": 0.0, ""sev1"": 0.0, ""sev2"": 0.35, ""sev3"": 0.65}","{""insufficient"": 0.004116588670114538, ""sev1"": 0.04425749907405392, ""sev2"": 0.4758129561279158, ""sev3"": 0.4758129561279158}",0.17418704387208425,0.028340553139289758,0.09528381225199739,0.048145698709109064,20.0
case_6a2882075497c432,semantic_repeatability,207.438999786973,230,0,incident_triage,inc_border_23,,,0.46703402768774555,0.65,"sev1:0,sev2:7,sev3:13,insufficient:0",benchmark_authored_adjudication,,target,choice,sev3,sev2,0.4758129561279158,0.4758129561279158,0.625693815179226,0,0.4758129561279158,0.7427304512866298,0.503145698709109,"{""insufficient"": 0.0, ""sev1"": 0.0, ""sev2"": 0.35, ""sev3"": 0.65}","{""insufficient"": 0.004116588670114538, ""sev1"": 0.04425749907405392, ""sev2"": 0.4758129561279158, ""sev3"": 0.4758129561279158}",0.17418704387208425,0.028340553139289758,0.09528381225199739,0.048145698709109064,21.0
case_7ab3ae157d2bf7ff,semantic_repeatability,207.04016694799066,230,0,incident_triage,inc_border_23,,,0.46703402768774555,0.65,"sev1:0,sev2:7,sev3:13,insufficient:0",benchmark_authored_adjudication,,target,choice,sev3,sev2,0.4758129561279158,0.4758129561279158,0.625693815179226,0,0.4758129561279158,0.7427304512866298,0.503145698709109,"{""insufficient"": 0.0, ""sev1"": 0.0, ""sev2"": 0.35, ""sev3"": 0.65}","{""insufficient"": 0.004116588670114538, ""sev1"": 0.04425749907405392, ""sev2"": 0.4758129561279158, ""sev3"": 0.4758129561279158}",0.17418704387208425,0.028340553139289758,0.09528381225199739,0.048145698709109064,22.0
case_d3bf7bfe26b926d9,semantic_repeatability,207.61187514290214,230,0,incident_triage,inc_border_23,,,0.46703402768774555,0.65,"sev1:0,sev2:7,sev3:13,insufficient:0",benchmark_authored_adjudication,,target,choice,sev3,sev2,0.4758129561279158,0.4758129561279158,0.625693815179226,0,0.4758129561279158,0.7427304512866298,0.503145698709109,"{""insufficient"": 0.0, ""sev1"": 0.0, ""sev2"": 0.35, ""sev3"": 0.65}","{""insufficient"": 0.004116588670114538, ""sev1"": 0.04425749907405392, ""sev2"": 0.4758129561279158, ""sev3"": 0.4758129561279158}",0.17418704387208425,0.028340553139289758,0.09528381225199739,0.048145698709109064,23.0
case_d2a8e941052c25c1,semantic_repeatability,207.44879101403058,230,0,incident_triage,inc_border_23,,,0.46703402768774555,0.65,"sev1:0,sev2:7,sev3:13,insufficient:0",benchmark_authored_adjudication,,target,choice,sev3,sev2,0.4758129561279158,0.4758129561279158,0.625693815179226,0,0.4758129561279158,0.7427304512866298,0.503145698709109,"{""insufficient"": 0.0, ""sev1"": 0.0, ""sev2"": 0.35, ""sev3"": 0.65}","{""insufficient"": 0.004116588670114538, ""sev1"": 0.04425749907405392, ""sev2"": 0.4758129561279158, ""sev3"": 0.4758129561279158}",0.17418704387208425,0.028340553139289758,0.09528381225199739,0.048145698709109064,24.0
case_93945a2d6657babb,semantic_repeatability,207.90524990297854,230,0,incident_triage,inc_border_23,,,0.46703402768774555,0.65,"sev1:0,sev2:7,sev3:13,insufficient:0",benchmark_authored_adjudication,,target,choice,sev3,sev2,0.4758129561279158,0.4758129561279158,0.625693815179226,0,0.4758129561279158,0.7427304512866298,0.503145698709109,"{""insufficient"": 0.0, ""sev1"": 0.0, ""sev2"": 0.35, ""sev3"": 0.65}","{""insufficient"": 0.004116588670114538, ""sev1"": 0.04425749907405392, ""sev2"": 0.4758129561279158, ""sev3"": 0.4758129561279158}",0.17418704387208425,0.028340553139289758,0.09528381225199739,0.048145698709109064,25.0
case_c30e1bbc74b25674,semantic_repeatability,206.75033400766551,230,0,incident_triage,inc_border_23,,,0.46703402768774555,0.65,"sev1:0,sev2:7,sev3:13,insufficient:0",benchmark_authored_adjudication,,target,choice,sev3,sev2,0.4758129561279158,0.4758129561279158,0.625693815179226,0,0.4758129561279158,0.7427304512866298,0.503145698709109,"{""insufficient"": 0.0, ""sev1"": 0.0, ""sev2"": 0.35, ""sev3"": 0.65}","{""insufficient"": 0.004116588670114538, ""sev1"": 0.04425749907405392, ""sev2"": 0.4758129561279158, ""sev3"": 0.4758129561279158}",0.17418704387208425,0.028340553139289758,0.09528381225199739,0.048145698709109064,26.0
case_9d4cfaaad286e8ad,semantic_repeatability,207.14854099787772,230,0,incident_triage,inc_border_23,,,0.46703402768774555,0.65,"sev1:0,sev2:7,sev3:13,insufficient:0",benchmark_authored_adjudication,,target,choice,sev3,sev2,0.4758129561279158,0.4758129561279158,0.625693815179226,0,0.4758129561279158,0.7427304512866298,0.503145698709109,"{""insufficient"": 0.0, ""sev1"": 0.0, ""sev2"": 0.35, ""sev3"": 0.65}","{""insufficient"": 0.004116588670114538, ""sev1"": 0.04425749907405392, ""sev2"": 0.4758129561279158, ""sev3"": 0.4758129561279158}",0.17418704387208425,0.028340553139289758,0.09528381225199739,0.048145698709109064,27.0
case_4d9ceab2eb39bef0,semantic_repeatability,208.3597502205521,230,0,incident_triage,inc_border_23,,,0.46703402768774555,0.65,"sev1:0,sev2:7,sev3:13,insufficient:0",benchmark_authored_adjudication,,target,choice,sev3,sev2,0.4758129561279158,0.4758129561279158,0.625693815179226,0,0.4758129561279158,0.7427304512866298,0.503145698709109,"{""insufficient"": 0.0, ""sev1"": 0.0, ""sev2"": 0.35, ""sev3"": 0.65}","{""insufficient"": 0.004116588670114538, ""sev1"": 0.04425749907405392, ""sev2"": 0.4758129561279158, ""sev3"": 0.4758129561279158}",0.17418704387208425,0.028340553139289758,0.09528381225199739,0.048145698709109064,28.0
case_169cbed66ca9f89d,semantic_repeatability,206.8186670076102,230,0,incident_triage,inc_border_23,,,0.46703402768774555,0.65,"sev1:0,sev2:7,sev3:13,insufficient:0",benchmark_authored_adjudication,,target,choice,sev3,sev2,0.4758129561279158,0.4758129561279158,0.625693815179226,0,0.4758129561279158,0.7427304512866298,0.503145698709109,"{""insufficient"": 0.0, ""sev1"": 0.0, ""sev2"": 0.35, ""sev3"": 0.65}","{""insufficient"": 0.004116588670114538, ""sev1"": 0.04425749907405392, ""sev2"": 0.4758129561279158, ""sev3"": 0.4758129561279158}",0.17418704387208425,0.028340553139289758,0.09528381225199739,0.048145698709109064,29.0
case_6b3b59f99653bcfa,semantic_repeatability,207.94804207980633,229,0,incident_triage,inc_insufficient,,,0.7083211390478262,0.65,"sev1:1,sev2:2,sev3:4,insufficient:13",benchmark_authored_adjudication,,target,choice,insufficient,insufficient,0.8990051408353833,0.8990051408353833,0.28891808679844005,1,0.8990051408353833,0.10646652613378185,0.01612934050241767,"{""insufficient"": 0.65, ""sev1"": 0.05, ""sev2"": 0.1, ""sev3"": 0.2}","{""insufficient"": 0.8990051408353833, ""sev1"": 0.07379483574835038, ""sev2"": 0.02114257442541222, ""sev3"": 0.006057448990854178}",0.27279997658373367,0.0828903465155052,0.6245249252097624,0.10640196103092682,0.0
case_57035d9195880e1f,semantic_repeatability,206.8415000103414,229,0,incident_triage,inc_insufficient,,,0.7083211390478262,0.65,"sev1:1,sev2:2,sev3:4,insufficient:13",benchmark_authored_adjudication,,target,choice,insufficient,insufficient,0.8990051408353833,0.8990051408353833,0.28891808679844005,1,0.8990051408353833,0.10646652613378185,0.01612934050241767,"{""insufficient"": 0.65, ""sev1"": 0.05, ""sev2"": 0.1, ""sev3"": 0.2}","{""insufficient"": 0.8990051408353833, ""sev1"": 0.07379483574835038, ""sev2"": 0.02114257442541222, ""sev3"": 0.006057448990854178}",0.27279997658373367,0.0828903465155052,0.6245249252097624,0.10640196103092682,1.0
case_9ea96a93349c95b5,semantic_repeatability,206.9519169162959,229,0,incident_triage,inc_insufficient,,,0.7083211390478262,0.65,"sev1:1,sev2:2,sev3:4,insufficient:13",benchmark_authored_adjudication,,target,choice,insufficient,insufficient,0.8990051408353833,0.8990051408353833,0.28891808679844005,1,0.8990051408353833,0.10646652613378185,0.01612934050241767,"{""insufficient"": 0.65, ""sev1"": 0.05, ""sev2"": 0.1, ""sev3"": 0.2}","{""insufficient"": 0.8990051408353833, ""sev1"": 0.07379483574835038, ""sev2"": 0.02114257442541222, ""sev3"": 0.006057448990854178}",0.27279997658373367,0.0828903465155052,0.6245249252097624,0.10640196103092682,2.0
case_22334411c62b1e05,semantic_repeatability,207.72370789200068,229,0,incident_triage,inc_insufficient,,,0.7083211390478262,0.65,"sev1:1,sev2:2,sev3:4,insufficient:13",benchmark_authored_adjudication,,target,choice,insufficient,insufficient,0.8990051408353833,0.8990051408353833,0.28891808679844005,1,0.8990051408353833,0.10646652613378185,0.01612934050241767,"{""insufficient"": 0.65, ""sev1"": 0.05, ""sev2"": 0.1, ""sev3"": 0.2}","{""insufficient"": 0.8990051408353833, ""sev1"": 0.07379483574835038, ""sev2"": 0.02114257442541222, ""sev3"": 0.006057448990854178}",0.27279997658373367,0.0828903465155052,0.6245249252097624,0.10640196103092682,3.0
case_5da8fbd9a3cf7b9e,semantic_repeatability,207.52258389256895,229,0,incident_triage,inc_insufficient,,,0.7083211390478262,0.65,"sev1:1,sev2:2,sev3:4,insufficient:13",benchmark_authored_adjudication,,target,choice,insufficient,insufficient,0.8990051408353833,0.8990051408353833,0.28891808679844005,1,0.8990051408353833,0.10646652613378185,0.01612934050241767,"{""insufficient"": 0.65, ""sev1"": 0.05, ""sev2"": 0.1, ""sev3"": 0.2}","{""insufficient"": 0.8990051408353833, ""sev1"": 0.07379483574835038, ""sev2"": 0.02114257442541222, ""sev3"": 0.006057448990854178}",0.27279997658373367,0.0828903465155052,0.6245249252097624,0.10640196103092682,4.0
case_9967038af969ce35,semantic_repeatability,208.10020784847438,229,0,incident_triage,inc_insufficient,,,0.7083211390478262,0.65,"sev1:1,sev2:2,sev3:4,insufficient:13",benchmark_authored_adjudication,,target,choice,insufficient,insufficient,0.8990051408353833,0.8990051408353833,0.28891808679844005,1,0.8990051408353833,0.10646652613378185,0.01612934050241767,"{""insufficient"": 0.65, ""sev1"": 0.05, ""sev2"": 0.1, ""sev3"": 0.2}","{""insufficient"": 0.8990051408353833, ""sev1"": 0.07379483574835038, ""sev2"": 0.02114257442541222, ""sev3"": 0.006057448990854178}",0.27279997658373367,0.0828903465155052,0.6245249252097624,0.10640196103092682,5.0
case_dc6b7a37bd90830b,semantic_repeatability,206.86462498269975,229,0,incident_triage,inc_insufficient,,,0.7083211390478262,0.65,"sev1:1,sev2:2,sev3:4,insufficient:13",benchmark_authored_adjudication,,target,choice,insufficient,insufficient,0.8990051408353833,0.8990051408353833,0.28891808679844005,1,0.8990051408353833,0.10646652613378185,0.01612934050241767,"{""insufficient"": 0.65, ""sev1"": 0.05, ""sev2"": 0.1, ""sev3"": 0.2}","{""insufficient"": 0.8990051408353833, ""sev1"": 0.07379483574835038, ""sev2"": 0.02114257442541222, ""sev3"": 0.006057448990854178}",0.27279997658373367,0.0828903465155052,0.6245249252097624,0.10640196103092682,6.0
case_997d86887056c520,semantic_repeatability,206.6291249357164,229,0,incident_triage,inc_insufficient,,,0.7083211390478262,0.65,"sev1:1,sev2:2,sev3:4,insufficient:13",benchmark_authored_adjudication,,target,choice,insufficient,insufficient,0.8990051408353833,0.8990051408353833,0.28891808679844005,1,0.8990051408353833,0.10646652613378185,0.01612934050241767,"{""insufficient"": 0.65, ""sev1"": 0.05, ""sev2"": 0.1, ""sev3"": 0.2}","{""insufficient"": 0.8990051408353833, ""sev1"": 0.07379483574835038, ""sev2"": 0.02114257442541222, ""sev3"": 0.006057448990854178}",0.27279997658373367,0.0828903465155052,0.6245249252097624,0.10640196103092682,7.0
case_4b5599b7de4803fa,semantic_repeatability,207.09833316504955,229,0,incident_triage,inc_insufficient,,,0.7083211390478262,0.65,"sev1:1,sev2:2,sev3:4,insufficient:13",benchmark_authored_adjudication,,target,choice,insufficient,insufficient,0.8990051408353833,0.8990051408353833,0.28891808679844005,1,0.8990051408353833,0.10646652613378185,0.01612934050241767,"{""insufficient"": 0.65, ""sev1"": 0.05, ""sev2"": 0.1, ""sev3"": 0.2}","{""insufficient"": 0.8990051408353833, ""sev1"": 0.07379483574835038, ""sev2"": 0.02114257442541222, ""sev3"": 0.006057448990854178}",0.27279997658373367,0.0828903465155052,0.6245249252097624,0.10640196103092682,8.0
case_3b36297820af47d3,semantic_repeatability,207.4389171320945,229,0,incident_triage,inc_insufficient,,,0.7083211390478262,0.65,"sev1:1,sev2:2,sev3:4,insufficient:13",benchmark_authored_adjudication,,target,choice,insufficient,insufficient,0.8990051408353833,0.8990051408353833,0.28891808679844005,1,0.8990051408353833,0.10646652613378185,0.01612934050241767,"{""insufficient"": 0.65, ""sev1"": 0.05, ""sev2"": 0.1, ""sev3"": 0.2}","{""insufficient"": 0.8990051408353833, ""sev1"": 0.07379483574835038, ""sev2"": 0.02114257442541222, ""sev3"": 0.006057448990854178}",0.27279997658373367,0.0828903465155052,0.6245249252097624,0.10640196103092682,9.0
case_5ca54e1af84c6feb,semantic_repeatability,206.55149989761412,229,0,incident_triage,inc_insufficient,,,0.7083211390478262,0.65,"sev1:1,sev2:2,sev3:4,insufficient:13",benchmark_authored_adjudication,,target,choice,insufficient,insufficient,0.8990051408353833,0.8990051408353833,0.28891808679844005,1,0.8990051408353833,0.10646652613378185,0.01612934050241767,"{""insufficient"": 0.65, ""sev1"": 0.05, ""sev2"": 0.1, ""sev3"": 0.2}","{""insufficient"": 0.8990051408353833, ""sev1"": 0.07379483574835038, ""sev2"": 0.02114257442541222, ""sev3"": 0.006057448990854178}",0.27279997658373367,0.0828903465155052,0.6245249252097624,0.10640196103092682,10.0
case_304e10c4be178a79,semantic_repeatability,207.6288340613246,229,0,incident_triage,inc_insufficient,,,0.7083211390478262,0.65,"sev1:1,sev2:2,sev3:4,insufficient:13",benchmark_authored_adjudication,,target,choice,insufficient,insufficient,0.8990051408353833,0.8990051408353833,0.28891808679844005,1,0.8990051408353833,0.10646652613378185,0.01612934050241767,"{""insufficient"": 0.65, ""sev1"": 0.05, ""sev2"": 0.1, ""sev3"": 0.2}","{""insufficient"": 0.8990051408353833, ""sev1"": 0.07379483574835038, ""sev2"": 0.02114257442541222, ""sev3"": 0.006057448990854178}",0.27279997658373367,0.0828903465155052,0.6245249252097624,0.10640196103092682,11.0
case_d0b911108f875172,semantic_repeatability,208.371999906376,229,0,incident_triage,inc_insufficient,,,0.7083211390478262,0.65,"sev1:1,sev2:2,sev3:4,insufficient:13",benchmark_authored_adjudication,,target,choice,insufficient,insufficient,0.8990051408353833,0.8990051408353833,0.28891808679844005,1,0.8990051408353833,0.10646652613378185,0.01612934050241767,"{""insufficient"": 0.65, ""sev1"": 0.05, ""sev2"": 0.1, ""sev3"": 0.2}","{""insufficient"": 0.8990051408353833, ""sev1"": 0.07379483574835038, ""sev2"": 0.02114257442541222, ""sev3"": 0.006057448990854178}",0.27279997658373367,0.0828903465155052,0.6245249252097624,0.10640196103092682,12.0
case_884ff7394a1047d9,semantic_repeatability,207.44800008833408,229,0,incident_triage,inc_insufficient,,,0.7083211390478262,0.65,"sev1:1,sev2:2,sev3:4,insufficient:13",benchmark_authored_adjudication,,target,choice,insufficient,insufficient,0.8990051408353833,0.8990051408353833,0.28891808679844005,1,0.8990051408353833,0.10646652613378185,0.01612934050241767,"{""insufficient"": 0.65, ""sev1"": 0.05, ""sev2"": 0.1, ""sev3"": 0.2}","{""insufficient"": 0.8990051408353833, ""sev1"": 0.07379483574835038, ""sev2"": 0.02114257442541222, ""sev3"": 0.006057448990854178}",0.27279997658373367,0.0828903465155052,0.6245249252097624,0.10640196103092682,13.0
case_590c757fbae6e85a,semantic_repeatability,207.36995805054903,229,0,incident_triage,inc_insufficient,,,0.7083211390478262,0.65,"sev1:1,sev2:2,sev3:4,insufficient:13",benchmark_authored_adjudication,,target,choice,insufficient,insufficient,0.8990051408353833,0.8990051408353833,0.28891808679844005,1,0.8990051408353833,0.10646652613378185,0.01612934050241767,"{""insufficient"": 0.65, ""sev1"": 0.05, ""sev2"": 0.1, ""sev3"": 0.2}","{""insufficient"": 0.8990051408353833, ""sev1"": 0.07379483574835038, ""sev2"": 0.02114257442541222, ""sev3"": 0.006057448990854178}",0.27279997658373367,0.0828903465155052,0.6245249252097624,0.10640196103092682,14.0
case_833cb457b11dc271,semantic_repeatability,206.516542006284,229,0,incident_triage,inc_insufficient,,,0.7083211390478262,0.65,"sev1:1,sev2:2,sev3:4,insufficient:13",benchmark_authored_adjudication,,target,choice,insufficient,insufficient,0.8990051408353833,0.8990051408353833,0.28891808679844005,1,0.8990051408353833,0.10646652613378185,0.01612934050241767,"{""insufficient"": 0.65, ""sev1"": 0.05, ""sev2"": 0.1, ""sev3"": 0.2}","{""insufficient"": 0.8990051408353833, ""sev1"": 0.07379483574835038, ""sev2"": 0.02114257442541222, ""sev3"": 0.006057448990854178}",0.27279997658373367,0.0828903465155052,0.6245249252097624,0.10640196103092682,15.0
case_77fde57c9e8448eb,semantic_repeatability,206.93149999715388,229,0,incident_triage,inc_insufficient,,,0.7083211390478262,0.65,"sev1:1,sev2:2,sev3:4,insufficient:13",benchmark_authored_adjudication,,target,choice,insufficient,insufficient,0.8990051408353833,0.8990051408353833,0.28891808679844005,1,0.8990051408353833,0.10646652613378185,0.01612934050241767,"{""insufficient"": 0.65, ""sev1"": 0.05, ""sev2"": 0.1, ""sev3"": 0.2}","{""insufficient"": 0.8990051408353833, ""sev1"": 0.07379483574835038, ""sev2"": 0.02114257442541222, ""sev3"": 0.006057448990854178}",0.27279997658373367,0.0828903465155052,0.6245249252097624,0.10640196103092682,16.0
case_b3c60eef86e4891c,semantic_repeatability,207.31483306735754,229,0,incident_triage,inc_insufficient,,,0.7083211390478262,0.65,"sev1:1,sev2:2,sev3:4,insufficient:13",benchmark_authored_adjudication,,target,choice,insufficient,insufficient,0.8990051408353833,0.8990051408353833,0.28891808679844005,1,0.8990051408353833,0.10646652613378185,0.01612934050241767,"{""insufficient"": 0.65, ""sev1"": 0.05, ""sev2"": 0.1, ""sev3"": 0.2}","{""insufficient"": 0.8990051408353833, ""sev1"": 0.07379483574835038, ""sev2"": 0.02114257442541222, ""sev3"": 0.006057448990854178}",0.27279997658373367,0.0828903465155052,0.6245249252097624,0.10640196103092682,17.0
case_57d44f8856bc820f,semantic_repeatability,206.67412504553795,229,0,incident_triage,inc_insufficient,,,0.7083211390478262,0.65,"sev1:1,sev2:2,sev3:4,insufficient:13",benchmark_authored_adjudication,,target,choice,insufficient,insufficient,0.8990051408353833,0.8990051408353833,0.28891808679844005,1,0.8990051408353833,0.10646652613378185,0.01612934050241767,"{""insufficient"": 0.65, ""sev1"": 0.05, ""sev2"": 0.1, ""sev3"": 0.2}","{""insufficient"": 0.8990051408353833, ""sev1"": 0.07379483574835038, ""sev2"": 0.02114257442541222, ""sev3"": 0.006057448990854178}",0.27279997658373367,0.0828903465155052,0.6245249252097624,0.10640196103092682,18.0
case_45d59751ea271339,semantic_repeatability,206.60816691815853,229,0,incident_triage,inc_insufficient,,,0.7083211390478262,0.65,"sev1:1,sev2:2,sev3:4,insufficient:13",benchmark_authored_adjudication,,target,choice,insufficient,insufficient,0.8990051408353833,0.8990051408353833,0.28891808679844005,1,0.8990051408353833,0.10646652613378185,0.01612934050241767,"{""insufficient"": 0.65, ""sev1"": 0.05, ""sev2"": 0.1, ""sev3"": 0.2}","{""insufficient"": 0.8990051408353833, ""sev1"": 0.07379483574835038, ""sev2"": 0.02114257442541222, ""sev3"": 0.006057448990854178}",0.27279997658373367,0.0828903465155052,0.6245249252097624,0.10640196103092682,19.0
case_69fbc2ecbfe5bce7,semantic_repeatability,206.66458387859166,229,0,incident_triage,inc_insufficient,,,0.7083211390478262,0.65,"sev1:1,sev2:2,sev3:4,insufficient:13",benchmark_authored_adjudication,,target,choice,insufficient,insufficient,0.8990051408353833,0.8990051408353833,0.28891808679844005,1,0.8990051408353833,0.10646652613378185,0.01612934050241767,"{""insufficient"": 0.65, ""sev1"": 0.05, ""sev2"": 0.1, ""sev3"": 0.2}","{""insufficient"": 0.8990051408353833, ""sev1"": 0.07379483574835038, ""sev2"": 0.02114257442541222, ""sev3"": 0.006057448990854178}",0.27279997658373367,0.0828903465155052,0.6245249252097624,0.10640196103092682,20.0
case_c5d5af8f49712be9,semantic_repeatability,207.14612514711916,229,0,incident_triage,inc_insufficient,,,0.7083211390478262,0.65,"sev1:1,sev2:2,sev3:4,insufficient:13",benchmark_authored_adjudication,,target,choice,insufficient,insufficient,0.8990051408353833,0.8990051408353833,0.28891808679844005,1,0.8990051408353833,0.10646652613378185,0.01612934050241767,"{""insufficient"": 0.65, ""sev1"": 0.05, ""sev2"": 0.1, ""sev3"": 0.2}","{""insufficient"": 0.8990051408353833, ""sev1"": 0.07379483574835038, ""sev2"": 0.02114257442541222, ""sev3"": 0.006057448990854178}",0.27279997658373367,0.0828903465155052,0.6245249252097624,0.10640196103092682,21.0
case_9535edb3f06141d0,semantic_repeatability,207.56374998018146,229,0,incident_triage,inc_insufficient,,,0.7083211390478262,0.65,"sev1:1,sev2:2,sev3:4,insufficient:13",benchmark_authored_adjudication,,target,choice,insufficient,insufficient,0.8990051408353833,0.8990051408353833,0.28891808679844005,1,0.8990051408353833,0.10646652613378185,0.01612934050241767,"{""insufficient"": 0.65, ""sev1"": 0.05, ""sev2"": 0.1, ""sev3"": 0.2}","{""insufficient"": 0.8990051408353833, ""sev1"": 0.07379483574835038, ""sev2"": 0.02114257442541222, ""sev3"": 0.006057448990854178}",0.27279997658373367,0.0828903465155052,0.6245249252097624,0.10640196103092682,22.0
case_1ce79cc3675a91e0,semantic_repeatability,208.45858403481543,229,0,incident_triage,inc_insufficient,,,0.7083211390478262,0.65,"sev1:1,sev2:2,sev3:4,insufficient:13",benchmark_authored_adjudication,,target,choice,insufficient,insufficient,0.8990051408353833,0.8990051408353833,0.28891808679844005,1,0.8990051408353833,0.10646652613378185,0.01612934050241767,"{""insufficient"": 0.65, ""sev1"": 0.05, ""sev2"": 0.1, ""sev3"": 0.2}","{""insufficient"": 0.8990051408353833, ""sev1"": 0.07379483574835038, ""sev2"": 0.02114257442541222, ""sev3"": 0.006057448990854178}",0.27279997658373367,0.0828903465155052,0.6245249252097624,0.10640196103092682,23.0
case_bf54c16db27b662c,semantic_repeatability,206.4661670010537,229,0,incident_triage,inc_insufficient,,,0.7083211390478262,0.65,"sev1:1,sev2:2,sev3:4,insufficient:13",benchmark_authored_adjudication,,target,choice,insufficient,insufficient,0.8990051408353833,0.8990051408353833,0.28891808679844005,1,0.8990051408353833,0.10646652613378185,0.01612934050241767,"{""insufficient"": 0.65, ""sev1"": 0.05, ""sev2"": 0.1, ""sev3"": 0.2}","{""insufficient"": 0.8990051408353833, ""sev1"": 0.07379483574835038, ""sev2"": 0.02114257442541222, ""sev3"": 0.006057448990854178}",0.27279997658373367,0.0828903465155052,0.6245249252097624,0.10640196103092682,24.0
case_332a19e721108f1c,semantic_repeatability,206.8184579256922,229,0,incident_triage,inc_insufficient,,,0.7083211390478262,0.65,"sev1:1,sev2:2,sev3:4,insufficient:13",benchmark_authored_adjudication,,target,choice,insufficient,insufficient,0.8990051408353833,0.8990051408353833,0.28891808679844005,1,0.8990051408353833,0.10646652613378185,0.01612934050241767,"{""insufficient"": 0.65, ""sev1"": 0.05, ""sev2"": 0.1, ""sev3"": 0.2}","{""insufficient"": 0.8990051408353833, ""sev1"": 0.07379483574835038, ""sev2"": 0.02114257442541222, ""sev3"": 0.006057448990854178}",0.27279997658373367,0.0828903465155052,0.6245249252097624,0.10640196103092682,25.0
case_e3a8b6b64b183235,semantic_repeatability,207.06054102629423,229,0,incident_triage,inc_insufficient,,,0.7083211390478262,0.65,"sev1:1,sev2:2,sev3:4,insufficient:13",benchmark_authored_adjudication,,target,choice,insufficient,insufficient,0.8990051408353833,0.8990051408353833,0.28891808679844005,1,0.8990051408353833,0.10646652613378185,0.01612934050241767,"{""insufficient"": 0.65, ""sev1"": 0.05, ""sev2"": 0.1, ""sev3"": 0.2}","{""insufficient"": 0.8990051408353833, ""sev1"": 0.07379483574835038, ""sev2"": 0.02114257442541222, ""sev3"": 0.006057448990854178}",0.27279997658373367,0.0828903465155052,0.6245249252097624,0.10640196103092682,26.0
case_1ae8c55a91335ef0,semantic_repeatability,207.57633307948709,229,0,incident_triage,inc_insufficient,,,0.7083211390478262,0.65,"sev1:1,sev2:2,sev3:4,insufficient:13",benchmark_authored_adjudication,,target,choice,insufficient,insufficient,0.8990051408353833,0.8990051408353833,0.28891808679844005,1,0.8990051408353833,0.10646652613378185,0.01612934050241767,"{""insufficient"": 0.65, ""sev1"": 0.05, ""sev2"": 0.1, ""sev3"": 0.2}","{""insufficient"": 0.8990051408353833, ""sev1"": 0.07379483574835038, ""sev2"": 0.02114257442541222, ""sev3"": 0.006057448990854178}",0.27279997658373367,0.0828903465155052,0.6245249252097624,0.10640196103092682,27.0
case_86c43265ff8ff8a6,semantic_repeatability,207.32887485064566,229,0,incident_triage,inc_insufficient,,,0.7083211390478262,0.65,"sev1:1,sev2:2,sev3:4,insufficient:13",benchmark_authored_adjudication,,target,choice,insufficient,insufficient,0.8990051408353833,0.8990051408353833,0.28891808679844005,1,0.8990051408353833,0.10646652613378185,0.01612934050241767,"{""insufficient"": 0.65, ""sev1"": 0.05, ""sev2"": 0.1, ""sev3"": 0.2}","{""insufficient"": 0.8990051408353833, ""sev1"": 0.07379483574835038, ""sev2"": 0.02114257442541222, ""sev3"": 0.006057448990854178}",0.27279997658373367,0.0828903465155052,0.6245249252097624,0.10640196103092682,28.0
case_453e15594c06f662,semantic_repeatability,207.0480000693351,229,0,incident_triage,inc_insufficient,,,0.7083211390478262,0.65,"sev1:1,sev2:2,sev3:4,insufficient:13",benchmark_authored_adjudication,,target,choice,insufficient,insufficient,0.8990051408353833,0.8990051408353833,0.28891808679844005,1,0.8990051408353833,0.10646652613378185,0.01612934050241767,"{""insufficient"": 0.65, ""sev1"": 0.05, ""sev2"": 0.1, ""sev3"": 0.2}","{""insufficient"": 0.8990051408353833, ""sev1"": 0.07379483574835038, ""sev2"": 0.02114257442541222, ""sev3"": 0.006057448990854178}",0.27279997658373367,0.0828903465155052,0.6245249252097624,0.10640196103092682,29.0
case_4d134c561cf366f3,semantic_repeatability,206.21370896697044,222,0,hardware_fault,hw_insufficient,,,0.7854752972273344,0.6,"pcie_transport:2,power_delivery:4,device_fault:2,insufficient:12",benchmark_authored_adjudication,,target,choice,insufficient,insufficient,0.9810278053321695,0.9810278053321695,0.07920142557063477,1,0.9810278053321695,0.019154475952837542,0.0005411266980046462,"{""device_fault"": 0.1, ""insufficient"": 0.6, ""pcie_transport"": 0.1, ""power_delivery"": 0.2}","{""device_fault"": 0.0014749156519371558, ""insufficient"": 0.9810278053321695, ""pcie_transport"": 0.0123493175573042, ""power_delivery"": 0.005147961458589093}",0.38102780533216957,0.13305404882898567,1.067754500607614,0.20053933973845636,0.0
case_a96e1582b2fa050b,semantic_repeatability,206.92512509413064,222,0,hardware_fault,hw_insufficient,,,0.7854752972273344,0.6,"pcie_transport:2,power_delivery:4,device_fault:2,insufficient:12",benchmark_authored_adjudication,,target,choice,insufficient,insufficient,0.9810278053321695,0.9810278053321695,0.07920142557063477,1,0.9810278053321695,0.019154475952837542,0.0005411266980046462,"{""device_fault"": 0.1, ""insufficient"": 0.6, ""pcie_transport"": 0.1, ""power_delivery"": 0.2}","{""device_fault"": 0.0014749156519371558, ""insufficient"": 0.9810278053321695, ""pcie_transport"": 0.0123493175573042, ""power_delivery"": 0.005147961458589093}",0.38102780533216957,0.13305404882898567,1.067754500607614,0.20053933973845636,1.0
case_91768a572050a575,semantic_repeatability,207.16474996879697,222,0,hardware_fault,hw_insufficient,,,0.7854752972273344,0.6,"pcie_transport:2,power_delivery:4,device_fault:2,insufficient:12",benchmark_authored_adjudication,,target,choice,insufficient,insufficient,0.9810278053321695,0.9810278053321695,0.07920142557063477,1,0.9810278053321695,0.019154475952837542,0.0005411266980046462,"{""device_fault"": 0.1, ""insufficient"": 0.6, ""pcie_transport"": 0.1, ""power_delivery"": 0.2}","{""device_fault"": 0.0014749156519371558, ""insufficient"": 0.9810278053321695, ""pcie_transport"": 0.0123493175573042, ""power_delivery"": 0.005147961458589093}",0.38102780533216957,0.13305404882898567,1.067754500607614,0.20053933973845636,2.0
case_be1b8d412900659f,semantic_repeatability,205.28650004416704,222,0,hardware_fault,hw_insufficient,,,0.7854752972273344,0.6,"pcie_transport:2,power_delivery:4,device_fault:2,insufficient:12",benchmark_authored_adjudication,,target,choice,insufficient,insufficient,0.9810278053321695,0.9810278053321695,0.07920142557063477,1,0.9810278053321695,0.019154475952837542,0.0005411266980046462,"{""device_fault"": 0.1, ""insufficient"": 0.6, ""pcie_transport"": 0.1, ""power_delivery"": 0.2}","{""device_fault"": 0.0014749156519371558, ""insufficient"": 0.9810278053321695, ""pcie_transport"": 0.0123493175573042, ""power_delivery"": 0.005147961458589093}",0.38102780533216957,0.13305404882898567,1.067754500607614,0.20053933973845636,3.0
case_ef6e910280cee007,semantic_repeatability,205.9297920204699,222,0,hardware_fault,hw_insufficient,,,0.7854752972273344,0.6,"pcie_transport:2,power_delivery:4,device_fault:2,insufficient:12",benchmark_authored_adjudication,,target,choice,insufficient,insufficient,0.9810278053321695,0.9810278053321695,0.07920142557063477,1,0.9810278053321695,0.019154475952837542,0.0005411266980046462,"{""device_fault"": 0.1, ""insufficient"": 0.6, ""pcie_transport"": 0.1, ""power_delivery"": 0.2}","{""device_fault"": 0.0014749156519371558, ""insufficient"": 0.9810278053321695, ""pcie_transport"": 0.0123493175573042, ""power_delivery"": 0.005147961458589093}",0.38102780533216957,0.13305404882898567,1.067754500607614,0.20053933973845636,4.0
case_928afe8cd91f4dd3,semantic_repeatability,205.77820809558034,222,0,hardware_fault,hw_insufficient,,,0.7854752972273344,0.6,"pcie_transport:2,power_delivery:4,device_fault:2,insufficient:12",benchmark_authored_adjudication,,target,choice,insufficient,insufficient,0.9810278053321695,0.9810278053321695,0.07920142557063477,1,0.9810278053321695,0.019154475952837542,0.0005411266980046462,"{""device_fault"": 0.1, ""insufficient"": 0.6, ""pcie_transport"": 0.1, ""power_delivery"": 0.2}","{""device_fault"": 0.0014749156519371558, ""insufficient"": 0.9810278053321695, ""pcie_transport"": 0.0123493175573042, ""power_delivery"": 0.005147961458589093}",0.38102780533216957,0.13305404882898567,1.067754500607614,0.20053933973845636,5.0
case_2f261e7f401535e7,semantic_repeatability,210.72520804591477,222,0,hardware_fault,hw_insufficient,,,0.7854752972273344,0.6,"pcie_transport:2,power_delivery:4,device_fault:2,insufficient:12",benchmark_authored_adjudication,,target,choice,insufficient,insufficient,0.9810278053321695,0.9810278053321695,0.07920142557063477,1,0.9810278053321695,0.019154475952837542,0.0005411266980046462,"{""device_fault"": 0.1, ""insufficient"": 0.6, ""pcie_transport"": 0.1, ""power_delivery"": 0.2}","{""device_fault"": 0.0014749156519371558, ""insufficient"": 0.9810278053321695, ""pcie_transport"": 0.0123493175573042, ""power_delivery"": 0.005147961458589093}",0.38102780533216957,0.13305404882898567,1.067754500607614,0.20053933973845636,6.0
case_63b84947d9117828,semantic_repeatability,207.20449998043478,222,0,hardware_fault,hw_insufficient,,,0.7854752972273344,0.6,"pcie_transport:2,power_delivery:4,device_fault:2,insufficient:12",benchmark_authored_adjudication,,target,choice,insufficient,insufficient,0.9810278053321695,0.9810278053321695,0.07920142557063477,1,0.9810278053321695,0.019154475952837542,0.0005411266980046462,"{""device_fault"": 0.1, ""insufficient"": 0.6, ""pcie_transport"": 0.1, ""power_delivery"": 0.2}","{""device_fault"": 0.0014749156519371558, ""insufficient"": 0.9810278053321695, ""pcie_transport"": 0.0123493175573042, ""power_delivery"": 0.005147961458589093}",0.38102780533216957,0.13305404882898567,1.067754500607614,0.20053933973845636,7.0
case_b9f2f0656f0107da,semantic_repeatability,205.54212504066527,222,0,hardware_fault,hw_insufficient,,,0.7854752972273344,0.6,"pcie_transport:2,power_delivery:4,device_fault:2,insufficient:12",benchmark_authored_adjudication,,target,choice,insufficient,insufficient,0.9810278053321695,0.9810278053321695,0.07920142557063477,1,0.9810278053321695,0.019154475952837542,0.0005411266980046462,"{""device_fault"": 0.1, ""insufficient"": 0.6, ""pcie_transport"": 0.1, ""power_delivery"": 0.2}","{""device_fault"": 0.0014749156519371558, ""insufficient"": 0.9810278053321695, ""pcie_transport"": 0.0123493175573042, ""power_delivery"": 0.005147961458589093}",0.38102780533216957,0.13305404882898567,1.067754500607614,0.20053933973845636,8.0
case_d48f7bb42a3bd4e4,semantic_repeatability,205.56720881722867,222,0,hardware_fault,hw_insufficient,,,0.7854752972273344,0.6,"pcie_transport:2,power_delivery:4,device_fault:2,insufficient:12",benchmark_authored_adjudication,,target,choice,insufficient,insufficient,0.9810278053321695,0.9810278053321695,0.07920142557063477,1,0.9810278053321695,0.019154475952837542,0.0005411266980046462,"{""device_fault"": 0.1, ""insufficient"": 0.6, ""pcie_transport"": 0.1, ""power_delivery"": 0.2}","{""device_fault"": 0.0014749156519371558, ""insufficient"": 0.9810278053321695, ""pcie_transport"": 0.0123493175573042, ""power_delivery"": 0.005147961458589093}",0.38102780533216957,0.13305404882898567,1.067754500607614,0.20053933973845636,9.0
case_db990595da0e164a,semantic_repeatability,205.12445899657905,222,0,hardware_fault,hw_insufficient,,,0.7854752972273344,0.6,"pcie_transport:2,power_delivery:4,device_fault:2,insufficient:12",benchmark_authored_adjudication,,target,choice,insufficient,insufficient,0.9810278053321695,0.9810278053321695,0.07920142557063477,1,0.9810278053321695,0.019154475952837542,0.0005411266980046462,"{""device_fault"": 0.1, ""insufficient"": 0.6, ""pcie_transport"": 0.1, ""power_delivery"": 0.2}","{""device_fault"": 0.0014749156519371558, ""insufficient"": 0.9810278053321695, ""pcie_transport"": 0.0123493175573042, ""power_delivery"": 0.005147961458589093}",0.38102780533216957,0.13305404882898567,1.067754500607614,0.20053933973845636,10.0
case_aeb30a737788dba8,semantic_repeatability,204.85366694629192,222,0,hardware_fault,hw_insufficient,,,0.7854752972273344,0.6,"pcie_transport:2,power_delivery:4,device_fault:2,insufficient:12",benchmark_authored_adjudication,,target,choice,insufficient,insufficient,0.9810278053321695,0.9810278053321695,0.07920142557063477,1,0.9810278053321695,0.019154475952837542,0.0005411266980046462,"{""device_fault"": 0.1, ""insufficient"": 0.6, ""pcie_transport"": 0.1, ""power_delivery"": 0.2}","{""device_fault"": 0.0014749156519371558, ""insufficient"": 0.9810278053321695, ""pcie_transport"": 0.0123493175573042, ""power_delivery"": 0.005147961458589093}",0.38102780533216957,0.13305404882898567,1.067754500607614,0.20053933973845636,11.0
case_cbb31f1eb8f73cfb,semantic_repeatability,206.36787498369813,222,0,hardware_fault,hw_insufficient,,,0.7854752972273344,0.6,"pcie_transport:2,power_delivery:4,device_fault:2,insufficient:12",benchmark_authored_adjudication,,target,choice,insufficient,insufficient,0.9810278053321695,0.9810278053321695,0.07920142557063477,1,0.9810278053321695,0.019154475952837542,0.0005411266980046462,"{""device_fault"": 0.1, ""insufficient"": 0.6, ""pcie_transport"": 0.1, ""power_delivery"": 0.2}","{""device_fault"": 0.0014749156519371558, ""insufficient"": 0.9810278053321695, ""pcie_transport"": 0.0123493175573042, ""power_delivery"": 0.005147961458589093}",0.38102780533216957,0.13305404882898567,1.067754500607614,0.20053933973845636,12.0
case_3903c05ce14e1422,semantic_repeatability,205.56379202753305,222,0,hardware_fault,hw_insufficient,,,0.7854752972273344,0.6,"pcie_transport:2,power_delivery:4,device_fault:2,insufficient:12",benchmark_authored_adjudication,,target,choice,insufficient,insufficient,0.9810278053321695,0.9810278053321695,0.07920142557063477,1,0.9810278053321695,0.019154475952837542,0.0005411266980046462,"{""device_fault"": 0.1, ""insufficient"": 0.6, ""pcie_transport"": 0.1, ""power_delivery"": 0.2}","{""device_fault"": 0.0014749156519371558, ""insufficient"": 0.9810278053321695, ""pcie_transport"": 0.0123493175573042, ""power_delivery"": 0.005147961458589093}",0.38102780533216957,0.13305404882898567,1.067754500607614,0.20053933973845636,13.0
case_2a47e2ae91c0b3ff,semantic_repeatability,205.36329108290374,222,0,hardware_fault,hw_insufficient,,,0.7854752972273344,0.6,"pcie_transport:2,power_delivery:4,device_fault:2,insufficient:12",benchmark_authored_adjudication,,target,choice,insufficient,insufficient,0.9810278053321695,0.9810278053321695,0.07920142557063477,1,0.9810278053321695,0.019154475952837542,0.0005411266980046462,"{""device_fault"": 0.1, ""insufficient"": 0.6, ""pcie_transport"": 0.1, ""power_delivery"": 0.2}","{""device_fault"": 0.0014749156519371558, ""insufficient"": 0.9810278053321695, ""pcie_transport"": 0.0123493175573042, ""power_delivery"": 0.005147961458589093}",0.38102780533216957,0.13305404882898567,1.067754500607614,0.20053933973845636,14.0
case_832d6c2eea6b9c4a,semantic_repeatability,205.51616605371237,222,0,hardware_fault,hw_insufficient,,,0.7854752972273344,0.6,"pcie_transport:2,power_delivery:4,device_fault:2,insufficient:12",benchmark_authored_adjudication,,target,choice,insufficient,insufficient,0.9810278053321695,0.9810278053321695,0.07920142557063477,1,0.9810278053321695,0.019154475952837542,0.0005411266980046462,"{""device_fault"": 0.1, ""insufficient"": 0.6, ""pcie_transport"": 0.1, ""power_delivery"": 0.2}","{""device_fault"": 0.0014749156519371558, ""insufficient"": 0.9810278053321695, ""pcie_transport"": 0.0123493175573042, ""power_delivery"": 0.005147961458589093}",0.38102780533216957,0.13305404882898567,1.067754500607614,0.20053933973845636,15.0
case_357d3d7f64fc3b2f,semantic_repeatability,205.02979191951454,222,0,hardware_fault,hw_insufficient,,,0.7854752972273344,0.6,"pcie_transport:2,power_delivery:4,device_fault:2,insufficient:12",benchmark_authored_adjudication,,target,choice,insufficient,insufficient,0.9810278053321695,0.9810278053321695,0.07920142557063477,1,0.9810278053321695,0.019154475952837542,0.0005411266980046462,"{""device_fault"": 0.1, ""insufficient"": 0.6, ""pcie_transport"": 0.1, ""power_delivery"": 0.2}","{""device_fault"": 0.0014749156519371558, ""insufficient"": 0.9810278053321695, ""pcie_transport"": 0.0123493175573042, ""power_delivery"": 0.005147961458589093}",0.38102780533216957,0.13305404882898567,1.067754500607614,0.20053933973845636,16.0
case_35dee8a90eaf12e7,semantic_repeatability,206.04008389636874,222,0,hardware_fault,hw_insufficient,,,0.7854752972273344,0.6,"pcie_transport:2,power_delivery:4,device_fault:2,insufficient:12",benchmark_authored_adjudication,,target,choice,insufficient,insufficient,0.9810278053321695,0.9810278053321695,0.07920142557063477,1,0.9810278053321695,0.019154475952837542,0.0005411266980046462,"{""device_fault"": 0.1, ""insufficient"": 0.6, ""pcie_transport"": 0.1, ""power_delivery"": 0.2}","{""device_fault"": 0.0014749156519371558, ""insufficient"": 0.9810278053321695, ""pcie_transport"": 0.0123493175573042, ""power_delivery"": 0.005147961458589093}",0.38102780533216957,0.13305404882898567,1.067754500607614,0.20053933973845636,17.0
case_6552fd39e28f4ec3,semantic_repeatability,205.41866682469845,222,0,hardware_fault,hw_insufficient,,,0.7854752972273344,0.6,"pcie_transport:2,power_delivery:4,device_fault:2,insufficient:12",benchmark_authored_adjudication,,target,choice,insufficient,insufficient,0.9810278053321695,0.9810278053321695,0.07920142557063477,1,0.9810278053321695,0.019154475952837542,0.0005411266980046462,"{""device_fault"": 0.1, ""insufficient"": 0.6, ""pcie_transport"": 0.1, ""power_delivery"": 0.2}","{""device_fault"": 0.0014749156519371558, ""insufficient"": 0.9810278053321695, ""pcie_transport"": 0.0123493175573042, ""power_delivery"": 0.005147961458589093}",0.38102780533216957,0.13305404882898567,1.067754500607614,0.20053933973845636,18.0
case_c9e79efba379d37f,semantic_repeatability,205.19537501968443,222,0,hardware_fault,hw_insufficient,,,0.7854752972273344,0.6,"pcie_transport:2,power_delivery:4,device_fault:2,insufficient:12",benchmark_authored_adjudication,,target,choice,insufficient,insufficient,0.9810278053321695,0.9810278053321695,0.07920142557063477,1,0.9810278053321695,0.019154475952837542,0.0005411266980046462,"{""device_fault"": 0.1, ""insufficient"": 0.6, ""pcie_transport"": 0.1, ""power_delivery"": 0.2}","{""device_fault"": 0.0014749156519371558, ""insufficient"": 0.9810278053321695, ""pcie_transport"": 0.0123493175573042, ""power_delivery"": 0.005147961458589093}",0.38102780533216957,0.13305404882898567,1.067754500607614,0.20053933973845636,19.0
case_bc753ad9e4424ea2,semantic_repeatability,204.84283310361207,222,0,hardware_fault,hw_insufficient,,,0.7854752972273344,0.6,"pcie_transport:2,power_delivery:4,device_fault:2,insufficient:12",benchmark_authored_adjudication,,target,choice,insufficient,insufficient,0.9810278053321695,0.9810278053321695,0.07920142557063477,1,0.9810278053321695,0.019154475952837542,0.0005411266980046462,"{""device_fault"": 0.1, ""insufficient"": 0.6, ""pcie_transport"": 0.1, ""power_delivery"": 0.2}","{""device_fault"": 0.0014749156519371558, ""insufficient"": 0.9810278053321695, ""pcie_transport"": 0.0123493175573042, ""power_delivery"": 0.005147961458589093}",0.38102780533216957,0.13305404882898567,1.067754500607614,0.20053933973845636,20.0
case_6ef3307ed11b3881,semantic_repeatability,207.36925001256168,222,0,hardware_fault,hw_insufficient,,,0.7854752972273344,0.6,"pcie_transport:2,power_delivery:4,device_fault:2,insufficient:12",benchmark_authored_adjudication,,target,choice,insufficient,insufficient,0.9810278053321695,0.9810278053321695,0.07920142557063477,1,0.9810278053321695,0.019154475952837542,0.0005411266980046462,"{""device_fault"": 0.1, ""insufficient"": 0.6, ""pcie_transport"": 0.1, ""power_delivery"": 0.2}","{""device_fault"": 0.0014749156519371558, ""insufficient"": 0.9810278053321695, ""pcie_transport"": 0.0123493175573042, ""power_delivery"": 0.005147961458589093}",0.38102780533216957,0.13305404882898567,1.067754500607614,0.20053933973845636,21.0
case_6d42f21cc873838d,semantic_repeatability,206.05116616934538,222,0,hardware_fault,hw_insufficient,,,0.7854752972273344,0.6,"pcie_transport:2,power_delivery:4,device_fault:2,insufficient:12",benchmark_authored_adjudication,,target,choice,insufficient,insufficient,0.9810278053321695,0.9810278053321695,0.07920142557063477,1,0.9810278053321695,0.019154475952837542,0.0005411266980046462,"{""device_fault"": 0.1, ""insufficient"": 0.6, ""pcie_transport"": 0.1, ""power_delivery"": 0.2}","{""device_fault"": 0.0014749156519371558, ""insufficient"": 0.9810278053321695, ""pcie_transport"": 0.0123493175573042, ""power_delivery"": 0.005147961458589093}",0.38102780533216957,0.13305404882898567,1.067754500607614,0.20053933973845636,22.0
case_93c5376e1fb3a995,semantic_repeatability,205.30616585165262,222,0,hardware_fault,hw_insufficient,,,0.7854752972273344,0.6,"pcie_transport:2,power_delivery:4,device_fault:2,insufficient:12",benchmark_authored_adjudication,,target,choice,insufficient,insufficient,0.9810278053321695,0.9810278053321695,0.07920142557063477,1,0.9810278053321695,0.019154475952837542,0.0005411266980046462,"{""device_fault"": 0.1, ""insufficient"": 0.6, ""pcie_transport"": 0.1, ""power_delivery"": 0.2}","{""device_fault"": 0.0014749156519371558, ""insufficient"": 0.9810278053321695, ""pcie_transport"": 0.0123493175573042, ""power_delivery"": 0.005147961458589093}",0.38102780533216957,0.13305404882898567,1.067754500607614,0.20053933973845636,23.0
case_6685645ec06b5f08,semantic_repeatability,205.05770784802735,222,0,hardware_fault,hw_insufficient,,,0.7854752972273344,0.6,"pcie_transport:2,power_delivery:4,device_fault:2,insufficient:12",benchmark_authored_adjudication,,target,choice,insufficient,insufficient,0.9810278053321695,0.9810278053321695,0.07920142557063477,1,0.9810278053321695,0.019154475952837542,0.0005411266980046462,"{""device_fault"": 0.1, ""insufficient"": 0.6, ""pcie_transport"": 0.1, ""power_delivery"": 0.2}","{""device_fault"": 0.0014749156519371558, ""insufficient"": 0.9810278053321695, ""pcie_transport"": 0.0123493175573042, ""power_delivery"": 0.005147961458589093}",0.38102780533216957,0.13305404882898567,1.067754500607614,0.20053933973845636,24.0
case_abcda03a4a4c1cdc,semantic_repeatability,205.12570813298225,222,0,hardware_fault,hw_insufficient,,,0.7854752972273344,0.6,"pcie_transport:2,power_delivery:4,device_fault:2,insufficient:12",benchmark_authored_adjudication,,target,choice,insufficient,insufficient,0.9810278053321695,0.9810278053321695,0.07920142557063477,1,0.9810278053321695,0.019154475952837542,0.0005411266980046462,"{""device_fault"": 0.1, ""insufficient"": 0.6, ""pcie_transport"": 0.1, ""power_delivery"": 0.2}","{""device_fault"": 0.0014749156519371558, ""insufficient"": 0.9810278053321695, ""pcie_transport"": 0.0123493175573042, ""power_delivery"": 0.005147961458589093}",0.38102780533216957,0.13305404882898567,1.067754500607614,0.20053933973845636,25.0
case_28470d9653a44172,semantic_repeatability,207.5603341218084,222,0,hardware_fault,hw_insufficient,,,0.7854752972273344,0.6,"pcie_transport:2,power_delivery:4,device_fault:2,insufficient:12",benchmark_authored_adjudication,,target,choice,insufficient,insufficient,0.9810278053321695,0.9810278053321695,0.07920142557063477,1,0.9810278053321695,0.019154475952837542,0.0005411266980046462,"{""device_fault"": 0.1, ""insufficient"": 0.6, ""pcie_transport"": 0.1, ""power_delivery"": 0.2}","{""device_fault"": 0.0014749156519371558, ""insufficient"": 0.9810278053321695, ""pcie_transport"": 0.0123493175573042, ""power_delivery"": 0.005147961458589093}",0.38102780533216957,0.13305404882898567,1.067754500607614,0.20053933973845636,26.0
case_8271dc41a50c62fb,semantic_repeatability,206.13425015471876,222,0,hardware_fault,hw_insufficient,,,0.7854752972273344,0.6,"pcie_transport:2,power_delivery:4,device_fault:2,insufficient:12",benchmark_authored_adjudication,,target,choice,insufficient,insufficient,0.9810278053321695,0.9810278053321695,0.07920142557063477,1,0.9810278053321695,0.019154475952837542,0.0005411266980046462,"{""device_fault"": 0.1, ""insufficient"": 0.6, ""pcie_transport"": 0.1, ""power_delivery"": 0.2}","{""device_fault"": 0.0014749156519371558, ""insufficient"": 0.9810278053321695, ""pcie_transport"": 0.0123493175573042, ""power_delivery"": 0.005147961458589093}",0.38102780533216957,0.13305404882898567,1.067754500607614,0.20053933973845636,27.0
case_11f0de843e20d1fe,semantic_repeatability,205.5858748499304,222,0,hardware_fault,hw_insufficient,,,0.7854752972273344,0.6,"pcie_transport:2,power_delivery:4,device_fault:2,insufficient:12",benchmark_authored_adjudication,,target,choice,insufficient,insufficient,0.9810278053321695,0.9810278053321695,0.07920142557063477,1,0.9810278053321695,0.019154475952837542,0.0005411266980046462,"{""device_fault"": 0.1, ""insufficient"": 0.6, ""pcie_transport"": 0.1, ""power_delivery"": 0.2}","{""device_fault"": 0.0014749156519371558, ""insufficient"": 0.9810278053321695, ""pcie_transport"": 0.0123493175573042, ""power_delivery"": 0.005147961458589093}",0.38102780533216957,0.13305404882898567,1.067754500607614,0.20053933973845636,28.0
case_fb06669168f1c4f6,semantic_repeatability,205.7973330374807,222,0,hardware_fault,hw_insufficient,,,0.7854752972273344,0.6,"pcie_transport:2,power_delivery:4,device_fault:2,insufficient:12",benchmark_authored_adjudication,,target,choice,insufficient,insufficient,0.9810278053321695,0.9810278053321695,0.07920142557063477,1,0.9810278053321695,0.019154475952837542,0.0005411266980046462,"{""device_fault"": 0.1, ""insufficient"": 0.6, ""pcie_transport"": 0.1, ""power_delivery"": 0.2}","{""device_fault"": 0.0014749156519371558, ""insufficient"": 0.9810278053321695, ""pcie_transport"": 0.0123493175573042, ""power_delivery"": 0.005147961458589093}",0.38102780533216957,0.13305404882898567,1.067754500607614,0.20053933973845636,29.0
case_38ae035646b6700d,semantic_repeatability,206.8265830166638,212,0,security_classification,sec_exfil_border,,,0.6804820237218406,0.5,"credential_attack:2,malware:0,data_exfiltration:8,insufficient:10",benchmark_authored_adjudication,,target,choice,insufficient,data_exfiltration,0.9502433965605726,0.9502433965605726,0.1676547206986526,0,0.010556250602879012,4.551037120297069,1.8833245431528247,"{""credential_attack"": 0.1, ""data_exfiltration"": 0.4, ""insufficient"": 0.5, ""malware"": 0.0}","{""credential_attack"": 0.03684493494896107, ""data_exfiltration"": 0.9502433965605726, ""insufficient"": 0.010556250602879012, ""malware"": 0.002355417887587353}",0.55259881444816,0.21735888957934774,1.6826887279680298,0.5463170895174534,0.0
case_2803b53894acd857,semantic_repeatability,206.74483408220112,212,0,security_classification,sec_exfil_border,,,0.6804820237218406,0.5,"credential_attack:2,malware:0,data_exfiltration:8,insufficient:10",benchmark_authored_adjudication,,target,choice,insufficient,data_exfiltration,0.9502433965605726,0.9502433965605726,0.1676547206986526,0,0.010556250602879012,4.551037120297069,1.8833245431528247,"{""credential_attack"": 0.1, ""data_exfiltration"": 0.4, ""insufficient"": 0.5, ""malware"": 0.0}","{""credential_attack"": 0.03684493494896107, ""data_exfiltration"": 0.9502433965605726, ""insufficient"": 0.010556250602879012, ""malware"": 0.002355417887587353}",0.55259881444816,0.21735888957934774,1.6826887279680298,0.5463170895174534,1.0
case_d8631e5b9a51acd2,semantic_repeatability,205.9650830924511,212,0,security_classification,sec_exfil_border,,,0.6804820237218406,0.5,"credential_attack:2,malware:0,data_exfiltration:8,insufficient:10",benchmark_authored_adjudication,,target,choice,insufficient,data_exfiltration,0.9502433965605726,0.9502433965605726,0.1676547206986526,0,0.010556250602879012,4.551037120297069,1.8833245431528247,"{""credential_attack"": 0.1, ""data_exfiltration"": 0.4, ""insufficient"": 0.5, ""malware"": 0.0}","{""credential_attack"": 0.03684493494896107, ""data_exfiltration"": 0.9502433965605726, ""insufficient"": 0.010556250602879012, ""malware"": 0.002355417887587353}",0.55259881444816,0.21735888957934774,1.6826887279680298,0.5463170895174534,2.0
case_f39e0fb5317629ca,semantic_repeatability,206.13775006495416,212,0,security_classification,sec_exfil_border,,,0.6804820237218406,0.5,"credential_attack:2,malware:0,data_exfiltration:8,insufficient:10",benchmark_authored_adjudication,,target,choice,insufficient,data_exfiltration,0.9502433965605726,0.9502433965605726,0.1676547206986526,0,0.010556250602879012,4.551037120297069,1.8833245431528247,"{""credential_attack"": 0.1, ""data_exfiltration"": 0.4, ""insufficient"": 0.5, ""malware"": 0.0}","{""credential_attack"": 0.03684493494896107, ""data_exfiltration"": 0.9502433965605726, ""insufficient"": 0.010556250602879012, ""malware"": 0.002355417887587353}",0.55259881444816,0.21735888957934774,1.6826887279680298,0.5463170895174534,3.0
case_c46b144769505841,semantic_repeatability,205.41416597552598,212,0,security_classification,sec_exfil_border,,,0.6804820237218406,0.5,"credential_attack:2,malware:0,data_exfiltration:8,insufficient:10",benchmark_authored_adjudication,,target,choice,insufficient,data_exfiltration,0.9502433965605726,0.9502433965605726,0.1676547206986526,0,0.010556250602879012,4.551037120297069,1.8833245431528247,"{""credential_attack"": 0.1, ""data_exfiltration"": 0.4, ""insufficient"": 0.5, ""malware"": 0.0}","{""credential_attack"": 0.03684493494896107, ""data_exfiltration"": 0.9502433965605726, ""insufficient"": 0.010556250602879012, ""malware"": 0.002355417887587353}",0.55259881444816,0.21735888957934774,1.6826887279680298,0.5463170895174534,4.0
case_12e1f2aa7cf15389,semantic_repeatability,206.66620903648436,212,0,security_classification,sec_exfil_border,,,0.6804820237218406,0.5,"credential_attack:2,malware:0,data_exfiltration:8,insufficient:10",benchmark_authored_adjudication,,target,choice,insufficient,data_exfiltration,0.9502433965605726,0.9502433965605726,0.1676547206986526,0,0.010556250602879012,4.551037120297069,1.8833245431528247,"{""credential_attack"": 0.1, ""data_exfiltration"": 0.4, ""insufficient"": 0.5, ""malware"": 0.0}","{""credential_attack"": 0.03684493494896107, ""data_exfiltration"": 0.9502433965605726, ""insufficient"": 0.010556250602879012, ""malware"": 0.002355417887587353}",0.55259881444816,0.21735888957934774,1.6826887279680298,0.5463170895174534,5.0
case_04803ed4dad7c963,semantic_repeatability,205.8245420921594,212,0,security_classification,sec_exfil_border,,,0.6804820237218406,0.5,"credential_attack:2,malware:0,data_exfiltration:8,insufficient:10",benchmark_authored_adjudication,,target,choice,insufficient,data_exfiltration,0.9502433965605726,0.9502433965605726,0.1676547206986526,0,0.010556250602879012,4.551037120297069,1.8833245431528247,"{""credential_attack"": 0.1, ""data_exfiltration"": 0.4, ""insufficient"": 0.5, ""malware"": 0.0}","{""credential_attack"": 0.03684493494896107, ""data_exfiltration"": 0.9502433965605726, ""insufficient"": 0.010556250602879012, ""malware"": 0.002355417887587353}",0.55259881444816,0.21735888957934774,1.6826887279680298,0.5463170895174534,6.0
case_c416636272cb4e15,semantic_repeatability,206.11966704018414,212,0,security_classification,sec_exfil_border,,,0.6804820237218406,0.5,"credential_attack:2,malware:0,data_exfiltration:8,insufficient:10",benchmark_authored_adjudication,,target,choice,insufficient,data_exfiltration,0.9502433965605726,0.9502433965605726,0.1676547206986526,0,0.010556250602879012,4.551037120297069,1.8833245431528247,"{""credential_attack"": 0.1, ""data_exfiltration"": 0.4, ""insufficient"": 0.5, ""malware"": 0.0}","{""credential_attack"": 0.03684493494896107, ""data_exfiltration"": 0.9502433965605726, ""insufficient"": 0.010556250602879012, ""malware"": 0.002355417887587353}",0.55259881444816,0.21735888957934774,1.6826887279680298,0.5463170895174534,7.0
case_da2af062145dbbcb,semantic_repeatability,205.10216616094112,212,0,security_classification,sec_exfil_border,,,0.6804820237218406,0.5,"credential_attack:2,malware:0,data_exfiltration:8,insufficient:10",benchmark_authored_adjudication,,target,choice,insufficient,data_exfiltration,0.9502433965605726,0.9502433965605726,0.1676547206986526,0,0.010556250602879012,4.551037120297069,1.8833245431528247,"{""credential_attack"": 0.1, ""data_exfiltration"": 0.4, ""insufficient"": 0.5, ""malware"": 0.0}","{""credential_attack"": 0.03684493494896107, ""data_exfiltration"": 0.9502433965605726, ""insufficient"": 0.010556250602879012, ""malware"": 0.002355417887587353}",0.55259881444816,0.21735888957934774,1.6826887279680298,0.5463170895174534,8.0
case_7e7c6eaa656287be,semantic_repeatability,206.2921249307692,212,0,security_classification,sec_exfil_border,,,0.6804820237218406,0.5,"credential_attack:2,malware:0,data_exfiltration:8,insufficient:10",benchmark_authored_adjudication,,target,choice,insufficient,data_exfiltration,0.9502433965605726,0.9502433965605726,0.1676547206986526,0,0.010556250602879012,4.551037120297069,1.8833245431528247,"{""credential_attack"": 0.1, ""data_exfiltration"": 0.4, ""insufficient"": 0.5, ""malware"": 0.0}","{""credential_attack"": 0.03684493494896107, ""data_exfiltration"": 0.9502433965605726, ""insufficient"": 0.010556250602879012, ""malware"": 0.002355417887587353}",0.55259881444816,0.21735888957934774,1.6826887279680298,0.5463170895174534,9.0
case_afebfb976394b231,semantic_repeatability,205.82720800302923,212,0,security_classification,sec_exfil_border,,,0.6804820237218406,0.5,"credential_attack:2,malware:0,data_exfiltration:8,insufficient:10",benchmark_authored_adjudication,,target,choice,insufficient,data_exfiltration,0.9502433965605726,0.9502433965605726,0.1676547206986526,0,0.010556250602879012,4.551037120297069,1.8833245431528247,"{""credential_attack"": 0.1, ""data_exfiltration"": 0.4, ""insufficient"": 0.5, ""malware"": 0.0}","{""credential_attack"": 0.03684493494896107, ""data_exfiltration"": 0.9502433965605726, ""insufficient"": 0.010556250602879012, ""malware"": 0.002355417887587353}",0.55259881444816,0.21735888957934774,1.6826887279680298,0.5463170895174534,10.0
case_0d52ad653c72e77f,semantic_repeatability,206.0467090923339,212,0,security_classification,sec_exfil_border,,,0.6804820237218406,0.5,"credential_attack:2,malware:0,data_exfiltration:8,insufficient:10",benchmark_authored_adjudication,,target,choice,insufficient,data_exfiltration,0.9502433965605726,0.9502433965605726,0.1676547206986526,0,0.010556250602879012,4.551037120297069,1.8833245431528247,"{""credential_attack"": 0.1, ""data_exfiltration"": 0.4, ""insufficient"": 0.5, ""malware"": 0.0}","{""credential_attack"": 0.03684493494896107, ""data_exfiltration"": 0.9502433965605726, ""insufficient"": 0.010556250602879012, ""malware"": 0.002355417887587353}",0.55259881444816,0.21735888957934774,1.6826887279680298,0.5463170895174534,11.0
case_b71187d5741e0e84,semantic_repeatability,205.68200014531612,212,0,security_classification,sec_exfil_border,,,0.6804820237218406,0.5,"credential_attack:2,malware:0,data_exfiltration:8,insufficient:10",benchmark_authored_adjudication,,target,choice,insufficient,data_exfiltration,0.9502433965605726,0.9502433965605726,0.1676547206986526,0,0.010556250602879012,4.551037120297069,1.8833245431528247,"{""credential_attack"": 0.1, ""data_exfiltration"": 0.4, ""insufficient"": 0.5, ""malware"": 0.0}","{""credential_attack"": 0.03684493494896107, ""data_exfiltration"": 0.9502433965605726, ""insufficient"": 0.010556250602879012, ""malware"": 0.002355417887587353}",0.55259881444816,0.21735888957934774,1.6826887279680298,0.5463170895174534,12.0
case_50b61e6755fd94f1,semantic_repeatability,205.75129194185138,212,0,security_classification,sec_exfil_border,,,0.6804820237218406,0.5,"credential_attack:2,malware:0,data_exfiltration:8,insufficient:10",benchmark_authored_adjudication,,target,choice,insufficient,data_exfiltration,0.9502433965605726,0.9502433965605726,0.1676547206986526,0,0.010556250602879012,4.551037120297069,1.8833245431528247,"{""credential_attack"": 0.1, ""data_exfiltration"": 0.4, ""insufficient"": 0.5, ""malware"": 0.0}","{""credential_attack"": 0.03684493494896107, ""data_exfiltration"": 0.9502433965605726, ""insufficient"": 0.010556250602879012, ""malware"": 0.002355417887587353}",0.55259881444816,0.21735888957934774,1.6826887279680298,0.5463170895174534,13.0
case_271df5592e3322b1,semantic_repeatability,206.29208302125335,212,0,security_classification,sec_exfil_border,,,0.6804820237218406,0.5,"credential_attack:2,malware:0,data_exfiltration:8,insufficient:10",benchmark_authored_adjudication,,target,choice,insufficient,data_exfiltration,0.9502433965605726,0.9502433965605726,0.1676547206986526,0,0.010556250602879012,4.551037120297069,1.8833245431528247,"{""credential_attack"": 0.1, ""data_exfiltration"": 0.4, ""insufficient"": 0.5, ""malware"": 0.0}","{""credential_attack"": 0.03684493494896107, ""data_exfiltration"": 0.9502433965605726, ""insufficient"": 0.010556250602879012, ""malware"": 0.002355417887587353}",0.55259881444816,0.21735888957934774,1.6826887279680298,0.5463170895174534,14.0
case_02761e28afb050b9,semantic_repeatability,207.75208296254277,212,0,security_classification,sec_exfil_border,,,0.6804820237218406,0.5,"credential_attack:2,malware:0,data_exfiltration:8,insufficient:10",benchmark_authored_adjudication,,target,choice,insufficient,data_exfiltration,0.9502433965605726,0.9502433965605726,0.1676547206986526,0,0.010556250602879012,4.551037120297069,1.8833245431528247,"{""credential_attack"": 0.1, ""data_exfiltration"": 0.4, ""insufficient"": 0.5, ""malware"": 0.0}","{""credential_attack"": 0.03684493494896107, ""data_exfiltration"": 0.9502433965605726, ""insufficient"": 0.010556250602879012, ""malware"": 0.002355417887587353}",0.55259881444816,0.21735888957934774,1.6826887279680298,0.5463170895174534,15.0
case_42f1bc9b91cc86c9,semantic_repeatability,206.71333279460669,212,0,security_classification,sec_exfil_border,,,0.6804820237218406,0.5,"credential_attack:2,malware:0,data_exfiltration:8,insufficient:10",benchmark_authored_adjudication,,target,choice,insufficient,data_exfiltration,0.9502433965605726,0.9502433965605726,0.1676547206986526,0,0.010556250602879012,4.551037120297069,1.8833245431528247,"{""credential_attack"": 0.1, ""data_exfiltration"": 0.4, ""insufficient"": 0.5, ""malware"": 0.0}","{""credential_attack"": 0.03684493494896107, ""data_exfiltration"": 0.9502433965605726, ""insufficient"": 0.010556250602879012, ""malware"": 0.002355417887587353}",0.55259881444816,0.21735888957934774,1.6826887279680298,0.5463170895174534,16.0
case_f204700dd9f5f485,semantic_repeatability,205.53604187443852,212,0,security_classification,sec_exfil_border,,,0.6804820237218406,0.5,"credential_attack:2,malware:0,data_exfiltration:8,insufficient:10",benchmark_authored_adjudication,,target,choice,insufficient,data_exfiltration,0.9502433965605726,0.9502433965605726,0.1676547206986526,0,0.010556250602879012,4.551037120297069,1.8833245431528247,"{""credential_attack"": 0.1, ""data_exfiltration"": 0.4, ""insufficient"": 0.5, ""malware"": 0.0}","{""credential_attack"": 0.03684493494896107, ""data_exfiltration"": 0.9502433965605726, ""insufficient"": 0.010556250602879012, ""malware"": 0.002355417887587353}",0.55259881444816,0.21735888957934774,1.6826887279680298,0.5463170895174534,17.0
case_083e12770dadf6ba,semantic_repeatability,205.41208400391042,212,0,security_classification,sec_exfil_border,,,0.6804820237218406,0.5,"credential_attack:2,malware:0,data_exfiltration:8,insufficient:10",benchmark_authored_adjudication,,target,choice,insufficient,data_exfiltration,0.9502433965605726,0.9502433965605726,0.1676547206986526,0,0.010556250602879012,4.551037120297069,1.8833245431528247,"{""credential_attack"": 0.1, ""data_exfiltration"": 0.4, ""insufficient"": 0.5, ""malware"": 0.0}","{""credential_attack"": 0.03684493494896107, ""data_exfiltration"": 0.9502433965605726, ""insufficient"": 0.010556250602879012, ""malware"": 0.002355417887587353}",0.55259881444816,0.21735888957934774,1.6826887279680298,0.5463170895174534,18.0
case_0adf20b4b45ee7c1,semantic_repeatability,206.52204100042582,212,0,security_classification,sec_exfil_border,,,0.6804820237218406,0.5,"credential_attack:2,malware:0,data_exfiltration:8,insufficient:10",benchmark_authored_adjudication,,target,choice,insufficient,data_exfiltration,0.9502433965605726,0.9502433965605726,0.1676547206986526,0,0.010556250602879012,4.551037120297069,1.8833245431528247,"{""credential_attack"": 0.1, ""data_exfiltration"": 0.4, ""insufficient"": 0.5, ""malware"": 0.0}","{""credential_attack"": 0.03684493494896107, ""data_exfiltration"": 0.9502433965605726, ""insufficient"": 0.010556250602879012, ""malware"": 0.002355417887587353}",0.55259881444816,0.21735888957934774,1.6826887279680298,0.5463170895174534,19.0
case_4b0fb3ff5399b14c,semantic_repeatability,206.0697921551764,212,0,security_classification,sec_exfil_border,,,0.6804820237218406,0.5,"credential_attack:2,malware:0,data_exfiltration:8,insufficient:10",benchmark_authored_adjudication,,target,choice,insufficient,data_exfiltration,0.9502433965605726,0.9502433965605726,0.1676547206986526,0,0.010556250602879012,4.551037120297069,1.8833245431528247,"{""credential_attack"": 0.1, ""data_exfiltration"": 0.4, ""insufficient"": 0.5, ""malware"": 0.0}","{""credential_attack"": 0.03684493494896107, ""data_exfiltration"": 0.9502433965605726, ""insufficient"": 0.010556250602879012, ""malware"": 0.002355417887587353}",0.55259881444816,0.21735888957934774,1.6826887279680298,0.5463170895174534,20.0
case_fa9c15092a2b881d,semantic_repeatability,205.89229208417237,212,0,security_classification,sec_exfil_border,,,0.6804820237218406,0.5,"credential_attack:2,malware:0,data_exfiltration:8,insufficient:10",benchmark_authored_adjudication,,target,choice,insufficient,data_exfiltration,0.9502433965605726,0.9502433965605726,0.1676547206986526,0,0.010556250602879012,4.551037120297069,1.8833245431528247,"{""credential_attack"": 0.1, ""data_exfiltration"": 0.4, ""insufficient"": 0.5, ""malware"": 0.0}","{""credential_attack"": 0.03684493494896107, ""data_exfiltration"": 0.9502433965605726, ""insufficient"": 0.010556250602879012, ""malware"": 0.002355417887587353}",0.55259881444816,0.21735888957934774,1.6826887279680298,0.5463170895174534,21.0
case_0cdcd0641e2a10d2,semantic_repeatability,205.82320797257125,212,0,security_classification,sec_exfil_border,,,0.6804820237218406,0.5,"credential_attack:2,malware:0,data_exfiltration:8,insufficient:10",benchmark_authored_adjudication,,target,choice,insufficient,data_exfiltration,0.9502433965605726,0.9502433965605726,0.1676547206986526,0,0.010556250602879012,4.551037120297069,1.8833245431528247,"{""credential_attack"": 0.1, ""data_exfiltration"": 0.4, ""insufficient"": 0.5, ""malware"": 0.0}","{""credential_attack"": 0.03684493494896107, ""data_exfiltration"": 0.9502433965605726, ""insufficient"": 0.010556250602879012, ""malware"": 0.002355417887587353}",0.55259881444816,0.21735888957934774,1.6826887279680298,0.5463170895174534,22.0
case_e43b92163d3c5c3e,semantic_repeatability,205.39341703988612,212,0,security_classification,sec_exfil_border,,,0.6804820237218406,0.5,"credential_attack:2,malware:0,data_exfiltration:8,insufficient:10",benchmark_authored_adjudication,,target,choice,insufficient,data_exfiltration,0.9502433965605726,0.9502433965605726,0.1676547206986526,0,0.010556250602879012,4.551037120297069,1.8833245431528247,"{""credential_attack"": 0.1, ""data_exfiltration"": 0.4, ""insufficient"": 0.5, ""malware"": 0.0}","{""credential_attack"": 0.03684493494896107, ""data_exfiltration"": 0.9502433965605726, ""insufficient"": 0.010556250602879012, ""malware"": 0.002355417887587353}",0.55259881444816,0.21735888957934774,1.6826887279680298,0.5463170895174534,23.0
case_57207728b68aa142,semantic_repeatability,206.8602500949055,212,0,security_classification,sec_exfil_border,,,0.6804820237218406,0.5,"credential_attack:2,malware:0,data_exfiltration:8,insufficient:10",benchmark_authored_adjudication,,target,choice,insufficient,data_exfiltration,0.9502433965605726,0.9502433965605726,0.1676547206986526,0,0.010556250602879012,4.551037120297069,1.8833245431528247,"{""credential_attack"": 0.1, ""data_exfiltration"": 0.4, ""insufficient"": 0.5, ""malware"": 0.0}","{""credential_attack"": 0.03684493494896107, ""data_exfiltration"": 0.9502433965605726, ""insufficient"": 0.010556250602879012, ""malware"": 0.002355417887587353}",0.55259881444816,0.21735888957934774,1.6826887279680298,0.5463170895174534,24.0
case_6bc4e308e6ba98f2,semantic_repeatability,206.68183313682675,212,0,security_classification,sec_exfil_border,,,0.6804820237218406,0.5,"credential_attack:2,malware:0,data_exfiltration:8,insufficient:10",benchmark_authored_adjudication,,target,choice,insufficient,data_exfiltration,0.9502433965605726,0.9502433965605726,0.1676547206986526,0,0.010556250602879012,4.551037120297069,1.8833245431528247,"{""credential_attack"": 0.1, ""data_exfiltration"": 0.4, ""insufficient"": 0.5, ""malware"": 0.0}","{""credential_attack"": 0.03684493494896107, ""data_exfiltration"": 0.9502433965605726, ""insufficient"": 0.010556250602879012, ""malware"": 0.002355417887587353}",0.55259881444816,0.21735888957934774,1.6826887279680298,0.5463170895174534,25.0
case_87ce3cb92aa272b3,semantic_repeatability,205.5549998767674,212,0,security_classification,sec_exfil_border,,,0.6804820237218406,0.5,"credential_attack:2,malware:0,data_exfiltration:8,insufficient:10",benchmark_authored_adjudication,,target,choice,insufficient,data_exfiltration,0.9502433965605726,0.9502433965605726,0.1676547206986526,0,0.010556250602879012,4.551037120297069,1.8833245431528247,"{""credential_attack"": 0.1, ""data_exfiltration"": 0.4, ""insufficient"": 0.5, ""malware"": 0.0}","{""credential_attack"": 0.03684493494896107, ""data_exfiltration"": 0.9502433965605726, ""insufficient"": 0.010556250602879012, ""malware"": 0.002355417887587353}",0.55259881444816,0.21735888957934774,1.6826887279680298,0.5463170895174534,26.0
case_3d3b92162d9fdba7,semantic_repeatability,205.41954110376537,212,0,security_classification,sec_exfil_border,,,0.6804820237218406,0.5,"credential_attack:2,malware:0,data_exfiltration:8,insufficient:10",benchmark_authored_adjudication,,target,choice,insufficient,data_exfiltration,0.9502433965605726,0.9502433965605726,0.1676547206986526,0,0.010556250602879012,4.551037120297069,1.8833245431528247,"{""credential_attack"": 0.1, ""data_exfiltration"": 0.4, ""insufficient"": 0.5, ""malware"": 0.0}","{""credential_attack"": 0.03684493494896107, ""data_exfiltration"": 0.9502433965605726, ""insufficient"": 0.010556250602879012, ""malware"": 0.002355417887587353}",0.55259881444816,0.21735888957934774,1.6826887279680298,0.5463170895174534,27.0
case_590080963f08d6a9,semantic_repeatability,205.58358309790492,212,0,security_classification,sec_exfil_border,,,0.6804820237218406,0.5,"credential_attack:2,malware:0,data_exfiltration:8,insufficient:10",benchmark_authored_adjudication,,target,choice,insufficient,data_exfiltration,0.9502433965605726,0.9502433965605726,0.1676547206986526,0,0.010556250602879012,4.551037120297069,1.8833245431528247,"{""credential_attack"": 0.1, ""data_exfiltration"": 0.4, ""insufficient"": 0.5, ""malware"": 0.0}","{""credential_attack"": 0.03684493494896107, ""data_exfiltration"": 0.9502433965605726, ""insufficient"": 0.010556250602879012, ""malware"": 0.002355417887587353}",0.55259881444816,0.21735888957934774,1.6826887279680298,0.5463170895174534,28.0
case_10b5f7ed6732d4f9,semantic_repeatability,205.96204209141433,212,0,security_classification,sec_exfil_border,,,0.6804820237218406,0.5,"credential_attack:2,malware:0,data_exfiltration:8,insufficient:10",benchmark_authored_adjudication,,target,choice,insufficient,data_exfiltration,0.9502433965605726,0.9502433965605726,0.1676547206986526,0,0.010556250602879012,4.551037120297069,1.8833245431528247,"{""credential_attack"": 0.1, ""data_exfiltration"": 0.4, ""insufficient"": 0.5, ""malware"": 0.0}","{""credential_attack"": 0.03684493494896107, ""data_exfiltration"": 0.9502433965605726, ""insufficient"": 0.010556250602879012, ""malware"": 0.002355417887587353}",0.55259881444816,0.21735888957934774,1.6826887279680298,0.5463170895174534,29.0
case_dc79eb2015cd0fcd,semantic_repeatability,206.074875080958,206,0,security_classification,sec_insufficient,,,0.5783898247235197,0.7,"credential_attack:2,malware:4,data_exfiltration:0,insufficient:14",benchmark_authored_adjudication,,target,choice,insufficient,insufficient,0.9814796534207212,0.9814796534207212,0.07595148161711973,1,0.9814796534207212,0.018693995566359856,0.0005298177656003521,"{""credential_attack"": 0.1, ""data_exfiltration"": 0.0, ""insufficient"": 0.7, ""malware"": 0.2}","{""credential_attack"": 0.012355005485314862, ""data_exfiltration"": 0.0003292497437693617, ""insufficient"": 0.9814796534207212, ""malware"": 0.005836091350194508}",0.28180890316449064,0.08949083525152955,0.6793754430230226,0.12461217218089234,0.0
case_dd0d3c88369aff3b,semantic_repeatability,206.20862487703562,206,0,security_classification,sec_insufficient,,,0.5783898247235197,0.7,"credential_attack:2,malware:4,data_exfiltration:0,insufficient:14",benchmark_authored_adjudication,,target,choice,insufficient,insufficient,0.9814796534207212,0.9814796534207212,0.07595148161711973,1,0.9814796534207212,0.018693995566359856,0.0005298177656003521,"{""credential_attack"": 0.1, ""data_exfiltration"": 0.0, ""insufficient"": 0.7, ""malware"": 0.2}","{""credential_attack"": 0.012355005485314862, ""data_exfiltration"": 0.0003292497437693617, ""insufficient"": 0.9814796534207212, ""malware"": 0.005836091350194508}",0.28180890316449064,0.08949083525152955,0.6793754430230226,0.12461217218089234,1.0
case_6fa416b0fb1436c6,semantic_repeatability,206.03545801714063,206,0,security_classification,sec_insufficient,,,0.5783898247235197,0.7,"credential_attack:2,malware:4,data_exfiltration:0,insufficient:14",benchmark_authored_adjudication,,target,choice,insufficient,insufficient,0.9814796534207212,0.9814796534207212,0.07595148161711973,1,0.9814796534207212,0.018693995566359856,0.0005298177656003521,"{""credential_attack"": 0.1, ""data_exfiltration"": 0.0, ""insufficient"": 0.7, ""malware"": 0.2}","{""credential_attack"": 0.012355005485314862, ""data_exfiltration"": 0.0003292497437693617, ""insufficient"": 0.9814796534207212, ""malware"": 0.005836091350194508}",0.28180890316449064,0.08949083525152955,0.6793754430230226,0.12461217218089234,2.0
case_1198d808fe158b31,semantic_repeatability,205.3096250165254,206,0,security_classification,sec_insufficient,,,0.5783898247235197,0.7,"credential_attack:2,malware:4,data_exfiltration:0,insufficient:14",benchmark_authored_adjudication,,target,choice,insufficient,insufficient,0.9814796534207212,0.9814796534207212,0.07595148161711973,1,0.9814796534207212,0.018693995566359856,0.0005298177656003521,"{""credential_attack"": 0.1, ""data_exfiltration"": 0.0, ""insufficient"": 0.7, ""malware"": 0.2}","{""credential_attack"": 0.012355005485314862, ""data_exfiltration"": 0.0003292497437693617, ""insufficient"": 0.9814796534207212, ""malware"": 0.005836091350194508}",0.28180890316449064,0.08949083525152955,0.6793754430230226,0.12461217218089234,3.0
case_da851b96adaac23d,semantic_repeatability,205.6195840705186,206,0,security_classification,sec_insufficient,,,0.5783898247235197,0.7,"credential_attack:2,malware:4,data_exfiltration:0,insufficient:14",benchmark_authored_adjudication,,target,choice,insufficient,insufficient,0.9814796534207212,0.9814796534207212,0.07595148161711973,1,0.9814796534207212,0.018693995566359856,0.0005298177656003521,"{""credential_attack"": 0.1, ""data_exfiltration"": 0.0, ""insufficient"": 0.7, ""malware"": 0.2}","{""credential_attack"": 0.012355005485314862, ""data_exfiltration"": 0.0003292497437693617, ""insufficient"": 0.9814796534207212, ""malware"": 0.005836091350194508}",0.28180890316449064,0.08949083525152955,0.6793754430230226,0.12461217218089234,4.0
case_37a759b8c82579e4,semantic_repeatability,205.20141697488725,206,0,security_classification,sec_insufficient,,,0.5783898247235197,0.7,"credential_attack:2,malware:4,data_exfiltration:0,insufficient:14",benchmark_authored_adjudication,,target,choice,insufficient,insufficient,0.9814796534207212,0.9814796534207212,0.07595148161711973,1,0.9814796534207212,0.018693995566359856,0.0005298177656003521,"{""credential_attack"": 0.1, ""data_exfiltration"": 0.0, ""insufficient"": 0.7, ""malware"": 0.2}","{""credential_attack"": 0.012355005485314862, ""data_exfiltration"": 0.0003292497437693617, ""insufficient"": 0.9814796534207212, ""malware"": 0.005836091350194508}",0.28180890316449064,0.08949083525152955,0.6793754430230226,0.12461217218089234,5.0
case_e5e8a1d4c667f2a3,semantic_repeatability,205.93516691587865,206,0,security_classification,sec_insufficient,,,0.5783898247235197,0.7,"credential_attack:2,malware:4,data_exfiltration:0,insufficient:14",benchmark_authored_adjudication,,target,choice,insufficient,insufficient,0.9814796534207212,0.9814796534207212,0.07595148161711973,1,0.9814796534207212,0.018693995566359856,0.0005298177656003521,"{""credential_attack"": 0.1, ""data_exfiltration"": 0.0, ""insufficient"": 0.7, ""malware"": 0.2}","{""credential_attack"": 0.012355005485314862, ""data_exfiltration"": 0.0003292497437693617, ""insufficient"": 0.9814796534207212, ""malware"": 0.005836091350194508}",0.28180890316449064,0.08949083525152955,0.6793754430230226,0.12461217218089234,6.0
case_9200d157631a2d12,semantic_repeatability,206.94349985569715,206,0,security_classification,sec_insufficient,,,0.5783898247235197,0.7,"credential_attack:2,malware:4,data_exfiltration:0,insufficient:14",benchmark_authored_adjudication,,target,choice,insufficient,insufficient,0.9814796534207212,0.9814796534207212,0.07595148161711973,1,0.9814796534207212,0.018693995566359856,0.0005298177656003521,"{""credential_attack"": 0.1, ""data_exfiltration"": 0.0, ""insufficient"": 0.7, ""malware"": 0.2}","{""credential_attack"": 0.012355005485314862, ""data_exfiltration"": 0.0003292497437693617, ""insufficient"": 0.9814796534207212, ""malware"": 0.005836091350194508}",0.28180890316449064,0.08949083525152955,0.6793754430230226,0.12461217218089234,7.0
case_658a77c1f65bb79b,semantic_repeatability,206.23933314345777,206,0,security_classification,sec_insufficient,,,0.5783898247235197,0.7,"credential_attack:2,malware:4,data_exfiltration:0,insufficient:14",benchmark_authored_adjudication,,target,choice,insufficient,insufficient,0.9814796534207212,0.9814796534207212,0.07595148161711973,1,0.9814796534207212,0.018693995566359856,0.0005298177656003521,"{""credential_attack"": 0.1, ""data_exfiltration"": 0.0, ""insufficient"": 0.7, ""malware"": 0.2}","{""credential_attack"": 0.012355005485314862, ""data_exfiltration"": 0.0003292497437693617, ""insufficient"": 0.9814796534207212, ""malware"": 0.005836091350194508}",0.28180890316449064,0.08949083525152955,0.6793754430230226,0.12461217218089234,8.0
case_3e51c0ac28a41bf0,semantic_repeatability,205.40320803411305,206,0,security_classification,sec_insufficient,,,0.5783898247235197,0.7,"credential_attack:2,malware:4,data_exfiltration:0,insufficient:14",benchmark_authored_adjudication,,target,choice,insufficient,insufficient,0.9814796534207212,0.9814796534207212,0.07595148161711973,1,0.9814796534207212,0.018693995566359856,0.0005298177656003521,"{""credential_attack"": 0.1, ""data_exfiltration"": 0.0, ""insufficient"": 0.7, ""malware"": 0.2}","{""credential_attack"": 0.012355005485314862, ""data_exfiltration"": 0.0003292497437693617, ""insufficient"": 0.9814796534207212, ""malware"": 0.005836091350194508}",0.28180890316449064,0.08949083525152955,0.6793754430230226,0.12461217218089234,9.0
case_dd518a6e460337cc,semantic_repeatability,206.11212495714426,206,0,security_classification,sec_insufficient,,,0.5783898247235197,0.7,"credential_attack:2,malware:4,data_exfiltration:0,insufficient:14",benchmark_authored_adjudication,,target,choice,insufficient,insufficient,0.9814796534207212,0.9814796534207212,0.07595148161711973,1,0.9814796534207212,0.018693995566359856,0.0005298177656003521,"{""credential_attack"": 0.1, ""data_exfiltration"": 0.0, ""insufficient"": 0.7, ""malware"": 0.2}","{""credential_attack"": 0.012355005485314862, ""data_exfiltration"": 0.0003292497437693617, ""insufficient"": 0.9814796534207212, ""malware"": 0.005836091350194508}",0.28180890316449064,0.08949083525152955,0.6793754430230226,0.12461217218089234,10.0
case_a2cc351e14af99eb,semantic_repeatability,205.25620901025832,206,0,security_classification,sec_insufficient,,,0.5783898247235197,0.7,"credential_attack:2,malware:4,data_exfiltration:0,insufficient:14",benchmark_authored_adjudication,,target,choice,insufficient,insufficient,0.9814796534207212,0.9814796534207212,0.07595148161711973,1,0.9814796534207212,0.018693995566359856,0.0005298177656003521,"{""credential_attack"": 0.1, ""data_exfiltration"": 0.0, ""insufficient"": 0.7, ""malware"": 0.2}","{""credential_attack"": 0.012355005485314862, ""data_exfiltration"": 0.0003292497437693617, ""insufficient"": 0.9814796534207212, ""malware"": 0.005836091350194508}",0.28180890316449064,0.08949083525152955,0.6793754430230226,0.12461217218089234,11.0
case_98d2e7c550907897,semantic_repeatability,206.86925016343594,206,0,security_classification,sec_insufficient,,,0.5783898247235197,0.7,"credential_attack:2,malware:4,data_exfiltration:0,insufficient:14",benchmark_authored_adjudication,,target,choice,insufficient,insufficient,0.9814796534207212,0.9814796534207212,0.07595148161711973,1,0.9814796534207212,0.018693995566359856,0.0005298177656003521,"{""credential_attack"": 0.1, ""data_exfiltration"": 0.0, ""insufficient"": 0.7, ""malware"": 0.2}","{""credential_attack"": 0.012355005485314862, ""data_exfiltration"": 0.0003292497437693617, ""insufficient"": 0.9814796534207212, ""malware"": 0.005836091350194508}",0.28180890316449064,0.08949083525152955,0.6793754430230226,0.12461217218089234,12.0
case_e26e308513415b49,semantic_repeatability,205.67875006236136,206,0,security_classification,sec_insufficient,,,0.5783898247235197,0.7,"credential_attack:2,malware:4,data_exfiltration:0,insufficient:14",benchmark_authored_adjudication,,target,choice,insufficient,insufficient,0.9814796534207212,0.9814796534207212,0.07595148161711973,1,0.9814796534207212,0.018693995566359856,0.0005298177656003521,"{""credential_attack"": 0.1, ""data_exfiltration"": 0.0, ""insufficient"": 0.7, ""malware"": 0.2}","{""credential_attack"": 0.012355005485314862, ""data_exfiltration"": 0.0003292497437693617, ""insufficient"": 0.9814796534207212, ""malware"": 0.005836091350194508}",0.28180890316449064,0.08949083525152955,0.6793754430230226,0.12461217218089234,13.0
case_0c998aeaa216ef8d,semantic_repeatability,205.41920885443687,206,0,security_classification,sec_insufficient,,,0.5783898247235197,0.7,"credential_attack:2,malware:4,data_exfiltration:0,insufficient:14",benchmark_authored_adjudication,,target,choice,insufficient,insufficient,0.9814796534207212,0.9814796534207212,0.07595148161711973,1,0.9814796534207212,0.018693995566359856,0.0005298177656003521,"{""credential_attack"": 0.1, ""data_exfiltration"": 0.0, ""insufficient"": 0.7, ""malware"": 0.2}","{""credential_attack"": 0.012355005485314862, ""data_exfiltration"": 0.0003292497437693617, ""insufficient"": 0.9814796534207212, ""malware"": 0.005836091350194508}",0.28180890316449064,0.08949083525152955,0.6793754430230226,0.12461217218089234,14.0
case_30bf58120dd5e852,semantic_repeatability,206.463583977893,206,0,security_classification,sec_insufficient,,,0.5783898247235197,0.7,"credential_attack:2,malware:4,data_exfiltration:0,insufficient:14",benchmark_authored_adjudication,,target,choice,insufficient,insufficient,0.9814796534207212,0.9814796534207212,0.07595148161711973,1,0.9814796534207212,0.018693995566359856,0.0005298177656003521,"{""credential_attack"": 0.1, ""data_exfiltration"": 0.0, ""insufficient"": 0.7, ""malware"": 0.2}","{""credential_attack"": 0.012355005485314862, ""data_exfiltration"": 0.0003292497437693617, ""insufficient"": 0.9814796534207212, ""malware"": 0.005836091350194508}",0.28180890316449064,0.08949083525152955,0.6793754430230226,0.12461217218089234,15.0
case_d2b4c848e786a4bc,semantic_repeatability,205.75133292004466,206,0,security_classification,sec_insufficient,,,0.5783898247235197,0.7,"credential_attack:2,malware:4,data_exfiltration:0,insufficient:14",benchmark_authored_adjudication,,target,choice,insufficient,insufficient,0.9814796534207212,0.9814796534207212,0.07595148161711973,1,0.9814796534207212,0.018693995566359856,0.0005298177656003521,"{""credential_attack"": 0.1, ""data_exfiltration"": 0.0, ""insufficient"": 0.7, ""malware"": 0.2}","{""credential_attack"": 0.012355005485314862, ""data_exfiltration"": 0.0003292497437693617, ""insufficient"": 0.9814796534207212, ""malware"": 0.005836091350194508}",0.28180890316449064,0.08949083525152955,0.6793754430230226,0.12461217218089234,16.0
case_41b59aa649a24feb,semantic_repeatability,206.6900001373142,206,0,security_classification,sec_insufficient,,,0.5783898247235197,0.7,"credential_attack:2,malware:4,data_exfiltration:0,insufficient:14",benchmark_authored_adjudication,,target,choice,insufficient,insufficient,0.9814796534207212,0.9814796534207212,0.07595148161711973,1,0.9814796534207212,0.018693995566359856,0.0005298177656003521,"{""credential_attack"": 0.1, ""data_exfiltration"": 0.0, ""insufficient"": 0.7, ""malware"": 0.2}","{""credential_attack"": 0.012355005485314862, ""data_exfiltration"": 0.0003292497437693617, ""insufficient"": 0.9814796534207212, ""malware"": 0.005836091350194508}",0.28180890316449064,0.08949083525152955,0.6793754430230226,0.12461217218089234,17.0
case_da4ebc4efa9b9a03,semantic_repeatability,205.65116684883833,206,0,security_classification,sec_insufficient,,,0.5783898247235197,0.7,"credential_attack:2,malware:4,data_exfiltration:0,insufficient:14",benchmark_authored_adjudication,,target,choice,insufficient,insufficient,0.9814796534207212,0.9814796534207212,0.07595148161711973,1,0.9814796534207212,0.018693995566359856,0.0005298177656003521,"{""credential_attack"": 0.1, ""data_exfiltration"": 0.0, ""insufficient"": 0.7, ""malware"": 0.2}","{""credential_attack"": 0.012355005485314862, ""data_exfiltration"": 0.0003292497437693617, ""insufficient"": 0.9814796534207212, ""malware"": 0.005836091350194508}",0.28180890316449064,0.08949083525152955,0.6793754430230226,0.12461217218089234,18.0
case_0e457d1a0220114b,semantic_repeatability,211.2998750526458,206,0,security_classification,sec_insufficient,,,0.5783898247235197,0.7,"credential_attack:2,malware:4,data_exfiltration:0,insufficient:14",benchmark_authored_adjudication,,target,choice,insufficient,insufficient,0.9814796534207212,0.9814796534207212,0.07595148161711973,1,0.9814796534207212,0.018693995566359856,0.0005298177656003521,"{""credential_attack"": 0.1, ""data_exfiltration"": 0.0, ""insufficient"": 0.7, ""malware"": 0.2}","{""credential_attack"": 0.012355005485314862, ""data_exfiltration"": 0.0003292497437693617, ""insufficient"": 0.9814796534207212, ""malware"": 0.005836091350194508}",0.28180890316449064,0.08949083525152955,0.6793754430230226,0.12461217218089234,19.0
case_2bc5c9b40752a7d4,semantic_repeatability,205.51504101604223,206,0,security_classification,sec_insufficient,,,0.5783898247235197,0.7,"credential_attack:2,malware:4,data_exfiltration:0,insufficient:14",benchmark_authored_adjudication,,target,choice,insufficient,insufficient,0.9814796534207212,0.9814796534207212,0.07595148161711973,1,0.9814796534207212,0.018693995566359856,0.0005298177656003521,"{""credential_attack"": 0.1, ""data_exfiltration"": 0.0, ""insufficient"": 0.7, ""malware"": 0.2}","{""credential_attack"": 0.012355005485314862, ""data_exfiltration"": 0.0003292497437693617, ""insufficient"": 0.9814796534207212, ""malware"": 0.005836091350194508}",0.28180890316449064,0.08949083525152955,0.6793754430230226,0.12461217218089234,20.0
case_2950134b5de51dc4,semantic_repeatability,205.43566602282226,206,0,security_classification,sec_insufficient,,,0.5783898247235197,0.7,"credential_attack:2,malware:4,data_exfiltration:0,insufficient:14",benchmark_authored_adjudication,,target,choice,insufficient,insufficient,0.9814796534207212,0.9814796534207212,0.07595148161711973,1,0.9814796534207212,0.018693995566359856,0.0005298177656003521,"{""credential_attack"": 0.1, ""data_exfiltration"": 0.0, ""insufficient"": 0.7, ""malware"": 0.2}","{""credential_attack"": 0.012355005485314862, ""data_exfiltration"": 0.0003292497437693617, ""insufficient"": 0.9814796534207212, ""malware"": 0.005836091350194508}",0.28180890316449064,0.08949083525152955,0.6793754430230226,0.12461217218089234,21.0
case_2a1023a32d1906cb,semantic_repeatability,205.98904113285244,206,0,security_classification,sec_insufficient,,,0.5783898247235197,0.7,"credential_attack:2,malware:4,data_exfiltration:0,insufficient:14",benchmark_authored_adjudication,,target,choice,insufficient,insufficient,0.9814796534207212,0.9814796534207212,0.07595148161711973,1,0.9814796534207212,0.018693995566359856,0.0005298177656003521,"{""credential_attack"": 0.1, ""data_exfiltration"": 0.0, ""insufficient"": 0.7, ""malware"": 0.2}","{""credential_attack"": 0.012355005485314862, ""data_exfiltration"": 0.0003292497437693617, ""insufficient"": 0.9814796534207212, ""malware"": 0.005836091350194508}",0.28180890316449064,0.08949083525152955,0.6793754430230226,0.12461217218089234,22.0
case_6fae10471229a37d,semantic_repeatability,205.31037519685924,206,0,security_classification,sec_insufficient,,,0.5783898247235197,0.7,"credential_attack:2,malware:4,data_exfiltration:0,insufficient:14",benchmark_authored_adjudication,,target,choice,insufficient,insufficient,0.9814796534207212,0.9814796534207212,0.07595148161711973,1,0.9814796534207212,0.018693995566359856,0.0005298177656003521,"{""credential_attack"": 0.1, ""data_exfiltration"": 0.0, ""insufficient"": 0.7, ""malware"": 0.2}","{""credential_attack"": 0.012355005485314862, ""data_exfiltration"": 0.0003292497437693617, ""insufficient"": 0.9814796534207212, ""malware"": 0.005836091350194508}",0.28180890316449064,0.08949083525152955,0.6793754430230226,0.12461217218089234,23.0
case_92817a9772731aa2,semantic_repeatability,205.0027078948915,206,0,security_classification,sec_insufficient,,,0.5783898247235197,0.7,"credential_attack:2,malware:4,data_exfiltration:0,insufficient:14",benchmark_authored_adjudication,,target,choice,insufficient,insufficient,0.9814796534207212,0.9814796534207212,0.07595148161711973,1,0.9814796534207212,0.018693995566359856,0.0005298177656003521,"{""credential_attack"": 0.1, ""data_exfiltration"": 0.0, ""insufficient"": 0.7, ""malware"": 0.2}","{""credential_attack"": 0.012355005485314862, ""data_exfiltration"": 0.0003292497437693617, ""insufficient"": 0.9814796534207212, ""malware"": 0.005836091350194508}",0.28180890316449064,0.08949083525152955,0.6793754430230226,0.12461217218089234,24.0
case_521334dbb2eca1ed,semantic_repeatability,205.46870888210833,206,0,security_classification,sec_insufficient,,,0.5783898247235197,0.7,"credential_attack:2,malware:4,data_exfiltration:0,insufficient:14",benchmark_authored_adjudication,,target,choice,insufficient,insufficient,0.9814796534207212,0.9814796534207212,0.07595148161711973,1,0.9814796534207212,0.018693995566359856,0.0005298177656003521,"{""credential_attack"": 0.1, ""data_exfiltration"": 0.0, ""insufficient"": 0.7, ""malware"": 0.2}","{""credential_attack"": 0.012355005485314862, ""data_exfiltration"": 0.0003292497437693617, ""insufficient"": 0.9814796534207212, ""malware"": 0.005836091350194508}",0.28180890316449064,0.08949083525152955,0.6793754430230226,0.12461217218089234,25.0
case_d0faf4e97c9b6bb9,semantic_repeatability,204.92316596210003,206,0,security_classification,sec_insufficient,,,0.5783898247235197,0.7,"credential_attack:2,malware:4,data_exfiltration:0,insufficient:14",benchmark_authored_adjudication,,target,choice,insufficient,insufficient,0.9814796534207212,0.9814796534207212,0.07595148161711973,1,0.9814796534207212,0.018693995566359856,0.0005298177656003521,"{""credential_attack"": 0.1, ""data_exfiltration"": 0.0, ""insufficient"": 0.7, ""malware"": 0.2}","{""credential_attack"": 0.012355005485314862, ""data_exfiltration"": 0.0003292497437693617, ""insufficient"": 0.9814796534207212, ""malware"": 0.005836091350194508}",0.28180890316449064,0.08949083525152955,0.6793754430230226,0.12461217218089234,26.0
case_7ea778dec8b0b3c9,semantic_repeatability,205.2899580448866,206,0,security_classification,sec_insufficient,,,0.5783898247235197,0.7,"credential_attack:2,malware:4,data_exfiltration:0,insufficient:14",benchmark_authored_adjudication,,target,choice,insufficient,insufficient,0.9814796534207212,0.9814796534207212,0.07595148161711973,1,0.9814796534207212,0.018693995566359856,0.0005298177656003521,"{""credential_attack"": 0.1, ""data_exfiltration"": 0.0, ""insufficient"": 0.7, ""malware"": 0.2}","{""credential_attack"": 0.012355005485314862, ""data_exfiltration"": 0.0003292497437693617, ""insufficient"": 0.9814796534207212, ""malware"": 0.005836091350194508}",0.28180890316449064,0.08949083525152955,0.6793754430230226,0.12461217218089234,27.0
case_85ec0094e20119fb,semantic_repeatability,206.00633299909532,206,0,security_classification,sec_insufficient,,,0.5783898247235197,0.7,"credential_attack:2,malware:4,data_exfiltration:0,insufficient:14",benchmark_authored_adjudication,,target,choice,insufficient,insufficient,0.9814796534207212,0.9814796534207212,0.07595148161711973,1,0.9814796534207212,0.018693995566359856,0.0005298177656003521,"{""credential_attack"": 0.1, ""data_exfiltration"": 0.0, ""insufficient"": 0.7, ""malware"": 0.2}","{""credential_attack"": 0.012355005485314862, ""data_exfiltration"": 0.0003292497437693617, ""insufficient"": 0.9814796534207212, ""malware"": 0.005836091350194508}",0.28180890316449064,0.08949083525152955,0.6793754430230226,0.12461217218089234,28.0
case_2b691662be3201a3,semantic_repeatability,205.88670787401497,206,0,security_classification,sec_insufficient,,,0.5783898247235197,0.7,"credential_attack:2,malware:4,data_exfiltration:0,insufficient:14",benchmark_authored_adjudication,,target,choice,insufficient,insufficient,0.9814796534207212,0.9814796534207212,0.07595148161711973,1,0.9814796534207212,0.018693995566359856,0.0005298177656003521,"{""credential_attack"": 0.1, ""data_exfiltration"": 0.0, ""insufficient"": 0.7, ""malware"": 0.2}","{""credential_attack"": 0.012355005485314862, ""data_exfiltration"": 0.0003292497437693617, ""insufficient"": 0.9814796534207212, ""malware"": 0.005836091350194508}",0.28180890316449064,0.08949083525152955,0.6793754430230226,0.12461217218089234,29.0
case_49e78081011b9f5a,semantic_repeatability,206.55424986034632,204,0,support_routing,sup_account_technical_border,,,0.6172488983973203,0.5,"billing:0,technical:9,account:10,insufficient:1",benchmark_authored_adjudication,,target,choice,account,account,0.8192785170093484,0.8192785170093484,0.4821974385247339,1,0.8192785170093484,0.1993311833311469,0.04384184493891367,"{""account"": 0.5, ""billing"": 0.0, ""insufficient"": 0.05, ""technical"": 0.45}","{""account"": 0.8192785170093484, ""billing"": 0.046220531108047226, ""insufficient"": 0.0672504759413022, ""technical"": 0.0672504759413022}",0.3827495240586978,0.11549436626984297,0.5936425160754775,0.25086988600695986,0.0
case_7e25257c8b3ee62c,semantic_repeatability,205.15733398497105,204,0,support_routing,sup_account_technical_border,,,0.6172488983973203,0.5,"billing:0,technical:9,account:10,insufficient:1",benchmark_authored_adjudication,,target,choice,account,account,0.8192785170093484,0.8192785170093484,0.4821974385247339,1,0.8192785170093484,0.1993311833311469,0.04384184493891367,"{""account"": 0.5, ""billing"": 0.0, ""insufficient"": 0.05, ""technical"": 0.45}","{""account"": 0.8192785170093484, ""billing"": 0.046220531108047226, ""insufficient"": 0.0672504759413022, ""technical"": 0.0672504759413022}",0.3827495240586978,0.11549436626984297,0.5936425160754775,0.25086988600695986,1.0
case_b0225f5eb5aeba61,semantic_repeatability,204.9387500155717,204,0,support_routing,sup_account_technical_border,,,0.6172488983973203,0.5,"billing:0,technical:9,account:10,insufficient:1",benchmark_authored_adjudication,,target,choice,account,account,0.8192785170093484,0.8192785170093484,0.4821974385247339,1,0.8192785170093484,0.1993311833311469,0.04384184493891367,"{""account"": 0.5, ""billing"": 0.0, ""insufficient"": 0.05, ""technical"": 0.45}","{""account"": 0.8192785170093484, ""billing"": 0.046220531108047226, ""insufficient"": 0.0672504759413022, ""technical"": 0.0672504759413022}",0.3827495240586978,0.11549436626984297,0.5936425160754775,0.25086988600695986,2.0
case_e1a303ec0a877c41,semantic_repeatability,204.7211250755936,204,0,support_routing,sup_account_technical_border,,,0.6172488983973203,0.5,"billing:0,technical:9,account:10,insufficient:1",benchmark_authored_adjudication,,target,choice,account,account,0.8192785170093484,0.8192785170093484,0.4821974385247339,1,0.8192785170093484,0.1993311833311469,0.04384184493891367,"{""account"": 0.5, ""billing"": 0.0, ""insufficient"": 0.05, ""technical"": 0.45}","{""account"": 0.8192785170093484, ""billing"": 0.046220531108047226, ""insufficient"": 0.0672504759413022, ""technical"": 0.0672504759413022}",0.3827495240586978,0.11549436626984297,0.5936425160754775,0.25086988600695986,3.0
case_3d9e5c082972b958,semantic_repeatability,206.32724999450147,204,0,support_routing,sup_account_technical_border,,,0.6172488983973203,0.5,"billing:0,technical:9,account:10,insufficient:1",benchmark_authored_adjudication,,target,choice,account,account,0.8192785170093484,0.8192785170093484,0.4821974385247339,1,0.8192785170093484,0.1993311833311469,0.04384184493891367,"{""account"": 0.5, ""billing"": 0.0, ""insufficient"": 0.05, ""technical"": 0.45}","{""account"": 0.8192785170093484, ""billing"": 0.046220531108047226, ""insufficient"": 0.0672504759413022, ""technical"": 0.0672504759413022}",0.3827495240586978,0.11549436626984297,0.5936425160754775,0.25086988600695986,4.0
case_a8c38d9e164ee872,semantic_repeatability,205.14358393847942,204,0,support_routing,sup_account_technical_border,,,0.6172488983973203,0.5,"billing:0,technical:9,account:10,insufficient:1",benchmark_authored_adjudication,,target,choice,account,account,0.8192785170093484,0.8192785170093484,0.4821974385247339,1,0.8192785170093484,0.1993311833311469,0.04384184493891367,"{""account"": 0.5, ""billing"": 0.0, ""insufficient"": 0.05, ""technical"": 0.45}","{""account"": 0.8192785170093484, ""billing"": 0.046220531108047226, ""insufficient"": 0.0672504759413022, ""technical"": 0.0672504759413022}",0.3827495240586978,0.11549436626984297,0.5936425160754775,0.25086988600695986,5.0
case_032641f88aac8faf,semantic_repeatability,205.46954195015132,204,0,support_routing,sup_account_technical_border,,,0.6172488983973203,0.5,"billing:0,technical:9,account:10,insufficient:1",benchmark_authored_adjudication,,target,choice,account,account,0.8192785170093484,0.8192785170093484,0.4821974385247339,1,0.8192785170093484,0.1993311833311469,0.04384184493891367,"{""account"": 0.5, ""billing"": 0.0, ""insufficient"": 0.05, ""technical"": 0.45}","{""account"": 0.8192785170093484, ""billing"": 0.046220531108047226, ""insufficient"": 0.0672504759413022, ""technical"": 0.0672504759413022}",0.3827495240586978,0.11549436626984297,0.5936425160754775,0.25086988600695986,6.0
case_9bdfa7bce468b258,semantic_repeatability,205.1427501719445,204,0,support_routing,sup_account_technical_border,,,0.6172488983973203,0.5,"billing:0,technical:9,account:10,insufficient:1",benchmark_authored_adjudication,,target,choice,account,account,0.8192785170093484,0.8192785170093484,0.4821974385247339,1,0.8192785170093484,0.1993311833311469,0.04384184493891367,"{""account"": 0.5, ""billing"": 0.0, ""insufficient"": 0.05, ""technical"": 0.45}","{""account"": 0.8192785170093484, ""billing"": 0.046220531108047226, ""insufficient"": 0.0672504759413022, ""technical"": 0.0672504759413022}",0.3827495240586978,0.11549436626984297,0.5936425160754775,0.25086988600695986,7.0
case_789f11098c4045ca,semantic_repeatability,205.215958179906,204,0,support_routing,sup_account_technical_border,,,0.6172488983973203,0.5,"billing:0,technical:9,account:10,insufficient:1",benchmark_authored_adjudication,,target,choice,account,account,0.8192785170093484,0.8192785170093484,0.4821974385247339,1,0.8192785170093484,0.1993311833311469,0.04384184493891367,"{""account"": 0.5, ""billing"": 0.0, ""insufficient"": 0.05, ""technical"": 0.45}","{""account"": 0.8192785170093484, ""billing"": 0.046220531108047226, ""insufficient"": 0.0672504759413022, ""technical"": 0.0672504759413022}",0.3827495240586978,0.11549436626984297,0.5936425160754775,0.25086988600695986,8.0
case_7e6cd8769c0c133a,semantic_repeatability,205.84958302788436,204,0,support_routing,sup_account_technical_border,,,0.6172488983973203,0.5,"billing:0,technical:9,account:10,insufficient:1",benchmark_authored_adjudication,,target,choice,account,account,0.8192785170093484,0.8192785170093484,0.4821974385247339,1,0.8192785170093484,0.1993311833311469,0.04384184493891367,"{""account"": 0.5, ""billing"": 0.0, ""insufficient"": 0.05, ""technical"": 0.45}","{""account"": 0.8192785170093484, ""billing"": 0.046220531108047226, ""insufficient"": 0.0672504759413022, ""technical"": 0.0672504759413022}",0.3827495240586978,0.11549436626984297,0.5936425160754775,0.25086988600695986,9.0
case_f33790c54024a6c6,semantic_repeatability,206.04937500320375,204,0,support_routing,sup_account_technical_border,,,0.6172488983973203,0.5,"billing:0,technical:9,account:10,insufficient:1",benchmark_authored_adjudication,,target,choice,account,account,0.8192785170093484,0.8192785170093484,0.4821974385247339,1,0.8192785170093484,0.1993311833311469,0.04384184493891367,"{""account"": 0.5, ""billing"": 0.0, ""insufficient"": 0.05, ""technical"": 0.45}","{""account"": 0.8192785170093484, ""billing"": 0.046220531108047226, ""insufficient"": 0.0672504759413022, ""technical"": 0.0672504759413022}",0.3827495240586978,0.11549436626984297,0.5936425160754775,0.25086988600695986,10.0
case_e4553c02747a82bb,semantic_repeatability,205.46787488274276,204,0,support_routing,sup_account_technical_border,,,0.6172488983973203,0.5,"billing:0,technical:9,account:10,insufficient:1",benchmark_authored_adjudication,,target,choice,account,account,0.8192785170093484,0.8192785170093484,0.4821974385247339,1,0.8192785170093484,0.1993311833311469,0.04384184493891367,"{""account"": 0.5, ""billing"": 0.0, ""insufficient"": 0.05, ""technical"": 0.45}","{""account"": 0.8192785170093484, ""billing"": 0.046220531108047226, ""insufficient"": 0.0672504759413022, ""technical"": 0.0672504759413022}",0.3827495240586978,0.11549436626984297,0.5936425160754775,0.25086988600695986,11.0
case_1f8aa27d713e39ec,semantic_repeatability,205.76545898802578,204,0,support_routing,sup_account_technical_border,,,0.6172488983973203,0.5,"billing:0,technical:9,account:10,insufficient:1",benchmark_authored_adjudication,,target,choice,account,account,0.8192785170093484,0.8192785170093484,0.4821974385247339,1,0.8192785170093484,0.1993311833311469,0.04384184493891367,"{""account"": 0.5, ""billing"": 0.0, ""insufficient"": 0.05, ""technical"": 0.45}","{""account"": 0.8192785170093484, ""billing"": 0.046220531108047226, ""insufficient"": 0.0672504759413022, ""technical"": 0.0672504759413022}",0.3827495240586978,0.11549436626984297,0.5936425160754775,0.25086988600695986,12.0
case_5d6785fde3cfd75b,semantic_repeatability,205.3552500437945,204,0,support_routing,sup_account_technical_border,,,0.6172488983973203,0.5,"billing:0,technical:9,account:10,insufficient:1",benchmark_authored_adjudication,,target,choice,account,account,0.8192785170093484,0.8192785170093484,0.4821974385247339,1,0.8192785170093484,0.1993311833311469,0.04384184493891367,"{""account"": 0.5, ""billing"": 0.0, ""insufficient"": 0.05, ""technical"": 0.45}","{""account"": 0.8192785170093484, ""billing"": 0.046220531108047226, ""insufficient"": 0.0672504759413022, ""technical"": 0.0672504759413022}",0.3827495240586978,0.11549436626984297,0.5936425160754775,0.25086988600695986,13.0
case_0621ea41e9ff636b,semantic_repeatability,206.1230840627104,204,0,support_routing,sup_account_technical_border,,,0.6172488983973203,0.5,"billing:0,technical:9,account:10,insufficient:1",benchmark_authored_adjudication,,target,choice,account,account,0.8192785170093484,0.8192785170093484,0.4821974385247339,1,0.8192785170093484,0.1993311833311469,0.04384184493891367,"{""account"": 0.5, ""billing"": 0.0, ""insufficient"": 0.05, ""technical"": 0.45}","{""account"": 0.8192785170093484, ""billing"": 0.046220531108047226, ""insufficient"": 0.0672504759413022, ""technical"": 0.0672504759413022}",0.3827495240586978,0.11549436626984297,0.5936425160754775,0.25086988600695986,14.0
case_642e3760ae984d9f,semantic_repeatability,206.95966598577797,204,0,support_routing,sup_account_technical_border,,,0.6172488983973203,0.5,"billing:0,technical:9,account:10,insufficient:1",benchmark_authored_adjudication,,target,choice,account,account,0.8192785170093484,0.8192785170093484,0.4821974385247339,1,0.8192785170093484,0.1993311833311469,0.04384184493891367,"{""account"": 0.5, ""billing"": 0.0, ""insufficient"": 0.05, ""technical"": 0.45}","{""account"": 0.8192785170093484, ""billing"": 0.046220531108047226, ""insufficient"": 0.0672504759413022, ""technical"": 0.0672504759413022}",0.3827495240586978,0.11549436626984297,0.5936425160754775,0.25086988600695986,15.0
case_a063c138dc236835,semantic_repeatability,204.67450004070997,204,0,support_routing,sup_account_technical_border,,,0.6172488983973203,0.5,"billing:0,technical:9,account:10,insufficient:1",benchmark_authored_adjudication,,target,choice,account,account,0.8192785170093484,0.8192785170093484,0.4821974385247339,1,0.8192785170093484,0.1993311833311469,0.04384184493891367,"{""account"": 0.5, ""billing"": 0.0, ""insufficient"": 0.05, ""technical"": 0.45}","{""account"": 0.8192785170093484, ""billing"": 0.046220531108047226, ""insufficient"": 0.0672504759413022, ""technical"": 0.0672504759413022}",0.3827495240586978,0.11549436626984297,0.5936425160754775,0.25086988600695986,16.0
case_f7442c338e5ef4bc,semantic_repeatability,205.84954181686044,204,0,support_routing,sup_account_technical_border,,,0.6172488983973203,0.5,"billing:0,technical:9,account:10,insufficient:1",benchmark_authored_adjudication,,target,choice,account,account,0.8192785170093484,0.8192785170093484,0.4821974385247339,1,0.8192785170093484,0.1993311833311469,0.04384184493891367,"{""account"": 0.5, ""billing"": 0.0, ""insufficient"": 0.05, ""technical"": 0.45}","{""account"": 0.8192785170093484, ""billing"": 0.046220531108047226, ""insufficient"": 0.0672504759413022, ""technical"": 0.0672504759413022}",0.3827495240586978,0.11549436626984297,0.5936425160754775,0.25086988600695986,17.0
case_13767d9e9234e25f,semantic_repeatability,205.1446249242872,204,0,support_routing,sup_account_technical_border,,,0.6172488983973203,0.5,"billing:0,technical:9,account:10,insufficient:1",benchmark_authored_adjudication,,target,choice,account,account,0.8192785170093484,0.8192785170093484,0.4821974385247339,1,0.8192785170093484,0.1993311833311469,0.04384184493891367,"{""account"": 0.5, ""billing"": 0.0, ""insufficient"": 0.05, ""technical"": 0.45}","{""account"": 0.8192785170093484, ""billing"": 0.046220531108047226, ""insufficient"": 0.0672504759413022, ""technical"": 0.0672504759413022}",0.3827495240586978,0.11549436626984297,0.5936425160754775,0.25086988600695986,18.0
case_b26a9172be99093e,semantic_repeatability,205.6747500319034,204,0,support_routing,sup_account_technical_border,,,0.6172488983973203,0.5,"billing:0,technical:9,account:10,insufficient:1",benchmark_authored_adjudication,,target,choice,account,account,0.8192785170093484,0.8192785170093484,0.4821974385247339,1,0.8192785170093484,0.1993311833311469,0.04384184493891367,"{""account"": 0.5, ""billing"": 0.0, ""insufficient"": 0.05, ""technical"": 0.45}","{""account"": 0.8192785170093484, ""billing"": 0.046220531108047226, ""insufficient"": 0.0672504759413022, ""technical"": 0.0672504759413022}",0.3827495240586978,0.11549436626984297,0.5936425160754775,0.25086988600695986,19.0
case_00b2d20f44595354,semantic_repeatability,206.82045817375183,204,0,support_routing,sup_account_technical_border,,,0.6172488983973203,0.5,"billing:0,technical:9,account:10,insufficient:1",benchmark_authored_adjudication,,target,choice,account,account,0.8192785170093484,0.8192785170093484,0.4821974385247339,1,0.8192785170093484,0.1993311833311469,0.04384184493891367,"{""account"": 0.5, ""billing"": 0.0, ""insufficient"": 0.05, ""technical"": 0.45}","{""account"": 0.8192785170093484, ""billing"": 0.046220531108047226, ""insufficient"": 0.0672504759413022, ""technical"": 0.0672504759413022}",0.3827495240586978,0.11549436626984297,0.5936425160754775,0.25086988600695986,20.0
case_954b32b24224fe5d,semantic_repeatability,205.08470805361867,204,0,support_routing,sup_account_technical_border,,,0.6172488983973203,0.5,"billing:0,technical:9,account:10,insufficient:1",benchmark_authored_adjudication,,target,choice,account,account,0.8192785170093484,0.8192785170093484,0.4821974385247339,1,0.8192785170093484,0.1993311833311469,0.04384184493891367,"{""account"": 0.5, ""billing"": 0.0, ""insufficient"": 0.05, ""technical"": 0.45}","{""account"": 0.8192785170093484, ""billing"": 0.046220531108047226, ""insufficient"": 0.0672504759413022, ""technical"": 0.0672504759413022}",0.3827495240586978,0.11549436626984297,0.5936425160754775,0.25086988600695986,21.0
case_18977820a0458dcc,semantic_repeatability,205.10383299551904,204,0,support_routing,sup_account_technical_border,,,0.6172488983973203,0.5,"billing:0,technical:9,account:10,insufficient:1",benchmark_authored_adjudication,,target,choice,account,account,0.8192785170093484,0.8192785170093484,0.4821974385247339,1,0.8192785170093484,0.1993311833311469,0.04384184493891367,"{""account"": 0.5, ""billing"": 0.0, ""insufficient"": 0.05, ""technical"": 0.45}","{""account"": 0.8192785170093484, ""billing"": 0.046220531108047226, ""insufficient"": 0.0672504759413022, ""technical"": 0.0672504759413022}",0.3827495240586978,0.11549436626984297,0.5936425160754775,0.25086988600695986,22.0
case_b2db7fbe4c676346,semantic_repeatability,205.00254095532,204,0,support_routing,sup_account_technical_border,,,0.6172488983973203,0.5,"billing:0,technical:9,account:10,insufficient:1",benchmark_authored_adjudication,,target,choice,account,account,0.8192785170093484,0.8192785170093484,0.4821974385247339,1,0.8192785170093484,0.1993311833311469,0.04384184493891367,"{""account"": 0.5, ""billing"": 0.0, ""insufficient"": 0.05, ""technical"": 0.45}","{""account"": 0.8192785170093484, ""billing"": 0.046220531108047226, ""insufficient"": 0.0672504759413022, ""technical"": 0.0672504759413022}",0.3827495240586978,0.11549436626984297,0.5936425160754775,0.25086988600695986,23.0
case_7dbfaa7978ffb5c9,semantic_repeatability,206.04529092088342,204,0,support_routing,sup_account_technical_border,,,0.6172488983973203,0.5,"billing:0,technical:9,account:10,insufficient:1",benchmark_authored_adjudication,,target,choice,account,account,0.8192785170093484,0.8192785170093484,0.4821974385247339,1,0.8192785170093484,0.1993311833311469,0.04384184493891367,"{""account"": 0.5, ""billing"": 0.0, ""insufficient"": 0.05, ""technical"": 0.45}","{""account"": 0.8192785170093484, ""billing"": 0.046220531108047226, ""insufficient"": 0.0672504759413022, ""technical"": 0.0672504759413022}",0.3827495240586978,0.11549436626984297,0.5936425160754775,0.25086988600695986,24.0
case_b0a5c4f237d56110,semantic_repeatability,205.24854096584022,204,0,support_routing,sup_account_technical_border,,,0.6172488983973203,0.5,"billing:0,technical:9,account:10,insufficient:1",benchmark_authored_adjudication,,target,choice,account,account,0.8192785170093484,0.8192785170093484,0.4821974385247339,1,0.8192785170093484,0.1993311833311469,0.04384184493891367,"{""account"": 0.5, ""billing"": 0.0, ""insufficient"": 0.05, ""technical"": 0.45}","{""account"": 0.8192785170093484, ""billing"": 0.046220531108047226, ""insufficient"": 0.0672504759413022, ""technical"": 0.0672504759413022}",0.3827495240586978,0.11549436626984297,0.5936425160754775,0.25086988600695986,25.0
case_dc833553810689a2,semantic_repeatability,205.27279190719128,204,0,support_routing,sup_account_technical_border,,,0.6172488983973203,0.5,"billing:0,technical:9,account:10,insufficient:1",benchmark_authored_adjudication,,target,choice,account,account,0.8192785170093484,0.8192785170093484,0.4821974385247339,1,0.8192785170093484,0.1993311833311469,0.04384184493891367,"{""account"": 0.5, ""billing"": 0.0, ""insufficient"": 0.05, ""technical"": 0.45}","{""account"": 0.8192785170093484, ""billing"": 0.046220531108047226, ""insufficient"": 0.0672504759413022, ""technical"": 0.0672504759413022}",0.3827495240586978,0.11549436626984297,0.5936425160754775,0.25086988600695986,26.0
case_fa438958ed2aa6b2,semantic_repeatability,205.28233400546014,204,0,support_routing,sup_account_technical_border,,,0.6172488983973203,0.5,"billing:0,technical:9,account:10,insufficient:1",benchmark_authored_adjudication,,target,choice,account,account,0.8192785170093484,0.8192785170093484,0.4821974385247339,1,0.8192785170093484,0.1993311833311469,0.04384184493891367,"{""account"": 0.5, ""billing"": 0.0, ""insufficient"": 0.05, ""technical"": 0.45}","{""account"": 0.8192785170093484, ""billing"": 0.046220531108047226, ""insufficient"": 0.0672504759413022, ""technical"": 0.0672504759413022}",0.3827495240586978,0.11549436626984297,0.5936425160754775,0.25086988600695986,27.0
case_782073e767fe456e,semantic_repeatability,205.13591612689197,204,0,support_routing,sup_account_technical_border,,,0.6172488983973203,0.5,"billing:0,technical:9,account:10,insufficient:1",benchmark_authored_adjudication,,target,choice,account,account,0.8192785170093484,0.8192785170093484,0.4821974385247339,1,0.8192785170093484,0.1993311833311469,0.04384184493891367,"{""account"": 0.5, ""billing"": 0.0, ""insufficient"": 0.05, ""technical"": 0.45}","{""account"": 0.8192785170093484, ""billing"": 0.046220531108047226, ""insufficient"": 0.0672504759413022, ""technical"": 0.0672504759413022}",0.3827495240586978,0.11549436626984297,0.5936425160754775,0.25086988600695986,28.0
case_dcf9265ccda96b95,semantic_repeatability,205.9317089151591,204,0,support_routing,sup_account_technical_border,,,0.6172488983973203,0.5,"billing:0,technical:9,account:10,insufficient:1",benchmark_authored_adjudication,,target,choice,account,account,0.8192785170093484,0.8192785170093484,0.4821974385247339,1,0.8192785170093484,0.1993311833311469,0.04384184493891367,"{""account"": 0.5, ""billing"": 0.0, ""insufficient"": 0.05, ""technical"": 0.45}","{""account"": 0.8192785170093484, ""billing"": 0.046220531108047226, ""insufficient"": 0.0672504759413022, ""technical"": 0.0672504759413022}",0.3827495240586978,0.11549436626984297,0.5936425160754775,0.25086988600695986,29.0
case_dbef5b55d7b36368,semantic_repeatability,206.1805841512978,203,0,support_routing,sup_billing_account_border,,,0.6172488983973203,0.5,"billing:9,technical:0,account:10,insufficient:1",benchmark_authored_adjudication,,target,choice,account,billing,0.7591543975563149,0.7591543975563149,0.5102675200230083,0,0.19194429103153446,1.6505500999336902,1.230469755700963,"{""account"": 0.5, ""billing"": 0.45, ""insufficient"": 0.05, ""technical"": 0.0}","{""account"": 0.19194429103153446, ""billing"": 0.7591543975563149, ""insufficient"": 0.02292447641974725, ""technical"": 0.02597683499240353}",0.33513123254871835,0.06707954392954571,0.2823614326780207,0.1918826412898393,0.0
case_fc3196c26d6da959,semantic_repeatability,206.14029210992157,203,0,support_routing,sup_billing_account_border,,,0.6172488983973203,0.5,"billing:9,technical:0,account:10,insufficient:1",benchmark_authored_adjudication,,target,choice,account,billing,0.7591543975563149,0.7591543975563149,0.5102675200230083,0,0.19194429103153446,1.6505500999336902,1.230469755700963,"{""account"": 0.5, ""billing"": 0.45, ""insufficient"": 0.05, ""technical"": 0.0}","{""account"": 0.19194429103153446, ""billing"": 0.7591543975563149, ""insufficient"": 0.02292447641974725, ""technical"": 0.02597683499240353}",0.33513123254871835,0.06707954392954571,0.2823614326780207,0.1918826412898393,1.0
case_cd55ed9a02e11dc1,semantic_repeatability,204.99133318662643,203,0,support_routing,sup_billing_account_border,,,0.6172488983973203,0.5,"billing:9,technical:0,account:10,insufficient:1",benchmark_authored_adjudication,,target,choice,account,billing,0.7591543975563149,0.7591543975563149,0.5102675200230083,0,0.19194429103153446,1.6505500999336902,1.230469755700963,"{""account"": 0.5, ""billing"": 0.45, ""insufficient"": 0.05, ""technical"": 0.0}","{""account"": 0.19194429103153446, ""billing"": 0.7591543975563149, ""insufficient"": 0.02292447641974725, ""technical"": 0.02597683499240353}",0.33513123254871835,0.06707954392954571,0.2823614326780207,0.1918826412898393,2.0
case_625a69af13eaabf9,semantic_repeatability,205.2491249050945,203,0,support_routing,sup_billing_account_border,,,0.6172488983973203,0.5,"billing:9,technical:0,account:10,insufficient:1",benchmark_authored_adjudication,,target,choice,account,billing,0.7591543975563149,0.7591543975563149,0.5102675200230083,0,0.19194429103153446,1.6505500999336902,1.230469755700963,"{""account"": 0.5, ""billing"": 0.45, ""insufficient"": 0.05, ""technical"": 0.0}","{""account"": 0.19194429103153446, ""billing"": 0.7591543975563149, ""insufficient"": 0.02292447641974725, ""technical"": 0.02597683499240353}",0.33513123254871835,0.06707954392954571,0.2823614326780207,0.1918826412898393,3.0
case_a99e2a7168fdfd88,semantic_repeatability,206.40387502498925,203,0,support_routing,sup_billing_account_border,,,0.6172488983973203,0.5,"billing:9,technical:0,account:10,insufficient:1",benchmark_authored_adjudication,,target,choice,account,billing,0.7591543975563149,0.7591543975563149,0.5102675200230083,0,0.19194429103153446,1.6505500999336902,1.230469755700963,"{""account"": 0.5, ""billing"": 0.45, ""insufficient"": 0.05, ""technical"": 0.0}","{""account"": 0.19194429103153446, ""billing"": 0.7591543975563149, ""insufficient"": 0.02292447641974725, ""technical"": 0.02597683499240353}",0.33513123254871835,0.06707954392954571,0.2823614326780207,0.1918826412898393,4.0
case_f6c46ce809a72612,semantic_repeatability,205.271165817976,203,0,support_routing,sup_billing_account_border,,,0.6172488983973203,0.5,"billing:9,technical:0,account:10,insufficient:1",benchmark_authored_adjudication,,target,choice,account,billing,0.7591543975563149,0.7591543975563149,0.5102675200230083,0,0.19194429103153446,1.6505500999336902,1.230469755700963,"{""account"": 0.5, ""billing"": 0.45, ""insufficient"": 0.05, ""technical"": 0.0}","{""account"": 0.19194429103153446, ""billing"": 0.7591543975563149, ""insufficient"": 0.02292447641974725, ""technical"": 0.02597683499240353}",0.33513123254871835,0.06707954392954571,0.2823614326780207,0.1918826412898393,5.0
case_841bbee97525e45a,semantic_repeatability,205.24916681461036,203,0,support_routing,sup_billing_account_border,,,0.6172488983973203,0.5,"billing:9,technical:0,account:10,insufficient:1",benchmark_authored_adjudication,,target,choice,account,billing,0.7591543975563149,0.7591543975563149,0.5102675200230083,0,0.19194429103153446,1.6505500999336902,1.230469755700963,"{""account"": 0.5, ""billing"": 0.45, ""insufficient"": 0.05, ""technical"": 0.0}","{""account"": 0.19194429103153446, ""billing"": 0.7591543975563149, ""insufficient"": 0.02292447641974725, ""technical"": 0.02597683499240353}",0.33513123254871835,0.06707954392954571,0.2823614326780207,0.1918826412898393,6.0
case_3d1c0af53e9b81c7,semantic_repeatability,206.56787510961294,203,0,support_routing,sup_billing_account_border,,,0.6172488983973203,0.5,"billing:9,technical:0,account:10,insufficient:1",benchmark_authored_adjudication,,target,choice,account,billing,0.7591543975563149,0.7591543975563149,0.5102675200230083,0,0.19194429103153446,1.6505500999336902,1.230469755700963,"{""account"": 0.5, ""billing"": 0.45, ""insufficient"": 0.05, ""technical"": 0.0}","{""account"": 0.19194429103153446, ""billing"": 0.7591543975563149, ""insufficient"": 0.02292447641974725, ""technical"": 0.02597683499240353}",0.33513123254871835,0.06707954392954571,0.2823614326780207,0.1918826412898393,7.0
case_93f3cad526902149,semantic_repeatability,205.78266703523695,203,0,support_routing,sup_billing_account_border,,,0.6172488983973203,0.5,"billing:9,technical:0,account:10,insufficient:1",benchmark_authored_adjudication,,target,choice,account,billing,0.7591543975563149,0.7591543975563149,0.5102675200230083,0,0.19194429103153446,1.6505500999336902,1.230469755700963,"{""account"": 0.5, ""billing"": 0.45, ""insufficient"": 0.05, ""technical"": 0.0}","{""account"": 0.19194429103153446, ""billing"": 0.7591543975563149, ""insufficient"": 0.02292447641974725, ""technical"": 0.02597683499240353}",0.33513123254871835,0.06707954392954571,0.2823614326780207,0.1918826412898393,8.0
case_4ab84dd3ab23f324,semantic_repeatability,206.21945895254612,203,0,support_routing,sup_billing_account_border,,,0.6172488983973203,0.5,"billing:9,technical:0,account:10,insufficient:1",benchmark_authored_adjudication,,target,choice,account,billing,0.7591543975563149,0.7591543975563149,0.5102675200230083,0,0.19194429103153446,1.6505500999336902,1.230469755700963,"{""account"": 0.5, ""billing"": 0.45, ""insufficient"": 0.05, ""technical"": 0.0}","{""account"": 0.19194429103153446, ""billing"": 0.7591543975563149, ""insufficient"": 0.02292447641974725, ""technical"": 0.02597683499240353}",0.33513123254871835,0.06707954392954571,0.2823614326780207,0.1918826412898393,9.0
case_472bcaaf2346a06e,semantic_repeatability,205.18395793624222,203,0,support_routing,sup_billing_account_border,,,0.6172488983973203,0.5,"billing:9,technical:0,account:10,insufficient:1",benchmark_authored_adjudication,,target,choice,account,billing,0.7591543975563149,0.7591543975563149,0.5102675200230083,0,0.19194429103153446,1.6505500999336902,1.230469755700963,"{""account"": 0.5, ""billing"": 0.45, ""insufficient"": 0.05, ""technical"": 0.0}","{""account"": 0.19194429103153446, ""billing"": 0.7591543975563149, ""insufficient"": 0.02292447641974725, ""technical"": 0.02597683499240353}",0.33513123254871835,0.06707954392954571,0.2823614326780207,0.1918826412898393,10.0
case_976eb8a2821dadfe,semantic_repeatability,204.734249971807,203,0,support_routing,sup_billing_account_border,,,0.6172488983973203,0.5,"billing:9,technical:0,account:10,insufficient:1",benchmark_authored_adjudication,,target,choice,account,billing,0.7591543975563149,0.7591543975563149,0.5102675200230083,0,0.19194429103153446,1.6505500999336902,1.230469755700963,"{""account"": 0.5, ""billing"": 0.45, ""insufficient"": 0.05, ""technical"": 0.0}","{""account"": 0.19194429103153446, ""billing"": 0.7591543975563149, ""insufficient"": 0.02292447641974725, ""technical"": 0.02597683499240353}",0.33513123254871835,0.06707954392954571,0.2823614326780207,0.1918826412898393,11.0
case_2c1ee90d310767df,semantic_repeatability,206.11920789815485,203,0,support_routing,sup_billing_account_border,,,0.6172488983973203,0.5,"billing:9,technical:0,account:10,insufficient:1",benchmark_authored_adjudication,,target,choice,account,billing,0.7591543975563149,0.7591543975563149,0.5102675200230083,0,0.19194429103153446,1.6505500999336902,1.230469755700963,"{""account"": 0.5, ""billing"": 0.45, ""insufficient"": 0.05, ""technical"": 0.0}","{""account"": 0.19194429103153446, ""billing"": 0.7591543975563149, ""insufficient"": 0.02292447641974725, ""technical"": 0.02597683499240353}",0.33513123254871835,0.06707954392954571,0.2823614326780207,0.1918826412898393,12.0
case_e91c5246d2e6a00a,semantic_repeatability,205.77600016258657,203,0,support_routing,sup_billing_account_border,,,0.6172488983973203,0.5,"billing:9,technical:0,account:10,insufficient:1",benchmark_authored_adjudication,,target,choice,account,billing,0.7591543975563149,0.7591543975563149,0.5102675200230083,0,0.19194429103153446,1.6505500999336902,1.230469755700963,"{""account"": 0.5, ""billing"": 0.45, ""insufficient"": 0.05, ""technical"": 0.0}","{""account"": 0.19194429103153446, ""billing"": 0.7591543975563149, ""insufficient"": 0.02292447641974725, ""technical"": 0.02597683499240353}",0.33513123254871835,0.06707954392954571,0.2823614326780207,0.1918826412898393,13.0
case_f66d57c3e94a51c3,semantic_repeatability,204.9070419743657,203,0,support_routing,sup_billing_account_border,,,0.6172488983973203,0.5,"billing:9,technical:0,account:10,insufficient:1",benchmark_authored_adjudication,,target,choice,account,billing,0.7591543975563149,0.7591543975563149,0.5102675200230083,0,0.19194429103153446,1.6505500999336902,1.230469755700963,"{""account"": 0.5, ""billing"": 0.45, ""insufficient"": 0.05, ""technical"": 0.0}","{""account"": 0.19194429103153446, ""billing"": 0.7591543975563149, ""insufficient"": 0.02292447641974725, ""technical"": 0.02597683499240353}",0.33513123254871835,0.06707954392954571,0.2823614326780207,0.1918826412898393,14.0
case_0c77034e470a97ab,semantic_repeatability,204.9763749819249,203,0,support_routing,sup_billing_account_border,,,0.6172488983973203,0.5,"billing:9,technical:0,account:10,insufficient:1",benchmark_authored_adjudication,,target,choice,account,billing,0.7591543975563149,0.7591543975563149,0.5102675200230083,0,0.19194429103153446,1.6505500999336902,1.230469755700963,"{""account"": 0.5, ""billing"": 0.45, ""insufficient"": 0.05, ""technical"": 0.0}","{""account"": 0.19194429103153446, ""billing"": 0.7591543975563149, ""insufficient"": 0.02292447641974725, ""technical"": 0.02597683499240353}",0.33513123254871835,0.06707954392954571,0.2823614326780207,0.1918826412898393,15.0
case_1004b639ee2e6c3b,semantic_repeatability,205.4829578846693,203,0,support_routing,sup_billing_account_border,,,0.6172488983973203,0.5,"billing:9,technical:0,account:10,insufficient:1",benchmark_authored_adjudication,,target,choice,account,billing,0.7591543975563149,0.7591543975563149,0.5102675200230083,0,0.19194429103153446,1.6505500999336902,1.230469755700963,"{""account"": 0.5, ""billing"": 0.45, ""insufficient"": 0.05, ""technical"": 0.0}","{""account"": 0.19194429103153446, ""billing"": 0.7591543975563149, ""insufficient"": 0.02292447641974725, ""technical"": 0.02597683499240353}",0.33513123254871835,0.06707954392954571,0.2823614326780207,0.1918826412898393,16.0
case_ba3504a6f21fcb8f,semantic_repeatability,206.83849998749793,203,0,support_routing,sup_billing_account_border,,,0.6172488983973203,0.5,"billing:9,technical:0,account:10,insufficient:1",benchmark_authored_adjudication,,target,choice,account,billing,0.7591543975563149,0.7591543975563149,0.5102675200230083,0,0.19194429103153446,1.6505500999336902,1.230469755700963,"{""account"": 0.5, ""billing"": 0.45, ""insufficient"": 0.05, ""technical"": 0.0}","{""account"": 0.19194429103153446, ""billing"": 0.7591543975563149, ""insufficient"": 0.02292447641974725, ""technical"": 0.02597683499240353}",0.33513123254871835,0.06707954392954571,0.2823614326780207,0.1918826412898393,17.0
case_97210a6a0d0aff8d,semantic_repeatability,206.5358750987798,203,0,support_routing,sup_billing_account_border,,,0.6172488983973203,0.5,"billing:9,technical:0,account:10,insufficient:1",benchmark_authored_adjudication,,target,choice,account,billing,0.7591543975563149,0.7591543975563149,0.5102675200230083,0,0.19194429103153446,1.6505500999336902,1.230469755700963,"{""account"": 0.5, ""billing"": 0.45, ""insufficient"": 0.05, ""technical"": 0.0}","{""account"": 0.19194429103153446, ""billing"": 0.7591543975563149, ""insufficient"": 0.02292447641974725, ""technical"": 0.02597683499240353}",0.33513123254871835,0.06707954392954571,0.2823614326780207,0.1918826412898393,18.0
case_7793ad338bea2866,semantic_repeatability,205.8055829256773,203,0,support_routing,sup_billing_account_border,,,0.6172488983973203,0.5,"billing:9,technical:0,account:10,insufficient:1",benchmark_authored_adjudication,,target,choice,account,billing,0.7591543975563149,0.7591543975563149,0.5102675200230083,0,0.19194429103153446,1.6505500999336902,1.230469755700963,"{""account"": 0.5, ""billing"": 0.45, ""insufficient"": 0.05, ""technical"": 0.0}","{""account"": 0.19194429103153446, ""billing"": 0.7591543975563149, ""insufficient"": 0.02292447641974725, ""technical"": 0.02597683499240353}",0.33513123254871835,0.06707954392954571,0.2823614326780207,0.1918826412898393,19.0
case_00ac971a0605cb57,semantic_repeatability,204.99283401295543,203,0,support_routing,sup_billing_account_border,,,0.6172488983973203,0.5,"billing:9,technical:0,account:10,insufficient:1",benchmark_authored_adjudication,,target,choice,account,billing,0.7591543975563149,0.7591543975563149,0.5102675200230083,0,0.19194429103153446,1.6505500999336902,1.230469755700963,"{""account"": 0.5, ""billing"": 0.45, ""insufficient"": 0.05, ""technical"": 0.0}","{""account"": 0.19194429103153446, ""billing"": 0.7591543975563149, ""insufficient"": 0.02292447641974725, ""technical"": 0.02597683499240353}",0.33513123254871835,0.06707954392954571,0.2823614326780207,0.1918826412898393,20.0
case_cec362d80c358c3a,semantic_repeatability,205.13345790095627,203,0,support_routing,sup_billing_account_border,,,0.6172488983973203,0.5,"billing:9,technical:0,account:10,insufficient:1",benchmark_authored_adjudication,,target,choice,account,billing,0.7591543975563149,0.7591543975563149,0.5102675200230083,0,0.19194429103153446,1.6505500999336902,1.230469755700963,"{""account"": 0.5, ""billing"": 0.45, ""insufficient"": 0.05, ""technical"": 0.0}","{""account"": 0.19194429103153446, ""billing"": 0.7591543975563149, ""insufficient"": 0.02292447641974725, ""technical"": 0.02597683499240353}",0.33513123254871835,0.06707954392954571,0.2823614326780207,0.1918826412898393,21.0
case_32f89a32daacd59e,semantic_repeatability,205.1788328681141,203,0,support_routing,sup_billing_account_border,,,0.6172488983973203,0.5,"billing:9,technical:0,account:10,insufficient:1",benchmark_authored_adjudication,,target,choice,account,billing,0.7591543975563149,0.7591543975563149,0.5102675200230083,0,0.19194429103153446,1.6505500999336902,1.230469755700963,"{""account"": 0.5, ""billing"": 0.45, ""insufficient"": 0.05, ""technical"": 0.0}","{""account"": 0.19194429103153446, ""billing"": 0.7591543975563149, ""insufficient"": 0.02292447641974725, ""technical"": 0.02597683499240353}",0.33513123254871835,0.06707954392954571,0.2823614326780207,0.1918826412898393,22.0
case_6689c2c488684738,semantic_repeatability,205.57600003667176,203,0,support_routing,sup_billing_account_border,,,0.6172488983973203,0.5,"billing:9,technical:0,account:10,insufficient:1",benchmark_authored_adjudication,,target,choice,account,billing,0.7591543975563149,0.7591543975563149,0.5102675200230083,0,0.19194429103153446,1.6505500999336902,1.230469755700963,"{""account"": 0.5, ""billing"": 0.45, ""insufficient"": 0.05, ""technical"": 0.0}","{""account"": 0.19194429103153446, ""billing"": 0.7591543975563149, ""insufficient"": 0.02292447641974725, ""technical"": 0.02597683499240353}",0.33513123254871835,0.06707954392954571,0.2823614326780207,0.1918826412898393,23.0
case_30b32c86fd112694,semantic_repeatability,205.60745801776648,203,0,support_routing,sup_billing_account_border,,,0.6172488983973203,0.5,"billing:9,technical:0,account:10,insufficient:1",benchmark_authored_adjudication,,target,choice,account,billing,0.7591543975563149,0.7591543975563149,0.5102675200230083,0,0.19194429103153446,1.6505500999336902,1.230469755700963,"{""account"": 0.5, ""billing"": 0.45, ""insufficient"": 0.05, ""technical"": 0.0}","{""account"": 0.19194429103153446, ""billing"": 0.7591543975563149, ""insufficient"": 0.02292447641974725, ""technical"": 0.02597683499240353}",0.33513123254871835,0.06707954392954571,0.2823614326780207,0.1918826412898393,24.0
case_21984e19f03aa70c,semantic_repeatability,205.93620790168643,203,0,support_routing,sup_billing_account_border,,,0.6172488983973203,0.5,"billing:9,technical:0,account:10,insufficient:1",benchmark_authored_adjudication,,target,choice,account,billing,0.7591543975563149,0.7591543975563149,0.5102675200230083,0,0.19194429103153446,1.6505500999336902,1.230469755700963,"{""account"": 0.5, ""billing"": 0.45, ""insufficient"": 0.05, ""technical"": 0.0}","{""account"": 0.19194429103153446, ""billing"": 0.7591543975563149, ""insufficient"": 0.02292447641974725, ""technical"": 0.02597683499240353}",0.33513123254871835,0.06707954392954571,0.2823614326780207,0.1918826412898393,25.0
case_d9518542975ed902,semantic_repeatability,205.13212494552135,203,0,support_routing,sup_billing_account_border,,,0.6172488983973203,0.5,"billing:9,technical:0,account:10,insufficient:1",benchmark_authored_adjudication,,target,choice,account,billing,0.7591543975563149,0.7591543975563149,0.5102675200230083,0,0.19194429103153446,1.6505500999336902,1.230469755700963,"{""account"": 0.5, ""billing"": 0.45, ""insufficient"": 0.05, ""technical"": 0.0}","{""account"": 0.19194429103153446, ""billing"": 0.7591543975563149, ""insufficient"": 0.02292447641974725, ""technical"": 0.02597683499240353}",0.33513123254871835,0.06707954392954571,0.2823614326780207,0.1918826412898393,26.0
case_5b6eef671269aa72,semantic_repeatability,205.49029111862183,203,0,support_routing,sup_billing_account_border,,,0.6172488983973203,0.5,"billing:9,technical:0,account:10,insufficient:1",benchmark_authored_adjudication,,target,choice,account,billing,0.7591543975563149,0.7591543975563149,0.5102675200230083,0,0.19194429103153446,1.6505500999336902,1.230469755700963,"{""account"": 0.5, ""billing"": 0.45, ""insufficient"": 0.05, ""technical"": 0.0}","{""account"": 0.19194429103153446, ""billing"": 0.7591543975563149, ""insufficient"": 0.02292447641974725, ""technical"": 0.02597683499240353}",0.33513123254871835,0.06707954392954571,0.2823614326780207,0.1918826412898393,27.0
case_92120ca7bd755be6,semantic_repeatability,205.37066599354148,203,0,support_routing,sup_billing_account_border,,,0.6172488983973203,0.5,"billing:9,technical:0,account:10,insufficient:1",benchmark_authored_adjudication,,target,choice,account,billing,0.7591543975563149,0.7591543975563149,0.5102675200230083,0,0.19194429103153446,1.6505500999336902,1.230469755700963,"{""account"": 0.5, ""billing"": 0.45, ""insufficient"": 0.05, ""technical"": 0.0}","{""account"": 0.19194429103153446, ""billing"": 0.7591543975563149, ""insufficient"": 0.02292447641974725, ""technical"": 0.02597683499240353}",0.33513123254871835,0.06707954392954571,0.2823614326780207,0.1918826412898393,28.0
case_6ec3a067195d0be4,semantic_repeatability,205.44958300888538,203,0,support_routing,sup_billing_account_border,,,0.6172488983973203,0.5,"billing:9,technical:0,account:10,insufficient:1",benchmark_authored_adjudication,,target,choice,account,billing,0.7591543975563149,0.7591543975563149,0.5102675200230083,0,0.19194429103153446,1.6505500999336902,1.230469755700963,"{""account"": 0.5, ""billing"": 0.45, ""insufficient"": 0.05, ""technical"": 0.0}","{""account"": 0.19194429103153446, ""billing"": 0.7591543975563149, ""insufficient"": 0.02292447641974725, ""technical"": 0.02597683499240353}",0.33513123254871835,0.06707954392954571,0.2823614326780207,0.1918826412898393,29.0
case_906db8134107cef0,semantic_repeatability,164.503833046183,184,0,support_routing,sup_insufficient,,,0.8713688243068336,0.5,"billing:2,technical:3,account:5,insufficient:10",benchmark_authored_adjudication,,target,choice,insufficient,account,0.8395822256248177,0.8395822256248177,0.39896851689509244,0,0.11362509830536037,2.17485086131118,1.492330971611154,"{""account"": 0.25, ""billing"": 0.1, ""insufficient"": 0.5, ""technical"": 0.15}","{""account"": 0.8395822256248177, ""billing"": 0.04180033766762617, ""insufficient"": 0.11362509830536037, ""technical"": 0.004992338402195761}",0.5895822256248177,0.19868890627156804,1.035627173718948,0.5213071880499215,0.0
case_cdf71aade30e98bf,semantic_repeatability,163.97512494586408,184,0,support_routing,sup_insufficient,,,0.8713688243068336,0.5,"billing:2,technical:3,account:5,insufficient:10",benchmark_authored_adjudication,,target,choice,insufficient,account,0.8395822256248177,0.8395822256248177,0.39896851689509244,0,0.11362509830536037,2.17485086131118,1.492330971611154,"{""account"": 0.25, ""billing"": 0.1, ""insufficient"": 0.5, ""technical"": 0.15}","{""account"": 0.8395822256248177, ""billing"": 0.04180033766762617, ""insufficient"": 0.11362509830536037, ""technical"": 0.004992338402195761}",0.5895822256248177,0.19868890627156804,1.035627173718948,0.5213071880499215,1.0
case_3a29aba08821297b,semantic_repeatability,168.2496250141412,184,0,support_routing,sup_insufficient,,,0.8713688243068336,0.5,"billing:2,technical:3,account:5,insufficient:10",benchmark_authored_adjudication,,target,choice,insufficient,account,0.8395822256248177,0.8395822256248177,0.39896851689509244,0,0.11362509830536037,2.17485086131118,1.492330971611154,"{""account"": 0.25, ""billing"": 0.1, ""insufficient"": 0.5, ""technical"": 0.15}","{""account"": 0.8395822256248177, ""billing"": 0.04180033766762617, ""insufficient"": 0.11362509830536037, ""technical"": 0.004992338402195761}",0.5895822256248177,0.19868890627156804,1.035627173718948,0.5213071880499215,2.0
case_debcf84bec9bc79b,semantic_repeatability,163.95020810887218,184,0,support_routing,sup_insufficient,,,0.8713688243068336,0.5,"billing:2,technical:3,account:5,insufficient:10",benchmark_authored_adjudication,,target,choice,insufficient,account,0.8395822256248177,0.8395822256248177,0.39896851689509244,0,0.11362509830536037,2.17485086131118,1.492330971611154,"{""account"": 0.25, ""billing"": 0.1, ""insufficient"": 0.5, ""technical"": 0.15}","{""account"": 0.8395822256248177, ""billing"": 0.04180033766762617, ""insufficient"": 0.11362509830536037, ""technical"": 0.004992338402195761}",0.5895822256248177,0.19868890627156804,1.035627173718948,0.5213071880499215,3.0
case_890c56c9473dd8d6,semantic_repeatability,163.59837516210973,184,0,support_routing,sup_insufficient,,,0.8713688243068336,0.5,"billing:2,technical:3,account:5,insufficient:10",benchmark_authored_adjudication,,target,choice,insufficient,account,0.8395822256248177,0.8395822256248177,0.39896851689509244,0,0.11362509830536037,2.17485086131118,1.492330971611154,"{""account"": 0.25, ""billing"": 0.1, ""insufficient"": 0.5, ""technical"": 0.15}","{""account"": 0.8395822256248177, ""billing"": 0.04180033766762617, ""insufficient"": 0.11362509830536037, ""technical"": 0.004992338402195761}",0.5895822256248177,0.19868890627156804,1.035627173718948,0.5213071880499215,4.0
case_1dec2144dfc87b96,semantic_repeatability,163.2614170666784,184,0,support_routing,sup_insufficient,,,0.8713688243068336,0.5,"billing:2,technical:3,account:5,insufficient:10",benchmark_authored_adjudication,,target,choice,insufficient,account,0.8395822256248177,0.8395822256248177,0.39896851689509244,0,0.11362509830536037,2.17485086131118,1.492330971611154,"{""account"": 0.25, ""billing"": 0.1, ""insufficient"": 0.5, ""technical"": 0.15}","{""account"": 0.8395822256248177, ""billing"": 0.04180033766762617, ""insufficient"": 0.11362509830536037, ""technical"": 0.004992338402195761}",0.5895822256248177,0.19868890627156804,1.035627173718948,0.5213071880499215,5.0
case_b555e92c23555754,semantic_repeatability,163.03791594691575,184,0,support_routing,sup_insufficient,,,0.8713688243068336,0.5,"billing:2,technical:3,account:5,insufficient:10",benchmark_authored_adjudication,,target,choice,insufficient,account,0.8395822256248177,0.8395822256248177,0.39896851689509244,0,0.11362509830536037,2.17485086131118,1.492330971611154,"{""account"": 0.25, ""billing"": 0.1, ""insufficient"": 0.5, ""technical"": 0.15}","{""account"": 0.8395822256248177, ""billing"": 0.04180033766762617, ""insufficient"": 0.11362509830536037, ""technical"": 0.004992338402195761}",0.5895822256248177,0.19868890627156804,1.035627173718948,0.5213071880499215,6.0
case_aff099a5a9530bec,semantic_repeatability,162.9310001153499,184,0,support_routing,sup_insufficient,,,0.8713688243068336,0.5,"billing:2,technical:3,account:5,insufficient:10",benchmark_authored_adjudication,,target,choice,insufficient,account,0.8395822256248177,0.8395822256248177,0.39896851689509244,0,0.11362509830536037,2.17485086131118,1.492330971611154,"{""account"": 0.25, ""billing"": 0.1, ""insufficient"": 0.5, ""technical"": 0.15}","{""account"": 0.8395822256248177, ""billing"": 0.04180033766762617, ""insufficient"": 0.11362509830536037, ""technical"": 0.004992338402195761}",0.5895822256248177,0.19868890627156804,1.035627173718948,0.5213071880499215,7.0
case_b9e36005a29bd837,semantic_repeatability,163.8471249025315,184,0,support_routing,sup_insufficient,,,0.8713688243068336,0.5,"billing:2,technical:3,account:5,insufficient:10",benchmark_authored_adjudication,,target,choice,insufficient,account,0.8395822256248177,0.8395822256248177,0.39896851689509244,0,0.11362509830536037,2.17485086131118,1.492330971611154,"{""account"": 0.25, ""billing"": 0.1, ""insufficient"": 0.5, ""technical"": 0.15}","{""account"": 0.8395822256248177, ""billing"": 0.04180033766762617, ""insufficient"": 0.11362509830536037, ""technical"": 0.004992338402195761}",0.5895822256248177,0.19868890627156804,1.035627173718948,0.5213071880499215,8.0
case_13252e3a5783199b,semantic_repeatability,163.16016716882586,184,0,support_routing,sup_insufficient,,,0.8713688243068336,0.5,"billing:2,technical:3,account:5,insufficient:10",benchmark_authored_adjudication,,target,choice,insufficient,account,0.8395822256248177,0.8395822256248177,0.39896851689509244,0,0.11362509830536037,2.17485086131118,1.492330971611154,"{""account"": 0.25, ""billing"": 0.1, ""insufficient"": 0.5, ""technical"": 0.15}","{""account"": 0.8395822256248177, ""billing"": 0.04180033766762617, ""insufficient"": 0.11362509830536037, ""technical"": 0.004992338402195761}",0.5895822256248177,0.19868890627156804,1.035627173718948,0.5213071880499215,9.0
case_802b8bdd58970cff,semantic_repeatability,163.32133393734694,184,0,support_routing,sup_insufficient,,,0.8713688243068336,0.5,"billing:2,technical:3,account:5,insufficient:10",benchmark_authored_adjudication,,target,choice,insufficient,account,0.8395822256248177,0.8395822256248177,0.39896851689509244,0,0.11362509830536037,2.17485086131118,1.492330971611154,"{""account"": 0.25, ""billing"": 0.1, ""insufficient"": 0.5, ""technical"": 0.15}","{""account"": 0.8395822256248177, ""billing"": 0.04180033766762617, ""insufficient"": 0.11362509830536037, ""technical"": 0.004992338402195761}",0.5895822256248177,0.19868890627156804,1.035627173718948,0.5213071880499215,10.0
case_47fa0299446221b4,semantic_repeatability,163.11899991706014,184,0,support_routing,sup_insufficient,,,0.8713688243068336,0.5,"billing:2,technical:3,account:5,insufficient:10",benchmark_authored_adjudication,,target,choice,insufficient,account,0.8395822256248177,0.8395822256248177,0.39896851689509244,0,0.11362509830536037,2.17485086131118,1.492330971611154,"{""account"": 0.25, ""billing"": 0.1, ""insufficient"": 0.5, ""technical"": 0.15}","{""account"": 0.8395822256248177, ""billing"": 0.04180033766762617, ""insufficient"": 0.11362509830536037, ""technical"": 0.004992338402195761}",0.5895822256248177,0.19868890627156804,1.035627173718948,0.5213071880499215,11.0
case_5b46c9f0ab1c23dc,semantic_repeatability,163.0894998088479,184,0,support_routing,sup_insufficient,,,0.8713688243068336,0.5,"billing:2,technical:3,account:5,insufficient:10",benchmark_authored_adjudication,,target,choice,insufficient,account,0.8395822256248177,0.8395822256248177,0.39896851689509244,0,0.11362509830536037,2.17485086131118,1.492330971611154,"{""account"": 0.25, ""billing"": 0.1, ""insufficient"": 0.5, ""technical"": 0.15}","{""account"": 0.8395822256248177, ""billing"": 0.04180033766762617, ""insufficient"": 0.11362509830536037, ""technical"": 0.004992338402195761}",0.5895822256248177,0.19868890627156804,1.035627173718948,0.5213071880499215,12.0
case_daef16f47d361ad5,semantic_repeatability,162.97783283516765,184,0,support_routing,sup_insufficient,,,0.8713688243068336,0.5,"billing:2,technical:3,account:5,insufficient:10",benchmark_authored_adjudication,,target,choice,insufficient,account,0.8395822256248177,0.8395822256248177,0.39896851689509244,0,0.11362509830536037,2.17485086131118,1.492330971611154,"{""account"": 0.25, ""billing"": 0.1, ""insufficient"": 0.5, ""technical"": 0.15}","{""account"": 0.8395822256248177, ""billing"": 0.04180033766762617, ""insufficient"": 0.11362509830536037, ""technical"": 0.004992338402195761}",0.5895822256248177,0.19868890627156804,1.035627173718948,0.5213071880499215,13.0
case_878f707b14b96c49,semantic_repeatability,164.3264580052346,184,0,support_routing,sup_insufficient,,,0.8713688243068336,0.5,"billing:2,technical:3,account:5,insufficient:10",benchmark_authored_adjudication,,target,choice,insufficient,account,0.8395822256248177,0.8395822256248177,0.39896851689509244,0,0.11362509830536037,2.17485086131118,1.492330971611154,"{""account"": 0.25, ""billing"": 0.1, ""insufficient"": 0.5, ""technical"": 0.15}","{""account"": 0.8395822256248177, ""billing"": 0.04180033766762617, ""insufficient"": 0.11362509830536037, ""technical"": 0.004992338402195761}",0.5895822256248177,0.19868890627156804,1.035627173718948,0.5213071880499215,14.0
case_b85f359759d2483b,semantic_repeatability,164.2487922217697,184,0,support_routing,sup_insufficient,,,0.8713688243068336,0.5,"billing:2,technical:3,account:5,insufficient:10",benchmark_authored_adjudication,,target,choice,insufficient,account,0.8395822256248177,0.8395822256248177,0.39896851689509244,0,0.11362509830536037,2.17485086131118,1.492330971611154,"{""account"": 0.25, ""billing"": 0.1, ""insufficient"": 0.5, ""technical"": 0.15}","{""account"": 0.8395822256248177, ""billing"": 0.04180033766762617, ""insufficient"": 0.11362509830536037, ""technical"": 0.004992338402195761}",0.5895822256248177,0.19868890627156804,1.035627173718948,0.5213071880499215,15.0
case_585003539026df75,semantic_repeatability,163.49804191850126,184,0,support_routing,sup_insufficient,,,0.8713688243068336,0.5,"billing:2,technical:3,account:5,insufficient:10",benchmark_authored_adjudication,,target,choice,insufficient,account,0.8395822256248177,0.8395822256248177,0.39896851689509244,0,0.11362509830536037,2.17485086131118,1.492330971611154,"{""account"": 0.25, ""billing"": 0.1, ""insufficient"": 0.5, ""technical"": 0.15}","{""account"": 0.8395822256248177, ""billing"": 0.04180033766762617, ""insufficient"": 0.11362509830536037, ""technical"": 0.004992338402195761}",0.5895822256248177,0.19868890627156804,1.035627173718948,0.5213071880499215,16.0
case_4f18a5c3cde8b14e,semantic_repeatability,163.55875018052757,184,0,support_routing,sup_insufficient,,,0.8713688243068336,0.5,"billing:2,technical:3,account:5,insufficient:10",benchmark_authored_adjudication,,target,choice,insufficient,account,0.8395822256248177,0.8395822256248177,0.39896851689509244,0,0.11362509830536037,2.17485086131118,1.492330971611154,"{""account"": 0.25, ""billing"": 0.1, ""insufficient"": 0.5, ""technical"": 0.15}","{""account"": 0.8395822256248177, ""billing"": 0.04180033766762617, ""insufficient"": 0.11362509830536037, ""technical"": 0.004992338402195761}",0.5895822256248177,0.19868890627156804,1.035627173718948,0.5213071880499215,17.0
case_76503c211dbbe03f,semantic_repeatability,163.2665831129998,184,0,support_routing,sup_insufficient,,,0.8713688243068336,0.5,"billing:2,technical:3,account:5,insufficient:10",benchmark_authored_adjudication,,target,choice,insufficient,account,0.8395822256248177,0.8395822256248177,0.39896851689509244,0,0.11362509830536037,2.17485086131118,1.492330971611154,"{""account"": 0.25, ""billing"": 0.1, ""insufficient"": 0.5, ""technical"": 0.15}","{""account"": 0.8395822256248177, ""billing"": 0.04180033766762617, ""insufficient"": 0.11362509830536037, ""technical"": 0.004992338402195761}",0.5895822256248177,0.19868890627156804,1.035627173718948,0.5213071880499215,18.0
case_85c43a7af617d686,semantic_repeatability,163.28966687433422,184,0,support_routing,sup_insufficient,,,0.8713688243068336,0.5,"billing:2,technical:3,account:5,insufficient:10",benchmark_authored_adjudication,,target,choice,insufficient,account,0.8395822256248177,0.8395822256248177,0.39896851689509244,0,0.11362509830536037,2.17485086131118,1.492330971611154,"{""account"": 0.25, ""billing"": 0.1, ""insufficient"": 0.5, ""technical"": 0.15}","{""account"": 0.8395822256248177, ""billing"": 0.04180033766762617, ""insufficient"": 0.11362509830536037, ""technical"": 0.004992338402195761}",0.5895822256248177,0.19868890627156804,1.035627173718948,0.5213071880499215,19.0
case_131037e4b0542a12,semantic_repeatability,163.2970420178026,184,0,support_routing,sup_insufficient,,,0.8713688243068336,0.5,"billing:2,technical:3,account:5,insufficient:10",benchmark_authored_adjudication,,target,choice,insufficient,account,0.8395822256248177,0.8395822256248177,0.39896851689509244,0,0.11362509830536037,2.17485086131118,1.492330971611154,"{""account"": 0.25, ""billing"": 0.1, ""insufficient"": 0.5, ""technical"": 0.15}","{""account"": 0.8395822256248177, ""billing"": 0.04180033766762617, ""insufficient"": 0.11362509830536037, ""technical"": 0.004992338402195761}",0.5895822256248177,0.19868890627156804,1.035627173718948,0.5213071880499215,20.0
case_8cb1d68fb7f77fcd,semantic_repeatability,163.38233393616974,184,0,support_routing,sup_insufficient,,,0.8713688243068336,0.5,"billing:2,technical:3,account:5,insufficient:10",benchmark_authored_adjudication,,target,choice,insufficient,account,0.8395822256248177,0.8395822256248177,0.39896851689509244,0,0.11362509830536037,2.17485086131118,1.492330971611154,"{""account"": 0.25, ""billing"": 0.1, ""insufficient"": 0.5, ""technical"": 0.15}","{""account"": 0.8395822256248177, ""billing"": 0.04180033766762617, ""insufficient"": 0.11362509830536037, ""technical"": 0.004992338402195761}",0.5895822256248177,0.19868890627156804,1.035627173718948,0.5213071880499215,21.0
case_1b85e24fb039943e,semantic_repeatability,164.24650000408292,184,0,support_routing,sup_insufficient,,,0.8713688243068336,0.5,"billing:2,technical:3,account:5,insufficient:10",benchmark_authored_adjudication,,target,choice,insufficient,account,0.8395822256248177,0.8395822256248177,0.39896851689509244,0,0.11362509830536037,2.17485086131118,1.492330971611154,"{""account"": 0.25, ""billing"": 0.1, ""insufficient"": 0.5, ""technical"": 0.15}","{""account"": 0.8395822256248177, ""billing"": 0.04180033766762617, ""insufficient"": 0.11362509830536037, ""technical"": 0.004992338402195761}",0.5895822256248177,0.19868890627156804,1.035627173718948,0.5213071880499215,22.0
case_4abf6ed4ce59b7d7,semantic_repeatability,163.98958303034306,184,0,support_routing,sup_insufficient,,,0.8713688243068336,0.5,"billing:2,technical:3,account:5,insufficient:10",benchmark_authored_adjudication,,target,choice,insufficient,account,0.8395822256248177,0.8395822256248177,0.39896851689509244,0,0.11362509830536037,2.17485086131118,1.492330971611154,"{""account"": 0.25, ""billing"": 0.1, ""insufficient"": 0.5, ""technical"": 0.15}","{""account"": 0.8395822256248177, ""billing"": 0.04180033766762617, ""insufficient"": 0.11362509830536037, ""technical"": 0.004992338402195761}",0.5895822256248177,0.19868890627156804,1.035627173718948,0.5213071880499215,23.0
case_2fc4efdc8bb57f41,semantic_repeatability,162.94383304193616,184,0,support_routing,sup_insufficient,,,0.8713688243068336,0.5,"billing:2,technical:3,account:5,insufficient:10",benchmark_authored_adjudication,,target,choice,insufficient,account,0.8395822256248177,0.8395822256248177,0.39896851689509244,0,0.11362509830536037,2.17485086131118,1.492330971611154,"{""account"": 0.25, ""billing"": 0.1, ""insufficient"": 0.5, ""technical"": 0.15}","{""account"": 0.8395822256248177, ""billing"": 0.04180033766762617, ""insufficient"": 0.11362509830536037, ""technical"": 0.004992338402195761}",0.5895822256248177,0.19868890627156804,1.035627173718948,0.5213071880499215,24.0
case_0dfea1f55677663a,semantic_repeatability,163.30012492835522,184,0,support_routing,sup_insufficient,,,0.8713688243068336,0.5,"billing:2,technical:3,account:5,insufficient:10",benchmark_authored_adjudication,,target,choice,insufficient,account,0.8395822256248177,0.8395822256248177,0.39896851689509244,0,0.11362509830536037,2.17485086131118,1.492330971611154,"{""account"": 0.25, ""billing"": 0.1, ""insufficient"": 0.5, ""technical"": 0.15}","{""account"": 0.8395822256248177, ""billing"": 0.04180033766762617, ""insufficient"": 0.11362509830536037, ""technical"": 0.004992338402195761}",0.5895822256248177,0.19868890627156804,1.035627173718948,0.5213071880499215,25.0
case_36fbce2f6af9e22f,semantic_repeatability,164.0679589472711,184,0,support_routing,sup_insufficient,,,0.8713688243068336,0.5,"billing:2,technical:3,account:5,insufficient:10",benchmark_authored_adjudication,,target,choice,insufficient,account,0.8395822256248177,0.8395822256248177,0.39896851689509244,0,0.11362509830536037,2.17485086131118,1.492330971611154,"{""account"": 0.25, ""billing"": 0.1, ""insufficient"": 0.5, ""technical"": 0.15}","{""account"": 0.8395822256248177, ""billing"": 0.04180033766762617, ""insufficient"": 0.11362509830536037, ""technical"": 0.004992338402195761}",0.5895822256248177,0.19868890627156804,1.035627173718948,0.5213071880499215,26.0
case_0a1494add10f4015,semantic_repeatability,163.2417079526931,184,0,support_routing,sup_insufficient,,,0.8713688243068336,0.5,"billing:2,technical:3,account:5,insufficient:10",benchmark_authored_adjudication,,target,choice,insufficient,account,0.8395822256248177,0.8395822256248177,0.39896851689509244,0,0.11362509830536037,2.17485086131118,1.492330971611154,"{""account"": 0.25, ""billing"": 0.1, ""insufficient"": 0.5, ""technical"": 0.15}","{""account"": 0.8395822256248177, ""billing"": 0.04180033766762617, ""insufficient"": 0.11362509830536037, ""technical"": 0.004992338402195761}",0.5895822256248177,0.19868890627156804,1.035627173718948,0.5213071880499215,27.0
case_0d5e0e4af733ef1b,semantic_repeatability,163.3879579603672,184,0,support_routing,sup_insufficient,,,0.8713688243068336,0.5,"billing:2,technical:3,account:5,insufficient:10",benchmark_authored_adjudication,,target,choice,insufficient,account,0.8395822256248177,0.8395822256248177,0.39896851689509244,0,0.11362509830536037,2.17485086131118,1.492330971611154,"{""account"": 0.25, ""billing"": 0.1, ""insufficient"": 0.5, ""technical"": 0.15}","{""account"": 0.8395822256248177, ""billing"": 0.04180033766762617, ""insufficient"": 0.11362509830536037, ""technical"": 0.004992338402195761}",0.5895822256248177,0.19868890627156804,1.035627173718948,0.5213071880499215,28.0
case_7f73dad715760a6f,semantic_repeatability,164.37150002457201,184,0,support_routing,sup_insufficient,,,0.8713688243068336,0.5,"billing:2,technical:3,account:5,insufficient:10",benchmark_authored_adjudication,,target,choice,insufficient,account,0.8395822256248177,0.8395822256248177,0.39896851689509244,0,0.11362509830536037,2.17485086131118,1.492330971611154,"{""account"": 0.25, ""billing"": 0.1, ""insufficient"": 0.5, ""technical"": 0.15}","{""account"": 0.8395822256248177, ""billing"": 0.04180033766762617, ""insufficient"": 0.11362509830536037, ""technical"": 0.004992338402195761}",0.5895822256248177,0.19868890627156804,1.035627173718948,0.5213071880499215,29.0
case_f0ddb8a6111948e8,semantic_repeatability,207.2393330745399,235,0,code_review_severity,code_medium_border,,,0.659517637169433,0.7,"low:2,medium:14,high:3,insufficient:1",benchmark_authored_adjudication,,target,choice,medium,medium,0.8870143638353266,0.8870143638353266,0.33144697710573867,1,0.8870143638353266,0.11989410307726348,0.018282926950069906,"{""high"": 0.15, ""insufficient"": 0.05, ""low"": 0.1, ""medium"": 0.7}","{""high"": 0.034393279293073634, ""insufficient"": 0.014337251869477697, ""low"": 0.06425510500212218, ""medium"": 0.8870143638353266}",0.18701436383532657,0.03226162398258173,0.16185852161016445,0.0508888152759716,0.0
case_bc35c083ff83bbae,semantic_repeatability,207.91875012218952,235,0,code_review_severity,code_medium_border,,,0.659517637169433,0.7,"low:2,medium:14,high:3,insufficient:1",benchmark_authored_adjudication,,target,choice,medium,medium,0.8870143638353266,0.8870143638353266,0.33144697710573867,1,0.8870143638353266,0.11989410307726348,0.018282926950069906,"{""high"": 0.15, ""insufficient"": 0.05, ""low"": 0.1, ""medium"": 0.7}","{""high"": 0.034393279293073634, ""insufficient"": 0.014337251869477697, ""low"": 0.06425510500212218, ""medium"": 0.8870143638353266}",0.18701436383532657,0.03226162398258173,0.16185852161016445,0.0508888152759716,1.0
case_6c0542183c4f0369,semantic_repeatability,208.10725004412234,235,0,code_review_severity,code_medium_border,,,0.659517637169433,0.7,"low:2,medium:14,high:3,insufficient:1",benchmark_authored_adjudication,,target,choice,medium,medium,0.8870143638353266,0.8870143638353266,0.33144697710573867,1,0.8870143638353266,0.11989410307726348,0.018282926950069906,"{""high"": 0.15, ""insufficient"": 0.05, ""low"": 0.1, ""medium"": 0.7}","{""high"": 0.034393279293073634, ""insufficient"": 0.014337251869477697, ""low"": 0.06425510500212218, ""medium"": 0.8870143638353266}",0.18701436383532657,0.03226162398258173,0.16185852161016445,0.0508888152759716,2.0
case_91b9f7aa4f7a3f0a,semantic_repeatability,207.97495800070465,235,0,code_review_severity,code_medium_border,,,0.659517637169433,0.7,"low:2,medium:14,high:3,insufficient:1",benchmark_authored_adjudication,,target,choice,medium,medium,0.8870143638353266,0.8870143638353266,0.33144697710573867,1,0.8870143638353266,0.11989410307726348,0.018282926950069906,"{""high"": 0.15, ""insufficient"": 0.05, ""low"": 0.1, ""medium"": 0.7}","{""high"": 0.034393279293073634, ""insufficient"": 0.014337251869477697, ""low"": 0.06425510500212218, ""medium"": 0.8870143638353266}",0.18701436383532657,0.03226162398258173,0.16185852161016445,0.0508888152759716,3.0
case_d3a80cc9a45a632f,semantic_repeatability,208.12420803122222,235,0,code_review_severity,code_medium_border,,,0.659517637169433,0.7,"low:2,medium:14,high:3,insufficient:1",benchmark_authored_adjudication,,target,choice,medium,medium,0.8870143638353266,0.8870143638353266,0.33144697710573867,1,0.8870143638353266,0.11989410307726348,0.018282926950069906,"{""high"": 0.15, ""insufficient"": 0.05, ""low"": 0.1, ""medium"": 0.7}","{""high"": 0.034393279293073634, ""insufficient"": 0.014337251869477697, ""low"": 0.06425510500212218, ""medium"": 0.8870143638353266}",0.18701436383532657,0.03226162398258173,0.16185852161016445,0.0508888152759716,4.0
case_dc3de9ebd661446a,semantic_repeatability,207.33050000853837,235,0,code_review_severity,code_medium_border,,,0.659517637169433,0.7,"low:2,medium:14,high:3,insufficient:1",benchmark_authored_adjudication,,target,choice,medium,medium,0.8870143638353266,0.8870143638353266,0.33144697710573867,1,0.8870143638353266,0.11989410307726348,0.018282926950069906,"{""high"": 0.15, ""insufficient"": 0.05, ""low"": 0.1, ""medium"": 0.7}","{""high"": 0.034393279293073634, ""insufficient"": 0.014337251869477697, ""low"": 0.06425510500212218, ""medium"": 0.8870143638353266}",0.18701436383532657,0.03226162398258173,0.16185852161016445,0.0508888152759716,5.0
case_d49e1fb600750da6,semantic_repeatability,207.55783305503428,235,0,code_review_severity,code_medium_border,,,0.659517637169433,0.7,"low:2,medium:14,high:3,insufficient:1",benchmark_authored_adjudication,,target,choice,medium,medium,0.8870143638353266,0.8870143638353266,0.33144697710573867,1,0.8870143638353266,0.11989410307726348,0.018282926950069906,"{""high"": 0.15, ""insufficient"": 0.05, ""low"": 0.1, ""medium"": 0.7}","{""high"": 0.034393279293073634, ""insufficient"": 0.014337251869477697, ""low"": 0.06425510500212218, ""medium"": 0.8870143638353266}",0.18701436383532657,0.03226162398258173,0.16185852161016445,0.0508888152759716,6.0
case_2b011af3e8d4e2e9,semantic_repeatability,207.22454180940986,235,0,code_review_severity,code_medium_border,,,0.659517637169433,0.7,"low:2,medium:14,high:3,insufficient:1",benchmark_authored_adjudication,,target,choice,medium,medium,0.8870143638353266,0.8870143638353266,0.33144697710573867,1,0.8870143638353266,0.11989410307726348,0.018282926950069906,"{""high"": 0.15, ""insufficient"": 0.05, ""low"": 0.1, ""medium"": 0.7}","{""high"": 0.034393279293073634, ""insufficient"": 0.014337251869477697, ""low"": 0.06425510500212218, ""medium"": 0.8870143638353266}",0.18701436383532657,0.03226162398258173,0.16185852161016445,0.0508888152759716,7.0
case_eeeb84b4923b11df,semantic_repeatability,207.28862495161593,235,0,code_review_severity,code_medium_border,,,0.659517637169433,0.7,"low:2,medium:14,high:3,insufficient:1",benchmark_authored_adjudication,,target,choice,medium,medium,0.8870143638353266,0.8870143638353266,0.33144697710573867,1,0.8870143638353266,0.11989410307726348,0.018282926950069906,"{""high"": 0.15, ""insufficient"": 0.05, ""low"": 0.1, ""medium"": 0.7}","{""high"": 0.034393279293073634, ""insufficient"": 0.014337251869477697, ""low"": 0.06425510500212218, ""medium"": 0.8870143638353266}",0.18701436383532657,0.03226162398258173,0.16185852161016445,0.0508888152759716,8.0
case_b9527c0fa136b4cb,semantic_repeatability,206.27054199576378,235,0,code_review_severity,code_medium_border,,,0.659517637169433,0.7,"low:2,medium:14,high:3,insufficient:1",benchmark_authored_adjudication,,target,choice,medium,medium,0.8870143638353266,0.8870143638353266,0.33144697710573867,1,0.8870143638353266,0.11989410307726348,0.018282926950069906,"{""high"": 0.15, ""insufficient"": 0.05, ""low"": 0.1, ""medium"": 0.7}","{""high"": 0.034393279293073634, ""insufficient"": 0.014337251869477697, ""low"": 0.06425510500212218, ""medium"": 0.8870143638353266}",0.18701436383532657,0.03226162398258173,0.16185852161016445,0.0508888152759716,9.0
case_05508022207be7e6,semantic_repeatability,207.57320802658796,235,0,code_review_severity,code_medium_border,,,0.659517637169433,0.7,"low:2,medium:14,high:3,insufficient:1",benchmark_authored_adjudication,,target,choice,medium,medium,0.8870143638353266,0.8870143638353266,0.33144697710573867,1,0.8870143638353266,0.11989410307726348,0.018282926950069906,"{""high"": 0.15, ""insufficient"": 0.05, ""low"": 0.1, ""medium"": 0.7}","{""high"": 0.034393279293073634, ""insufficient"": 0.014337251869477697, ""low"": 0.06425510500212218, ""medium"": 0.8870143638353266}",0.18701436383532657,0.03226162398258173,0.16185852161016445,0.0508888152759716,10.0
case_4d1785ea80b2694f,semantic_repeatability,207.64308399520814,235,0,code_review_severity,code_medium_border,,,0.659517637169433,0.7,"low:2,medium:14,high:3,insufficient:1",benchmark_authored_adjudication,,target,choice,medium,medium,0.8870143638353266,0.8870143638353266,0.33144697710573867,1,0.8870143638353266,0.11989410307726348,0.018282926950069906,"{""high"": 0.15, ""insufficient"": 0.05, ""low"": 0.1, ""medium"": 0.7}","{""high"": 0.034393279293073634, ""insufficient"": 0.014337251869477697, ""low"": 0.06425510500212218, ""medium"": 0.8870143638353266}",0.18701436383532657,0.03226162398258173,0.16185852161016445,0.0508888152759716,11.0
case_4175b529c4fa08e8,semantic_repeatability,207.65208289958537,235,0,code_review_severity,code_medium_border,,,0.659517637169433,0.7,"low:2,medium:14,high:3,insufficient:1",benchmark_authored_adjudication,,target,choice,medium,medium,0.8870143638353266,0.8870143638353266,0.33144697710573867,1,0.8870143638353266,0.11989410307726348,0.018282926950069906,"{""high"": 0.15, ""insufficient"": 0.05, ""low"": 0.1, ""medium"": 0.7}","{""high"": 0.034393279293073634, ""insufficient"": 0.014337251869477697, ""low"": 0.06425510500212218, ""medium"": 0.8870143638353266}",0.18701436383532657,0.03226162398258173,0.16185852161016445,0.0508888152759716,12.0
case_66f48d906ea243ae,semantic_repeatability,206.97720884345472,235,0,code_review_severity,code_medium_border,,,0.659517637169433,0.7,"low:2,medium:14,high:3,insufficient:1",benchmark_authored_adjudication,,target,choice,medium,medium,0.8870143638353266,0.8870143638353266,0.33144697710573867,1,0.8870143638353266,0.11989410307726348,0.018282926950069906,"{""high"": 0.15, ""insufficient"": 0.05, ""low"": 0.1, ""medium"": 0.7}","{""high"": 0.034393279293073634, ""insufficient"": 0.014337251869477697, ""low"": 0.06425510500212218, ""medium"": 0.8870143638353266}",0.18701436383532657,0.03226162398258173,0.16185852161016445,0.0508888152759716,13.0
case_352b22f181766710,semantic_repeatability,208.28316709958017,235,0,code_review_severity,code_medium_border,,,0.659517637169433,0.7,"low:2,medium:14,high:3,insufficient:1",benchmark_authored_adjudication,,target,choice,medium,medium,0.8870143638353266,0.8870143638353266,0.33144697710573867,1,0.8870143638353266,0.11989410307726348,0.018282926950069906,"{""high"": 0.15, ""insufficient"": 0.05, ""low"": 0.1, ""medium"": 0.7}","{""high"": 0.034393279293073634, ""insufficient"": 0.014337251869477697, ""low"": 0.06425510500212218, ""medium"": 0.8870143638353266}",0.18701436383532657,0.03226162398258173,0.16185852161016445,0.0508888152759716,14.0
case_3da4700faa515f9e,semantic_repeatability,207.93204195797443,235,0,code_review_severity,code_medium_border,,,0.659517637169433,0.7,"low:2,medium:14,high:3,insufficient:1",benchmark_authored_adjudication,,target,choice,medium,medium,0.8870143638353266,0.8870143638353266,0.33144697710573867,1,0.8870143638353266,0.11989410307726348,0.018282926950069906,"{""high"": 0.15, ""insufficient"": 0.05, ""low"": 0.1, ""medium"": 0.7}","{""high"": 0.034393279293073634, ""insufficient"": 0.014337251869477697, ""low"": 0.06425510500212218, ""medium"": 0.8870143638353266}",0.18701436383532657,0.03226162398258173,0.16185852161016445,0.0508888152759716,15.0
case_3c9aae11e536712c,semantic_repeatability,206.93170791491866,235,0,code_review_severity,code_medium_border,,,0.659517637169433,0.7,"low:2,medium:14,high:3,insufficient:1",benchmark_authored_adjudication,,target,choice,medium,medium,0.8870143638353266,0.8870143638353266,0.33144697710573867,1,0.8870143638353266,0.11989410307726348,0.018282926950069906,"{""high"": 0.15, ""insufficient"": 0.05, ""low"": 0.1, ""medium"": 0.7}","{""high"": 0.034393279293073634, ""insufficient"": 0.014337251869477697, ""low"": 0.06425510500212218, ""medium"": 0.8870143638353266}",0.18701436383532657,0.03226162398258173,0.16185852161016445,0.0508888152759716,16.0
case_77bec4683d0834d1,semantic_repeatability,206.95029105991125,235,0,code_review_severity,code_medium_border,,,0.659517637169433,0.7,"low:2,medium:14,high:3,insufficient:1",benchmark_authored_adjudication,,target,choice,medium,medium,0.8870143638353266,0.8870143638353266,0.33144697710573867,1,0.8870143638353266,0.11989410307726348,0.018282926950069906,"{""high"": 0.15, ""insufficient"": 0.05, ""low"": 0.1, ""medium"": 0.7}","{""high"": 0.034393279293073634, ""insufficient"": 0.014337251869477697, ""low"": 0.06425510500212218, ""medium"": 0.8870143638353266}",0.18701436383532657,0.03226162398258173,0.16185852161016445,0.0508888152759716,17.0
case_ca36e67216705e16,semantic_repeatability,206.9655831437558,235,0,code_review_severity,code_medium_border,,,0.659517637169433,0.7,"low:2,medium:14,high:3,insufficient:1",benchmark_authored_adjudication,,target,choice,medium,medium,0.8870143638353266,0.8870143638353266,0.33144697710573867,1,0.8870143638353266,0.11989410307726348,0.018282926950069906,"{""high"": 0.15, ""insufficient"": 0.05, ""low"": 0.1, ""medium"": 0.7}","{""high"": 0.034393279293073634, ""insufficient"": 0.014337251869477697, ""low"": 0.06425510500212218, ""medium"": 0.8870143638353266}",0.18701436383532657,0.03226162398258173,0.16185852161016445,0.0508888152759716,18.0
case_e4f147eab42ad446,semantic_repeatability,207.96158304437995,235,0,code_review_severity,code_medium_border,,,0.659517637169433,0.7,"low:2,medium:14,high:3,insufficient:1",benchmark_authored_adjudication,,target,choice,medium,medium,0.8870143638353266,0.8870143638353266,0.33144697710573867,1,0.8870143638353266,0.11989410307726348,0.018282926950069906,"{""high"": 0.15, ""insufficient"": 0.05, ""low"": 0.1, ""medium"": 0.7}","{""high"": 0.034393279293073634, ""insufficient"": 0.014337251869477697, ""low"": 0.06425510500212218, ""medium"": 0.8870143638353266}",0.18701436383532657,0.03226162398258173,0.16185852161016445,0.0508888152759716,19.0
case_c9e4c6218f29769c,semantic_repeatability,208.01983401179314,235,0,code_review_severity,code_medium_border,,,0.659517637169433,0.7,"low:2,medium:14,high:3,insufficient:1",benchmark_authored_adjudication,,target,choice,medium,medium,0.8870143638353266,0.8870143638353266,0.33144697710573867,1,0.8870143638353266,0.11989410307726348,0.018282926950069906,"{""high"": 0.15, ""insufficient"": 0.05, ""low"": 0.1, ""medium"": 0.7}","{""high"": 0.034393279293073634, ""insufficient"": 0.014337251869477697, ""low"": 0.06425510500212218, ""medium"": 0.8870143638353266}",0.18701436383532657,0.03226162398258173,0.16185852161016445,0.0508888152759716,20.0
case_7ee060dbaf2774b1,semantic_repeatability,208.8152919895947,235,0,code_review_severity,code_medium_border,,,0.659517637169433,0.7,"low:2,medium:14,high:3,insufficient:1",benchmark_authored_adjudication,,target,choice,medium,medium,0.8870143638353266,0.8870143638353266,0.33144697710573867,1,0.8870143638353266,0.11989410307726348,0.018282926950069906,"{""high"": 0.15, ""insufficient"": 0.05, ""low"": 0.1, ""medium"": 0.7}","{""high"": 0.034393279293073634, ""insufficient"": 0.014337251869477697, ""low"": 0.06425510500212218, ""medium"": 0.8870143638353266}",0.18701436383532657,0.03226162398258173,0.16185852161016445,0.0508888152759716,21.0
case_1bb98d524a608e55,semantic_repeatability,207.783583085984,235,0,code_review_severity,code_medium_border,,,0.659517637169433,0.7,"low:2,medium:14,high:3,insufficient:1",benchmark_authored_adjudication,,target,choice,medium,medium,0.8870143638353266,0.8870143638353266,0.33144697710573867,1,0.8870143638353266,0.11989410307726348,0.018282926950069906,"{""high"": 0.15, ""insufficient"": 0.05, ""low"": 0.1, ""medium"": 0.7}","{""high"": 0.034393279293073634, ""insufficient"": 0.014337251869477697, ""low"": 0.06425510500212218, ""medium"": 0.8870143638353266}",0.18701436383532657,0.03226162398258173,0.16185852161016445,0.0508888152759716,22.0
case_5706c6490196ebff,semantic_repeatability,207.48599991202354,235,0,code_review_severity,code_medium_border,,,0.659517637169433,0.7,"low:2,medium:14,high:3,insufficient:1",benchmark_authored_adjudication,,target,choice,medium,medium,0.8870143638353266,0.8870143638353266,0.33144697710573867,1,0.8870143638353266,0.11989410307726348,0.018282926950069906,"{""high"": 0.15, ""insufficient"": 0.05, ""low"": 0.1, ""medium"": 0.7}","{""high"": 0.034393279293073634, ""insufficient"": 0.014337251869477697, ""low"": 0.06425510500212218, ""medium"": 0.8870143638353266}",0.18701436383532657,0.03226162398258173,0.16185852161016445,0.0508888152759716,23.0
case_5fd048612337611f,semantic_repeatability,208.0226659309119,235,0,code_review_severity,code_medium_border,,,0.659517637169433,0.7,"low:2,medium:14,high:3,insufficient:1",benchmark_authored_adjudication,,target,choice,medium,medium,0.8870143638353266,0.8870143638353266,0.33144697710573867,1,0.8870143638353266,0.11989410307726348,0.018282926950069906,"{""high"": 0.15, ""insufficient"": 0.05, ""low"": 0.1, ""medium"": 0.7}","{""high"": 0.034393279293073634, ""insufficient"": 0.014337251869477697, ""low"": 0.06425510500212218, ""medium"": 0.8870143638353266}",0.18701436383532657,0.03226162398258173,0.16185852161016445,0.0508888152759716,24.0
case_7ff230a7c692bd2d,semantic_repeatability,206.62979106418788,235,0,code_review_severity,code_medium_border,,,0.659517637169433,0.7,"low:2,medium:14,high:3,insufficient:1",benchmark_authored_adjudication,,target,choice,medium,medium,0.8870143638353266,0.8870143638353266,0.33144697710573867,1,0.8870143638353266,0.11989410307726348,0.018282926950069906,"{""high"": 0.15, ""insufficient"": 0.05, ""low"": 0.1, ""medium"": 0.7}","{""high"": 0.034393279293073634, ""insufficient"": 0.014337251869477697, ""low"": 0.06425510500212218, ""medium"": 0.8870143638353266}",0.18701436383532657,0.03226162398258173,0.16185852161016445,0.0508888152759716,25.0
case_b92298e1ff55ab52,semantic_repeatability,208.25533382594585,235,0,code_review_severity,code_medium_border,,,0.659517637169433,0.7,"low:2,medium:14,high:3,insufficient:1",benchmark_authored_adjudication,,target,choice,medium,medium,0.8870143638353266,0.8870143638353266,0.33144697710573867,1,0.8870143638353266,0.11989410307726348,0.018282926950069906,"{""high"": 0.15, ""insufficient"": 0.05, ""low"": 0.1, ""medium"": 0.7}","{""high"": 0.034393279293073634, ""insufficient"": 0.014337251869477697, ""low"": 0.06425510500212218, ""medium"": 0.8870143638353266}",0.18701436383532657,0.03226162398258173,0.16185852161016445,0.0508888152759716,26.0
case_b18dcc0c63735f38,semantic_repeatability,207.3339580092579,235,0,code_review_severity,code_medium_border,,,0.659517637169433,0.7,"low:2,medium:14,high:3,insufficient:1",benchmark_authored_adjudication,,target,choice,medium,medium,0.8870143638353266,0.8870143638353266,0.33144697710573867,1,0.8870143638353266,0.11989410307726348,0.018282926950069906,"{""high"": 0.15, ""insufficient"": 0.05, ""low"": 0.1, ""medium"": 0.7}","{""high"": 0.034393279293073634, ""insufficient"": 0.014337251869477697, ""low"": 0.06425510500212218, ""medium"": 0.8870143638353266}",0.18701436383532657,0.03226162398258173,0.16185852161016445,0.0508888152759716,27.0
case_56fefbfb14de8a17,semantic_repeatability,208.32724985666573,235,0,code_review_severity,code_medium_border,,,0.659517637169433,0.7,"low:2,medium:14,high:3,insufficient:1",benchmark_authored_adjudication,,target,choice,medium,medium,0.8870143638353266,0.8870143638353266,0.33144697710573867,1,0.8870143638353266,0.11989410307726348,0.018282926950069906,"{""high"": 0.15, ""insufficient"": 0.05, ""low"": 0.1, ""medium"": 0.7}","{""high"": 0.034393279293073634, ""insufficient"": 0.014337251869477697, ""low"": 0.06425510500212218, ""medium"": 0.8870143638353266}",0.18701436383532657,0.03226162398258173,0.16185852161016445,0.0508888152759716,28.0
case_df1b2e3cd61645a4,semantic_repeatability,207.19991601072252,235,0,code_review_severity,code_medium_border,,,0.659517637169433,0.7,"low:2,medium:14,high:3,insufficient:1",benchmark_authored_adjudication,,target,choice,medium,medium,0.8870143638353266,0.8870143638353266,0.33144697710573867,1,0.8870143638353266,0.11989410307726348,0.018282926950069906,"{""high"": 0.15, ""insufficient"": 0.05, ""low"": 0.1, ""medium"": 0.7}","{""high"": 0.034393279293073634, ""insufficient"": 0.014337251869477697, ""low"": 0.06425510500212218, ""medium"": 0.8870143638353266}",0.18701436383532657,0.03226162398258173,0.16185852161016445,0.0508888152759716,29.0
case_3e97300aa2f4cdc2,semantic_repeatability,206.45362487994134,223,0,code_review_severity,code_low_medium,,,0.5941881858672536,0.6,"low:12,medium:7,high:0,insufficient:1",benchmark_authored_adjudication,,target,choice,low,medium,0.6601293749651241,0.6601293749651241,0.7042073042524075,0,0.18913023247582714,1.6653194404971694,1.1050321481035776,"{""high"": 0.0, ""insufficient"": 0.05, ""low"": 0.6, ""medium"": 0.35}","{""high"": 0.06140159662533558, ""insufficient"": 0.08933879593371319, ""low"": 0.18913023247582714, ""medium"": 0.6601293749651241}",0.41086976752417287,0.1044929626784026,0.4415997089853383,0.27031189201528116,0.0
case_de8d06e1093ea316,semantic_repeatability,206.11920882947743,223,0,code_review_severity,code_low_medium,,,0.5941881858672536,0.6,"low:12,medium:7,high:0,insufficient:1",benchmark_authored_adjudication,,target,choice,low,medium,0.6601293749651241,0.6601293749651241,0.7042073042524075,0,0.18913023247582714,1.6653194404971694,1.1050321481035776,"{""high"": 0.0, ""insufficient"": 0.05, ""low"": 0.6, ""medium"": 0.35}","{""high"": 0.06140159662533558, ""insufficient"": 0.08933879593371319, ""low"": 0.18913023247582714, ""medium"": 0.6601293749651241}",0.41086976752417287,0.1044929626784026,0.4415997089853383,0.27031189201528116,1.0
case_672ade46e6629fa4,semantic_repeatability,206.0810001567006,223,0,code_review_severity,code_low_medium,,,0.5941881858672536,0.6,"low:12,medium:7,high:0,insufficient:1",benchmark_authored_adjudication,,target,choice,low,medium,0.6601293749651241,0.6601293749651241,0.7042073042524075,0,0.18913023247582714,1.6653194404971694,1.1050321481035776,"{""high"": 0.0, ""insufficient"": 0.05, ""low"": 0.6, ""medium"": 0.35}","{""high"": 0.06140159662533558, ""insufficient"": 0.08933879593371319, ""low"": 0.18913023247582714, ""medium"": 0.6601293749651241}",0.41086976752417287,0.1044929626784026,0.4415997089853383,0.27031189201528116,2.0
case_12d7084cde4384e9,semantic_repeatability,205.68324998021126,223,0,code_review_severity,code_low_medium,,,0.5941881858672536,0.6,"low:12,medium:7,high:0,insufficient:1",benchmark_authored_adjudication,,target,choice,low,medium,0.6601293749651241,0.6601293749651241,0.7042073042524075,0,0.18913023247582714,1.6653194404971694,1.1050321481035776,"{""high"": 0.0, ""insufficient"": 0.05, ""low"": 0.6, ""medium"": 0.35}","{""high"": 0.06140159662533558, ""insufficient"": 0.08933879593371319, ""low"": 0.18913023247582714, ""medium"": 0.6601293749651241}",0.41086976752417287,0.1044929626784026,0.4415997089853383,0.27031189201528116,3.0
case_57068019ab5adc00,semantic_repeatability,205.80233307555318,223,0,code_review_severity,code_low_medium,,,0.5941881858672536,0.6,"low:12,medium:7,high:0,insufficient:1",benchmark_authored_adjudication,,target,choice,low,medium,0.6601293749651241,0.6601293749651241,0.7042073042524075,0,0.18913023247582714,1.6653194404971694,1.1050321481035776,"{""high"": 0.0, ""insufficient"": 0.05, ""low"": 0.6, ""medium"": 0.35}","{""high"": 0.06140159662533558, ""insufficient"": 0.08933879593371319, ""low"": 0.18913023247582714, ""medium"": 0.6601293749651241}",0.41086976752417287,0.1044929626784026,0.4415997089853383,0.27031189201528116,4.0
case_b67ffbf0ef37b45b,semantic_repeatability,205.19829192198813,223,0,code_review_severity,code_low_medium,,,0.5941881858672536,0.6,"low:12,medium:7,high:0,insufficient:1",benchmark_authored_adjudication,,target,choice,low,medium,0.6601293749651241,0.6601293749651241,0.7042073042524075,0,0.18913023247582714,1.6653194404971694,1.1050321481035776,"{""high"": 0.0, ""insufficient"": 0.05, ""low"": 0.6, ""medium"": 0.35}","{""high"": 0.06140159662533558, ""insufficient"": 0.08933879593371319, ""low"": 0.18913023247582714, ""medium"": 0.6601293749651241}",0.41086976752417287,0.1044929626784026,0.4415997089853383,0.27031189201528116,5.0
case_6fc90bd2c841a88a,semantic_repeatability,205.75533411465585,223,0,code_review_severity,code_low_medium,,,0.5941881858672536,0.6,"low:12,medium:7,high:0,insufficient:1",benchmark_authored_adjudication,,target,choice,low,medium,0.6601293749651241,0.6601293749651241,0.7042073042524075,0,0.18913023247582714,1.6653194404971694,1.1050321481035776,"{""high"": 0.0, ""insufficient"": 0.05, ""low"": 0.6, ""medium"": 0.35}","{""high"": 0.06140159662533558, ""insufficient"": 0.08933879593371319, ""low"": 0.18913023247582714, ""medium"": 0.6601293749651241}",0.41086976752417287,0.1044929626784026,0.4415997089853383,0.27031189201528116,6.0
case_afe8b7bd2c6148a2,semantic_repeatability,205.90466610156,223,0,code_review_severity,code_low_medium,,,0.5941881858672536,0.6,"low:12,medium:7,high:0,insufficient:1",benchmark_authored_adjudication,,target,choice,low,medium,0.6601293749651241,0.6601293749651241,0.7042073042524075,0,0.18913023247582714,1.6653194404971694,1.1050321481035776,"{""high"": 0.0, ""insufficient"": 0.05, ""low"": 0.6, ""medium"": 0.35}","{""high"": 0.06140159662533558, ""insufficient"": 0.08933879593371319, ""low"": 0.18913023247582714, ""medium"": 0.6601293749651241}",0.41086976752417287,0.1044929626784026,0.4415997089853383,0.27031189201528116,7.0
case_e07b3cc9a5b6c804,semantic_repeatability,206.4090829808265,223,0,code_review_severity,code_low_medium,,,0.5941881858672536,0.6,"low:12,medium:7,high:0,insufficient:1",benchmark_authored_adjudication,,target,choice,low,medium,0.6601293749651241,0.6601293749651241,0.7042073042524075,0,0.18913023247582714,1.6653194404971694,1.1050321481035776,"{""high"": 0.0, ""insufficient"": 0.05, ""low"": 0.6, ""medium"": 0.35}","{""high"": 0.06140159662533558, ""insufficient"": 0.08933879593371319, ""low"": 0.18913023247582714, ""medium"": 0.6601293749651241}",0.41086976752417287,0.1044929626784026,0.4415997089853383,0.27031189201528116,8.0
case_e8e529a6bce84bdf,semantic_repeatability,204.59374994970858,223,0,code_review_severity,code_low_medium,,,0.5941881858672536,0.6,"low:12,medium:7,high:0,insufficient:1",benchmark_authored_adjudication,,target,choice,low,medium,0.6601293749651241,0.6601293749651241,0.7042073042524075,0,0.18913023247582714,1.6653194404971694,1.1050321481035776,"{""high"": 0.0, ""insufficient"": 0.05, ""low"": 0.6, ""medium"": 0.35}","{""high"": 0.06140159662533558, ""insufficient"": 0.08933879593371319, ""low"": 0.18913023247582714, ""medium"": 0.6601293749651241}",0.41086976752417287,0.1044929626784026,0.4415997089853383,0.27031189201528116,9.0
case_540c4b27018eaf02,semantic_repeatability,205.7737079448998,223,0,code_review_severity,code_low_medium,,,0.5941881858672536,0.6,"low:12,medium:7,high:0,insufficient:1",benchmark_authored_adjudication,,target,choice,low,medium,0.6601293749651241,0.6601293749651241,0.7042073042524075,0,0.18913023247582714,1.6653194404971694,1.1050321481035776,"{""high"": 0.0, ""insufficient"": 0.05, ""low"": 0.6, ""medium"": 0.35}","{""high"": 0.06140159662533558, ""insufficient"": 0.08933879593371319, ""low"": 0.18913023247582714, ""medium"": 0.6601293749651241}",0.41086976752417287,0.1044929626784026,0.4415997089853383,0.27031189201528116,10.0
case_405a75d0d4b81e2d,semantic_repeatability,205.45074995607138,223,0,code_review_severity,code_low_medium,,,0.5941881858672536,0.6,"low:12,medium:7,high:0,insufficient:1",benchmark_authored_adjudication,,target,choice,low,medium,0.6601293749651241,0.6601293749651241,0.7042073042524075,0,0.18913023247582714,1.6653194404971694,1.1050321481035776,"{""high"": 0.0, ""insufficient"": 0.05, ""low"": 0.6, ""medium"": 0.35}","{""high"": 0.06140159662533558, ""insufficient"": 0.08933879593371319, ""low"": 0.18913023247582714, ""medium"": 0.6601293749651241}",0.41086976752417287,0.1044929626784026,0.4415997089853383,0.27031189201528116,11.0
case_6944c003bf1a091d,semantic_repeatability,205.51945897750556,223,0,code_review_severity,code_low_medium,,,0.5941881858672536,0.6,"low:12,medium:7,high:0,insufficient:1",benchmark_authored_adjudication,,target,choice,low,medium,0.6601293749651241,0.6601293749651241,0.7042073042524075,0,0.18913023247582714,1.6653194404971694,1.1050321481035776,"{""high"": 0.0, ""insufficient"": 0.05, ""low"": 0.6, ""medium"": 0.35}","{""high"": 0.06140159662533558, ""insufficient"": 0.08933879593371319, ""low"": 0.18913023247582714, ""medium"": 0.6601293749651241}",0.41086976752417287,0.1044929626784026,0.4415997089853383,0.27031189201528116,12.0
case_b7d17653f064da50,semantic_repeatability,206.60945889540017,223,0,code_review_severity,code_low_medium,,,0.5941881858672536,0.6,"low:12,medium:7,high:0,insufficient:1",benchmark_authored_adjudication,,target,choice,low,medium,0.6601293749651241,0.6601293749651241,0.7042073042524075,0,0.18913023247582714,1.6653194404971694,1.1050321481035776,"{""high"": 0.0, ""insufficient"": 0.05, ""low"": 0.6, ""medium"": 0.35}","{""high"": 0.06140159662533558, ""insufficient"": 0.08933879593371319, ""low"": 0.18913023247582714, ""medium"": 0.6601293749651241}",0.41086976752417287,0.1044929626784026,0.4415997089853383,0.27031189201528116,13.0
case_744694f8c3373a92,semantic_repeatability,205.8001251425594,223,0,code_review_severity,code_low_medium,,,0.5941881858672536,0.6,"low:12,medium:7,high:0,insufficient:1",benchmark_authored_adjudication,,target,choice,low,medium,0.6601293749651241,0.6601293749651241,0.7042073042524075,0,0.18913023247582714,1.6653194404971694,1.1050321481035776,"{""high"": 0.0, ""insufficient"": 0.05, ""low"": 0.6, ""medium"": 0.35}","{""high"": 0.06140159662533558, ""insufficient"": 0.08933879593371319, ""low"": 0.18913023247582714, ""medium"": 0.6601293749651241}",0.41086976752417287,0.1044929626784026,0.4415997089853383,0.27031189201528116,14.0
case_e342cf826bc9e537,semantic_repeatability,205.90183301828802,223,0,code_review_severity,code_low_medium,,,0.5941881858672536,0.6,"low:12,medium:7,high:0,insufficient:1",benchmark_authored_adjudication,,target,choice,low,medium,0.6601293749651241,0.6601293749651241,0.7042073042524075,0,0.18913023247582714,1.6653194404971694,1.1050321481035776,"{""high"": 0.0, ""insufficient"": 0.05, ""low"": 0.6, ""medium"": 0.35}","{""high"": 0.06140159662533558, ""insufficient"": 0.08933879593371319, ""low"": 0.18913023247582714, ""medium"": 0.6601293749651241}",0.41086976752417287,0.1044929626784026,0.4415997089853383,0.27031189201528116,15.0
case_094cf97c447bcfa7,semantic_repeatability,205.06383408792317,223,0,code_review_severity,code_low_medium,,,0.5941881858672536,0.6,"low:12,medium:7,high:0,insufficient:1",benchmark_authored_adjudication,,target,choice,low,medium,0.6601293749651241,0.6601293749651241,0.7042073042524075,0,0.18913023247582714,1.6653194404971694,1.1050321481035776,"{""high"": 0.0, ""insufficient"": 0.05, ""low"": 0.6, ""medium"": 0.35}","{""high"": 0.06140159662533558, ""insufficient"": 0.08933879593371319, ""low"": 0.18913023247582714, ""medium"": 0.6601293749651241}",0.41086976752417287,0.1044929626784026,0.4415997089853383,0.27031189201528116,16.0
case_b1dfd65fa93a1a74,semantic_repeatability,205.7760830502957,223,0,code_review_severity,code_low_medium,,,0.5941881858672536,0.6,"low:12,medium:7,high:0,insufficient:1",benchmark_authored_adjudication,,target,choice,low,medium,0.6601293749651241,0.6601293749651241,0.7042073042524075,0,0.18913023247582714,1.6653194404971694,1.1050321481035776,"{""high"": 0.0, ""insufficient"": 0.05, ""low"": 0.6, ""medium"": 0.35}","{""high"": 0.06140159662533558, ""insufficient"": 0.08933879593371319, ""low"": 0.18913023247582714, ""medium"": 0.6601293749651241}",0.41086976752417287,0.1044929626784026,0.4415997089853383,0.27031189201528116,17.0
case_3d5094463c1aacf9,semantic_repeatability,206.23733405955136,223,0,code_review_severity,code_low_medium,,,0.5941881858672536,0.6,"low:12,medium:7,high:0,insufficient:1",benchmark_authored_adjudication,,target,choice,low,medium,0.6601293749651241,0.6601293749651241,0.7042073042524075,0,0.18913023247582714,1.6653194404971694,1.1050321481035776,"{""high"": 0.0, ""insufficient"": 0.05, ""low"": 0.6, ""medium"": 0.35}","{""high"": 0.06140159662533558, ""insufficient"": 0.08933879593371319, ""low"": 0.18913023247582714, ""medium"": 0.6601293749651241}",0.41086976752417287,0.1044929626784026,0.4415997089853383,0.27031189201528116,18.0
case_c242895888cc795b,semantic_repeatability,205.22737503051758,223,0,code_review_severity,code_low_medium,,,0.5941881858672536,0.6,"low:12,medium:7,high:0,insufficient:1",benchmark_authored_adjudication,,target,choice,low,medium,0.6601293749651241,0.6601293749651241,0.7042073042524075,0,0.18913023247582714,1.6653194404971694,1.1050321481035776,"{""high"": 0.0, ""insufficient"": 0.05, ""low"": 0.6, ""medium"": 0.35}","{""high"": 0.06140159662533558, ""insufficient"": 0.08933879593371319, ""low"": 0.18913023247582714, ""medium"": 0.6601293749651241}",0.41086976752417287,0.1044929626784026,0.4415997089853383,0.27031189201528116,19.0
case_ac16bbc1e3c95971,semantic_repeatability,211.20812487788498,223,0,code_review_severity,code_low_medium,,,0.5941881858672536,0.6,"low:12,medium:7,high:0,insufficient:1",benchmark_authored_adjudication,,target,choice,low,medium,0.6601293749651241,0.6601293749651241,0.7042073042524075,0,0.18913023247582714,1.6653194404971694,1.1050321481035776,"{""high"": 0.0, ""insufficient"": 0.05, ""low"": 0.6, ""medium"": 0.35}","{""high"": 0.06140159662533558, ""insufficient"": 0.08933879593371319, ""low"": 0.18913023247582714, ""medium"": 0.6601293749651241}",0.41086976752417287,0.1044929626784026,0.4415997089853383,0.27031189201528116,20.0
case_c36e34f1b0b9a6d1,semantic_repeatability,205.71283414028585,223,0,code_review_severity,code_low_medium,,,0.5941881858672536,0.6,"low:12,medium:7,high:0,insufficient:1",benchmark_authored_adjudication,,target,choice,low,medium,0.6601293749651241,0.6601293749651241,0.7042073042524075,0,0.18913023247582714,1.6653194404971694,1.1050321481035776,"{""high"": 0.0, ""insufficient"": 0.05, ""low"": 0.6, ""medium"": 0.35}","{""high"": 0.06140159662533558, ""insufficient"": 0.08933879593371319, ""low"": 0.18913023247582714, ""medium"": 0.6601293749651241}",0.41086976752417287,0.1044929626784026,0.4415997089853383,0.27031189201528116,21.0
case_65d9f281b2e9aff4,semantic_repeatability,205.8711659628898,223,0,code_review_severity,code_low_medium,,,0.5941881858672536,0.6,"low:12,medium:7,high:0,insufficient:1",benchmark_authored_adjudication,,target,choice,low,medium,0.6601293749651241,0.6601293749651241,0.7042073042524075,0,0.18913023247582714,1.6653194404971694,1.1050321481035776,"{""high"": 0.0, ""insufficient"": 0.05, ""low"": 0.6, ""medium"": 0.35}","{""high"": 0.06140159662533558, ""insufficient"": 0.08933879593371319, ""low"": 0.18913023247582714, ""medium"": 0.6601293749651241}",0.41086976752417287,0.1044929626784026,0.4415997089853383,0.27031189201528116,22.0
case_b2c1cff227cfea0a,semantic_repeatability,205.27775003574789,223,0,code_review_severity,code_low_medium,,,0.5941881858672536,0.6,"low:12,medium:7,high:0,insufficient:1",benchmark_authored_adjudication,,target,choice,low,medium,0.6601293749651241,0.6601293749651241,0.7042073042524075,0,0.18913023247582714,1.6653194404971694,1.1050321481035776,"{""high"": 0.0, ""insufficient"": 0.05, ""low"": 0.6, ""medium"": 0.35}","{""high"": 0.06140159662533558, ""insufficient"": 0.08933879593371319, ""low"": 0.18913023247582714, ""medium"": 0.6601293749651241}",0.41086976752417287,0.1044929626784026,0.4415997089853383,0.27031189201528116,23.0
case_50160c2dfa1bab0c,semantic_repeatability,205.1969999447465,223,0,code_review_severity,code_low_medium,,,0.5941881858672536,0.6,"low:12,medium:7,high:0,insufficient:1",benchmark_authored_adjudication,,target,choice,low,medium,0.6601293749651241,0.6601293749651241,0.7042073042524075,0,0.18913023247582714,1.6653194404971694,1.1050321481035776,"{""high"": 0.0, ""insufficient"": 0.05, ""low"": 0.6, ""medium"": 0.35}","{""high"": 0.06140159662533558, ""insufficient"": 0.08933879593371319, ""low"": 0.18913023247582714, ""medium"": 0.6601293749651241}",0.41086976752417287,0.1044929626784026,0.4415997089853383,0.27031189201528116,24.0
case_4c8c3097182a465e,semantic_repeatability,206.3747919164598,223,0,code_review_severity,code_low_medium,,,0.5941881858672536,0.6,"low:12,medium:7,high:0,insufficient:1",benchmark_authored_adjudication,,target,choice,low,medium,0.6601293749651241,0.6601293749651241,0.7042073042524075,0,0.18913023247582714,1.6653194404971694,1.1050321481035776,"{""high"": 0.0, ""insufficient"": 0.05, ""low"": 0.6, ""medium"": 0.35}","{""high"": 0.06140159662533558, ""insufficient"": 0.08933879593371319, ""low"": 0.18913023247582714, ""medium"": 0.6601293749651241}",0.41086976752417287,0.1044929626784026,0.4415997089853383,0.27031189201528116,25.0
case_6105bb2a14f59f86,semantic_repeatability,205.51712485030293,223,0,code_review_severity,code_low_medium,,,0.5941881858672536,0.6,"low:12,medium:7,high:0,insufficient:1",benchmark_authored_adjudication,,target,choice,low,medium,0.6601293749651241,0.6601293749651241,0.7042073042524075,0,0.18913023247582714,1.6653194404971694,1.1050321481035776,"{""high"": 0.0, ""insufficient"": 0.05, ""low"": 0.6, ""medium"": 0.35}","{""high"": 0.06140159662533558, ""insufficient"": 0.08933879593371319, ""low"": 0.18913023247582714, ""medium"": 0.6601293749651241}",0.41086976752417287,0.1044929626784026,0.4415997089853383,0.27031189201528116,26.0
case_3602ed999a3035c8,semantic_repeatability,205.64979198388755,223,0,code_review_severity,code_low_medium,,,0.5941881858672536,0.6,"low:12,medium:7,high:0,insufficient:1",benchmark_authored_adjudication,,target,choice,low,medium,0.6601293749651241,0.6601293749651241,0.7042073042524075,0,0.18913023247582714,1.6653194404971694,1.1050321481035776,"{""high"": 0.0, ""insufficient"": 0.05, ""low"": 0.6, ""medium"": 0.35}","{""high"": 0.06140159662533558, ""insufficient"": 0.08933879593371319, ""low"": 0.18913023247582714, ""medium"": 0.6601293749651241}",0.41086976752417287,0.1044929626784026,0.4415997089853383,0.27031189201528116,27.0
case_8b73a68357c9df28,semantic_repeatability,205.58662503026426,223,0,code_review_severity,code_low_medium,,,0.5941881858672536,0.6,"low:12,medium:7,high:0,insufficient:1",benchmark_authored_adjudication,,target,choice,low,medium,0.6601293749651241,0.6601293749651241,0.7042073042524075,0,0.18913023247582714,1.6653194404971694,1.1050321481035776,"{""high"": 0.0, ""insufficient"": 0.05, ""low"": 0.6, ""medium"": 0.35}","{""high"": 0.06140159662533558, ""insufficient"": 0.08933879593371319, ""low"": 0.18913023247582714, ""medium"": 0.6601293749651241}",0.41086976752417287,0.1044929626784026,0.4415997089853383,0.27031189201528116,28.0
case_45821e54364565b1,semantic_repeatability,205.81379090435803,223,0,code_review_severity,code_low_medium,,,0.5941881858672536,0.6,"low:12,medium:7,high:0,insufficient:1",benchmark_authored_adjudication,,target,choice,low,medium,0.6601293749651241,0.6601293749651241,0.7042073042524075,0,0.18913023247582714,1.6653194404971694,1.1050321481035776,"{""high"": 0.0, ""insufficient"": 0.05, ""low"": 0.6, ""medium"": 0.35}","{""high"": 0.06140159662533558, ""insufficient"": 0.08933879593371319, ""low"": 0.18913023247582714, ""medium"": 0.6601293749651241}",0.41086976752417287,0.1044929626784026,0.4415997089853383,0.27031189201528116,29.0
case_710bfc435138b5df,semantic_repeatability,206.48262510076165,222,0,code_review_severity,code_insufficient,,,0.7205767639396528,0.65,"low:1,medium:3,high:3,insufficient:13",benchmark_authored_adjudication,,target,choice,insufficient,insufficient,0.9555657361205145,0.9555657361205145,0.14889006281632025,1,0.9555657361205145,0.0454517200539034,0.0033779569780099878,"{""high"": 0.15, ""insufficient"": 0.65, ""low"": 0.05, ""medium"": 0.15}","{""high"": 0.0050143487819197035, ""insufficient"": 0.9555657361205145, ""low"": 0.03705130444920926, ""medium"": 0.0023686106483565166}",0.3055657361205145,0.10446641675527578,0.8965202154503442,0.13635395398836636,0.0
case_4f61e2c5fe34a4d2,semantic_repeatability,205.72670898400247,222,0,code_review_severity,code_insufficient,,,0.7205767639396528,0.65,"low:1,medium:3,high:3,insufficient:13",benchmark_authored_adjudication,,target,choice,insufficient,insufficient,0.9555657361205145,0.9555657361205145,0.14889006281632025,1,0.9555657361205145,0.0454517200539034,0.0033779569780099878,"{""high"": 0.15, ""insufficient"": 0.65, ""low"": 0.05, ""medium"": 0.15}","{""high"": 0.0050143487819197035, ""insufficient"": 0.9555657361205145, ""low"": 0.03705130444920926, ""medium"": 0.0023686106483565166}",0.3055657361205145,0.10446641675527578,0.8965202154503442,0.13635395398836636,1.0
case_b5b8245795c9e073,semantic_repeatability,205.8623342309147,222,0,code_review_severity,code_insufficient,,,0.7205767639396528,0.65,"low:1,medium:3,high:3,insufficient:13",benchmark_authored_adjudication,,target,choice,insufficient,insufficient,0.9555657361205145,0.9555657361205145,0.14889006281632025,1,0.9555657361205145,0.0454517200539034,0.0033779569780099878,"{""high"": 0.15, ""insufficient"": 0.65, ""low"": 0.05, ""medium"": 0.15}","{""high"": 0.0050143487819197035, ""insufficient"": 0.9555657361205145, ""low"": 0.03705130444920926, ""medium"": 0.0023686106483565166}",0.3055657361205145,0.10446641675527578,0.8965202154503442,0.13635395398836636,2.0
case_93b733a4c3fa990b,semantic_repeatability,205.39520890451968,222,0,code_review_severity,code_insufficient,,,0.7205767639396528,0.65,"low:1,medium:3,high:3,insufficient:13",benchmark_authored_adjudication,,target,choice,insufficient,insufficient,0.9555657361205145,0.9555657361205145,0.14889006281632025,1,0.9555657361205145,0.0454517200539034,0.0033779569780099878,"{""high"": 0.15, ""insufficient"": 0.65, ""low"": 0.05, ""medium"": 0.15}","{""high"": 0.0050143487819197035, ""insufficient"": 0.9555657361205145, ""low"": 0.03705130444920926, ""medium"": 0.0023686106483565166}",0.3055657361205145,0.10446641675527578,0.8965202154503442,0.13635395398836636,3.0
case_d87fc77b5bc7b132,semantic_repeatability,205.2568329963833,222,0,code_review_severity,code_insufficient,,,0.7205767639396528,0.65,"low:1,medium:3,high:3,insufficient:13",benchmark_authored_adjudication,,target,choice,insufficient,insufficient,0.9555657361205145,0.9555657361205145,0.14889006281632025,1,0.9555657361205145,0.0454517200539034,0.0033779569780099878,"{""high"": 0.15, ""insufficient"": 0.65, ""low"": 0.05, ""medium"": 0.15}","{""high"": 0.0050143487819197035, ""insufficient"": 0.9555657361205145, ""low"": 0.03705130444920926, ""medium"": 0.0023686106483565166}",0.3055657361205145,0.10446641675527578,0.8965202154503442,0.13635395398836636,4.0
case_592fd064bdbe9845,semantic_repeatability,205.33158304169774,222,0,code_review_severity,code_insufficient,,,0.7205767639396528,0.65,"low:1,medium:3,high:3,insufficient:13",benchmark_authored_adjudication,,target,choice,insufficient,insufficient,0.9555657361205145,0.9555657361205145,0.14889006281632025,1,0.9555657361205145,0.0454517200539034,0.0033779569780099878,"{""high"": 0.15, ""insufficient"": 0.65, ""low"": 0.05, ""medium"": 0.15}","{""high"": 0.0050143487819197035, ""insufficient"": 0.9555657361205145, ""low"": 0.03705130444920926, ""medium"": 0.0023686106483565166}",0.3055657361205145,0.10446641675527578,0.8965202154503442,0.13635395398836636,5.0
case_886dd6a4fd26e7e3,semantic_repeatability,206.77808299660683,222,0,code_review_severity,code_insufficient,,,0.7205767639396528,0.65,"low:1,medium:3,high:3,insufficient:13",benchmark_authored_adjudication,,target,choice,insufficient,insufficient,0.9555657361205145,0.9555657361205145,0.14889006281632025,1,0.9555657361205145,0.0454517200539034,0.0033779569780099878,"{""high"": 0.15, ""insufficient"": 0.65, ""low"": 0.05, ""medium"": 0.15}","{""high"": 0.0050143487819197035, ""insufficient"": 0.9555657361205145, ""low"": 0.03705130444920926, ""medium"": 0.0023686106483565166}",0.3055657361205145,0.10446641675527578,0.8965202154503442,0.13635395398836636,6.0
case_830b3c48f49f1694,semantic_repeatability,205.8560000732541,222,0,code_review_severity,code_insufficient,,,0.7205767639396528,0.65,"low:1,medium:3,high:3,insufficient:13",benchmark_authored_adjudication,,target,choice,insufficient,insufficient,0.9555657361205145,0.9555657361205145,0.14889006281632025,1,0.9555657361205145,0.0454517200539034,0.0033779569780099878,"{""high"": 0.15, ""insufficient"": 0.65, ""low"": 0.05, ""medium"": 0.15}","{""high"": 0.0050143487819197035, ""insufficient"": 0.9555657361205145, ""low"": 0.03705130444920926, ""medium"": 0.0023686106483565166}",0.3055657361205145,0.10446641675527578,0.8965202154503442,0.13635395398836636,7.0
case_cba94fab2335dc0f,semantic_repeatability,205.2089578937739,222,0,code_review_severity,code_insufficient,,,0.7205767639396528,0.65,"low:1,medium:3,high:3,insufficient:13",benchmark_authored_adjudication,,target,choice,insufficient,insufficient,0.9555657361205145,0.9555657361205145,0.14889006281632025,1,0.9555657361205145,0.0454517200539034,0.0033779569780099878,"{""high"": 0.15, ""insufficient"": 0.65, ""low"": 0.05, ""medium"": 0.15}","{""high"": 0.0050143487819197035, ""insufficient"": 0.9555657361205145, ""low"": 0.03705130444920926, ""medium"": 0.0023686106483565166}",0.3055657361205145,0.10446641675527578,0.8965202154503442,0.13635395398836636,8.0
case_33ee75836c87d999,semantic_repeatability,206.01904205977917,222,0,code_review_severity,code_insufficient,,,0.7205767639396528,0.65,"low:1,medium:3,high:3,insufficient:13",benchmark_authored_adjudication,,target,choice,insufficient,insufficient,0.9555657361205145,0.9555657361205145,0.14889006281632025,1,0.9555657361205145,0.0454517200539034,0.0033779569780099878,"{""high"": 0.15, ""insufficient"": 0.65, ""low"": 0.05, ""medium"": 0.15}","{""high"": 0.0050143487819197035, ""insufficient"": 0.9555657361205145, ""low"": 0.03705130444920926, ""medium"": 0.0023686106483565166}",0.3055657361205145,0.10446641675527578,0.8965202154503442,0.13635395398836636,9.0
case_adfab2527bb8e4d8,semantic_repeatability,205.28104109689593,222,0,code_review_severity,code_insufficient,,,0.7205767639396528,0.65,"low:1,medium:3,high:3,insufficient:13",benchmark_authored_adjudication,,target,choice,insufficient,insufficient,0.9555657361205145,0.9555657361205145,0.14889006281632025,1,0.9555657361205145,0.0454517200539034,0.0033779569780099878,"{""high"": 0.15, ""insufficient"": 0.65, ""low"": 0.05, ""medium"": 0.15}","{""high"": 0.0050143487819197035, ""insufficient"": 0.9555657361205145, ""low"": 0.03705130444920926, ""medium"": 0.0023686106483565166}",0.3055657361205145,0.10446641675527578,0.8965202154503442,0.13635395398836636,10.0
case_ea21bb9486bb5f42,semantic_repeatability,206.94979093968868,222,0,code_review_severity,code_insufficient,,,0.7205767639396528,0.65,"low:1,medium:3,high:3,insufficient:13",benchmark_authored_adjudication,,target,choice,insufficient,insufficient,0.9555657361205145,0.9555657361205145,0.14889006281632025,1,0.9555657361205145,0.0454517200539034,0.0033779569780099878,"{""high"": 0.15, ""insufficient"": 0.65, ""low"": 0.05, ""medium"": 0.15}","{""high"": 0.0050143487819197035, ""insufficient"": 0.9555657361205145, ""low"": 0.03705130444920926, ""medium"": 0.0023686106483565166}",0.3055657361205145,0.10446641675527578,0.8965202154503442,0.13635395398836636,11.0
case_42d5331f9d6ff318,semantic_repeatability,205.93495899811387,222,0,code_review_severity,code_insufficient,,,0.7205767639396528,0.65,"low:1,medium:3,high:3,insufficient:13",benchmark_authored_adjudication,,target,choice,insufficient,insufficient,0.9555657361205145,0.9555657361205145,0.14889006281632025,1,0.9555657361205145,0.0454517200539034,0.0033779569780099878,"{""high"": 0.15, ""insufficient"": 0.65, ""low"": 0.05, ""medium"": 0.15}","{""high"": 0.0050143487819197035, ""insufficient"": 0.9555657361205145, ""low"": 0.03705130444920926, ""medium"": 0.0023686106483565166}",0.3055657361205145,0.10446641675527578,0.8965202154503442,0.13635395398836636,12.0
case_65d50d1633010f65,semantic_repeatability,205.04145813174546,222,0,code_review_severity,code_insufficient,,,0.7205767639396528,0.65,"low:1,medium:3,high:3,insufficient:13",benchmark_authored_adjudication,,target,choice,insufficient,insufficient,0.9555657361205145,0.9555657361205145,0.14889006281632025,1,0.9555657361205145,0.0454517200539034,0.0033779569780099878,"{""high"": 0.15, ""insufficient"": 0.65, ""low"": 0.05, ""medium"": 0.15}","{""high"": 0.0050143487819197035, ""insufficient"": 0.9555657361205145, ""low"": 0.03705130444920926, ""medium"": 0.0023686106483565166}",0.3055657361205145,0.10446641675527578,0.8965202154503442,0.13635395398836636,13.0
case_2841e5565176430f,semantic_repeatability,205.2462080027908,222,0,code_review_severity,code_insufficient,,,0.7205767639396528,0.65,"low:1,medium:3,high:3,insufficient:13",benchmark_authored_adjudication,,target,choice,insufficient,insufficient,0.9555657361205145,0.9555657361205145,0.14889006281632025,1,0.9555657361205145,0.0454517200539034,0.0033779569780099878,"{""high"": 0.15, ""insufficient"": 0.65, ""low"": 0.05, ""medium"": 0.15}","{""high"": 0.0050143487819197035, ""insufficient"": 0.9555657361205145, ""low"": 0.03705130444920926, ""medium"": 0.0023686106483565166}",0.3055657361205145,0.10446641675527578,0.8965202154503442,0.13635395398836636,14.0
case_64f77f1c81617e42,semantic_repeatability,205.23079088889062,222,0,code_review_severity,code_insufficient,,,0.7205767639396528,0.65,"low:1,medium:3,high:3,insufficient:13",benchmark_authored_adjudication,,target,choice,insufficient,insufficient,0.9555657361205145,0.9555657361205145,0.14889006281632025,1,0.9555657361205145,0.0454517200539034,0.0033779569780099878,"{""high"": 0.15, ""insufficient"": 0.65, ""low"": 0.05, ""medium"": 0.15}","{""high"": 0.0050143487819197035, ""insufficient"": 0.9555657361205145, ""low"": 0.03705130444920926, ""medium"": 0.0023686106483565166}",0.3055657361205145,0.10446641675527578,0.8965202154503442,0.13635395398836636,15.0
case_c9ef6f5a3a063f17,semantic_repeatability,205.49091696739197,222,0,code_review_severity,code_insufficient,,,0.7205767639396528,0.65,"low:1,medium:3,high:3,insufficient:13",benchmark_authored_adjudication,,target,choice,insufficient,insufficient,0.9555657361205145,0.9555657361205145,0.14889006281632025,1,0.9555657361205145,0.0454517200539034,0.0033779569780099878,"{""high"": 0.15, ""insufficient"": 0.65, ""low"": 0.05, ""medium"": 0.15}","{""high"": 0.0050143487819197035, ""insufficient"": 0.9555657361205145, ""low"": 0.03705130444920926, ""medium"": 0.0023686106483565166}",0.3055657361205145,0.10446641675527578,0.8965202154503442,0.13635395398836636,16.0
case_d056b2b422b02c64,semantic_repeatability,205.75845893472433,222,0,code_review_severity,code_insufficient,,,0.7205767639396528,0.65,"low:1,medium:3,high:3,insufficient:13",benchmark_authored_adjudication,,target,choice,insufficient,insufficient,0.9555657361205145,0.9555657361205145,0.14889006281632025,1,0.9555657361205145,0.0454517200539034,0.0033779569780099878,"{""high"": 0.15, ""insufficient"": 0.65, ""low"": 0.05, ""medium"": 0.15}","{""high"": 0.0050143487819197035, ""insufficient"": 0.9555657361205145, ""low"": 0.03705130444920926, ""medium"": 0.0023686106483565166}",0.3055657361205145,0.10446641675527578,0.8965202154503442,0.13635395398836636,17.0
case_07d8dfe8f3aac3a1,semantic_repeatability,205.32304211519659,222,0,code_review_severity,code_insufficient,,,0.7205767639396528,0.65,"low:1,medium:3,high:3,insufficient:13",benchmark_authored_adjudication,,target,choice,insufficient,insufficient,0.9555657361205145,0.9555657361205145,0.14889006281632025,1,0.9555657361205145,0.0454517200539034,0.0033779569780099878,"{""high"": 0.15, ""insufficient"": 0.65, ""low"": 0.05, ""medium"": 0.15}","{""high"": 0.0050143487819197035, ""insufficient"": 0.9555657361205145, ""low"": 0.03705130444920926, ""medium"": 0.0023686106483565166}",0.3055657361205145,0.10446641675527578,0.8965202154503442,0.13635395398836636,18.0
case_e6ee42a1868c851c,semantic_repeatability,205.90279181487858,222,0,code_review_severity,code_insufficient,,,0.7205767639396528,0.65,"low:1,medium:3,high:3,insufficient:13",benchmark_authored_adjudication,,target,choice,insufficient,insufficient,0.9555657361205145,0.9555657361205145,0.14889006281632025,1,0.9555657361205145,0.0454517200539034,0.0033779569780099878,"{""high"": 0.15, ""insufficient"": 0.65, ""low"": 0.05, ""medium"": 0.15}","{""high"": 0.0050143487819197035, ""insufficient"": 0.9555657361205145, ""low"": 0.03705130444920926, ""medium"": 0.0023686106483565166}",0.3055657361205145,0.10446641675527578,0.8965202154503442,0.13635395398836636,19.0
case_4c0eb189ff903f0c,semantic_repeatability,205.59704187326133,222,0,code_review_severity,code_insufficient,,,0.7205767639396528,0.65,"low:1,medium:3,high:3,insufficient:13",benchmark_authored_adjudication,,target,choice,insufficient,insufficient,0.9555657361205145,0.9555657361205145,0.14889006281632025,1,0.9555657361205145,0.0454517200539034,0.0033779569780099878,"{""high"": 0.15, ""insufficient"": 0.65, ""low"": 0.05, ""medium"": 0.15}","{""high"": 0.0050143487819197035, ""insufficient"": 0.9555657361205145, ""low"": 0.03705130444920926, ""medium"": 0.0023686106483565166}",0.3055657361205145,0.10446641675527578,0.8965202154503442,0.13635395398836636,20.0
case_088692cdba65b708,semantic_repeatability,205.79699985682964,222,0,code_review_severity,code_insufficient,,,0.7205767639396528,0.65,"low:1,medium:3,high:3,insufficient:13",benchmark_authored_adjudication,,target,choice,insufficient,insufficient,0.9555657361205145,0.9555657361205145,0.14889006281632025,1,0.9555657361205145,0.0454517200539034,0.0033779569780099878,"{""high"": 0.15, ""insufficient"": 0.65, ""low"": 0.05, ""medium"": 0.15}","{""high"": 0.0050143487819197035, ""insufficient"": 0.9555657361205145, ""low"": 0.03705130444920926, ""medium"": 0.0023686106483565166}",0.3055657361205145,0.10446641675527578,0.8965202154503442,0.13635395398836636,21.0
case_39046bbd1f444d8d,semantic_repeatability,205.37441689521074,222,0,code_review_severity,code_insufficient,,,0.7205767639396528,0.65,"low:1,medium:3,high:3,insufficient:13",benchmark_authored_adjudication,,target,choice,insufficient,insufficient,0.9555657361205145,0.9555657361205145,0.14889006281632025,1,0.9555657361205145,0.0454517200539034,0.0033779569780099878,"{""high"": 0.15, ""insufficient"": 0.65, ""low"": 0.05, ""medium"": 0.15}","{""high"": 0.0050143487819197035, ""insufficient"": 0.9555657361205145, ""low"": 0.03705130444920926, ""medium"": 0.0023686106483565166}",0.3055657361205145,0.10446641675527578,0.8965202154503442,0.13635395398836636,22.0
case_e8105954229332a2,semantic_repeatability,205.42062493041158,222,0,code_review_severity,code_insufficient,,,0.7205767639396528,0.65,"low:1,medium:3,high:3,insufficient:13",benchmark_authored_adjudication,,target,choice,insufficient,insufficient,0.9555657361205145,0.9555657361205145,0.14889006281632025,1,0.9555657361205145,0.0454517200539034,0.0033779569780099878,"{""high"": 0.15, ""insufficient"": 0.65, ""low"": 0.05, ""medium"": 0.15}","{""high"": 0.0050143487819197035, ""insufficient"": 0.9555657361205145, ""low"": 0.03705130444920926, ""medium"": 0.0023686106483565166}",0.3055657361205145,0.10446641675527578,0.8965202154503442,0.13635395398836636,23.0
case_fef42d97d62c49b8,semantic_repeatability,205.80108393914998,222,0,code_review_severity,code_insufficient,,,0.7205767639396528,0.65,"low:1,medium:3,high:3,insufficient:13",benchmark_authored_adjudication,,target,choice,insufficient,insufficient,0.9555657361205145,0.9555657361205145,0.14889006281632025,1,0.9555657361205145,0.0454517200539034,0.0033779569780099878,"{""high"": 0.15, ""insufficient"": 0.65, ""low"": 0.05, ""medium"": 0.15}","{""high"": 0.0050143487819197035, ""insufficient"": 0.9555657361205145, ""low"": 0.03705130444920926, ""medium"": 0.0023686106483565166}",0.3055657361205145,0.10446641675527578,0.8965202154503442,0.13635395398836636,24.0
case_25c3575fae7a0bc0,semantic_repeatability,205.7012498844415,222,0,code_review_severity,code_insufficient,,,0.7205767639396528,0.65,"low:1,medium:3,high:3,insufficient:13",benchmark_authored_adjudication,,target,choice,insufficient,insufficient,0.9555657361205145,0.9555657361205145,0.14889006281632025,1,0.9555657361205145,0.0454517200539034,0.0033779569780099878,"{""high"": 0.15, ""insufficient"": 0.65, ""low"": 0.05, ""medium"": 0.15}","{""high"": 0.0050143487819197035, ""insufficient"": 0.9555657361205145, ""low"": 0.03705130444920926, ""medium"": 0.0023686106483565166}",0.3055657361205145,0.10446641675527578,0.8965202154503442,0.13635395398836636,25.0
case_89e2bda49b4e6265,semantic_repeatability,205.2223749924451,222,0,code_review_severity,code_insufficient,,,0.7205767639396528,0.65,"low:1,medium:3,high:3,insufficient:13",benchmark_authored_adjudication,,target,choice,insufficient,insufficient,0.9555657361205145,0.9555657361205145,0.14889006281632025,1,0.9555657361205145,0.0454517200539034,0.0033779569780099878,"{""high"": 0.15, ""insufficient"": 0.65, ""low"": 0.05, ""medium"": 0.15}","{""high"": 0.0050143487819197035, ""insufficient"": 0.9555657361205145, ""low"": 0.03705130444920926, ""medium"": 0.0023686106483565166}",0.3055657361205145,0.10446641675527578,0.8965202154503442,0.13635395398836636,26.0
case_4e08220ca6839ab8,semantic_repeatability,205.26949991472065,222,0,code_review_severity,code_insufficient,,,0.7205767639396528,0.65,"low:1,medium:3,high:3,insufficient:13",benchmark_authored_adjudication,,target,choice,insufficient,insufficient,0.9555657361205145,0.9555657361205145,0.14889006281632025,1,0.9555657361205145,0.0454517200539034,0.0033779569780099878,"{""high"": 0.15, ""insufficient"": 0.65, ""low"": 0.05, ""medium"": 0.15}","{""high"": 0.0050143487819197035, ""insufficient"": 0.9555657361205145, ""low"": 0.03705130444920926, ""medium"": 0.0023686106483565166}",0.3055657361205145,0.10446641675527578,0.8965202154503442,0.13635395398836636,27.0
case_4d4093e95457dec9,semantic_repeatability,205.96654200926423,222,0,code_review_severity,code_insufficient,,,0.7205767639396528,0.65,"low:1,medium:3,high:3,insufficient:13",benchmark_authored_adjudication,,target,choice,insufficient,insufficient,0.9555657361205145,0.9555657361205145,0.14889006281632025,1,0.9555657361205145,0.0454517200539034,0.0033779569780099878,"{""high"": 0.15, ""insufficient"": 0.65, ""low"": 0.05, ""medium"": 0.15}","{""high"": 0.0050143487819197035, ""insufficient"": 0.9555657361205145, ""low"": 0.03705130444920926, ""medium"": 0.0023686106483565166}",0.3055657361205145,0.10446641675527578,0.8965202154503442,0.13635395398836636,28.0
case_89cd4497bc580861,semantic_repeatability,205.62150003388524,222,0,code_review_severity,code_insufficient,,,0.7205767639396528,0.65,"low:1,medium:3,high:3,insufficient:13",benchmark_authored_adjudication,,target,choice,insufficient,insufficient,0.9555657361205145,0.9555657361205145,0.14889006281632025,1,0.9555657361205145,0.0454517200539034,0.0033779569780099878,"{""high"": 0.15, ""insufficient"": 0.65, ""low"": 0.05, ""medium"": 0.15}","{""high"": 0.0050143487819197035, ""insufficient"": 0.9555657361205145, ""low"": 0.03705130444920926, ""medium"": 0.0023686106483565166}",0.3055657361205145,0.10446641675527578,0.8965202154503442,0.13635395398836636,29.0
case_3ae3bd2fd3a53252,semantic_repeatability,206.20133308693767,201,0,policy_compliance,policy_insufficient,,,0.745234285366414,0.6,"allowed:2,review:5,prohibited:1,insufficient:12",benchmark_authored_adjudication,,target,choice,insufficient,insufficient,0.9990480848360362,0.9990480848360362,0.006168760690484646,1,0.9990480848360362,0.0009523685229324678,1.2533728442660671e-06,"{""allowed"": 0.1, ""insufficient"": 0.6, ""prohibited"": 0.05, ""review"": 0.25}","{""allowed"": 0.00048763061825964646, ""insufficient"": 0.9990480848360362, ""prohibited"": 0.00020327468438479597, ""review"": 0.0002610098613192568}",0.3990480848360363,0.16089022522220398,2.2178382810062613,0.23399136271892323,0.0
case_b289a3d64a48f2c4,semantic_repeatability,205.43208392336965,201,0,policy_compliance,policy_insufficient,,,0.745234285366414,0.6,"allowed:2,review:5,prohibited:1,insufficient:12",benchmark_authored_adjudication,,target,choice,insufficient,insufficient,0.9990480848360362,0.9990480848360362,0.006168760690484646,1,0.9990480848360362,0.0009523685229324678,1.2533728442660671e-06,"{""allowed"": 0.1, ""insufficient"": 0.6, ""prohibited"": 0.05, ""review"": 0.25}","{""allowed"": 0.00048763061825964646, ""insufficient"": 0.9990480848360362, ""prohibited"": 0.00020327468438479597, ""review"": 0.0002610098613192568}",0.3990480848360363,0.16089022522220398,2.2178382810062613,0.23399136271892323,1.0
case_9700245c70e29c4c,semantic_repeatability,205.29074990190566,201,0,policy_compliance,policy_insufficient,,,0.745234285366414,0.6,"allowed:2,review:5,prohibited:1,insufficient:12",benchmark_authored_adjudication,,target,choice,insufficient,insufficient,0.9990480848360362,0.9990480848360362,0.006168760690484646,1,0.9990480848360362,0.0009523685229324678,1.2533728442660671e-06,"{""allowed"": 0.1, ""insufficient"": 0.6, ""prohibited"": 0.05, ""review"": 0.25}","{""allowed"": 0.00048763061825964646, ""insufficient"": 0.9990480848360362, ""prohibited"": 0.00020327468438479597, ""review"": 0.0002610098613192568}",0.3990480848360363,0.16089022522220398,2.2178382810062613,0.23399136271892323,2.0
case_a32b780c6dba9ecf,semantic_repeatability,204.7611668240279,201,0,policy_compliance,policy_insufficient,,,0.745234285366414,0.6,"allowed:2,review:5,prohibited:1,insufficient:12",benchmark_authored_adjudication,,target,choice,insufficient,insufficient,0.9990480848360362,0.9990480848360362,0.006168760690484646,1,0.9990480848360362,0.0009523685229324678,1.2533728442660671e-06,"{""allowed"": 0.1, ""insufficient"": 0.6, ""prohibited"": 0.05, ""review"": 0.25}","{""allowed"": 0.00048763061825964646, ""insufficient"": 0.9990480848360362, ""prohibited"": 0.00020327468438479597, ""review"": 0.0002610098613192568}",0.3990480848360363,0.16089022522220398,2.2178382810062613,0.23399136271892323,3.0
case_e787053216c00420,semantic_repeatability,205.94354206696153,201,0,policy_compliance,policy_insufficient,,,0.745234285366414,0.6,"allowed:2,review:5,prohibited:1,insufficient:12",benchmark_authored_adjudication,,target,choice,insufficient,insufficient,0.9990480848360362,0.9990480848360362,0.006168760690484646,1,0.9990480848360362,0.0009523685229324678,1.2533728442660671e-06,"{""allowed"": 0.1, ""insufficient"": 0.6, ""prohibited"": 0.05, ""review"": 0.25}","{""allowed"": 0.00048763061825964646, ""insufficient"": 0.9990480848360362, ""prohibited"": 0.00020327468438479597, ""review"": 0.0002610098613192568}",0.3990480848360363,0.16089022522220398,2.2178382810062613,0.23399136271892323,4.0
case_2c8110d4e762f36d,semantic_repeatability,205.24145802482963,201,0,policy_compliance,policy_insufficient,,,0.745234285366414,0.6,"allowed:2,review:5,prohibited:1,insufficient:12",benchmark_authored_adjudication,,target,choice,insufficient,insufficient,0.9990480848360362,0.9990480848360362,0.006168760690484646,1,0.9990480848360362,0.0009523685229324678,1.2533728442660671e-06,"{""allowed"": 0.1, ""insufficient"": 0.6, ""prohibited"": 0.05, ""review"": 0.25}","{""allowed"": 0.00048763061825964646, ""insufficient"": 0.9990480848360362, ""prohibited"": 0.00020327468438479597, ""review"": 0.0002610098613192568}",0.3990480848360363,0.16089022522220398,2.2178382810062613,0.23399136271892323,5.0
case_36b09bc6f50edd3f,semantic_repeatability,204.78099980391562,201,0,policy_compliance,policy_insufficient,,,0.745234285366414,0.6,"allowed:2,review:5,prohibited:1,insufficient:12",benchmark_authored_adjudication,,target,choice,insufficient,insufficient,0.9990480848360362,0.9990480848360362,0.006168760690484646,1,0.9990480848360362,0.0009523685229324678,1.2533728442660671e-06,"{""allowed"": 0.1, ""insufficient"": 0.6, ""prohibited"": 0.05, ""review"": 0.25}","{""allowed"": 0.00048763061825964646, ""insufficient"": 0.9990480848360362, ""prohibited"": 0.00020327468438479597, ""review"": 0.0002610098613192568}",0.3990480848360363,0.16089022522220398,2.2178382810062613,0.23399136271892323,6.0
case_27b9d45addae3c7f,semantic_repeatability,205.15595888718963,201,0,policy_compliance,policy_insufficient,,,0.745234285366414,0.6,"allowed:2,review:5,prohibited:1,insufficient:12",benchmark_authored_adjudication,,target,choice,insufficient,insufficient,0.9990480848360362,0.9990480848360362,0.006168760690484646,1,0.9990480848360362,0.0009523685229324678,1.2533728442660671e-06,"{""allowed"": 0.1, ""insufficient"": 0.6, ""prohibited"": 0.05, ""review"": 0.25}","{""allowed"": 0.00048763061825964646, ""insufficient"": 0.9990480848360362, ""prohibited"": 0.00020327468438479597, ""review"": 0.0002610098613192568}",0.3990480848360363,0.16089022522220398,2.2178382810062613,0.23399136271892323,7.0
case_330c8b10ccf84b80,semantic_repeatability,204.93649994023144,201,0,policy_compliance,policy_insufficient,,,0.745234285366414,0.6,"allowed:2,review:5,prohibited:1,insufficient:12",benchmark_authored_adjudication,,target,choice,insufficient,insufficient,0.9990480848360362,0.9990480848360362,0.006168760690484646,1,0.9990480848360362,0.0009523685229324678,1.2533728442660671e-06,"{""allowed"": 0.1, ""insufficient"": 0.6, ""prohibited"": 0.05, ""review"": 0.25}","{""allowed"": 0.00048763061825964646, ""insufficient"": 0.9990480848360362, ""prohibited"": 0.00020327468438479597, ""review"": 0.0002610098613192568}",0.3990480848360363,0.16089022522220398,2.2178382810062613,0.23399136271892323,8.0
case_ef7531a585751615,semantic_repeatability,205.54304192773998,201,0,policy_compliance,policy_insufficient,,,0.745234285366414,0.6,"allowed:2,review:5,prohibited:1,insufficient:12",benchmark_authored_adjudication,,target,choice,insufficient,insufficient,0.9990480848360362,0.9990480848360362,0.006168760690484646,1,0.9990480848360362,0.0009523685229324678,1.2533728442660671e-06,"{""allowed"": 0.1, ""insufficient"": 0.6, ""prohibited"": 0.05, ""review"": 0.25}","{""allowed"": 0.00048763061825964646, ""insufficient"": 0.9990480848360362, ""prohibited"": 0.00020327468438479597, ""review"": 0.0002610098613192568}",0.3990480848360363,0.16089022522220398,2.2178382810062613,0.23399136271892323,9.0
case_9b6f3209ba6f1287,semantic_repeatability,206.79633389227092,201,0,policy_compliance,policy_insufficient,,,0.745234285366414,0.6,"allowed:2,review:5,prohibited:1,insufficient:12",benchmark_authored_adjudication,,target,choice,insufficient,insufficient,0.9990480848360362,0.9990480848360362,0.006168760690484646,1,0.9990480848360362,0.0009523685229324678,1.2533728442660671e-06,"{""allowed"": 0.1, ""insufficient"": 0.6, ""prohibited"": 0.05, ""review"": 0.25}","{""allowed"": 0.00048763061825964646, ""insufficient"": 0.9990480848360362, ""prohibited"": 0.00020327468438479597, ""review"": 0.0002610098613192568}",0.3990480848360363,0.16089022522220398,2.2178382810062613,0.23399136271892323,10.0
case_359fe8d64442a014,semantic_repeatability,206.26412495039403,201,0,policy_compliance,policy_insufficient,,,0.745234285366414,0.6,"allowed:2,review:5,prohibited:1,insufficient:12",benchmark_authored_adjudication,,target,choice,insufficient,insufficient,0.9990480848360362,0.9990480848360362,0.006168760690484646,1,0.9990480848360362,0.0009523685229324678,1.2533728442660671e-06,"{""allowed"": 0.1, ""insufficient"": 0.6, ""prohibited"": 0.05, ""review"": 0.25}","{""allowed"": 0.00048763061825964646, ""insufficient"": 0.9990480848360362, ""prohibited"": 0.00020327468438479597, ""review"": 0.0002610098613192568}",0.3990480848360363,0.16089022522220398,2.2178382810062613,0.23399136271892323,11.0
case_a02d79cd55a036d3,semantic_repeatability,205.17870783805847,201,0,policy_compliance,policy_insufficient,,,0.745234285366414,0.6,"allowed:2,review:5,prohibited:1,insufficient:12",benchmark_authored_adjudication,,target,choice,insufficient,insufficient,0.9990480848360362,0.9990480848360362,0.006168760690484646,1,0.9990480848360362,0.0009523685229324678,1.2533728442660671e-06,"{""allowed"": 0.1, ""insufficient"": 0.6, ""prohibited"": 0.05, ""review"": 0.25}","{""allowed"": 0.00048763061825964646, ""insufficient"": 0.9990480848360362, ""prohibited"": 0.00020327468438479597, ""review"": 0.0002610098613192568}",0.3990480848360363,0.16089022522220398,2.2178382810062613,0.23399136271892323,12.0
case_502682ea49413876,semantic_repeatability,205.32079203985631,201,0,policy_compliance,policy_insufficient,,,0.745234285366414,0.6,"allowed:2,review:5,prohibited:1,insufficient:12",benchmark_authored_adjudication,,target,choice,insufficient,insufficient,0.9990480848360362,0.9990480848360362,0.006168760690484646,1,0.9990480848360362,0.0009523685229324678,1.2533728442660671e-06,"{""allowed"": 0.1, ""insufficient"": 0.6, ""prohibited"": 0.05, ""review"": 0.25}","{""allowed"": 0.00048763061825964646, ""insufficient"": 0.9990480848360362, ""prohibited"": 0.00020327468438479597, ""review"": 0.0002610098613192568}",0.3990480848360363,0.16089022522220398,2.2178382810062613,0.23399136271892323,13.0
case_ecce2591da5a56f1,semantic_repeatability,205.27662499807775,201,0,policy_compliance,policy_insufficient,,,0.745234285366414,0.6,"allowed:2,review:5,prohibited:1,insufficient:12",benchmark_authored_adjudication,,target,choice,insufficient,insufficient,0.9990480848360362,0.9990480848360362,0.006168760690484646,1,0.9990480848360362,0.0009523685229324678,1.2533728442660671e-06,"{""allowed"": 0.1, ""insufficient"": 0.6, ""prohibited"": 0.05, ""review"": 0.25}","{""allowed"": 0.00048763061825964646, ""insufficient"": 0.9990480848360362, ""prohibited"": 0.00020327468438479597, ""review"": 0.0002610098613192568}",0.3990480848360363,0.16089022522220398,2.2178382810062613,0.23399136271892323,14.0
case_6830423ba07b4613,semantic_repeatability,205.8634168934077,201,0,policy_compliance,policy_insufficient,,,0.745234285366414,0.6,"allowed:2,review:5,prohibited:1,insufficient:12",benchmark_authored_adjudication,,target,choice,insufficient,insufficient,0.9990480848360362,0.9990480848360362,0.006168760690484646,1,0.9990480848360362,0.0009523685229324678,1.2533728442660671e-06,"{""allowed"": 0.1, ""insufficient"": 0.6, ""prohibited"": 0.05, ""review"": 0.25}","{""allowed"": 0.00048763061825964646, ""insufficient"": 0.9990480848360362, ""prohibited"": 0.00020327468438479597, ""review"": 0.0002610098613192568}",0.3990480848360363,0.16089022522220398,2.2178382810062613,0.23399136271892323,15.0
case_2ba9b0402a2185cb,semantic_repeatability,204.9113749526441,201,0,policy_compliance,policy_insufficient,,,0.745234285366414,0.6,"allowed:2,review:5,prohibited:1,insufficient:12",benchmark_authored_adjudication,,target,choice,insufficient,insufficient,0.9990480848360362,0.9990480848360362,0.006168760690484646,1,0.9990480848360362,0.0009523685229324678,1.2533728442660671e-06,"{""allowed"": 0.1, ""insufficient"": 0.6, ""prohibited"": 0.05, ""review"": 0.25}","{""allowed"": 0.00048763061825964646, ""insufficient"": 0.9990480848360362, ""prohibited"": 0.00020327468438479597, ""review"": 0.0002610098613192568}",0.3990480848360363,0.16089022522220398,2.2178382810062613,0.23399136271892323,16.0
case_9419f81d21f78341,semantic_repeatability,204.57475003786385,201,0,policy_compliance,policy_insufficient,,,0.745234285366414,0.6,"allowed:2,review:5,prohibited:1,insufficient:12",benchmark_authored_adjudication,,target,choice,insufficient,insufficient,0.9990480848360362,0.9990480848360362,0.006168760690484646,1,0.9990480848360362,0.0009523685229324678,1.2533728442660671e-06,"{""allowed"": 0.1, ""insufficient"": 0.6, ""prohibited"": 0.05, ""review"": 0.25}","{""allowed"": 0.00048763061825964646, ""insufficient"": 0.9990480848360362, ""prohibited"": 0.00020327468438479597, ""review"": 0.0002610098613192568}",0.3990480848360363,0.16089022522220398,2.2178382810062613,0.23399136271892323,17.0
case_59d87e4a37fb6808,semantic_repeatability,205.7278749998659,201,0,policy_compliance,policy_insufficient,,,0.745234285366414,0.6,"allowed:2,review:5,prohibited:1,insufficient:12",benchmark_authored_adjudication,,target,choice,insufficient,insufficient,0.9990480848360362,0.9990480848360362,0.006168760690484646,1,0.9990480848360362,0.0009523685229324678,1.2533728442660671e-06,"{""allowed"": 0.1, ""insufficient"": 0.6, ""prohibited"": 0.05, ""review"": 0.25}","{""allowed"": 0.00048763061825964646, ""insufficient"": 0.9990480848360362, ""prohibited"": 0.00020327468438479597, ""review"": 0.0002610098613192568}",0.3990480848360363,0.16089022522220398,2.2178382810062613,0.23399136271892323,18.0
case_53876a8f4f704732,semantic_repeatability,205.4111659526825,201,0,policy_compliance,policy_insufficient,,,0.745234285366414,0.6,"allowed:2,review:5,prohibited:1,insufficient:12",benchmark_authored_adjudication,,target,choice,insufficient,insufficient,0.9990480848360362,0.9990480848360362,0.006168760690484646,1,0.9990480848360362,0.0009523685229324678,1.2533728442660671e-06,"{""allowed"": 0.1, ""insufficient"": 0.6, ""prohibited"": 0.05, ""review"": 0.25}","{""allowed"": 0.00048763061825964646, ""insufficient"": 0.9990480848360362, ""prohibited"": 0.00020327468438479597, ""review"": 0.0002610098613192568}",0.3990480848360363,0.16089022522220398,2.2178382810062613,0.23399136271892323,19.0
case_162eca749f8e79da,semantic_repeatability,205.1367089152336,201,0,policy_compliance,policy_insufficient,,,0.745234285366414,0.6,"allowed:2,review:5,prohibited:1,insufficient:12",benchmark_authored_adjudication,,target,choice,insufficient,insufficient,0.9990480848360362,0.9990480848360362,0.006168760690484646,1,0.9990480848360362,0.0009523685229324678,1.2533728442660671e-06,"{""allowed"": 0.1, ""insufficient"": 0.6, ""prohibited"": 0.05, ""review"": 0.25}","{""allowed"": 0.00048763061825964646, ""insufficient"": 0.9990480848360362, ""prohibited"": 0.00020327468438479597, ""review"": 0.0002610098613192568}",0.3990480848360363,0.16089022522220398,2.2178382810062613,0.23399136271892323,20.0
case_8b90075c37912406,semantic_repeatability,205.57883311994374,201,0,policy_compliance,policy_insufficient,,,0.745234285366414,0.6,"allowed:2,review:5,prohibited:1,insufficient:12",benchmark_authored_adjudication,,target,choice,insufficient,insufficient,0.9990480848360362,0.9990480848360362,0.006168760690484646,1,0.9990480848360362,0.0009523685229324678,1.2533728442660671e-06,"{""allowed"": 0.1, ""insufficient"": 0.6, ""prohibited"": 0.05, ""review"": 0.25}","{""allowed"": 0.00048763061825964646, ""insufficient"": 0.9990480848360362, ""prohibited"": 0.00020327468438479597, ""review"": 0.0002610098613192568}",0.3990480848360363,0.16089022522220398,2.2178382810062613,0.23399136271892323,21.0
case_8ea0ff8bbafd85f3,semantic_repeatability,205.05200000479817,201,0,policy_compliance,policy_insufficient,,,0.745234285366414,0.6,"allowed:2,review:5,prohibited:1,insufficient:12",benchmark_authored_adjudication,,target,choice,insufficient,insufficient,0.9990480848360362,0.9990480848360362,0.006168760690484646,1,0.9990480848360362,0.0009523685229324678,1.2533728442660671e-06,"{""allowed"": 0.1, ""insufficient"": 0.6, ""prohibited"": 0.05, ""review"": 0.25}","{""allowed"": 0.00048763061825964646, ""insufficient"": 0.9990480848360362, ""prohibited"": 0.00020327468438479597, ""review"": 0.0002610098613192568}",0.3990480848360363,0.16089022522220398,2.2178382810062613,0.23399136271892323,22.0
case_5458d9599092901b,semantic_repeatability,205.74175007641315,201,0,policy_compliance,policy_insufficient,,,0.745234285366414,0.6,"allowed:2,review:5,prohibited:1,insufficient:12",benchmark_authored_adjudication,,target,choice,insufficient,insufficient,0.9990480848360362,0.9990480848360362,0.006168760690484646,1,0.9990480848360362,0.0009523685229324678,1.2533728442660671e-06,"{""allowed"": 0.1, ""insufficient"": 0.6, ""prohibited"": 0.05, ""review"": 0.25}","{""allowed"": 0.00048763061825964646, ""insufficient"": 0.9990480848360362, ""prohibited"": 0.00020327468438479597, ""review"": 0.0002610098613192568}",0.3990480848360363,0.16089022522220398,2.2178382810062613,0.23399136271892323,23.0
case_5d74e89f64402add,semantic_repeatability,205.64300008118153,201,0,policy_compliance,policy_insufficient,,,0.745234285366414,0.6,"allowed:2,review:5,prohibited:1,insufficient:12",benchmark_authored_adjudication,,target,choice,insufficient,insufficient,0.9990480848360362,0.9990480848360362,0.006168760690484646,1,0.9990480848360362,0.0009523685229324678,1.2533728442660671e-06,"{""allowed"": 0.1, ""insufficient"": 0.6, ""prohibited"": 0.05, ""review"": 0.25}","{""allowed"": 0.00048763061825964646, ""insufficient"": 0.9990480848360362, ""prohibited"": 0.00020327468438479597, ""review"": 0.0002610098613192568}",0.3990480848360363,0.16089022522220398,2.2178382810062613,0.23399136271892323,24.0
case_b18881c04929540b,semantic_repeatability,205.26704099029303,201,0,policy_compliance,policy_insufficient,,,0.745234285366414,0.6,"allowed:2,review:5,prohibited:1,insufficient:12",benchmark_authored_adjudication,,target,choice,insufficient,insufficient,0.9990480848360362,0.9990480848360362,0.006168760690484646,1,0.9990480848360362,0.0009523685229324678,1.2533728442660671e-06,"{""allowed"": 0.1, ""insufficient"": 0.6, ""prohibited"": 0.05, ""review"": 0.25}","{""allowed"": 0.00048763061825964646, ""insufficient"": 0.9990480848360362, ""prohibited"": 0.00020327468438479597, ""review"": 0.0002610098613192568}",0.3990480848360363,0.16089022522220398,2.2178382810062613,0.23399136271892323,25.0
case_c979a7cbdb7d8037,semantic_repeatability,205.94716677442193,201,0,policy_compliance,policy_insufficient,,,0.745234285366414,0.6,"allowed:2,review:5,prohibited:1,insufficient:12",benchmark_authored_adjudication,,target,choice,insufficient,insufficient,0.9990480848360362,0.9990480848360362,0.006168760690484646,1,0.9990480848360362,0.0009523685229324678,1.2533728442660671e-06,"{""allowed"": 0.1, ""insufficient"": 0.6, ""prohibited"": 0.05, ""review"": 0.25}","{""allowed"": 0.00048763061825964646, ""insufficient"": 0.9990480848360362, ""prohibited"": 0.00020327468438479597, ""review"": 0.0002610098613192568}",0.3990480848360363,0.16089022522220398,2.2178382810062613,0.23399136271892323,26.0
case_b61379fca425275f,semantic_repeatability,205.17154200933874,201,0,policy_compliance,policy_insufficient,,,0.745234285366414,0.6,"allowed:2,review:5,prohibited:1,insufficient:12",benchmark_authored_adjudication,,target,choice,insufficient,insufficient,0.9990480848360362,0.9990480848360362,0.006168760690484646,1,0.9990480848360362,0.0009523685229324678,1.2533728442660671e-06,"{""allowed"": 0.1, ""insufficient"": 0.6, ""prohibited"": 0.05, ""review"": 0.25}","{""allowed"": 0.00048763061825964646, ""insufficient"": 0.9990480848360362, ""prohibited"": 0.00020327468438479597, ""review"": 0.0002610098613192568}",0.3990480848360363,0.16089022522220398,2.2178382810062613,0.23399136271892323,27.0
case_b5a28503c5ad1cfc,semantic_repeatability,204.65629105456173,201,0,policy_compliance,policy_insufficient,,,0.745234285366414,0.6,"allowed:2,review:5,prohibited:1,insufficient:12",benchmark_authored_adjudication,,target,choice,insufficient,insufficient,0.9990480848360362,0.9990480848360362,0.006168760690484646,1,0.9990480848360362,0.0009523685229324678,1.2533728442660671e-06,"{""allowed"": 0.1, ""insufficient"": 0.6, ""prohibited"": 0.05, ""review"": 0.25}","{""allowed"": 0.00048763061825964646, ""insufficient"": 0.9990480848360362, ""prohibited"": 0.00020327468438479597, ""review"": 0.0002610098613192568}",0.3990480848360363,0.16089022522220398,2.2178382810062613,0.23399136271892323,28.0
case_6709a269740bec43,semantic_repeatability,205.03195910714567,201,0,policy_compliance,policy_insufficient,,,0.745234285366414,0.6,"allowed:2,review:5,prohibited:1,insufficient:12",benchmark_authored_adjudication,,target,choice,insufficient,insufficient,0.9990480848360362,0.9990480848360362,0.006168760690484646,1,0.9990480848360362,0.0009523685229324678,1.2533728442660671e-06,"{""allowed"": 0.1, ""insufficient"": 0.6, ""prohibited"": 0.05, ""review"": 0.25}","{""allowed"": 0.00048763061825964646, ""insufficient"": 0.9990480848360362, ""prohibited"": 0.00020327468438479597, ""review"": 0.0002610098613192568}",0.3990480848360363,0.16089022522220398,2.2178382810062613,0.23399136271892323,29.0
