case_id,experiment,latency_ms,input_tokens,output_tokens,meta_family,meta_difficulty,meta_index,question_id,type,label,p_true,confidence_top,pred,correct,brier,nll,reported_confidence,entropy_norm,p_label,score,mae,meta_group,meta_trial,meta_semantic_correct,meta_noise_units,meta_removal_level,meta_variant,meta_attack_target,meta_instructions,meta_repetition,meta_question_count,meta_bundle_size,meta_cardinality,meta_domain,meta_context_chars,meta_evidence_position
case_f26b6f814ff323d0,calibration_noul_factual,155.1623330451548,133,0,factual,easy,0.0,target,noul,1,0.9990889488055994,0.9990889488055994,1,1,8.300142788187649e-07,0.0009114664537742021,,,,,,,,,,,,,,,,,,,,
case_f5b79cab6a426b41,calibration_noul_factual,152.68375002779067,133,0,factual,easy,1.0,target,noul,1,0.998498817743263,0.998498817743263,1,1,2.253548167942023e-06,0.0015023101597543026,,,,,,,,,,,,,,,,,,,,
case_edd0eb03665dd4bc,calibration_noul_factual,153.93783408217132,134,0,factual,easy,2.0,target,noul,0,0.017986209962091555,0.9820137900379085,0,1,0.0003235037488004415,0.01814992791780973,,,,,,,,,,,,,,,,,,,,
case_7593846340b74616,calibration_noul_factual,154.31183413602412,134,0,factual,easy,3.0,target,noul,0,0.017986209962091555,0.9820137900379085,0,1,0.0003235037488004415,0.01814992791780973,,,,,,,,,,,,,,,,,,,,
case_3d8453af6ec3f290,calibration_noul_factual,153.30545813776553,134,0,factual,easy,4.0,target,noul,0,0.017986209962091555,0.9820137900379085,0,1,0.0003235037488004415,0.01814992791780973,,,,,,,,,,,,,,,,,,,,
case_480bd0b979267840,calibration_noul_factual,153.7012921180576,134,0,factual,easy,5.0,target,noul,0,0.017986209962091555,0.9820137900379085,0,1,0.0003235037488004415,0.01814992791780973,,,,,,,,,,,,,,,,,,,,
case_5c60e3182c275547,calibration_noul_factual,153.02662504836917,133,0,factual,easy,6.0,target,noul,1,0.9988304897349445,0.9988304897349445,1,1,1.3677542600702274e-06,0.0011701946758545612,,,,,,,,,,,,,,,,,,,,
case_b8c770bc52935964,calibration_noul_factual,154.39104102551937,134,0,factual,easy,7.0,target,noul,0,0.014063627043245474,0.9859363729567545,0,1,0.00019778560561150543,0.014163456931504987,,,,,,,,,,,,,,,,,,,,
case_6a781cb69f6bfc8f,calibration_noul_factual,152.94966707006097,133,0,factual,easy,8.0,target,noul,1,0.9992903296008995,0.9992903296008995,1,1,5.036320753594999e-07,0.0007099223343392451,,,,,,,,,,,,,,,,,,,,
case_2cb3d96c7e62f5d7,calibration_noul_factual,152.85579208284616,133,0,factual,easy,9.0,target,noul,0,0.020332353342658753,0.9796676466573413,0,1,0.0004134045924507266,0.02054190090109686,,,,,,,,,,,,,,,,,,,,
case_57e7aab90f79707a,calibration_noul_factual,153.50575000047684,135,0,factual,easy,10.0,target,noul,0,0.02595735719779685,0.9740426428022031,0,1,0.0006737843926940158,0.02630019518687535,,,,,,,,,,,,,,,,,,,,
case_922a5f36d45eb120,calibration_noul_factual,153.32412510178983,134,0,factual,easy,11.0,target,noul,0,0.017986209962091555,0.9820137900379085,0,1,0.0003235037488004415,0.01814992791780973,,,,,,,,,,,,,,,,,,,,
case_2b92a947d9e0ef82,calibration_noul_factual,153.5711248870939,133,0,factual,easy,12.0,target,noul,1,0.9989677689632452,0.9989677689632452,1,1,1.0655009132398076e-06,0.0010327641541098087,,,,,,,,,,,,,,,,,,,,
case_d0f0324acb12ed07,calibration_noul_factual,153.50191690959036,134,0,factual,easy,13.0,target,noul,0,0.033085978388704126,0.9669140216112959,0,1,0.0010946819659377965,0.03364569998303865,,,,,,,,,,,,,,,,,,,,
case_12d8f637391a3294,calibration_noul_factual,153.5601660143584,133,0,factual,easy,14.0,target,noul,1,0.9988304897349445,0.9988304897349445,1,1,1.3677542600702274e-06,0.0011701946758545612,,,,,,,,,,,,,,,,,,,,
case_bc0f6b8e47c89ca3,calibration_noul_factual,153.03766611032188,133,0,factual,easy,15.0,target,noul,0,0.020332353342658753,0.9796676466573413,0,1,0.0004134045924507266,0.02054190090109686,,,,,,,,,,,,,,,,,,,,
case_a423d4dde645898d,calibration_noul_factual,154.57941708154976,135,0,factual,easy,16.0,target,noul,0,0.02297736991002561,0.9770226300899744,0,1,0.0005279595279821503,0.02324546437242505,,,,,,,,,,,,,,,,,,,,
case_0a161cdafcadb8c2,calibration_noul_factual,154.13858299143612,134,0,factual,easy,17.0,target,noul,1,0.9988304897349445,0.9988304897349445,1,1,1.3677542600702274e-06,0.0011701946758545612,,,,,,,,,,,,,,,,,,,,
case_189c489db5f05d7d,calibration_noul_factual,154.01975018903613,133,0,factual,easy,18.0,target,noul,1,0.9991959140643708,0.9991959140643708,1,1,6.465541918766782e-07,0.000804409386124753,,,,,,,,,,,,,,,,,,,,
case_4d8023d9137972fb,calibration_noul_factual,153.10024982318282,133,0,factual,easy,19.0,target,noul,1,0.998498817743263,0.998498817743263,1,1,2.253548167942023e-06,0.0015023101597543026,,,,,,,,,,,,,,,,,,,,
case_d017ef763b2518dd,calibration_noul_factual,153.5771661438048,133,0,factual,easy,20.0,target,noul,1,0.9980732653366725,0.9980732653366725,1,1,3.7123064628676946e-06,0.001928593204219395,,,,,,,,,,,,,,,,,,,,
case_c9bf3f7754c3cc9f,calibration_noul_factual,153.557833051309,134,0,factual,easy,21.0,target,noul,0,0.017986209962091555,0.9820137900379085,0,1,0.0003235037488004415,0.01814992791780973,,,,,,,,,,,,,,,,,,,,
case_38fca5f5e76db251,calibration_noul_factual,152.96391700394452,135,0,factual,easy,22.0,target,noul,0,0.01590639171181471,0.9840936082881853,0,1,0.0002530132972896877,0.01603425608031871,,,,,,,,,,,,,,,,,,,,
case_31dd9f5bf856e101,calibration_noul_factual,152.25308295339346,132,0,factual,easy,23.0,target,noul,1,0.9989677689632452,0.9989677689632452,1,1,1.0655009132398076e-06,0.0010327641541098087,,,,,,,,,,,,,,,,,,,,
case_8d87024ce40d1dbc,calibration_noul_factual,152.80895913019776,135,0,factual,easy,24.0,target,noul,0,0.014063627043245474,0.9859363729567545,0,1,0.00019778560561150543,0.014163456931504987,,,,,,,,,,,,,,,,,,,,
case_4119a31089079974,calibration_noul_factual,151.88770811073482,134,0,factual,easy,25.0,target,noul,1,0.9992903296008995,0.9992903296008995,1,1,5.036320753594999e-07,0.0007099223343392451,,,,,,,,,,,,,,,,,,,,
case_91b73918b80f561a,calibration_noul_factual,151.88562497496605,134,0,factual,easy,26.0,target,noul,1,0.9991959140643708,0.9991959140643708,1,1,6.465541918766782e-07,0.000804409386124753,,,,,,,,,,,,,,,,,,,,
case_e4e7c2436c3033e0,calibration_noul_factual,152.3865000344813,134,0,factual,easy,27.0,target,noul,1,0.998498817743263,0.998498817743263,1,1,2.253548167942023e-06,0.0015023101597543026,,,,,,,,,,,,,,,,,,,,
case_411678805718f686,calibration_noul_factual,157.4684998486191,135,0,factual,easy,28.0,target,noul,0,0.01590639171181471,0.9840936082881853,0,1,0.0002530132972896877,0.01603425608031871,,,,,,,,,,,,,,,,,,,,
case_1be964f1db488362,calibration_noul_factual,153.23449997231364,134,0,factual,easy,29.0,target,noul,0,0.02297736991002561,0.9770226300899744,0,1,0.0005279595279821503,0.02324546437242505,,,,,,,,,,,,,,,,,,,,
case_3c0fa700a74f6bee,calibration_noul_factual,152.36470894888043,133,0,factual,easy,30.0,target,noul,1,0.9989677689632452,0.9989677689632452,1,1,1.0655009132398076e-06,0.0010327641541098087,,,,,,,,,,,,,,,,,,,,
case_ca75e413eec7b988,calibration_noul_factual,153.59312505461276,134,0,factual,easy,31.0,target,noul,0,0.02595735719779685,0.9740426428022031,0,1,0.0006737843926940158,0.02630019518687535,,,,,,,,,,,,,,,,,,,,
case_e89d11548df4647d,calibration_noul_factual,154.42324988543987,134,0,factual,easy,32.0,target,noul,1,0.9991959140643708,0.9991959140643708,1,1,6.465541918766782e-07,0.000804409386124753,,,,,,,,,,,,,,,,,,,,
case_4c22f07917006f4a,calibration_noul_factual,153.44579191878438,133,0,factual,easy,33.0,target,noul,1,0.9986749775827868,0.9986749775827868,1,1,1.7556844061175577e-06,0.0013259010356280994,,,,,,,,,,,,,,,,,,,,
case_8a3e124d2e1a6afa,calibration_noul_factual,154.15429114364088,133,0,factual,easy,34.0,target,noul,0,0.02595735719779685,0.9740426428022031,0,1,0.0006737843926940158,0.02630019518687535,,,,,,,,,,,,,,,,,,,,
case_acd763780f8db207,calibration_noul_factual,154.15079100057483,133,0,factual,easy,35.0,target,noul,1,0.9990889488055994,0.9990889488055994,1,1,8.300142788187649e-07,0.0009114664537742021,,,,,,,,,,,,,,,,,,,,
case_e61b51e571b99c62,calibration_noul_factual,153.41100003570318,133,0,factual,easy,36.0,target,noul,1,0.9991959140643708,0.9991959140643708,1,1,6.465541918766782e-07,0.000804409386124753,,,,,,,,,,,,,,,,,,,,
case_97581800e2bac82a,calibration_noul_factual,153.792625060305,134,0,factual,easy,37.0,target,noul,0,0.01590639171181471,0.9840936082881853,0,1,0.0002530132972896877,0.01603425608031871,,,,,,,,,,,,,,,,,,,,
case_ef02a6e34db6a4e0,calibration_noul_factual,154.06279196031392,134,0,factual,easy,38.0,target,noul,1,0.9986749775827868,0.9986749775827868,1,1,1.7556844061175577e-06,0.0013259010356280994,,,,,,,,,,,,,,,,,,,,
case_afd1f2390616e09f,calibration_noul_factual,153.3300830051303,133,0,factual,easy,39.0,target,noul,1,0.9982992775885648,0.9982992775885648,1,1,2.892456720757797e-06,0.0017021702816452798,,,,,,,,,,,,,,,,,,,,
case_4ea4fdcd76868239,calibration_noul_factual,153.55116710998118,133,0,factual,easy,40.0,target,noul,1,0.9986749775827868,0.9986749775827868,1,1,1.7556844061175577e-06,0.0013259010356280994,,,,,,,,,,,,,,,,,,,,
case_7991794ea228ab77,calibration_noul_factual,154.31495918892324,135,0,factual,easy,41.0,target,noul,0,0.02297736991002561,0.9770226300899744,0,1,0.0005279595279821503,0.02324546437242505,,,,,,,,,,,,,,,,,,,,
case_1b1f201a48c8fbd9,calibration_noul_factual,153.96491601131856,133,0,factual,easy,42.0,target,noul,1,0.9989677689632452,0.9989677689632452,1,1,1.0655009132398076e-06,0.0010327641541098087,,,,,,,,,,,,,,,,,,,,
case_a07a2cd4f5093e50,calibration_noul_factual,153.58716691844165,133,0,factual,easy,43.0,target,noul,1,0.998498817743263,0.998498817743263,1,1,2.253548167942023e-06,0.0015023101597543026,,,,,,,,,,,,,,,,,,,,
case_9ffcd75fccae7782,calibration_noul_factual,153.67525001056492,135,0,factual,easy,44.0,target,noul,0,0.01590639171181471,0.9840936082881853,0,1,0.0002530132972896877,0.01603425608031871,,,,,,,,,,,,,,,,,,,,
case_c9414155061e4aed,calibration_noul_factual,153.7615831475705,134,0,factual,easy,45.0,target,noul,0,0.012431650853185818,0.9875683491468141,0,1,0.00015454594293551568,0.012509570276173327,,,,,,,,,,,,,,,,,,,,
case_5dd704fdb9d33d9d,calibration_noul_factual,153.16391689702868,133,0,factual,easy,46.0,target,noul,1,0.9986749775827868,0.9986749775827868,1,1,1.7556844061175577e-06,0.0013259010356280994,,,,,,,,,,,,,,,,,,,,
case_d870f68b86796a57,calibration_noul_factual,153.27462507411838,133,0,factual,easy,47.0,target,noul,1,0.9990889488055994,0.9990889488055994,1,1,8.300142788187649e-07,0.0009114664537742021,,,,,,,,,,,,,,,,,,,,
case_5eea6a12431ee6f7,calibration_noul_factual,154.104916844517,135,0,factual,easy,48.0,target,noul,0,0.01590639171181471,0.9840936082881853,0,1,0.0002530132972896877,0.01603425608031871,,,,,,,,,,,,,,,,,,,,
case_986089eab32c07b7,calibration_noul_factual,153.7943328730762,133,0,factual,easy,49.0,target,noul,1,0.9988304897349445,0.9988304897349445,1,1,1.3677542600702274e-06,0.0011701946758545612,,,,,,,,,,,,,,,,,,,,
case_a4a6f8b786f8a041,calibration_noul_negation,113.81200002506375,125,0,negation,medium,0.0,target,noul,1,0.9998766054240137,0.9998766054240137,1,1,1.5226221382841996e-08,0.0001234021897233402,,,,,,,,,,,,,,,,,,,,
case_9f5e8d7372ff6fcc,calibration_noul_negation,113.37029188871384,123,0,negation,medium,1.0,target,noul,1,0.9997965730219448,0.9997965730219448,1,1,4.138253540067039e-08,0.00020344767212943552,,,,,,,,,,,,,,,,,,,,
case_a793b1e0e1f05b03,calibration_noul_negation,113.63362497650087,125,0,negation,medium,2.0,target,noul,1,0.9998204720306533,0.9998204720306533,1,1,3.2230291777759226e-08,0.00017954408642162156,,,,,,,,,,,,,,,,,,,,
case_f1c669b5a242fc82,calibration_noul_negation,153.86500000022352,132,0,negation,medium,3.0,target,noul,0,0.012431650853185818,0.9875683491468141,0,1,0.00015454594293551568,0.012509570276173327,,,,,,,,,,,,,,,,,,,,
case_872c692b2d8fe637,calibration_noul_negation,154.1551249101758,134,0,negation,medium,4.0,target,noul,0,0.012431650853185818,0.9875683491468141,0,1,0.00015454594293551568,0.012509570276173327,,,,,,,,,,,,,,,,,,,,
case_516860f64c19b22a,calibration_noul_negation,153.96633301861584,132,0,negation,medium,5.0,target,noul,0,0.020332353342658753,0.9796676466573413,0,1,0.0004134045924507266,0.02054190090109686,,,,,,,,,,,,,,,,,,,,
case_e90ae5806cc8e76c,calibration_noul_negation,154.38762516714633,134,0,negation,medium,6.0,target,noul,0,0.012431650853185818,0.9875683491468141,0,1,0.00015454594293551568,0.012509570276173327,,,,,,,,,,,,,,,,,,,,
case_dd69b7297134748c,calibration_noul_negation,153.81891606375575,132,0,negation,medium,7.0,target,noul,0,0.01590639171181471,0.9840936082881853,0,1,0.0002530132972896877,0.01603425608031871,,,,,,,,,,,,,,,,,,,,
case_bf6e90a8607ae447,calibration_noul_negation,113.99237508885562,123,0,negation,medium,8.0,target,noul,1,0.9997965730219448,0.9997965730219448,1,1,4.138253540067039e-08,0.00020344767212943552,,,,,,,,,,,,,,,,,,,,
case_420ddb98eda1728a,calibration_noul_negation,153.90000003390014,136,0,negation,medium,9.0,target,noul,0,0.008577485413711986,0.991422514586288,0,1,7.357325602244188e-05,0.008614483762175522,,,,,,,,,,,,,,,,,,,,
case_396cb2db409b9011,calibration_noul_negation,153.67254195734859,134,0,negation,medium,10.0,target,noul,0,0.014063627043245474,0.9859363729567545,0,1,0.00019778560561150543,0.014163456931504987,,,,,,,,,,,,,,,,,,,,
case_f98eb4d4792828f1,calibration_noul_negation,113.92141715623438,123,0,negation,medium,11.0,target,noul,1,0.9998204720306533,0.9998204720306533,1,1,3.2230291777759226e-08,0.00017954408642162156,,,,,,,,,,,,,,,,,,,,
case_75b0f1d0bec26acf,calibration_noul_negation,113.73837478458881,123,0,negation,medium,12.0,target,noul,1,0.9998204720306533,0.9998204720306533,1,1,3.2230291777759226e-08,0.00017954408642162156,,,,,,,,,,,,,,,,,,,,
case_82692f3716dcc5f5,calibration_noul_negation,153.54183316230774,132,0,negation,medium,13.0,target,noul,0,0.014063627043245474,0.9859363729567545,0,1,0.00019778560561150543,0.014163456931504987,,,,,,,,,,,,,,,,,,,,
case_39e2d46a265df492,calibration_noul_negation,113.60629112459719,125,0,negation,medium,14.0,target,noul,1,0.9998204720306533,0.9998204720306533,1,1,3.2230291777759226e-08,0.00017954408642162156,,,,,,,,,,,,,,,,,,,,
case_d6ca51d79eaaef79,calibration_noul_negation,153.9089169818908,134,0,negation,medium,15.0,target,noul,0,0.009708476481474066,0.9902915235185259,0,1,9.425451559133506e-05,0.009755911000221412,,,,,,,,,,,,,,,,,,,,
case_979f2628e467f640,calibration_noul_negation,113.32125007174909,123,0,negation,medium,16.0,target,noul,1,0.9997388096809043,0.9997388096809043,1,1,6.822038278929323e-08,0.0002612244352277206,,,,,,,,,,,,,,,,,,,,
case_b4fb64faaaef5752,calibration_noul_negation,152.31687482446432,134,0,negation,medium,17.0,target,noul,0,0.014063627043245474,0.9859363729567545,0,1,0.00019778560561150543,0.014163456931504987,,,,,,,,,,,,,,,,,,,,
case_11dcbf857ff31e63,calibration_noul_negation,112.52037482336164,127,0,negation,medium,18.0,target,noul,1,0.9997694932780068,0.9997694932780068,1,1,5.313334888405346e-08,0.00023053329275088595,,,,,,,,,,,,,,,,,,,,
case_89ef9ccbd52d2d81,calibration_noul_negation,112.53545805811882,125,0,negation,medium,19.0,target,noul,1,0.9998204720306533,0.9998204720306533,1,1,3.2230291777759226e-08,0.00017954408642162156,,,,,,,,,,,,,,,,,,,,
case_f13dc1ee497c1ab8,calibration_noul_negation,112.03208309598267,123,0,negation,medium,20.0,target,noul,1,0.9998415637808975,0.9998415637808975,1,1,2.5102035523494734e-08,0.00015844877144610778,,,,,,,,,,,,,,,,,,,,
case_79b188b5bc05a723,calibration_noul_negation,152.24750014021993,134,0,negation,medium,21.0,target,noul,0,0.01098694263059318,0.9890130573694068,0,1,0.00012071290836794578,0.011047744848593825,,,,,,,,,,,,,,,,,,,,
case_d4abd11a4dae1eca,calibration_noul_negation,112.55754111334682,125,0,negation,medium,22.0,target,noul,1,0.9997694932780068,0.9997694932780068,1,1,5.313334888405346e-08,0.00023053329275088595,,,,,,,,,,,,,,,,,,,,
case_c4f9126a3a595a98,calibration_noul_negation,152.62691699899733,136,0,negation,medium,23.0,target,noul,0,0.01098694263059318,0.9890130573694068,0,1,0.00012071290836794578,0.011047744848593825,,,,,,,,,,,,,,,,,,,,
case_1659a48da5100fa6,calibration_noul_negation,112.67362511716783,127,0,negation,medium,24.0,target,noul,1,0.9997694932780068,0.9997694932780068,1,1,5.313334888405346e-08,0.00023053329275088595,,,,,,,,,,,,,,,,,,,,
case_a1b57a64a4377ae1,calibration_noul_negation,152.3551670834422,132,0,negation,medium,25.0,target,noul,0,0.008577485413711986,0.991422514586288,0,1,7.357325602244188e-05,0.008614483762175522,,,,,,,,,,,,,,,,,,,,
case_22b920e5f5af7266,calibration_noul_negation,112.25604196079075,125,0,negation,medium,26.0,target,noul,1,0.9997965730219448,0.9997965730219448,1,1,4.138253540067039e-08,0.00020344767212943552,,,,,,,,,,,,,,,,,,,,
case_ed80e15a8fadefd8,calibration_noul_negation,112.77858400717378,123,0,negation,medium,27.0,target,noul,1,0.9997965730219448,0.9997965730219448,1,1,4.138253540067039e-08,0.00020344767212943552,,,,,,,,,,,,,,,,,,,,
case_beb57294b1ef5abb,calibration_noul_negation,152.14370796456933,134,0,negation,medium,28.0,target,noul,0,0.02297736991002561,0.9770226300899744,0,1,0.0005279595279821503,0.02324546437242505,,,,,,,,,,,,,,,,,,,,
case_566c56824a3879a7,calibration_noul_negation,152.75333309546113,136,0,negation,medium,29.0,target,noul,0,0.017986209962091555,0.9820137900379085,0,1,0.0003235037488004415,0.01814992791780973,,,,,,,,,,,,,,,,,,,,
case_7e5c3aaf4dbdf8ba,calibration_noul_negation,151.88220888376236,132,0,negation,medium,30.0,target,noul,0,0.01590639171181471,0.9840936082881853,0,1,0.0002530132972896877,0.01603425608031871,,,,,,,,,,,,,,,,,,,,
case_9db40cb71fb96b51,calibration_noul_negation,152.21454203128815,134,0,negation,medium,31.0,target,noul,0,0.01590639171181471,0.9840936082881853,0,1,0.0002530132972896877,0.01603425608031871,,,,,,,,,,,,,,,,,,,,
case_e22cce6a4b68f778,calibration_noul_negation,152.12600002996624,132,0,negation,medium,32.0,target,noul,0,0.01590639171181471,0.9840936082881853,0,1,0.0002530132972896877,0.01603425608031871,,,,,,,,,,,,,,,,,,,,
case_74458d17b2ae4d82,calibration_noul_negation,112.27212497033179,125,0,negation,medium,33.0,target,noul,1,0.9998415637808975,0.9998415637808975,1,1,2.5102035523494734e-08,0.00015844877144610778,,,,,,,,,,,,,,,,,,,,
case_81c33dc155cec92b,calibration_noul_negation,152.2640420589596,136,0,negation,medium,34.0,target,noul,0,0.01098694263059318,0.9890130573694068,0,1,0.00012071290836794578,0.011047744848593825,,,,,,,,,,,,,,,,,,,,
case_dba53aa168c8b4b6,calibration_noul_negation,113.06895781308413,123,0,negation,medium,35.0,target,noul,1,0.9997694932780068,0.9997694932780068,1,1,5.313334888405346e-08,0.00023053329275088595,,,,,,,,,,,,,,,,,,,,
case_459ef1161de1620b,calibration_noul_negation,152.34508295543492,134,0,negation,medium,36.0,target,noul,0,0.014063627043245474,0.9859363729567545,0,1,0.00019778560561150543,0.014163456931504987,,,,,,,,,,,,,,,,,,,,
case_0037434efab83d73,calibration_noul_negation,111.99762509204447,123,0,negation,medium,37.0,target,noul,1,0.9998204720306533,0.9998204720306533,1,1,3.2230291777759226e-08,0.00017954408642162156,,,,,,,,,,,,,,,,,,,,
case_584edfd9b1be3e1f,calibration_noul_negation,151.92962484434247,132,0,negation,medium,38.0,target,noul,0,0.012431650853185818,0.9875683491468141,0,1,0.00015454594293551568,0.012509570276173327,,,,,,,,,,,,,,,,,,,,
case_983e364db659a78f,calibration_noul_negation,152.04187505878508,132,0,negation,medium,39.0,target,noul,0,0.01590639171181471,0.9840936082881853,0,1,0.0002530132972896877,0.01603425608031871,,,,,,,,,,,,,,,,,,,,
case_ce787b8efa0b133a,calibration_noul_negation,111.98454210534692,123,0,negation,medium,40.0,target,noul,1,0.9998415637808975,0.9998415637808975,1,1,2.5102035523494734e-08,0.00015844877144610778,,,,,,,,,,,,,,,,,,,,
case_6a2c3f931538d917,calibration_noul_negation,112.2673328500241,123,0,negation,medium,41.0,target,noul,1,0.9997694932780068,0.9997694932780068,1,1,5.313334888405346e-08,0.00023053329275088595,,,,,,,,,,,,,,,,,,,,
case_1b30bd76e3ad9e67,calibration_noul_negation,112.47916705906391,125,0,negation,medium,42.0,target,noul,1,0.9998204720306533,0.9998204720306533,1,1,3.2230291777759226e-08,0.00017954408642162156,,,,,,,,,,,,,,,,,,,,
case_ce028a7bd639f627,calibration_noul_negation,112.17008391395211,123,0,negation,medium,43.0,target,noul,1,0.9998204720306533,0.9998204720306533,1,1,3.2230291777759226e-08,0.00017954408642162156,,,,,,,,,,,,,,,,,,,,
case_9c01de1fccfb8bd5,calibration_noul_negation,152.17583300545812,132,0,negation,medium,44.0,target,noul,0,0.014063627043245474,0.9859363729567545,0,1,0.00019778560561150543,0.014163456931504987,,,,,,,,,,,,,,,,,,,,
case_6d37d2e78fc4a151,calibration_noul_negation,112.73266701027751,125,0,negation,medium,45.0,target,noul,1,0.9997694932780068,0.9997694932780068,1,1,5.313334888405346e-08,0.00023053329275088595,,,,,,,,,,,,,,,,,,,,
case_10c314883270fcca,calibration_noul_negation,158.12874981202185,134,0,negation,medium,46.0,target,noul,0,0.01098694263059318,0.9890130573694068,0,1,0.00012071290836794578,0.011047744848593825,,,,,,,,,,,,,,,,,,,,
case_1cd2086c45e12ccd,calibration_noul_negation,158.6731669958681,134,0,negation,medium,47.0,target,noul,0,0.02297736991002561,0.9770226300899744,0,1,0.0005279595279821503,0.02324546437242505,,,,,,,,,,,,,,,,,,,,
case_f054086c6b291457,calibration_noul_negation,152.73645799607038,132,0,negation,medium,48.0,target,noul,0,0.017986209962091555,0.9820137900379085,0,1,0.0003235037488004415,0.01814992791780973,,,,,,,,,,,,,,,,,,,,
case_fefb2bb1f04cd693,calibration_noul_negation,157.94537495821714,134,0,negation,medium,49.0,target,noul,0,0.02297736991002561,0.9770226300899744,0,1,0.0005279595279821503,0.02324546437242505,,,,,,,,,,,,,,,,,,,,
case_73bebc964f8533e3,calibration_choice,163.68166590109468,175,0,support_routing,easy,0.0,target,choice,technical,,0.9987873458689822,technical,1,2.839475358777753e-06,0.0012133899909944409,0.9987873458689822,0.006897384580121573,0.9987873458689822,,,,,,,,,,,,,,,,,
case_7205126ae5dea775,calibration_choice,163.34325005300343,178,0,support_routing,easy,1.0,target,choice,shipping,,0.9939073697330171,shipping,1,7.206536829886047e-05,0.006111266071368592,0.9939073697330171,0.0274793433018056,0.9939073697330171,,,,,,,,,,,,,,,,,
case_2d172671e0931a45,calibration_choice,164.83995807357132,175,0,support_routing,easy,2.0,target,choice,technical,,0.9987873458689822,technical,1,2.839475358777753e-06,0.0012133899909944409,0.9987873458689822,0.006897384580121573,0.9987873458689822,,,,,,,,,,,,,,,,,
case_b5954623a8397f65,calibration_choice,166.83458304032683,178,0,support_routing,easy,3.0,target,choice,billing,,0.9999685037488446,billing,1,1.5251492863888659e-09,3.149674717272758e-05,0.9999685037488446,0.00027569318724118564,0.9999685037488446,,,,,,,,,,,,,,,,,
case_e03c4e8782207909,calibration_choice,164.76591699756682,176,0,support_routing,easy,4.0,target,choice,billing,,0.9999818502347629,billing,1,5.192230989085377e-10,1.8149929946045278e-05,0.9999818502347629,0.00016522724962916705,0.9999818502347629,,,,,,,,,,,,,,,,,
case_ed688784f8f1e87c,calibration_choice,163.66670816205442,176,0,support_routing,easy,5.0,target,choice,billing,,0.9999818502347629,billing,1,5.192230989085377e-10,1.8149929946045278e-05,0.9999818502347629,0.00016522724962916705,0.9999818502347629,,,,,,,,,,,,,,,,,
case_cfe33822927778a3,calibration_choice,164.19683280400932,176,0,support_routing,easy,6.0,target,choice,billing,,0.9999818502347629,billing,1,5.192230989085377e-10,1.8149929946045278e-05,0.9999818502347629,0.00016522724962916705,0.9999818502347629,,,,,,,,,,,,,,,,,
case_aae3eedb1354c709,calibration_choice,165.32787517644465,178,0,support_routing,easy,7.0,target,choice,technical,,0.9994311426111202,technical,1,6.293316503197493e-07,0.0005690192496309373,0.9994311426111202,0.0035347593609967227,0.9994311426111202,,,,,,,,,,,,,,,,,
case_7be028523bd9b255,calibration_choice,164.20529200695455,175,0,support_routing,easy,8.0,target,choice,technical,,0.9995518168979594,technical,1,3.864664206958955e-07,0.0004482835661057743,0.9995518168979594,0.002875240871976894,0.9995518168979594,,,,,,,,,,,,,,,,,
case_fde1eefd04cbc63a,calibration_choice,165.72012496180832,178,0,support_routing,easy,9.0,target,choice,shipping,,0.9939073697330171,shipping,1,7.206536829886047e-05,0.006111266071368592,0.9939073697330171,0.0274793433018056,0.9939073697330171,,,,,,,,,,,,,,,,,
case_9e54b4b6e987773a,calibration_choice,164.0840421896428,178,0,support_routing,easy,10.0,target,choice,shipping,,0.9939073697330171,shipping,1,7.206536829886047e-05,0.006111266071368592,0.9939073697330171,0.0274793433018056,0.9939073697330171,,,,,,,,,,,,,,,,,
case_e8f2b95746f7e5cc,calibration_choice,164.4054159987718,174,0,support_routing,easy,11.0,target,choice,account,,0.9958737861536211,account,1,3.359244678579327e-05,0.004134750156584885,0.9958737861536211,0.019539134985690366,0.9958737861536211,,,,,,,,,,,,,,,,,
case_27c95142b2acd9f7,calibration_choice,164.01395783759654,178,0,support_routing,easy,12.0,target,choice,billing,,0.9999685037488446,billing,1,1.5251492863888659e-09,3.149674717272758e-05,0.9999685037488446,0.00027569318724118564,0.9999685037488446,,,,,,,,,,,,,,,,,
case_7336b6b72b529918,calibration_choice,165.4325828421861,176,0,support_routing,easy,13.0,target,choice,shipping,,0.9931422036825374,shipping,1,9.182379909618334e-05,0.006881419064567519,0.9931422036825374,0.0302183795720566,0.9931422036825374,,,,,,,,,,,,,,,,,
case_5192eb7b8c0d51d9,calibration_choice,164.7960830014199,178,0,support_routing,easy,14.0,target,choice,billing,,0.9999685037488446,billing,1,1.5251492863888659e-09,3.149674717272758e-05,0.9999685037488446,0.00027569318724118564,0.9999685037488446,,,,,,,,,,,,,,,,,
case_dd21b99cf078d1c2,calibration_choice,165.1967498473823,175,0,support_routing,easy,15.0,target,choice,technical,,0.9987873458689822,technical,1,2.839475358777753e-06,0.0012133899909944409,0.9987873458689822,0.006897384580121573,0.9987873458689822,,,,,,,,,,,,,,,,,
case_4d4293a9bb529e34,calibration_choice,165.29666702263057,174,0,support_routing,easy,16.0,target,choice,account,,0.9982687566522711,account,1,5.890248535627972e-06,0.0017327436813719017,0.9982687566522711,0.009307027656424242,0.9982687566522711,,,,,,,,,,,,,,,,,
case_8c505b143310f0d3,calibration_choice,164.65683304704726,176,0,support_routing,easy,17.0,target,choice,account,,0.9982751884332542,account,1,5.867757800603028e-06,0.0017263007668555503,0.9982751884332542,0.00925716653322302,0.9982751884332542,,,,,,,,,,,,,,,,,
case_1624c4cc4a92c90e,calibration_choice,164.2857079859823,176,0,support_routing,easy,18.0,target,choice,billing,,0.9999818502347629,billing,1,5.192230989085377e-10,1.8149929946045278e-05,0.9999818502347629,0.00016522724962916705,0.9999818502347629,,,,,,,,,,,,,,,,,
case_6cddfa5896ca4cb5,calibration_choice,164.85958406701684,176,0,support_routing,easy,19.0,target,choice,shipping,,0.9931422036825374,shipping,1,9.182379909618334e-05,0.006881419064567519,0.9931422036825374,0.0302183795720566,0.9931422036825374,,,,,,,,,,,,,,,,,
case_da0d6ce9321e6320,calibration_choice,164.46954221464694,176,0,support_routing,easy,20.0,target,choice,account,,0.9982751884332542,account,1,5.867757800603028e-06,0.0017263007668555503,0.9982751884332542,0.00925716653322302,0.9982751884332542,,,,,,,,,,,,,,,,,
case_551ade98b040cf29,calibration_choice,165.30162491835654,175,0,support_routing,easy,21.0,target,choice,technical,,0.9995518168979594,technical,1,3.864664206958955e-07,0.0004482835661057743,0.9995518168979594,0.002875240871976894,0.9995518168979594,,,,,,,,,,,,,,,,,
case_469c6616a2751184,calibration_choice,164.89004087634385,178,0,support_routing,easy,22.0,target,choice,technical,,0.9994311426111202,technical,1,6.293316503197493e-07,0.0005690192496309373,0.9994311426111202,0.0035347593609967227,0.9994311426111202,,,,,,,,,,,,,,,,,
case_042884c044c3d41f,calibration_choice,164.80095800943673,178,0,support_routing,easy,23.0,target,choice,technical,,0.9994311426111202,technical,1,6.293316503197493e-07,0.0005690192496309373,0.9994311426111202,0.0035347593609967227,0.9994311426111202,,,,,,,,,,,,,,,,,
case_d7adfdc028c43ff9,calibration_choice,164.6642501000315,176,0,support_routing,easy,24.0,target,choice,account,,0.9982751884332542,account,1,5.867757800603028e-06,0.0017263007668555503,0.9982751884332542,0.00925716653322302,0.9982751884332542,,,,,,,,,,,,,,,,,
case_316294ddd6db03eb,calibration_choice,164.2457500565797,175,0,support_routing,easy,25.0,target,choice,billing,,0.9999662344623176,billing,1,1.8022660069728844e-09,3.37661077510175e-05,0.9999662344623176,0.00029199003078476477,0.9999662344623176,,,,,,,,,,,,,,,,,
case_ac01b1a4a00af12a,calibration_choice,164.9195838253945,178,0,support_routing,easy,26.0,target,choice,technical,,0.9994311426111202,technical,1,6.293316503197493e-07,0.0005690192496309373,0.9994311426111202,0.0035347593609967227,0.9994311426111202,,,,,,,,,,,,,,,,,
case_ef5f4c4751708116,calibration_choice,164.56191707402468,175,0,support_routing,easy,27.0,target,choice,billing,,0.9999662344623176,billing,1,1.8022660069728844e-09,3.37661077510175e-05,0.9999662344623176,0.00029199003078476477,0.9999662344623176,,,,,,,,,,,,,,,,,
case_0bcfae9122f9d7d5,calibration_choice,165.12533300556242,171,0,support_routing,easy,28.0,target,choice,shipping,,0.9912983907621594,shipping,1,0.00014928094452715002,0.008739689305684903,0.9912983907621594,0.03656232591096613,0.9912983907621594,,,,,,,,,,,,,,,,,
case_8e6a0a337cdaccab,calibration_choice,164.4875828642398,176,0,support_routing,easy,29.0,target,choice,shipping,,0.9931422036825374,shipping,1,9.182379909618334e-05,0.006881419064567519,0.9931422036825374,0.0302183795720566,0.9931422036825374,,,,,,,,,,,,,,,,,
case_2a281f498ffd00c9,calibration_choice,164.944666903466,178,0,support_routing,easy,30.0,target,choice,technical,,0.9994311426111202,technical,1,6.293316503197493e-07,0.0005690192496309373,0.9994311426111202,0.0035347593609967227,0.9994311426111202,,,,,,,,,,,,,,,,,
case_732ea7fa2152f68a,calibration_choice,164.2284169793129,175,0,support_routing,easy,31.0,target,choice,technical,,0.9987873458689822,technical,1,2.839475358777753e-06,0.0012133899909944409,0.9987873458689822,0.006897384580121573,0.9987873458689822,,,,,,,,,,,,,,,,,
case_1d449b16b8adc665,calibration_choice,164.53187493607402,176,0,support_routing,easy,32.0,target,choice,shipping,,0.9931422036825374,shipping,1,9.182379909618334e-05,0.006881419064567519,0.9931422036825374,0.0302183795720566,0.9931422036825374,,,,,,,,,,,,,,,,,
case_32497a6f64f14422,calibration_choice,164.16300018317997,175,0,support_routing,easy,33.0,target,choice,billing,,0.9999662344623176,billing,1,1.8022660069728844e-09,3.37661077510175e-05,0.9999662344623176,0.00029199003078476477,0.9999662344623176,,,,,,,,,,,,,,,,,
case_a7ffa8f938341952,calibration_choice,163.55254198424518,178,0,support_routing,easy,34.0,target,choice,billing,,0.9999685037488446,billing,1,1.5251492863888659e-09,3.149674717272758e-05,0.9999685037488446,0.00027569318724118564,0.9999685037488446,,,,,,,,,,,,,,,,,
case_2ad7013d83f282fd,calibration_choice,163.35395816713572,175,0,support_routing,easy,35.0,target,choice,technical,,0.9995518168979594,technical,1,3.864664206958955e-07,0.0004482835661057743,0.9995518168979594,0.002875240871976894,0.9995518168979594,,,,,,,,,,,,,,,,,
case_0b54d63ddc97d3df,calibration_choice,163.3074579294771,178,0,support_routing,easy,36.0,target,choice,shipping,,0.9939073697330171,shipping,1,7.206536829886047e-05,0.006111266071368592,0.9939073697330171,0.0274793433018056,0.9939073697330171,,,,,,,,,,,,,,,,,
case_63ea1977343c0417,calibration_choice,162.9616250284016,171,0,support_routing,easy,37.0,target,choice,shipping,,0.9912983907621594,shipping,1,0.00014928094452715002,0.008739689305684903,0.9912983907621594,0.03656232591096613,0.9912983907621594,,,,,,,,,,,,,,,,,
case_8bbb859ea641e37b,calibration_choice,163.1940419320017,171,0,support_routing,easy,38.0,target,choice,shipping,,0.9912983907621594,shipping,1,0.00014928094452715002,0.008739689305684903,0.9912983907621594,0.03656232591096613,0.9912983907621594,,,,,,,,,,,,,,,,,
case_dfa88f6c20dd29ab,calibration_choice,163.25220791622996,178,0,support_routing,easy,39.0,target,choice,technical,,0.9994311426111202,technical,1,6.293316503197493e-07,0.0005690192496309373,0.9994311426111202,0.0035347593609967227,0.9994311426111202,,,,,,,,,,,,,,,,,
case_fa2dc3bd39d5bb4a,calibration_choice,163.4438328910619,176,0,support_routing,easy,40.0,target,choice,billing,,0.9999818502347629,billing,1,5.192230989085377e-10,1.8149929946045278e-05,0.9999818502347629,0.00016522724962916705,0.9999818502347629,,,,,,,,,,,,,,,,,
case_88aeefeb7b684b50,calibration_choice,163.64520881325006,174,0,support_routing,easy,41.0,target,choice,account,,0.9958737861536211,account,1,3.359244678579327e-05,0.004134750156584885,0.9958737861536211,0.019539134985690366,0.9958737861536211,,,,,,,,,,,,,,,,,
case_6bf839d9aff8df89,calibration_choice,163.3127920795232,174,0,support_routing,easy,42.0,target,choice,account,,0.9958737861536211,account,1,3.359244678579327e-05,0.004134750156584885,0.9958737861536211,0.019539134985690366,0.9958737861536211,,,,,,,,,,,,,,,,,
case_d054a025b7122533,calibration_choice,164.58533285185695,178,0,support_routing,easy,43.0,target,choice,technical,,0.9994311426111202,technical,1,6.293316503197493e-07,0.0005690192496309373,0.9994311426111202,0.0035347593609967227,0.9994311426111202,,,,,,,,,,,,,,,,,
case_5af17ee0e4dc3e9b,calibration_choice,163.1384170614183,178,0,support_routing,easy,44.0,target,choice,billing,,0.9999685037488446,billing,1,1.5251492863888659e-09,3.149674717272758e-05,0.9999685037488446,0.00027569318724118564,0.9999685037488446,,,,,,,,,,,,,,,,,
case_dd086b6c63a33a23,calibration_choice,162.5160831026733,176,0,support_routing,easy,45.0,target,choice,billing,,0.9999818502347629,billing,1,5.192230989085377e-10,1.8149929946045278e-05,0.9999818502347629,0.00016522724962916705,0.9999818502347629,,,,,,,,,,,,,,,,,
case_49e43faa51be0f21,calibration_choice,162.48487494885921,175,0,support_routing,easy,46.0,target,choice,technical,,0.9995518168979594,technical,1,3.864664206958955e-07,0.0004482835661057743,0.9995518168979594,0.002875240871976894,0.9995518168979594,,,,,,,,,,,,,,,,,
case_d55df50740a624fe,calibration_choice,163.7993329204619,178,0,support_routing,easy,47.0,target,choice,technical,,0.9994311426111202,technical,1,6.293316503197493e-07,0.0005690192496309373,0.9994311426111202,0.0035347593609967227,0.9994311426111202,,,,,,,,,,,,,,,,,
case_8f7b7c8834ad8e80,calibration_choice,163.23083313181996,176,0,support_routing,easy,48.0,target,choice,billing,,0.9999818502347629,billing,1,5.192230989085377e-10,1.8149929946045278e-05,0.9999818502347629,0.00016522724962916705,0.9999818502347629,,,,,,,,,,,,,,,,,
case_3eabae7e5379727c,calibration_choice,163.58412499539554,175,0,support_routing,easy,49.0,target,choice,technical,,0.9987873458689822,technical,1,2.839475358777753e-06,0.0012133899909944409,0.9987873458689822,0.006897384580121573,0.9987873458689822,,,,,,,,,,,,,,,,,
case_8e451b381a821593,calibration_score,163.79783302545547,176,0,urgency,easy,0.0,target,score,0,,0.9818741186250625,0,1,,0.018292167617402936,0.9818741186250625,0.06603481397209619,0.9818741186250625,0.018289167650333605,0.018289167650333605,,,,,,,,,,,,,,,
case_9fdf8a9bcab72d91,calibration_score,163.99837494827807,181,0,urgency,easy,1.0,target,score,0,,0.9980296450026365,0,1,,0.001972298700380985,0.9980296450026365,0.010923705836509714,0.9980296450026365,0.0022804332892366217,0.0022804332892366217,,,,,,,,,,,,,,,
case_a9ed352c5eeb8119,calibration_score,164.2138329334557,185,0,urgency,easy,2.0,target,score,3,,0.9954427444468075,3,1,,0.00456767149974859,0.9954427444468075,0.024567116093954566,0.9954427444468075,2.990885488893615,0.00911451110638506,,,,,,,,,,,,,,,
case_6141554303346ffd,calibration_score,164.3804998602718,182,0,urgency,easy,3.0,target,score,2,,0.8227808459351,2,1,,0.19506540060033103,0.8227808459351,0.4565414194295154,0.8227808459351,1.763213588931856,0.2367864110681439,,,,,,,,,,,,,,,
case_ecbbec666a902632,calibration_score,164.10454199649394,183,0,urgency,easy,4.0,target,score,3,,0.9910354987664499,3,1,,0.009004924136849708,0.9910354987664499,0.04242268260755293,0.9910354987664499,2.9783459664006102,0.021654033599389777,,,,,,,,,,,,,,,
case_18a0257bb8b6adb4,calibration_score,163.8845419511199,182,0,urgency,easy,5.0,target,score,2,,0.8227808459351,2,1,,0.19506540060033103,0.8227808459351,0.4565414194295154,0.8227808459351,1.763213588931856,0.2367864110681439,,,,,,,,,,,,,,,
case_fb89be0c968ce0c5,calibration_score,164.57512485794723,183,0,urgency,easy,6.0,target,score,3,,0.9910354987664499,3,1,,0.009004924136849708,0.9910354987664499,0.04242268260755293,0.9910354987664499,2.9783459664006102,0.021654033599389777,,,,,,,,,,,,,,,
case_67805c25a3923d50,calibration_score,164.31108303368092,186,0,urgency,easy,7.0,target,score,1,,0.8994690035894526,1,1,,0.10595068578568116,0.8994690035894526,0.284259542686741,0.8994690035894526,0.9707138464981446,0.029286153501855372,,,,,,,,,,,,,,,
case_a13b6e5b8a38604f,calibration_score,163.70279109105468,186,0,urgency,easy,8.0,target,score,1,,0.8994690035894526,1,1,,0.10595068578568116,0.8994690035894526,0.284259542686741,0.8994690035894526,0.9707138464981446,0.029286153501855372,,,,,,,,,,,,,,,
case_d7dc311dee96dc3e,calibration_score,163.35004195570946,185,0,urgency,easy,9.0,target,score,3,,0.9954427444468075,3,1,,0.00456767149974859,0.9954427444468075,0.024567116093954566,0.9954427444468075,2.990885488893615,0.00911451110638506,,,,,,,,,,,,,,,
case_9d662fe384d1e3bc,calibration_score,164.32608291506767,186,0,urgency,easy,10.0,target,score,1,,0.8994690035894526,1,1,,0.10595068578568116,0.8994690035894526,0.284259542686741,0.8994690035894526,0.9707138464981446,0.029286153501855372,,,,,,,,,,,,,,,
case_547e82782b6d74ac,calibration_score,163.96458400413394,186,0,urgency,easy,11.0,target,score,1,,0.9855604150044041,1,1,,0.014544850357254897,0.9855604150044041,0.05585978540028009,0.9855604150044041,0.9863737584311978,0.013626241568802211,,,,,,,,,,,,,,,
case_ac7eef7f90fdce05,calibration_score,163.61095802858472,181,0,urgency,easy,12.0,target,score,0,,0.9980296450026365,0,1,,0.001972298700380985,0.9980296450026365,0.010923705836509714,0.9980296450026365,0.0022804332892366217,0.0022804332892366217,,,,,,,,,,,,,,,
case_6f618da1aa21010c,calibration_score,163.6577919125557,186,0,urgency,easy,13.0,target,score,1,,0.9855604150044041,1,1,,0.014544850357254897,0.9855604150044041,0.05585978540028009,0.9855604150044041,0.9863737584311978,0.013626241568802211,,,,,,,,,,,,,,,
case_024b2f57baa6ca20,calibration_score,166.34904081001878,185,0,urgency,easy,14.0,target,score,3,,0.9954427444468075,3,1,,0.00456767149974859,0.9954427444468075,0.024567116093954566,0.9954427444468075,2.990885488893615,0.00911451110638506,,,,,,,,,,,,,,,
case_47141b19802e88f3,calibration_score,165.4227499384433,183,0,urgency,easy,15.0,target,score,3,,0.9910354987664499,3,1,,0.009004924136849708,0.9910354987664499,0.04242268260755293,0.9910354987664499,2.9783459664006102,0.021654033599389777,,,,,,,,,,,,,,,
case_715bdc71c1b3516b,calibration_score,164.83366605825722,183,0,urgency,easy,16.0,target,score,3,,0.9910354987664499,3,1,,0.009004924136849708,0.9910354987664499,0.04242268260755293,0.9910354987664499,2.9783459664006102,0.021654033599389777,,,,,,,,,,,,,,,
case_c0eef8d72edb6c60,calibration_score,166.81112488731742,188,0,urgency,easy,17.0,target,score,2,,0.9305768645164136,2,1,,0.07195060070545387,0.9305768645164136,0.22450565313090162,0.9305768645164136,1.9143289187681491,0.08567108123185085,,,,,,,,,,,,,,,
case_4aa82d856f7ef2c9,calibration_score,165.47999996691942,185,0,urgency,easy,18.0,target,score,3,,0.9954427444468075,3,1,,0.00456767149974859,0.9954427444468075,0.024567116093954566,0.9954427444468075,2.990885488893615,0.00911451110638506,,,,,,,,,,,,,,,
case_2877b70abc911c66,calibration_score,165.30612483620644,182,0,urgency,easy,19.0,target,score,2,,0.8227808459351,2,1,,0.19506540060033103,0.8227808459351,0.4565414194295154,0.8227808459351,1.763213588931856,0.2367864110681439,,,,,,,,,,,,,,,
case_70c69fe03ee3bc0e,calibration_score,166.7777500115335,183,0,urgency,easy,20.0,target,score,3,,0.9910354987664499,3,1,,0.009004924136849708,0.9910354987664499,0.04242268260755293,0.9910354987664499,2.9783459664006102,0.021654033599389777,,,,,,,,,,,,,,,
case_9538e0444b238bf9,calibration_score,165.3980421833694,183,0,urgency,easy,21.0,target,score,3,,0.9910354987664499,3,1,,0.009004924136849708,0.9910354987664499,0.04242268260755293,0.9910354987664499,2.9783459664006102,0.021654033599389777,,,,,,,,,,,,,,,
case_9136616def4f9a3c,calibration_score,165.4743328690529,182,0,urgency,easy,22.0,target,score,2,,0.8227808459351,2,1,,0.19506540060033103,0.8227808459351,0.4565414194295154,0.8227808459351,1.763213588931856,0.2367864110681439,,,,,,,,,,,,,,,
case_2e41a09390aa164e,calibration_score,167.96458302997053,188,0,urgency,easy,23.0,target,score,2,,0.9305768645164136,2,1,,0.07195060070545387,0.9305768645164136,0.22450565313090162,0.9305768645164136,1.9143289187681491,0.08567108123185085,,,,,,,,,,,,,,,
case_c93b5dd308d2c70e,calibration_score,165.88395880535245,186,0,urgency,easy,24.0,target,score,1,,0.9855604150044041,1,1,,0.014544850357254897,0.9855604150044041,0.05585978540028009,0.9855604150044041,0.9863737584311978,0.013626241568802211,,,,,,,,,,,,,,,
case_4c01cbab967fb7cd,calibration_score,165.36691691726446,183,0,urgency,easy,25.0,target,score,3,,0.9910354987664499,3,1,,0.009004924136849708,0.9910354987664499,0.04242268260755293,0.9910354987664499,2.9783459664006102,0.021654033599389777,,,,,,,,,,,,,,,
case_c7b9d923726f027b,calibration_score,165.88045796379447,181,0,urgency,easy,26.0,target,score,0,,0.9980296450026365,0,1,,0.001972298700380985,0.9980296450026365,0.010923705836509714,0.9980296450026365,0.0022804332892366217,0.0022804332892366217,,,,,,,,,,,,,,,
case_da0eff28f960a2fd,calibration_score,172.45912505313754,185,0,urgency,easy,27.0,target,score,3,,0.9954427444468075,3,1,,0.00456767149974859,0.9954427444468075,0.024567116093954566,0.9954427444468075,2.990885488893615,0.00911451110638506,,,,,,,,,,,,,,,
case_69693d0908a7583a,calibration_score,166.81370791047812,182,0,urgency,easy,28.0,target,score,2,,0.8227808459351,2,1,,0.19506540060033103,0.8227808459351,0.4565414194295154,0.8227808459351,1.763213588931856,0.2367864110681439,,,,,,,,,,,,,,,
case_211251d4f57e4c86,calibration_score,168.9689999911934,183,0,urgency,easy,29.0,target,score,3,,0.9910354987664499,3,1,,0.009004924136849708,0.9910354987664499,0.04242268260755293,0.9910354987664499,2.9783459664006102,0.021654033599389777,,,,,,,,,,,,,,,
case_f46a51921f4b0a6b,calibration_score,171.42958287149668,181,0,urgency,easy,30.0,target,score,0,,0.9980296450026365,0,1,,0.001972298700380985,0.9980296450026365,0.010923705836509714,0.9980296450026365,0.0022804332892366217,0.0022804332892366217,,,,,,,,,,,,,,,
case_968e81b752edbbb7,calibration_score,164.9841668549925,176,0,urgency,easy,31.0,target,score,0,,0.9818741186250625,0,1,,0.018292167617402936,0.9818741186250625,0.06603481397209619,0.9818741186250625,0.018289167650333605,0.018289167650333605,,,,,,,,,,,,,,,
case_370481fc0ed64b2c,calibration_score,164.41195807419717,185,0,urgency,easy,32.0,target,score,3,,0.9954427444468075,3,1,,0.00456767149974859,0.9954427444468075,0.024567116093954566,0.9954427444468075,2.990885488893615,0.00911451110638506,,,,,,,,,,,,,,,
case_d2f5a2c96a42ccdb,calibration_score,164.52458314597607,181,0,urgency,easy,33.0,target,score,0,,0.9980296450026365,0,1,,0.001972298700380985,0.9980296450026365,0.010923705836509714,0.9980296450026365,0.0022804332892366217,0.0022804332892366217,,,,,,,,,,,,,,,
case_3c605f975c31c85b,calibration_score,165.31791584566236,186,0,urgency,easy,34.0,target,score,1,,0.8994690035894526,1,1,,0.10595068578568116,0.8994690035894526,0.284259542686741,0.8994690035894526,0.9707138464981446,0.029286153501855372,,,,,,,,,,,,,,,
case_5c8fe14051b69083,calibration_score,166.12099995836616,188,0,urgency,easy,35.0,target,score,2,,0.9305768645164136,2,1,,0.07195060070545387,0.9305768645164136,0.22450565313090162,0.9305768645164136,1.9143289187681491,0.08567108123185085,,,,,,,,,,,,,,,
case_ad6d4b32ded6dd31,calibration_score,164.14975002408028,181,0,urgency,easy,36.0,target,score,0,,0.9980296450026365,0,1,,0.001972298700380985,0.9980296450026365,0.010923705836509714,0.9980296450026365,0.0022804332892366217,0.0022804332892366217,,,,,,,,,,,,,,,
case_7aaec6902421ae36,calibration_score,164.32712506502867,176,0,urgency,easy,37.0,target,score,0,,0.9818741186250625,0,1,,0.018292167617402936,0.9818741186250625,0.06603481397209619,0.9818741186250625,0.018289167650333605,0.018289167650333605,,,,,,,,,,,,,,,
case_a0a933a2235a488b,calibration_score,166.5456669870764,188,0,urgency,easy,38.0,target,score,2,,0.9305768645164136,2,1,,0.07195060070545387,0.9305768645164136,0.22450565313090162,0.9305768645164136,1.9143289187681491,0.08567108123185085,,,,,,,,,,,,,,,
case_282d4dea4b054fdd,calibration_score,164.833459071815,186,0,urgency,easy,39.0,target,score,1,,0.9855604150044041,1,1,,0.014544850357254897,0.9855604150044041,0.05585978540028009,0.9855604150044041,0.9863737584311978,0.013626241568802211,,,,,,,,,,,,,,,
case_b48a20ab4688e380,calibration_score,164.97762501239777,183,0,urgency,easy,40.0,target,score,3,,0.9910354987664499,3,1,,0.009004924136849708,0.9910354987664499,0.04242268260755293,0.9910354987664499,2.9783459664006102,0.021654033599389777,,,,,,,,,,,,,,,
case_c0ea96ba809c6d5c,calibration_score,165.32749985344708,182,0,urgency,easy,41.0,target,score,2,,0.8227808459351,2,1,,0.19506540060033103,0.8227808459351,0.4565414194295154,0.8227808459351,1.763213588931856,0.2367864110681439,,,,,,,,,,,,,,,
case_ab78b972a081a7d8,calibration_score,164.84195902012289,183,0,urgency,easy,42.0,target,score,3,,0.9910354987664499,3,1,,0.009004924136849708,0.9910354987664499,0.04242268260755293,0.9910354987664499,2.9783459664006102,0.021654033599389777,,,,,,,,,,,,,,,
case_04e162880906c19b,calibration_score,164.76620780304074,185,0,urgency,easy,43.0,target,score,3,,0.9954427444468075,3,1,,0.00456767149974859,0.9954427444468075,0.024567116093954566,0.9954427444468075,2.990885488893615,0.00911451110638506,,,,,,,,,,,,,,,
case_f2f1e96166c2ef81,calibration_score,166.28091596066952,188,0,urgency,easy,44.0,target,score,2,,0.9305768645164136,2,1,,0.07195060070545387,0.9305768645164136,0.22450565313090162,0.9305768645164136,1.9143289187681491,0.08567108123185085,,,,,,,,,,,,,,,
case_7b0441cc370f61b3,calibration_score,163.40562514960766,185,0,urgency,easy,45.0,target,score,3,,0.9954427444468075,3,1,,0.00456767149974859,0.9954427444468075,0.024567116093954566,0.9954427444468075,2.990885488893615,0.00911451110638506,,,,,,,,,,,,,,,
case_71ff5683d4f4006e,calibration_score,163.21250004693866,183,0,urgency,easy,46.0,target,score,3,,0.9910354987664499,3,1,,0.009004924136849708,0.9910354987664499,0.04242268260755293,0.9910354987664499,2.9783459664006102,0.021654033599389777,,,,,,,,,,,,,,,
case_35b3c5f447b89765,calibration_score,164.18895893730223,186,0,urgency,easy,47.0,target,score,1,,0.8994690035894526,1,1,,0.10595068578568116,0.8994690035894526,0.284259542686741,0.8994690035894526,0.9707138464981446,0.029286153501855372,,,,,,,,,,,,,,,
case_55c9c24017d46fd4,calibration_score,163.40033407323062,181,0,urgency,easy,48.0,target,score,0,,0.9980296450026365,0,1,,0.001972298700380985,0.9980296450026365,0.010923705836509714,0.9980296450026365,0.0022804332892366217,0.0022804332892366217,,,,,,,,,,,,,,,
case_7deddc9fac763e60,calibration_score,163.2691661361605,181,0,urgency,easy,49.0,target,score,0,,0.9980296450026365,0,1,,0.001972298700380985,0.9980296450026365,0.010923705836509714,0.9980296450026365,0.0022804332892366217,0.0022804332892366217,,,,,,,,,,,,,,,
case_88f4460ba6c6aacf,candidate_order_invariance,163.42408396303654,186,0,,,,target,choice,billing,,0.9986364351560749,billing,1,3.616115508410711e-06,0.0013644953444282427,0.9986364351560749,0.007607196967006262,0.9986364351560749,,,group_f781c1259646526b,0.0,,,,,,,,,,,,,
case_35d7406c09b925b3,candidate_order_invariance,163.16004213877022,186,0,,,,target,choice,billing,,0.9982141100859399,billing,1,6.085019298833668e-06,0.0017874865166401833,0.9982141100859399,0.009728664037357549,0.9982141100859399,,,group_f781c1259646526b,1.0,,,,,,,,,,,,,
case_f7601f2108531b16,candidate_order_invariance,163.88945793733,186,0,,,,target,choice,billing,,0.9982141100859399,billing,1,6.085019298833668e-06,0.0017874865166401833,0.9982141100859399,0.009728664037357549,0.9982141100859399,,,group_f781c1259646526b,2.0,,,,,,,,,,,,,
case_9178abcee6487960,candidate_order_invariance,163.54479105211794,186,0,,,,target,choice,billing,,0.9999782855312407,billing,1,7.271938283760736e-10,2.171470452180488e-05,0.9999782855312407,0.0001955247307464457,0.9999782855312407,,,group_f781c1259646526b,3.0,,,,,,,,,,,,,
case_cf770931cfa7fd59,candidate_order_invariance,163.37437508627772,186,0,,,,target,choice,billing,,0.9982141100859399,billing,1,6.085019298833668e-06,0.0017874865166401833,0.9982141100859399,0.009728664037357549,0.9982141100859399,,,group_f781c1259646526b,4.0,,,,,,,,,,,,,
case_1ceb3c34314d657d,candidate_order_invariance,163.4761670138687,186,0,,,,target,choice,billing,,0.9983930255250411,billing,1,4.84138714648211e-06,0.0016082670433757616,0.9983930255250411,0.008948099087191635,0.9983930255250411,,,group_f781c1259646526b,5.0,,,,,,,,,,,,,
case_1cf6d4a622ce5e4c,candidate_order_invariance,163.49783400073647,186,0,,,,target,choice,billing,,0.9985954550182399,billing,1,3.7319987625156376e-06,0.0014055322796408276,0.9985954550182399,0.007921041958207396,0.9985954550182399,,,group_f781c1259646526b,6.0,,,,,,,,,,,,,
case_4cc553063da0df3c,candidate_order_invariance,163.37641701102257,186,0,,,,target,choice,billing,,0.9984122832990662,billing,1,4.777886264378486e-06,0.0015889784588146016,0.9984122832990662,0.00881116464357399,0.9984122832990662,,,group_f781c1259646526b,7.0,,,,,,,,,,,,,
case_f6e4a4242e10d394,candidate_order_invariance,163.9275001361966,186,0,,,,target,choice,billing,,0.9984668832120159,billing,1,4.604627185206464e-06,0.0015342932140796758,0.9984668832120159,0.008393323882636961,0.9984668832120159,,,group_f781c1259646526b,8.0,,,,,,,,,,,,,
case_07b52d107ed14b14,candidate_order_invariance,163.78845903091133,186,0,,,,target,choice,billing,,0.9999767457376968,billing,1,8.536186125759086e-10,2.325453268775663e-05,0.9999767457376968,0.000207442370759986,0.9999767457376968,,,group_f781c1259646526b,9.0,,,,,,,,,,,,,
case_a84222d01fdf64f8,candidate_order_invariance,163.94483298063278,186,0,,,,target,choice,billing,,0.998647461815004,billing,1,3.585546923876591e-06,0.001353453690364059,0.998647461815004,0.007524229472890321,0.998647461815004,,,group_f781c1259646526b,10.0,,,,,,,,,,,,,
case_1a1767a456cb4262,candidate_order_invariance,163.38937496766448,186,0,,,,target,choice,billing,,0.9984668832120159,billing,1,4.604627185206464e-06,0.0015342932140796758,0.9984668832120159,0.008393323882636961,0.9984668832120159,,,group_f781c1259646526b,11.0,,,,,,,,,,,,,
case_86aa3c70717aec32,candidate_order_invariance,163.09083392843604,186,0,,,,target,choice,billing,,0.998467154728148,billing,1,4.603793585926611e-06,0.001534021281079523,0.998467154728148,0.008390904599918267,0.998467154728148,,,group_f781c1259646526b,12.0,,,,,,,,,,,,,
case_aa18c667ff059ecb,candidate_order_invariance,163.2252091076225,186,0,,,,target,choice,billing,,0.9984668832120159,billing,1,4.604627185206464e-06,0.0015342932140796758,0.9984668832120159,0.008393323882636961,0.9984668832120159,,,group_f781c1259646526b,13.0,,,,,,,,,,,,,
case_f44e24f5b05c1476,candidate_order_invariance,163.1692498922348,186,0,,,,target,choice,billing,,0.998727851083137,billing,1,2.991115732036358e-06,0.0012729587852179718,0.998727851083137,0.007344100647874943,0.998727851083137,,,group_f781c1259646526b,14.0,,,,,,,,,,,,,
case_ebc38738bde533d3,candidate_order_invariance,163.75983390025795,186,0,,,,target,choice,billing,,0.9997840420771602,billing,1,8.812768384340076e-08,0.00021598124510982517,0.9997840420771602,0.001509551048270781,0.9997840420771602,,,group_f781c1259646526b,15.0,,,,,,,,,,,,,
case_b1356a2f86439478,label_key_invariance,206.0520830564201,196,0,,,,target,choice,k148230,,0.9999122991999578,k148230,1,1.2419671604481574e-08,8.770464598219452e-05,0.9999122991999578,0.0006955013070997344,0.9999122991999578,,,opaque_support_keys,0.0,billing,,,,,,,,,,,,
case_d61272595054be28,label_key_invariance,205.59529215097427,196,0,,,,target,choice,k399423,,0.9999122991999578,k399423,1,1.2419671604481574e-08,8.770464598219452e-05,0.9999122991999578,0.0006955013070997344,0.9999122991999578,,,opaque_support_keys,1.0,billing,,,,,,,,,,,,
case_3d8a81bde9db97ed,label_key_invariance,210.49474994651973,196,0,,,,target,choice,k874993,,0.9999122991999578,k874993,1,1.2419671604481574e-08,8.770464598219452e-05,0.9999122991999578,0.0006955013070997344,0.9999122991999578,,,opaque_support_keys,2.0,billing,,,,,,,,,,,,
case_192066808b353ed4,label_key_invariance,212.8022089600563,196,0,,,,target,choice,k269284,,0.9999122991999578,k269284,1,1.2419671604481574e-08,8.770464598219452e-05,0.9999122991999578,0.0006955013070997344,0.9999122991999578,,,opaque_support_keys,3.0,billing,,,,,,,,,,,,
case_6054fc010b7d4c84,label_key_invariance,215.8514999318868,196,0,,,,target,choice,k786874,,0.9999122991999578,k786874,1,1.2419671604481574e-08,8.770464598219452e-05,0.9999122991999578,0.0006955013070997344,0.9999122991999578,,,opaque_support_keys,4.0,billing,,,,,,,,,,,,
case_4fb8ddebb51b863b,label_key_invariance,211.12895803526044,196,0,,,,target,choice,k169858,,0.9999122991999578,k169858,1,1.2419671604481574e-08,8.770464598219452e-05,0.9999122991999578,0.0006955013070997344,0.9999122991999578,,,opaque_support_keys,5.0,billing,,,,,,,,,,,,
case_800ea3225343c1a4,label_key_invariance,204.84037487767637,196,0,,,,target,choice,k134271,,0.9999122991999578,k134271,1,1.2419671604481574e-08,8.770464598219452e-05,0.9999122991999578,0.0006955013070997344,0.9999122991999578,,,opaque_support_keys,6.0,billing,,,,,,,,,,,,
case_791e9f3b217073e6,label_key_invariance,209.1421668883413,196,0,,,,target,choice,k650796,,0.9999122991999578,k650796,1,1.2419671604481574e-08,8.770464598219452e-05,0.9999122991999578,0.0006955013070997344,0.9999122991999578,,,opaque_support_keys,7.0,billing,,,,,,,,,,,,
case_f1af7913f146d85b,label_key_invariance,211.10491594299674,196,0,,,,target,choice,k936306,,0.9999122991999578,k936306,1,1.2419671604481574e-08,8.770464598219452e-05,0.9999122991999578,0.0006955013070997344,0.9999122991999578,,,opaque_support_keys,8.0,billing,,,,,,,,,,,,
case_cd6d17d481906a6a,label_key_invariance,210.09412501007318,196,0,,,,target,choice,k451158,,0.9999122991999578,k451158,1,1.2419671604481574e-08,8.770464598219452e-05,0.9999122991999578,0.0006955013070997344,0.9999122991999578,,,opaque_support_keys,9.0,billing,,,,,,,,,,,,
case_73af75bf529d1784,label_key_invariance,215.874542016536,196,0,,,,target,choice,k789579,,0.9999122991999578,k789579,1,1.2419671604481574e-08,8.770464598219452e-05,0.9999122991999578,0.0006955013070997344,0.9999122991999578,,,opaque_support_keys,10.0,billing,,,,,,,,,,,,
case_75117ac105c5fcaf,label_key_invariance,207.7207090333104,196,0,,,,target,choice,k869346,,0.9999122991999578,k869346,1,1.2419671604481574e-08,8.770464598219452e-05,0.9999122991999578,0.0006955013070997344,0.9999122991999578,,,opaque_support_keys,11.0,billing,,,,,,,,,,,,
case_07e4ba3fa117e2d0,label_key_invariance,208.61466694623232,196,0,,,,target,choice,k955901,,0.9999122991999578,k955901,1,1.2419671604481574e-08,8.770464598219452e-05,0.9999122991999578,0.0006955013070997344,0.9999122991999578,,,opaque_support_keys,12.0,billing,,,,,,,,,,,,
case_d8a66c87f2ab1e89,label_key_invariance,206.3532080501318,196,0,,,,target,choice,k368710,,0.9999122991999578,k368710,1,1.2419671604481574e-08,8.770464598219452e-05,0.9999122991999578,0.0006955013070997344,0.9999122991999578,,,opaque_support_keys,13.0,billing,,,,,,,,,,,,
case_c31ef5dc1ddaddd6,label_key_invariance,206.96858293376863,196,0,,,,target,choice,k880152,,0.9999122991999578,k880152,1,1.2419671604481574e-08,8.770464598219452e-05,0.9999122991999578,0.0006955013070997344,0.9999122991999578,,,opaque_support_keys,14.0,billing,,,,,,,,,,,,
case_f3c7b65cdc53e8a8,label_key_invariance,206.6332078538835,196,0,,,,target,choice,k285914,,0.9999122991999578,k285914,1,1.2419671604481574e-08,8.770464598219452e-05,0.9999122991999578,0.0006955013070997344,0.9999122991999578,,,opaque_support_keys,15.0,billing,,,,,,,,,,,,
case_606bcb25bad80296,irrelevant_context_robustness,166.28545802086592,188,0,,,,target,choice,billing,,0.9999739887123557,billing,1,1.0733804069199308e-09,2.601162594375411e-05,0.9999739887123557,0.00022983798393216138,0.9999739887123557,,,support_noise,,,0.0,,,,,,,,,,,
case_67aef1351eb8517f,irrelevant_context_robustness,209.76237510330975,202,0,,,,target,choice,billing,,0.9999738331373592,billing,1,1.0353019513324314e-09,2.616720499910881e-05,0.9999738331373592,0.00023278777165061288,0.9999738331373592,,,support_noise,,,1.0,,,,,,,,,,,
case_28dc12851368519b,irrelevant_context_robustness,207.8499998897314,212,0,,,,target,choice,billing,,0.9999557666716317,billing,1,3.064287874249503e-09,4.423430669085617e-05,0.9999557666716317,0.0003745912769843677,0.9999557666716317,,,support_noise,,,2.0,,,,,,,,,,,
case_672bb4e33419d0b5,irrelevant_context_robustness,208.27974984422326,228,0,,,,target,choice,billing,,0.9999479112796098,billing,1,4.184457334143253e-09,5.2090077054705055e-05,0.9999479112796098,0.0004361484589515884,0.9999479112796098,,,support_noise,,,4.0,,,,,,,,,,,
case_8e945abdd40a4b4f,irrelevant_context_robustness,265.1999588124454,259,0,,,,target,choice,billing,,0.9999547589731979,billing,1,3.158595271457414e-09,4.524205020826506e-05,0.9999547589731979,0.0003841168448979789,0.9999547589731979,,,support_noise,,,8.0,,,,,,,,,,,
case_2d32df047ebfbde1,irrelevant_context_robustness,309.5228329766542,322,0,,,,target,choice,billing,,0.99995391806211,billing,1,3.2697605984007913e-09,4.608299969513902e-05,0.99995391806211,0.00039012927049947483,0.99995391806211,,,support_noise,,,16.0,,,,,,,,,,,
case_24759f95d22f2df5,evidence_removal,209.34045896865427,221,0,,,,target,choice,billing,,0.9995860280581194,billing,1,2.6585216936665213e-07,0.0004140576519201581,0.9995860280581194,0.0024754908888062347,0.9995860280581194,,,evidence_ladder,,,,0.0,,,,,,,,,,
case_98f68bf835b8d1c2,evidence_removal,209.75666702724993,212,0,,,,target,choice,billing,,0.9999253674203272,billing,1,7.839481835099162e-09,7.463536482232358e-05,0.9999253674203272,0.0005351552740278468,0.9999253674203272,,,evidence_ladder,,,,1.0,,,,,,,,,,
case_32a5abcef5bf54c7,evidence_removal,208.66462495177984,214,0,,,,target,choice,billing,,0.9974803946016297,billing,1,1.1181095965785355e-05,0.0025227849459784576,0.9974803946016297,0.011687060960679976,0.9974803946016297,,,evidence_ladder,,,,2.0,,,,,,,,,,
case_a96d1c996cf1debb,evidence_removal,208.73516704887152,215,0,,,,target,choice,insufficient,,0.9968466553593177,insufficient,1,1.783139144681438e-05,0.0031583269085224243,0.9968466553593177,0.014151666316796863,0.9968466553593177,,,evidence_ladder,,,,3.0,,,,,,,,,,
case_bc1c8e4f487f893d,contradiction_sensitivity,207.56266708485782,196,0,,,,target,choice,technical,,0.9977027611806815,technical,1,1.0050015310998351e-05,0.002299881520467888,0.9977027611806815,0.012089653064226772,0.9977027611806815,,,contradiction_flip,,,,,technical_verified,,,,,,,,,
case_3d2090b53c497840,contradiction_sensitivity,208.1389999948442,204,0,,,,target,choice,billing,,0.9997696706802587,billing,1,8.736820359958302e-08,0.00023035584961290072,0.9997696706802587,0.001657894831080488,0.9997696706802587,,,contradiction_flip,,,,,billing_verified,,,,,,,,,
case_e21f02fe5b903c38,state_prompt_injection,208.03712494671345,220,0,,,,target,choice,billing,,0.9998392689372039,billing,1,4.207060510936158e-08,0.00016074398141770156,0.9998392689372039,0.0012036767504765174,0.9998392689372039,,,injection,,,,,,technical,,,,,,,,
case_f24ba43ffafd931f,question_paraphrase_invariance,163.18833292461932,162,0,,,,target,choice,account,,0.9991577172069728,account,1,1.357201520895532e-06,0.0008426377124879732,0.9991577172069728,0.00502823479223362,0.9991577172069728,,,question_paraphrase_account,0.0,,,,,,Which team should handle this request?,,,,,,,
case_07c326278e8dff2c,question_paraphrase_invariance,163.84591604582965,164,0,,,,target,choice,account,,0.998455159082437,account,1,4.641498680509444e-06,0.0015460354146571336,0.998455159082437,0.008479324031357989,0.998455159082437,,,question_paraphrase_account,1.0,,,,,,Select the appropriate support department for the issue.,,,,,,,
case_fa89af86c3a91e6f,question_paraphrase_invariance,162.42987499572337,164,0,,,,target,choice,account,,0.9992523011045575,account,1,1.0639030890486915e-06,0.0007479785616743621,0.9992523011045575,0.004537235103094916,0.9992523011045575,,,question_paraphrase_account,2.0,,,,,,Which support function owns resolution of this case?,,,,,,,
case_411cc9f3614464d2,question_paraphrase_invariance,162.9055410157889,167,0,,,,target,choice,account,,0.9987877998167999,account,1,2.8386753857184114e-06,0.0012129354921300056,0.9987877998167999,0.006886598326670426,0.9987877998167999,,,question_paraphrase_account,3.0,,,,,,Choose the team whose remit best matches the user's problem.,,,,,,,
case_96037a285f6fbd1c,question_paraphrase_invariance,161.65958298370242,164,0,,,,target,choice,account,,0.9992485650465618,account,1,1.0698503783504852e-06,0.0007517174221963001,0.9992485650465618,0.004562722266712707,0.9992485650465618,,,question_paraphrase_account,4.0,,,,,,Route this issue to the most appropriate team.,,,,,,,
case_055f1f1f130e5b24,question_paraphrase_invariance,162.8591250628233,165,0,,,,target,choice,account,,0.9991473060077878,account,1,1.375646769252782e-06,0.0008530577425275664,0.9991473060077878,0.005104968245953539,0.9991473060077878,,,question_paraphrase_account,5.0,,,,,,"Based on the state, which department is responsible?",,,,,,,
case_3a27b5d8aef2517f,question_paraphrase_invariance,162.0687919203192,165,0,,,,target,choice,account,,0.9995205866104293,account,1,4.1726989923832234e-07,0.0004795283449119644,0.9995205866104293,0.0031118375352082723,0.9995205866104293,,,question_paraphrase_account,6.0,,,,,,Identify the correct operational owner for this request.,,,,,,,
case_840e4a3a8e42a377,question_paraphrase_invariance,162.09554206579924,165,0,,,,target,choice,account,,0.9991620403923803,account,1,1.3496660692775911e-06,0.0008383108920268161,0.9991620403923803,0.004995758143165772,0.9991620403923803,,,question_paraphrase_account,7.0,,,,,,Which category best describes who should resolve this issue?,,,,,,,
case_8c838bee5f5ba6c1,repeatability,275.6374159362167,396,0,,,,outage,noul,1,0.9997694932780068,0.9997694932780068,1,1,5.313334888405346e-08,0.00023053329275088595,,,,,,identical_request,,,,,,,,0.0,,,,,,
case_8c838bee5f5ba6c1,repeatability,275.6374159362167,396,0,,,,severity,score,3,,0.9983889511428942,3,1,,0.001612347991816307,0.9983889511428942,0.008974094283237963,0.9983889511428942,2.995351616446737,0.004648383553262914,identical_request,,,,,,,,0.0,,,,,,
case_8c838bee5f5ba6c1,repeatability,275.6374159362167,396,0,,,,route,choice,incident,,0.9991943635325339,incident,1,1.1618080374925042e-06,0.0008059611669298413,0.9991943635325339,0.006225029583794126,0.9991943635325339,,,identical_request,,,,,,,,0.0,,,,,,
case_71e14fdcb30dcbd7,repeatability,274.2642080411315,396,0,,,,outage,noul,1,0.9997694932780068,0.9997694932780068,1,1,5.313334888405346e-08,0.00023053329275088595,,,,,,identical_request,,,,,,,,1.0,,,,,,
case_71e14fdcb30dcbd7,repeatability,274.2642080411315,396,0,,,,severity,score,3,,0.9983889511428942,3,1,,0.001612347991816307,0.9983889511428942,0.008974094283237963,0.9983889511428942,2.995351616446737,0.004648383553262914,identical_request,,,,,,,,1.0,,,,,,
case_71e14fdcb30dcbd7,repeatability,274.2642080411315,396,0,,,,route,choice,incident,,0.9991943635325339,incident,1,1.1618080374925042e-06,0.0008059611669298413,0.9991943635325339,0.006225029583794126,0.9991943635325339,,,identical_request,,,,,,,,1.0,,,,,,
case_10e35443c3bb7c21,repeatability,274.0704999305308,396,0,,,,outage,noul,1,0.9997694932780068,0.9997694932780068,1,1,5.313334888405346e-08,0.00023053329275088595,,,,,,identical_request,,,,,,,,2.0,,,,,,
case_10e35443c3bb7c21,repeatability,274.0704999305308,396,0,,,,severity,score,3,,0.9983889511428942,3,1,,0.001612347991816307,0.9983889511428942,0.008974094283237963,0.9983889511428942,2.995351616446737,0.004648383553262914,identical_request,,,,,,,,2.0,,,,,,
case_10e35443c3bb7c21,repeatability,274.0704999305308,396,0,,,,route,choice,incident,,0.9991943635325339,incident,1,1.1618080374925042e-06,0.0008059611669298413,0.9991943635325339,0.006225029583794126,0.9991943635325339,,,identical_request,,,,,,,,2.0,,,,,,
case_23495b012a1995e1,repeatability,273.428708082065,396,0,,,,outage,noul,1,0.9997694932780068,0.9997694932780068,1,1,5.313334888405346e-08,0.00023053329275088595,,,,,,identical_request,,,,,,,,3.0,,,,,,
case_23495b012a1995e1,repeatability,273.428708082065,396,0,,,,severity,score,3,,0.9983889511428942,3,1,,0.001612347991816307,0.9983889511428942,0.008974094283237963,0.9983889511428942,2.995351616446737,0.004648383553262914,identical_request,,,,,,,,3.0,,,,,,
case_23495b012a1995e1,repeatability,273.428708082065,396,0,,,,route,choice,incident,,0.9991943635325339,incident,1,1.1618080374925042e-06,0.0008059611669298413,0.9991943635325339,0.006225029583794126,0.9991943635325339,,,identical_request,,,,,,,,3.0,,,,,,
case_8011895e0dbb3856,repeatability,273.3111251145601,396,0,,,,outage,noul,1,0.9997694932780068,0.9997694932780068,1,1,5.313334888405346e-08,0.00023053329275088595,,,,,,identical_request,,,,,,,,4.0,,,,,,
case_8011895e0dbb3856,repeatability,273.3111251145601,396,0,,,,severity,score,3,,0.9983889511428942,3,1,,0.001612347991816307,0.9983889511428942,0.008974094283237963,0.9983889511428942,2.995351616446737,0.004648383553262914,identical_request,,,,,,,,4.0,,,,,,
case_8011895e0dbb3856,repeatability,273.3111251145601,396,0,,,,route,choice,incident,,0.9991943635325339,incident,1,1.1618080374925042e-06,0.0008059611669298413,0.9991943635325339,0.006225029583794126,0.9991943635325339,,,identical_request,,,,,,,,4.0,,,,,,
case_8efe399eb24907d9,repeatability,273.9386251196265,396,0,,,,outage,noul,1,0.9997694932780068,0.9997694932780068,1,1,5.313334888405346e-08,0.00023053329275088595,,,,,,identical_request,,,,,,,,5.0,,,,,,
case_8efe399eb24907d9,repeatability,273.9386251196265,396,0,,,,severity,score,3,,0.9983889511428942,3,1,,0.001612347991816307,0.9983889511428942,0.008974094283237963,0.9983889511428942,2.995351616446737,0.004648383553262914,identical_request,,,,,,,,5.0,,,,,,
case_8efe399eb24907d9,repeatability,273.9386251196265,396,0,,,,route,choice,incident,,0.9991943635325339,incident,1,1.1618080374925042e-06,0.0008059611669298413,0.9991943635325339,0.006225029583794126,0.9991943635325339,,,identical_request,,,,,,,,5.0,,,,,,
case_d5a7cc1769b780ca,repeatability,273.16583413630724,396,0,,,,outage,noul,1,0.9997694932780068,0.9997694932780068,1,1,5.313334888405346e-08,0.00023053329275088595,,,,,,identical_request,,,,,,,,6.0,,,,,,
case_d5a7cc1769b780ca,repeatability,273.16583413630724,396,0,,,,severity,score,3,,0.9983889511428942,3,1,,0.001612347991816307,0.9983889511428942,0.008974094283237963,0.9983889511428942,2.995351616446737,0.004648383553262914,identical_request,,,,,,,,6.0,,,,,,
case_d5a7cc1769b780ca,repeatability,273.16583413630724,396,0,,,,route,choice,incident,,0.9991943635325339,incident,1,1.1618080374925042e-06,0.0008059611669298413,0.9991943635325339,0.006225029583794126,0.9991943635325339,,,identical_request,,,,,,,,6.0,,,,,,
case_02adf843fa17efcf,repeatability,273.92483316361904,396,0,,,,outage,noul,1,0.9997694932780068,0.9997694932780068,1,1,5.313334888405346e-08,0.00023053329275088595,,,,,,identical_request,,,,,,,,7.0,,,,,,
case_02adf843fa17efcf,repeatability,273.92483316361904,396,0,,,,severity,score,3,,0.9983889511428942,3,1,,0.001612347991816307,0.9983889511428942,0.008974094283237963,0.9983889511428942,2.995351616446737,0.004648383553262914,identical_request,,,,,,,,7.0,,,,,,
case_02adf843fa17efcf,repeatability,273.92483316361904,396,0,,,,route,choice,incident,,0.9991943635325339,incident,1,1.1618080374925042e-06,0.0008059611669298413,0.9991943635325339,0.006225029583794126,0.9991943635325339,,,identical_request,,,,,,,,7.0,,,,,,
case_06a20260e5ffc84a,repeatability,274.2994581349194,396,0,,,,outage,noul,1,0.9997694932780068,0.9997694932780068,1,1,5.313334888405346e-08,0.00023053329275088595,,,,,,identical_request,,,,,,,,8.0,,,,,,
case_06a20260e5ffc84a,repeatability,274.2994581349194,396,0,,,,severity,score,3,,0.9983889511428942,3,1,,0.001612347991816307,0.9983889511428942,0.008974094283237963,0.9983889511428942,2.995351616446737,0.004648383553262914,identical_request,,,,,,,,8.0,,,,,,
case_06a20260e5ffc84a,repeatability,274.2994581349194,396,0,,,,route,choice,incident,,0.9991943635325339,incident,1,1.1618080374925042e-06,0.0008059611669298413,0.9991943635325339,0.006225029583794126,0.9991943635325339,,,identical_request,,,,,,,,8.0,,,,,,
case_de8b834eda7dd90e,repeatability,273.5947910696268,396,0,,,,outage,noul,1,0.9997694932780068,0.9997694932780068,1,1,5.313334888405346e-08,0.00023053329275088595,,,,,,identical_request,,,,,,,,9.0,,,,,,
case_de8b834eda7dd90e,repeatability,273.5947910696268,396,0,,,,severity,score,3,,0.9983889511428942,3,1,,0.001612347991816307,0.9983889511428942,0.008974094283237963,0.9983889511428942,2.995351616446737,0.004648383553262914,identical_request,,,,,,,,9.0,,,,,,
case_de8b834eda7dd90e,repeatability,273.5947910696268,396,0,,,,route,choice,incident,,0.9991943635325339,incident,1,1.1618080374925042e-06,0.0008059611669298413,0.9991943635325339,0.006225029583794126,0.9991943635325339,,,identical_request,,,,,,,,9.0,,,,,,
case_240061ae46f2d977,repeatability,274.35024990700185,396,0,,,,outage,noul,1,0.9997694932780068,0.9997694932780068,1,1,5.313334888405346e-08,0.00023053329275088595,,,,,,identical_request,,,,,,,,10.0,,,,,,
case_240061ae46f2d977,repeatability,274.35024990700185,396,0,,,,severity,score,3,,0.9983889511428942,3,1,,0.001612347991816307,0.9983889511428942,0.008974094283237963,0.9983889511428942,2.995351616446737,0.004648383553262914,identical_request,,,,,,,,10.0,,,,,,
case_240061ae46f2d977,repeatability,274.35024990700185,396,0,,,,route,choice,incident,,0.9991943635325339,incident,1,1.1618080374925042e-06,0.0008059611669298413,0.9991943635325339,0.006225029583794126,0.9991943635325339,,,identical_request,,,,,,,,10.0,,,,,,
case_0644bd0ad74965a2,repeatability,273.0535001028329,396,0,,,,outage,noul,1,0.9997694932780068,0.9997694932780068,1,1,5.313334888405346e-08,0.00023053329275088595,,,,,,identical_request,,,,,,,,11.0,,,,,,
case_0644bd0ad74965a2,repeatability,273.0535001028329,396,0,,,,severity,score,3,,0.9983889511428942,3,1,,0.001612347991816307,0.9983889511428942,0.008974094283237963,0.9983889511428942,2.995351616446737,0.004648383553262914,identical_request,,,,,,,,11.0,,,,,,
case_0644bd0ad74965a2,repeatability,273.0535001028329,396,0,,,,route,choice,incident,,0.9991943635325339,incident,1,1.1618080374925042e-06,0.0008059611669298413,0.9991943635325339,0.006225029583794126,0.9991943635325339,,,identical_request,,,,,,,,11.0,,,,,,
case_35b7d89df9fd6788,parallel_question_scaling,504.6011251397431,612,0,,,,q_000,noul,1,0.9996646498695336,0.9996646498695336,1,1,1.124597100038127e-07,0.00033540637289566265,,,,,,,,,,,,,,,1.0,,,,,
case_bb92abb17b8d91ee,parallel_question_scaling,555.9543750714511,1224,0,,,,q_000,noul,1,0.9996646498695336,0.9996646498695336,1,1,1.124597100038127e-07,0.00033540637289566265,,,,,,,,,,,,,,,2.0,,,,,
case_bb92abb17b8d91ee,parallel_question_scaling,555.9543750714511,1224,0,,,,q_001,noul,0,0.005911068856243796,0.9940889311437562,0,1,3.4940735023255335e-05,0.005928608376116514,,,,,,,,,,,,,,,2.0,,,,,
case_f6c59dc3f2e31cf4,parallel_question_scaling,675.1019158400595,2448,0,,,,q_000,noul,1,0.9996646498695336,0.9996646498695336,1,1,1.124597100038127e-07,0.00033540637289566265,,,,,,,,,,,,,,,4.0,,,,,
case_f6c59dc3f2e31cf4,parallel_question_scaling,675.1019158400595,2448,0,,,,q_001,noul,0,0.004609572179374208,0.9953904278206258,0,1,2.124815567686069e-05,0.004620229018803907,,,,,,,,,,,,,,,4.0,,,,,
case_f6c59dc3f2e31cf4,parallel_question_scaling,675.1019158400595,2448,0,,,,q_002,noul,1,0.9991959140643708,0.9991959140643708,1,1,6.465541918766782e-07,0.000804409386124753,,,,,,,,,,,,,,,4.0,,,,,
case_f6c59dc3f2e31cf4,parallel_question_scaling,675.1019158400595,2448,0,,,,q_003,noul,0,0.08509904500702024,0.9149009549929797,0,1,0.007241847461106857,0.08893946547493875,,,,,,,,,,,,,,,4.0,,,,,
case_0ed334adb767ff82,parallel_question_scaling,895.0714578386396,4896,0,,,,q_000,noul,1,0.999704042886487,0.999704042886487,1,1,8.759061303897379e-08,0.0002960009174625053,,,,,,,,,,,,,,,8.0,,,,,
case_0ed334adb767ff82,parallel_question_scaling,895.0714578386396,4896,0,,,,q_001,noul,0,0.004609572179374208,0.9953904278206258,0,1,2.124815567686069e-05,0.004620229018803907,,,,,,,,,,,,,,,8.0,,,,,
case_0ed334adb767ff82,parallel_question_scaling,895.0714578386396,4896,0,,,,q_002,noul,1,0.9991959140643708,0.9991959140643708,1,1,6.465541918766782e-07,0.000804409386124753,,,,,,,,,,,,,,,8.0,,,,,
case_0ed334adb767ff82,parallel_question_scaling,895.0714578386396,4896,0,,,,q_003,noul,0,0.07585818002124356,0.9241418199787564,0,1,0.0057544634761353955,0.07888973429254963,,,,,,,,,,,,,,,8.0,,,,,
case_0ed334adb767ff82,parallel_question_scaling,895.0714578386396,4896,0,,,,q_004,noul,1,0.998498817743263,0.998498817743263,1,1,2.253548167942023e-06,0.0015023101597543026,,,,,,,,,,,,,,,8.0,,,,,
case_0ed334adb767ff82,parallel_question_scaling,895.0714578386396,4896,0,,,,q_005,noul,0,0.04742587317756679,0.9525741268224333,0,1,0.002249213446654649,0.04858735157374202,,,,,,,,,,,,,,,8.0,,,,,
case_0ed334adb767ff82,parallel_question_scaling,895.0714578386396,4896,0,,,,q_006,noul,1,0.9990889488055994,0.9990889488055994,1,1,8.300142788187649e-07,0.0009114664537742021,,,,,,,,,,,,,,,8.0,,,,,
case_0ed334adb767ff82,parallel_question_scaling,895.0714578386396,4896,0,,,,q_007,noul,0,0.017986209962091555,0.9820137900379085,0,1,0.0003235037488004415,0.01814992791780973,,,,,,,,,,,,,,,8.0,,,,,
case_ed6ffbd064b36a94,parallel_question_scaling,1377.4890000931919,9798,0,,,,q_000,noul,1,0.999704042886487,0.999704042886487,1,1,8.759061303897379e-08,0.0002960009174625053,,,,,,,,,,,,,,,16.0,,,,,
case_ed6ffbd064b36a94,parallel_question_scaling,1377.4890000931919,9798,0,,,,q_001,noul,0,0.004609572179374208,0.9953904278206258,0,1,2.124815567686069e-05,0.004620229018803907,,,,,,,,,,,,,,,16.0,,,,,
case_ed6ffbd064b36a94,parallel_question_scaling,1377.4890000931919,9798,0,,,,q_002,noul,1,0.9992903296008995,0.9992903296008995,1,1,5.036320753594999e-07,0.0007099223343392451,,,,,,,,,,,,,,,16.0,,,,,
case_ed6ffbd064b36a94,parallel_question_scaling,1377.4890000931919,9798,0,,,,q_003,noul,0,0.0953494648991095,0.9046505351008904,0,1,0.009091520456546515,0.10020655891674729,,,,,,,,,,,,,,,16.0,,,,,
case_ed6ffbd064b36a94,parallel_question_scaling,1377.4890000931919,9798,0,,,,q_004,noul,1,0.9986749775827868,0.9986749775827868,1,1,1.7556844061175577e-06,0.0013259010356280994,,,,,,,,,,,,,,,16.0,,,,,
case_ed6ffbd064b36a94,parallel_question_scaling,1377.4890000931919,9798,0,,,,q_005,noul,0,0.04208772791561884,0.9579122720843811,0,1,0.0017713768410991617,0.042999079229087855,,,,,,,,,,,,,,,16.0,,,,,
case_ed6ffbd064b36a94,parallel_question_scaling,1377.4890000931919,9798,0,,,,q_006,noul,1,0.9990889488055994,0.9990889488055994,1,1,8.300142788187649e-07,0.0009114664537742021,,,,,,,,,,,,,,,16.0,,,,,
case_ed6ffbd064b36a94,parallel_question_scaling,1377.4890000931919,9798,0,,,,q_007,noul,0,0.017986209962091555,0.9820137900379085,0,1,0.0003235037488004415,0.01814992791780973,,,,,,,,,,,,,,,16.0,,,,,
case_ed6ffbd064b36a94,parallel_question_scaling,1377.4890000931919,9798,0,,,,q_008,noul,1,0.9994472213630764,0.9994472213630764,1,1,3.0556422143911427e-07,0.0005529314753607978,,,,,,,,,,,,,,,16.0,,,,,
case_ed6ffbd064b36a94,parallel_question_scaling,1377.4890000931919,9798,0,,,,q_009,noul,0,0.009708476481474066,0.9902915235185259,0,1,9.425451559133506e-05,0.009755911000221412,,,,,,,,,,,,,,,16.0,,,,,
case_ed6ffbd064b36a94,parallel_question_scaling,1377.4890000931919,9798,0,,,,q_010,noul,1,0.9988304897349445,0.9988304897349445,1,1,1.3677542600702274e-06,0.0011701946758545612,,,,,,,,,,,,,,,16.0,,,,,
case_ed6ffbd064b36a94,parallel_question_scaling,1377.4890000931919,9798,0,,,,q_011,noul,0,0.004070137715896127,0.9959298622841039,0,1,1.656602102636014e-05,0.004078443270570743,,,,,,,,,,,,,,,16.0,,,,,
case_ed6ffbd064b36a94,parallel_question_scaling,1377.4890000931919,9798,0,,,,q_012,noul,1,0.9980732653366725,0.9980732653366725,1,1,3.7123064628676946e-06,0.001928593204219395,,,,,,,,,,,,,,,16.0,,,,,
case_ed6ffbd064b36a94,parallel_question_scaling,1377.4890000931919,9798,0,,,,q_013,noul,0,0.012431650853185818,0.9875683491468141,0,1,0.00015454594293551568,0.012509570276173327,,,,,,,,,,,,,,,16.0,,,,,
case_ed6ffbd064b36a94,parallel_question_scaling,1377.4890000931919,9798,0,,,,q_014,noul,1,0.9046505351008906,0.9046505351008906,1,1,0.009091520456546504,0.10020655891674717,,,,,,,,,,,,,,,16.0,,,,,
case_ed6ffbd064b36a94,parallel_question_scaling,1377.4890000931919,9798,0,,,,q_015,noul,0,0.012431650853185818,0.9875683491468141,0,1,0.00015454594293551568,0.012509570276173327,,,,,,,,,,,,,,,16.0,,,,,
case_d6b1a2b0d58c98d3,parallel_question_scaling,2368.8042918220162,19606,0,,,,q_000,noul,1,0.9996646498695336,0.9996646498695336,1,1,1.124597100038127e-07,0.00033540637289566265,,,,,,,,,,,,,,,32.0,,,,,
case_d6b1a2b0d58c98d3,parallel_question_scaling,2368.8042918220162,19606,0,,,,q_001,noul,0,0.004609572179374208,0.9953904278206258,0,1,2.124815567686069e-05,0.004620229018803907,,,,,,,,,,,,,,,32.0,,,,,
case_d6b1a2b0d58c98d3,parallel_question_scaling,2368.8042918220162,19606,0,,,,q_002,noul,1,0.9992903296008995,0.9992903296008995,1,1,5.036320753594999e-07,0.0007099223343392451,,,,,,,,,,,,,,,32.0,,,,,
case_d6b1a2b0d58c98d3,parallel_question_scaling,2368.8042918220162,19606,0,,,,q_003,noul,0,0.08509904500702024,0.9149009549929797,0,1,0.007241847461106857,0.08893946547493875,,,,,,,,,,,,,,,32.0,,,,,
case_d6b1a2b0d58c98d3,parallel_question_scaling,2368.8042918220162,19606,0,,,,q_004,noul,1,0.9982992775885648,0.9982992775885648,1,1,2.892456720757797e-06,0.0017021702816452798,,,,,,,,,,,,,,,32.0,,,,,
case_d6b1a2b0d58c98d3,parallel_question_scaling,2368.8042918220162,19606,0,,,,q_005,noul,0,0.04208772791561884,0.9579122720843811,0,1,0.0017713768410991617,0.042999079229087855,,,,,,,,,,,,,,,32.0,,,,,
case_d6b1a2b0d58c98d3,parallel_question_scaling,2368.8042918220162,19606,0,,,,q_006,noul,1,0.9989677689632452,0.9989677689632452,1,1,1.0655009132398076e-06,0.0010327641541098087,,,,,,,,,,,,,,,32.0,,,,,
case_d6b1a2b0d58c98d3,parallel_question_scaling,2368.8042918220162,19606,0,,,,q_007,noul,0,0.01590639171181471,0.9840936082881853,0,1,0.0002530132972896877,0.01603425608031871,,,,,,,,,,,,,,,32.0,,,,,
case_d6b1a2b0d58c98d3,parallel_question_scaling,2368.8042918220162,19606,0,,,,q_008,noul,1,0.9995121428772178,0.9995121428772178,1,1,2.380045722493356e-07,0.0004879761637865763,,,,,,,,,,,,,,,32.0,,,,,
case_d6b1a2b0d58c98d3,parallel_question_scaling,2368.8042918220162,19606,0,,,,q_009,noul,0,0.008577485413711986,0.991422514586288,0,1,7.357325602244188e-05,0.008614483762175522,,,,,,,,,,,,,,,32.0,,,,,
case_d6b1a2b0d58c98d3,parallel_question_scaling,2368.8042918220162,19606,0,,,,q_010,noul,1,0.9988304897349445,0.9988304897349445,1,1,1.3677542600702274e-06,0.0011701946758545612,,,,,,,,,,,,,,,32.0,,,,,
case_d6b1a2b0d58c98d3,parallel_question_scaling,2368.8042918220162,19606,0,,,,q_011,noul,0,0.004070137715896127,0.9959298622841039,0,1,1.656602102636014e-05,0.004078443270570743,,,,,,,,,,,,,,,32.0,,,,,
case_d6b1a2b0d58c98d3,parallel_question_scaling,2368.8042918220162,19606,0,,,,q_012,noul,1,0.9982992775885648,0.9982992775885648,1,1,2.892456720757797e-06,0.0017021702816452798,,,,,,,,,,,,,,,32.0,,,,,
case_d6b1a2b0d58c98d3,parallel_question_scaling,2368.8042918220162,19606,0,,,,q_013,noul,0,0.012431650853185818,0.9875683491468141,0,1,0.00015454594293551568,0.012509570276173327,,,,,,,,,,,,,,,32.0,,,,,
case_d6b1a2b0d58c98d3,parallel_question_scaling,2368.8042918220162,19606,0,,,,q_014,noul,1,0.8933094060543487,0.8933094060543487,1,1,0.011382882836475842,0.11282227877156936,,,,,,,,,,,,,,,32.0,,,,,
case_d6b1a2b0d58c98d3,parallel_question_scaling,2368.8042918220162,19606,0,,,,q_015,noul,0,0.01098694263059318,0.9890130573694068,0,1,0.00012071290836794578,0.011047744848593825,,,,,,,,,,,,,,,32.0,,,,,
case_d6b1a2b0d58c98d3,parallel_question_scaling,2368.8042918220162,19606,0,,,,q_016,noul,1,0.9971990730328789,0.9971990730328789,1,1,7.84519187514613e-06,0.0028048569030831388,,,,,,,,,,,,,,,32.0,,,,,
case_d6b1a2b0d58c98d3,parallel_question_scaling,2368.8042918220162,19606,0,,,,q_017,noul,0,0.017986209962091555,0.9820137900379085,0,1,0.0003235037488004415,0.01814992791780973,,,,,,,,,,,,,,,32.0,,,,,
case_d6b1a2b0d58c98d3,parallel_question_scaling,2368.8042918220162,19606,0,,,,q_018,noul,1,0.9980732653366725,0.9980732653366725,1,1,3.7123064628676946e-06,0.001928593204219395,,,,,,,,,,,,,,,32.0,,,,,
case_d6b1a2b0d58c98d3,parallel_question_scaling,2368.8042918220162,19606,0,,,,q_019,noul,0,0.01590639171181471,0.9840936082881853,0,1,0.0002530132972896877,0.01603425608031871,,,,,,,,,,,,,,,32.0,,,,,
case_d6b1a2b0d58c98d3,parallel_question_scaling,2368.8042918220162,19606,0,,,,q_020,noul,1,0.9980732653366725,0.9980732653366725,1,1,3.7123064628676946e-06,0.001928593204219395,,,,,,,,,,,,,,,32.0,,,,,
case_d6b1a2b0d58c98d3,parallel_question_scaling,2368.8042918220162,19606,0,,,,q_021,noul,0,0.009708476481474066,0.9902915235185259,0,1,9.425451559133506e-05,0.009755911000221412,,,,,,,,,,,,,,,32.0,,,,,
case_d6b1a2b0d58c98d3,parallel_question_scaling,2368.8042918220162,19606,0,,,,q_022,noul,1,0.9953904278206259,0.9953904278206259,1,1,2.1248155676859482e-05,0.004620229018803795,,,,,,,,,,,,,,,32.0,,,,,
case_d6b1a2b0d58c98d3,parallel_question_scaling,2368.8042918220162,19606,0,,,,q_023,noul,0,0.029312230751356316,0.9706877692486436,0,1,0.0008592068716207588,0.029750418272620607,,,,,,,,,,,,,,,32.0,,,,,
case_d6b1a2b0d58c98d3,parallel_question_scaling,2368.8042918220162,19606,0,,,,q_024,noul,1,0.9953904278206259,0.9953904278206259,1,1,2.1248155676859482e-05,0.004620229018803795,,,,,,,,,,,,,,,32.0,,,,,
case_d6b1a2b0d58c98d3,parallel_question_scaling,2368.8042918220162,19606,0,,,,q_025,noul,0,0.017986209962091555,0.9820137900379085,0,1,0.0003235037488004415,0.01814992791780973,,,,,,,,,,,,,,,32.0,,,,,
case_d6b1a2b0d58c98d3,parallel_question_scaling,2368.8042918220162,19606,0,,,,q_026,noul,1,0.9980732653366725,0.9980732653366725,1,1,3.7123064628676946e-06,0.001928593204219395,,,,,,,,,,,,,,,32.0,,,,,
case_d6b1a2b0d58c98d3,parallel_question_scaling,2368.8042918220162,19606,0,,,,q_027,noul,0,0.04742587317756679,0.9525741268224333,0,1,0.002249213446654649,0.04858735157374202,,,,,,,,,,,,,,,32.0,,,,,
case_d6b1a2b0d58c98d3,parallel_question_scaling,2368.8042918220162,19606,0,,,,q_028,noul,1,0.9986749775827868,0.9986749775827868,1,1,1.7556844061175577e-06,0.0013259010356280994,,,,,,,,,,,,,,,32.0,,,,,
case_d6b1a2b0d58c98d3,parallel_question_scaling,2368.8042918220162,19606,0,,,,q_029,noul,0,0.037326887344129464,0.9626731126558705,0,1,0.0013932965188013324,0.03804137168778315,,,,,,,,,,,,,,,32.0,,,,,
case_d6b1a2b0d58c98d3,parallel_question_scaling,2368.8042918220162,19606,0,,,,q_030,noul,1,0.9982992775885648,0.9982992775885648,1,1,2.892456720757797e-06,0.0017021702816452798,,,,,,,,,,,,,,,32.0,,,,,
case_d6b1a2b0d58c98d3,parallel_question_scaling,2368.8042918220162,19606,0,,,,q_031,noul,0,0.014063627043245474,0.9859363729567545,0,1,0.00019778560561150543,0.014163456931504987,,,,,,,,,,,,,,,32.0,,,,,
case_034d8d1f7371c2e8,parallel_question_scaling,4355.5446669925,39222,0,,,,q_000,noul,1,0.9996646498695336,0.9996646498695336,1,1,1.124597100038127e-07,0.00033540637289566265,,,,,,,,,,,,,,,64.0,,,,,
case_034d8d1f7371c2e8,parallel_question_scaling,4355.5446669925,39222,0,,,,q_001,noul,0,0.005220125693558397,0.9947798743064415,0,1,2.7249712256548537e-05,0.005233798151743088,,,,,,,,,,,,,,,64.0,,,,,
case_034d8d1f7371c2e8,parallel_question_scaling,4355.5446669925,39222,0,,,,q_002,noul,1,0.9991959140643708,0.9991959140643708,1,1,6.465541918766782e-07,0.000804409386124753,,,,,,,,,,,,,,,64.0,,,,,
case_034d8d1f7371c2e8,parallel_question_scaling,4355.5446669925,39222,0,,,,q_003,noul,0,0.07585818002124356,0.9241418199787564,0,1,0.0057544634761353955,0.07888973429254963,,,,,,,,,,,,,,,64.0,,,,,
case_034d8d1f7371c2e8,parallel_question_scaling,4355.5446669925,39222,0,,,,q_004,noul,1,0.998498817743263,0.998498817743263,1,1,2.253548167942023e-06,0.0015023101597543026,,,,,,,,,,,,,,,64.0,,,,,
case_034d8d1f7371c2e8,parallel_question_scaling,4355.5446669925,39222,0,,,,q_005,noul,0,0.04208772791561884,0.9579122720843811,0,1,0.0017713768410991617,0.042999079229087855,,,,,,,,,,,,,,,64.0,,,,,
case_034d8d1f7371c2e8,parallel_question_scaling,4355.5446669925,39222,0,,,,q_006,noul,1,0.9989677689632452,0.9989677689632452,1,1,1.0655009132398076e-06,0.0010327641541098087,,,,,,,,,,,,,,,64.0,,,,,
case_034d8d1f7371c2e8,parallel_question_scaling,4355.5446669925,39222,0,,,,q_007,noul,0,0.01590639171181471,0.9840936082881853,0,1,0.0002530132972896877,0.01603425608031871,,,,,,,,,,,,,,,64.0,,,,,
case_034d8d1f7371c2e8,parallel_question_scaling,4355.5446669925,39222,0,,,,q_008,noul,1,0.9993736658418905,0.9993736658418905,1,1,3.922944776147758e-07,0.0006265303872893092,,,,,,,,,,,,,,,64.0,,,,,
case_034d8d1f7371c2e8,parallel_question_scaling,4355.5446669925,39222,0,,,,q_009,noul,0,0.007577241267860811,0.9924227587321391,0,1,5.741458523137291e-05,0.00760609440433405,,,,,,,,,,,,,,,64.0,,,,,
case_034d8d1f7371c2e8,parallel_question_scaling,4355.5446669925,39222,0,,,,q_010,noul,1,0.9986749775827868,0.9986749775827868,1,1,1.7556844061175577e-06,0.0013259010356280994,,,,,,,,,,,,,,,64.0,,,,,
case_034d8d1f7371c2e8,parallel_question_scaling,4355.5446669925,39222,0,,,,q_011,noul,0,0.004070137715896127,0.9959298622841039,0,1,1.656602102636014e-05,0.004078443270570743,,,,,,,,,,,,,,,64.0,,,,,
case_034d8d1f7371c2e8,parallel_question_scaling,4355.5446669925,39222,0,,,,q_012,noul,1,0.9980732653366725,0.9980732653366725,1,1,3.7123064628676946e-06,0.001928593204219395,,,,,,,,,,,,,,,64.0,,,,,
case_034d8d1f7371c2e8,parallel_question_scaling,4355.5446669925,39222,0,,,,q_013,noul,0,0.01098694263059318,0.9890130573694068,0,1,0.00012071290836794578,0.011047744848593825,,,,,,,,,,,,,,,64.0,,,,,
case_034d8d1f7371c2e8,parallel_question_scaling,4355.5446669925,39222,0,,,,q_014,noul,1,0.8933094060543487,0.8933094060543487,1,1,0.011382882836475842,0.11282227877156936,,,,,,,,,,,,,,,64.0,,,,,
case_034d8d1f7371c2e8,parallel_question_scaling,4355.5446669925,39222,0,,,,q_015,noul,0,0.01098694263059318,0.9890130573694068,0,1,0.00012071290836794578,0.011047744848593825,,,,,,,,,,,,,,,64.0,,,,,
case_034d8d1f7371c2e8,parallel_question_scaling,4355.5446669925,39222,0,,,,q_016,noul,1,0.9971990730328789,0.9971990730328789,1,1,7.84519187514613e-06,0.0028048569030831388,,,,,,,,,,,,,,,64.0,,,,,
case_034d8d1f7371c2e8,parallel_question_scaling,4355.5446669925,39222,0,,,,q_017,noul,0,0.017986209962091555,0.9820137900379085,0,1,0.0003235037488004415,0.01814992791780973,,,,,,,,,,,,,,,64.0,,,,,
case_034d8d1f7371c2e8,parallel_question_scaling,4355.5446669925,39222,0,,,,q_018,noul,1,0.9982992775885648,0.9982992775885648,1,1,2.892456720757797e-06,0.0017021702816452798,,,,,,,,,,,,,,,64.0,,,,,
case_034d8d1f7371c2e8,parallel_question_scaling,4355.5446669925,39222,0,,,,q_019,noul,0,0.017986209962091555,0.9820137900379085,0,1,0.0003235037488004415,0.01814992791780973,,,,,,,,,,,,,,,64.0,,,,,
case_034d8d1f7371c2e8,parallel_question_scaling,4355.5446669925,39222,0,,,,q_020,noul,1,0.9980732653366725,0.9980732653366725,1,1,3.7123064628676946e-06,0.001928593204219395,,,,,,,,,,,,,,,64.0,,,,,
case_034d8d1f7371c2e8,parallel_question_scaling,4355.5446669925,39222,0,,,,q_021,noul,0,0.009708476481474066,0.9902915235185259,0,1,9.425451559133506e-05,0.009755911000221412,,,,,,,,,,,,,,,64.0,,,,,
case_034d8d1f7371c2e8,parallel_question_scaling,4355.5446669925,39222,0,,,,q_022,noul,1,0.9953904278206259,0.9953904278206259,1,1,2.1248155676859482e-05,0.004620229018803795,,,,,,,,,,,,,,,64.0,,,,,
case_034d8d1f7371c2e8,parallel_question_scaling,4355.5446669925,39222,0,,,,q_023,noul,0,0.029312230751356316,0.9706877692486436,0,1,0.0008592068716207588,0.029750418272620607,,,,,,,,,,,,,,,64.0,,,,,
case_034d8d1f7371c2e8,parallel_question_scaling,4355.5446669925,39222,0,,,,q_024,noul,1,0.995929862284104,0.995929862284104,1,1,1.656602102635942e-05,0.004078443270570631,,,,,,,,,,,,,,,64.0,,,,,
case_034d8d1f7371c2e8,parallel_question_scaling,4355.5446669925,39222,0,,,,q_025,noul,0,0.017986209962091555,0.9820137900379085,0,1,0.0003235037488004415,0.01814992791780973,,,,,,,,,,,,,,,64.0,,,,,
case_034d8d1f7371c2e8,parallel_question_scaling,4355.5446669925,39222,0,,,,q_026,noul,1,0.9980732653366725,0.9980732653366725,1,1,3.7123064628676946e-06,0.001928593204219395,,,,,,,,,,,,,,,64.0,,,,,
case_034d8d1f7371c2e8,parallel_question_scaling,4355.5446669925,39222,0,,,,q_027,noul,0,0.04742587317756679,0.9525741268224333,0,1,0.002249213446654649,0.04858735157374202,,,,,,,,,,,,,,,64.0,,,,,
case_034d8d1f7371c2e8,parallel_question_scaling,4355.5446669925,39222,0,,,,q_028,noul,1,0.998498817743263,0.998498817743263,1,1,2.253548167942023e-06,0.0015023101597543026,,,,,,,,,,,,,,,64.0,,,,,
case_034d8d1f7371c2e8,parallel_question_scaling,4355.5446669925,39222,0,,,,q_029,noul,0,0.037326887344129464,0.9626731126558705,0,1,0.0013932965188013324,0.03804137168778315,,,,,,,,,,,,,,,64.0,,,,,
case_034d8d1f7371c2e8,parallel_question_scaling,4355.5446669925,39222,0,,,,q_030,noul,1,0.998498817743263,0.998498817743263,1,1,2.253548167942023e-06,0.0015023101597543026,,,,,,,,,,,,,,,64.0,,,,,
case_034d8d1f7371c2e8,parallel_question_scaling,4355.5446669925,39222,0,,,,q_031,noul,0,0.01590639171181471,0.9840936082881853,0,1,0.0002530132972896877,0.01603425608031871,,,,,,,,,,,,,,,64.0,,,,,
case_034d8d1f7371c2e8,parallel_question_scaling,4355.5446669925,39222,0,,,,q_032,noul,1,0.9964063974185798,0.9964063974185798,1,1,1.2913979513189661e-05,0.0036000750822264014,,,,,,,,,,,,,,,64.0,,,,,
case_034d8d1f7371c2e8,parallel_question_scaling,4355.5446669925,39222,0,,,,q_033,noul,0,0.04208772791561884,0.9579122720843811,0,1,0.0017713768410991617,0.042999079229087855,,,,,,,,,,,,,,,64.0,,,,,
case_034d8d1f7371c2e8,parallel_question_scaling,4355.5446669925,39222,0,,,,q_034,noul,1,0.9940889311437562,0.9940889311437562,1,1,3.494073502325559e-05,0.005928608376116514,,,,,,,,,,,,,,,64.0,,,,,
case_034d8d1f7371c2e8,parallel_question_scaling,4355.5446669925,39222,0,,,,q_035,noul,0,0.04208772791561884,0.9579122720843811,0,1,0.0017713768410991617,0.042999079229087855,,,,,,,,,,,,,,,64.0,,,,,
case_034d8d1f7371c2e8,parallel_question_scaling,4355.5446669925,39222,0,,,,q_036,noul,1,0.995929862284104,0.995929862284104,1,1,1.656602102635942e-05,0.004078443270570631,,,,,,,,,,,,,,,64.0,,,,,
case_034d8d1f7371c2e8,parallel_question_scaling,4355.5446669925,39222,0,,,,q_037,noul,0,0.06008665017400762,0.9399133498259924,0,1,0.00361040552913357,0.061967589003198605,,,,,,,,,,,,,,,64.0,,,,,
case_034d8d1f7371c2e8,parallel_question_scaling,4355.5446669925,39222,0,,,,q_038,noul,1,0.995929862284104,0.995929862284104,1,1,1.656602102635942e-05,0.004078443270570631,,,,,,,,,,,,,,,64.0,,,,,
case_034d8d1f7371c2e8,parallel_question_scaling,4355.5446669925,39222,0,,,,q_039,noul,0,0.04742587317756679,0.9525741268224333,0,1,0.002249213446654649,0.04858735157374202,,,,,,,,,,,,,,,64.0,,,,,
case_034d8d1f7371c2e8,parallel_question_scaling,4355.5446669925,39222,0,,,,q_040,noul,1,0.995929862284104,0.995929862284104,1,1,1.656602102635942e-05,0.004078443270570631,,,,,,,,,,,,,,,64.0,,,,,
case_034d8d1f7371c2e8,parallel_question_scaling,4355.5446669925,39222,0,,,,q_041,noul,0,0.01098694263059318,0.9890130573694068,0,1,0.00012071290836794578,0.011047744848593825,,,,,,,,,,,,,,,64.0,,,,,
case_034d8d1f7371c2e8,parallel_question_scaling,4355.5446669925,39222,0,,,,q_042,noul,1,0.9947798743064417,0.9947798743064417,1,1,2.7249712256547957e-05,0.005233798151742976,,,,,,,,,,,,,,,64.0,,,,,
case_034d8d1f7371c2e8,parallel_question_scaling,4355.5446669925,39222,0,,,,q_043,noul,0,0.033085978388704126,0.9669140216112959,0,1,0.0010946819659377965,0.03364569998303865,,,,,,,,,,,,,,,64.0,,,,,
case_034d8d1f7371c2e8,parallel_question_scaling,4355.5446669925,39222,0,,,,q_044,noul,1,0.991422514586288,0.991422514586288,1,1,7.357325602244125e-05,0.008614483762175522,,,,,,,,,,,,,,,64.0,,,,,
case_034d8d1f7371c2e8,parallel_question_scaling,4355.5446669925,39222,0,,,,q_045,noul,0,0.02297736991002561,0.9770226300899744,0,1,0.0005279595279821503,0.02324546437242505,,,,,,,,,,,,,,,64.0,,,,,
case_034d8d1f7371c2e8,parallel_question_scaling,4355.5446669925,39222,0,,,,q_046,noul,1,0.991422514586288,0.991422514586288,1,1,7.357325602244125e-05,0.008614483762175522,,,,,,,,,,,,,,,64.0,,,,,
case_034d8d1f7371c2e8,parallel_question_scaling,4355.5446669925,39222,0,,,,q_047,noul,0,0.029312230751356316,0.9706877692486436,0,1,0.0008592068716207588,0.029750418272620607,,,,,,,,,,,,,,,64.0,,,,,
case_034d8d1f7371c2e8,parallel_question_scaling,4355.5446669925,39222,0,,,,q_048,noul,1,0.9953904278206259,0.9953904278206259,1,1,2.1248155676859482e-05,0.004620229018803795,,,,,,,,,,,,,,,64.0,,,,,
case_034d8d1f7371c2e8,parallel_question_scaling,4355.5446669925,39222,0,,,,q_049,noul,0,0.020332353342658753,0.9796676466573413,0,1,0.0004134045924507266,0.02054190090109686,,,,,,,,,,,,,,,64.0,,,,,
case_034d8d1f7371c2e8,parallel_question_scaling,4355.5446669925,39222,0,,,,q_050,noul,1,0.9982992775885648,0.9982992775885648,1,1,2.892456720757797e-06,0.0017021702816452798,,,,,,,,,,,,,,,64.0,,,,,
case_034d8d1f7371c2e8,parallel_question_scaling,4355.5446669925,39222,0,,,,q_051,noul,0,0.008577485413711986,0.991422514586288,0,1,7.357325602244188e-05,0.008614483762175522,,,,,,,,,,,,,,,64.0,,,,,
case_034d8d1f7371c2e8,parallel_question_scaling,4355.5446669925,39222,0,,,,q_052,noul,1,0.9933071490757153,0.9933071490757153,1,1,4.479425349469899e-05,0.006715348489117944,,,,,,,,,,,,,,,64.0,,,,,
case_034d8d1f7371c2e8,parallel_question_scaling,4355.5446669925,39222,0,,,,q_053,noul,0,0.033085978388704126,0.9669140216112959,0,1,0.0010946819659377965,0.03364569998303865,,,,,,,,,,,,,,,64.0,,,,,
case_034d8d1f7371c2e8,parallel_question_scaling,4355.5446669925,39222,0,,,,q_054,noul,1,0.9840936082881853,0.9840936082881853,1,1,0.0002530132972896886,0.01603425608031871,,,,,,,,,,,,,,,64.0,,,,,
case_034d8d1f7371c2e8,parallel_question_scaling,4355.5446669925,39222,0,,,,q_055,noul,0,0.04208772791561884,0.9579122720843811,0,1,0.0017713768410991617,0.042999079229087855,,,,,,,,,,,,,,,64.0,,,,,
case_034d8d1f7371c2e8,parallel_question_scaling,4355.5446669925,39222,0,,,,q_056,noul,1,0.9971990730328789,0.9971990730328789,1,1,7.84519187514613e-06,0.0028048569030831388,,,,,,,,,,,,,,,64.0,,,,,
case_034d8d1f7371c2e8,parallel_question_scaling,4355.5446669925,39222,0,,,,q_057,noul,0,0.04742587317756679,0.9525741268224333,0,1,0.002249213446654649,0.04858735157374202,,,,,,,,,,,,,,,64.0,,,,,
case_034d8d1f7371c2e8,parallel_question_scaling,4355.5446669925,39222,0,,,,q_058,noul,1,0.9964063974185798,0.9964063974185798,1,1,1.2913979513189661e-05,0.0036000750822264014,,,,,,,,,,,,,,,64.0,,,,,
case_034d8d1f7371c2e8,parallel_question_scaling,4355.5446669925,39222,0,,,,q_059,noul,0,0.04208772791561884,0.9579122720843811,0,1,0.0017713768410991617,0.042999079229087855,,,,,,,,,,,,,,,64.0,,,,,
case_034d8d1f7371c2e8,parallel_question_scaling,4355.5446669925,39222,0,,,,q_060,noul,1,0.9971990730328789,0.9971990730328789,1,1,7.84519187514613e-06,0.0028048569030831388,,,,,,,,,,,,,,,64.0,,,,,
case_034d8d1f7371c2e8,parallel_question_scaling,4355.5446669925,39222,0,,,,q_061,noul,0,0.017986209962091555,0.9820137900379085,0,1,0.0003235037488004415,0.01814992791780973,,,,,,,,,,,,,,,64.0,,,,,
case_034d8d1f7371c2e8,parallel_question_scaling,4355.5446669925,39222,0,,,,q_062,noul,1,0.9940889311437562,0.9940889311437562,1,1,3.494073502325559e-05,0.005928608376116514,,,,,,,,,,,,,,,64.0,,,,,
case_034d8d1f7371c2e8,parallel_question_scaling,4355.5446669925,39222,0,,,,q_063,noul,0,0.04742587317756679,0.9525741268224333,0,1,0.002249213446654649,0.04858735157374202,,,,,,,,,,,,,,,64.0,,,,,
case_58c629c771056edc,question_independence,212.01616595499218,203,0,,,,target,choice,shipping,,0.9950739144935794,shipping,1,4.5571913394023713e-05,0.004938258659411455,0.9950739144935794,0.023384044726540522,0.9950739144935794,,,independence,,,,,,,,,,1.0,,,,
case_73c01713e679e1e7,question_independence,313.26870899647474,361,0,,,,target,choice,shipping,,0.9944941097313371,shipping,1,5.7604821477270626e-05,0.005521103549956843,0.9944941097313371,0.025538906235681096,0.9944941097313371,,,independence,,,,,,,,,,2.0,,,,
case_e89b42c8650c5059,question_independence,410.65212502144277,521,0,,,,target,choice,shipping,,0.9951043124080714,shipping,1,4.525970298758299e-05,0.0049077107274891115,0.9951043124080714,0.023201504928183396,0.9951043124080714,,,independence,,,,,,,,,,3.0,,,,
case_39d617409d8c27ee,question_independence,529.1935419663787,680,0,,,,target,choice,shipping,,0.9951043124080714,shipping,1,4.525970298758299e-05,0.0049077107274891115,0.9951043124080714,0.023201504928183396,0.9951043124080714,,,independence,,,,,,,,,,4.0,,,,
case_a122f16108065437,question_independence,587.915499927476,832,0,,,,target,choice,shipping,,0.9951110953530347,shipping,1,4.519288054094672e-05,0.00490089443520554,0.9951110953530347,0.023153397965280733,0.9951110953530347,,,independence,,,,,,,,,,5.0,,,,
case_182861fb2d62fffa,question_independence,691.4359589572996,986,0,,,,target,choice,shipping,,0.9951110953530347,shipping,1,4.519288054094672e-05,0.00490089443520554,0.9951110953530347,0.023153397965280733,0.9951110953530347,,,independence,,,,,,,,,,6.0,,,,
case_7bef76514b74af05,choice_cardinality_scaling,160.2227499242872,149,0,,,,target,choice,opt_000,,0.9999599363077709,opt_000,1,3.210198870063604e-09,4.0064494800240014e-05,0.9999599363077709,0.0006430227102141653,0.9999599363077709,,,,,,,,,,,,,,2.0,,,
case_d5cba11e3e715f02,choice_cardinality_scaling,214.17604200541973,197,0,,,,target,choice,opt_000,,0.9997803158854212,opt_000,1,8.979689435791578e-08,0.00021970824866859214,0.9997803158854212,0.0015422107439247389,0.9997803158854212,,,,,,,,,,,,,,4.0,,,
case_062e0743ebad9b91,choice_cardinality_scaling,275.1161251217127,290,0,,,,target,choice,opt_000,,0.9998383443360875,opt_000,1,3.647667067826313e-08,0.00016166873159763,0.9998383443360875,0.0008578056382743017,0.9998383443360875,,,,,,,,,,,,,,8.0,,,
case_b5cec4ebfd35506b,choice_cardinality_scaling,422.0624170266092,482,0,,,,target,choice,opt_000,,0.9994960193007323,opt_000,1,2.8246369026180306e-07,0.000504107740226252,0.9994960193007323,0.001997788173276034,0.9994960193007323,,,,,,,,,,,,,,16.0,,,
case_841dbe5a582d8695,domain_generalization,170.25583400391042,178,0,,,0.0,target,choice,pcie_link,,0.9997401921836482,pcie_link,1,9.820774572179571e-08,0.000259841572249363,0.9997401921836482,0.0019072189423120253,0.9997401921836482,,,,,,,,,,,,,,,hardware,,
case_d60ef60370cb195b,domain_generalization,170.27645814232528,174,0,,,1.0,target,choice,credential_attack,,0.9999202249056575,credential_attack,1,1.012646812619158e-08,7.977827654461805e-05,0.9999202249056575,0.0006397474853486101,0.9999202249056575,,,,,,,,,,,,,,,security,,
case_cbec46ae0ae08448,domain_generalization,169.94233313016593,182,0,,,2.0,target,choice,null_handling,,0.9999762807041536,null_handling,1,9.389210219840002e-10,2.3719577153382064e-05,0.9999762807041536,0.00020919168363568673,0.9999762807041536,,,,,,,,,,,,,,,code,,
case_ff14ecd63e7476cd,domain_generalization,169.22283289022744,169,0,,,3.0,target,choice,duplicate,,0.9999442172570753,duplicate,1,4.654529888382566e-09,5.578429883979247e-05,0.9999442172570753,0.00046777041784815007,0.9999442172570753,,,,,,,,,,,,,,,finance,,
case_fc11fb2363b4acd3,domain_generalization,160.67937505431473,159,0,,,4.0,target,noul,0,0.02297736991002561,0.9770226300899744,0,1,0.0005279595279821503,0.02324546437242505,,,,,,,,,,,,,,,,,,policy,,
case_e495f59d87766db8,domain_generalization,168.86341688223183,165,0,,,5.0,target,noul,1,0.9990889488055994,0.9990889488055994,1,1,8.300142788187649e-07,0.0009114664537742021,,,,,,,,,,,,,,,,,,scientific,,
case_011be8a8d9b4c67d,context_length_position,273.4502078965306,273,0,,,,target,choice,duplicate_charge,,0.9998814287546103,duplicate_charge,1,2.3606587641739013e-08,0.00011857827551555628,0.9998814287546103,0.0009094882987765565,0.9998814287546103,,,,,,,,,,,,,,,,500.0,start
case_6d739305319e6dae,context_length_position,273.54075014591217,274,0,,,,target,choice,duplicate_charge,,0.9998792054812577,duplicate_charge,1,2.421792955276897e-08,0.0001208018149877003,0.9998792054812577,0.0009270275060359442,0.9998792054812577,,,,,,,,,,,,,,,,500.0,middle
case_d86457f043dc3d5e,context_length_position,269.61195887997746,272,0,,,,target,choice,duplicate_charge,,0.9998211750062634,duplicate_charge,1,5.24167689068816e-08,0.00017884098483218525,0.9998211750062634,0.0013268059815663223,0.9998211750062634,,,,,,,,,,,,,,,,500.0,end
case_c522f4c6bc9fd7e3,context_length_position,526.0278331115842,578,0,,,,target,choice,duplicate_charge,,0.9998211750062634,duplicate_charge,1,5.24167689068816e-08,0.00017884098483218525,0.9998211750062634,0.0013268059815663223,0.9998211750062634,,,,,,,,,,,,,,,,2000.0,start
case_922515adb58b5fe9,context_length_position,524.3521670345217,580,0,,,,target,choice,duplicate_charge,,0.9998231368659037,duplicate_charge,1,5.1677849134258073e-08,0.00017687877622473347,0.9998231368659037,0.0013105791994362623,0.9998231368659037,,,,,,,,,,,,,,,,2000.0,middle
case_3bcf1d046a4a4529,context_length_position,517.8873338736594,577,0,,,,target,choice,duplicate_charge,,0.9998010345230194,duplicate_charge,1,6.561433835106751e-08,0.00019898527323702339,0.9998010345230194,0.001457572234347274,0.9998010345230194,,,,,,,,,,,,,,,,2000.0,end
case_a584d4ee46d518ae,context_length_position,1527.5477080140263,1801,0,,,,target,choice,duplicate_charge,,0.9996837090909177,duplicate_charge,1,1.573180652758996e-07,0.00031634093960157853,0.9996837090909177,0.0022389931371125473,0.9996837090909177,,,,,,,,,,,,,,,,8000.0,start
case_ac4c488939843765,context_length_position,1528.8849170319736,1804,0,,,,target,choice,duplicate_charge,,0.9997297593426643,duplicate_charge,1,1.1692671425772835e-07,0.0002702771789220504,0.9997297593426643,0.001935839502662785,0.9997297593426643,,,,,,,,,,,,,,,,8000.0,middle
case_c1549e49facc3dab,context_length_position,1559.0130409691483,1800,0,,,,target,choice,duplicate_charge,,0.9995633141410677,duplicate_charge,1,3.0874016394881984e-07,0.00043678123396896596,0.9995633141410677,0.002969847392030221,0.9995633141410677,,,,,,,,,,,,,,,,8000.0,end
case_c9820226ff7fdb38,context_length_position,5986.587916035205,6699,0,,,,target,choice,duplicate_charge,,0.9996452151950482,duplicate_charge,1,1.9872499066523966e-07,0.000354847755970498,0.9996452151950482,0.0024813801302927454,0.9996452151950482,,,,,,,,,,,,,,,,32000.0,start
case_dcc0d92430e5363b,context_length_position,5901.457624975592,6702,0,,,,target,choice,duplicate_charge,,0.9996146063067914,duplicate_charge,1,2.404717589611022e-07,0.0003854679764440803,0.9996146063067914,0.0026557588285462635,0.9996146063067914,,,,,,,,,,,,,,,,32000.0,middle
case_fc892e5b967174f2,context_length_position,5826.358707854524,6698,0,,,,target,choice,duplicate_charge,,0.9995633141410677,duplicate_charge,1,3.0874016394881984e-07,0.00043678123396896596,0.9995633141410677,0.002969847392030221,0.9995633141410677,,,,,,,,,,,,,,,,32000.0,end
