case_id,experiment,latency_ms,input_tokens,output_tokens,meta_domain,meta_scenario_id,meta_variant,meta_noise_units,meta_reference_entropy_norm,meta_reference_max_probability,meta_panel_votes,meta_reference_source,meta_rationale,question_id,type,label,pred,confidence_top,reported_confidence,entropy_norm,correct,p_label,nll,brier,target_distribution_json,pred_distribution_json,distribution_tv,distribution_jsd,target_kl,soft_brier,meta_repetition
case_eb8e1913fff4d81a,semantic_adjudication,35.42833402752876,155,0,incident_triage,inc_clear_sev1,0.0,0.0,0.1431984785579781,0.95,"sev1:19,sev2:1,sev3:0,insufficient:0",benchmark_authored_adjudication,Broad total production outage with no workaround strongly supports SEV1.,target,choice,sev1,sev1,0.4833,0.1419,0.8580149785900703,1,0.4833,0.7271177001310987,0.38197586999999994,"{""insufficient"": 0.0, ""sev1"": 0.95, ""sev2"": 0.05, ""sev3"": 0.0}","{""insufficient"": 0.0953, ""sev1"": 0.4833, ""sev2"": 0.3033, ""sev3"": 0.118}",0.46665,0.1630435782049892,0.5518982149930511,0.30497587,
case_a7fae830ef540edf,semantic_adjudication,28.938249917700887,177,0,incident_triage,inc_clear_sev1,1.0,2.0,0.1431984785579781,0.95,"sev1:19,sev2:1,sev3:0,insufficient:0",benchmark_authored_adjudication,Broad total production outage with no workaround strongly supports SEV1.,target,choice,sev1,sev2,0.5676,0.1776,0.8224585469007074,0,0.2061,1.5793937910857236,0.97808267,"{""insufficient"": 0.0, ""sev1"": 0.95, ""sev2"": 0.05, ""sev3"": 0.0}","{""insufficient"": 0.1113, ""sev1"": 0.2061, ""sev2"": 0.5676, ""sev3"": 0.1151}",0.74395,0.335394038597873,1.3302257748703774,0.8469326699999999,
case_017dd6fd8ac29a0d,semantic_adjudication,29.020417015999556,217,0,incident_triage,inc_clear_sev1,2.0,6.0,0.1431984785579781,0.95,"sev1:19,sev2:1,sev3:0,insufficient:0",benchmark_authored_adjudication,Broad total production outage with no workaround strongly supports SEV1.,target,choice,sev1,sev2,0.3733,0.0658,0.9342140369818177,0,0.3338,1.0972132677544024,0.62656038,"{""insufficient"": 0.0, ""sev1"": 0.95, ""sev2"": 0.05, ""sev3"": 0.0}","{""insufficient"": 0.1621, ""sev1"": 0.3338, ""sev2"": 0.3733, ""sev3"": 0.1308}",0.6162,0.24843254238140988,0.8931060056738895,0.52761038,
case_f69f3191cf345291,semantic_adjudication,31.63504204712808,266,0,incident_triage,inc_clear_sev1,3.0,12.0,0.1431984785579781,0.95,"sev1:19,sev2:1,sev3:0,insufficient:0",benchmark_authored_adjudication,Broad total production outage with no workaround strongly supports SEV1.,target,choice,sev1,sev2,0.4602,0.1227,0.8773000996504683,0,0.3102,1.1705380282396987,0.71425593,"{""insufficient"": 0.0, ""sev1"": 0.95, ""sev2"": 0.05, ""sev3"": 0.0}","{""insufficient"": 0.1033, ""sev1"": 0.3102, ""sev2"": 0.4602, ""sev3"": 0.1264}",0.63985,0.2597306442206224,0.9523005885508847,0.6042559299999999,
case_10e0f579db461880,semantic_adjudication,55.08633400313556,375,0,incident_triage,inc_clear_sev1,4.0,24.0,0.1431984785579781,0.95,"sev1:19,sev2:1,sev3:0,insufficient:0",benchmark_authored_adjudication,Broad total production outage with no workaround strongly supports SEV1.,target,choice,sev1,sev1,0.4492,0.1252,0.8748231087490793,1,0.4492,0.800287056117849,0.43611767999999995,"{""insufficient"": 0.0, ""sev1"": 0.95, ""sev2"": 0.05, ""sev3"": 0.0}","{""insufficient"": 0.1002, ""sev1"": 0.4492, ""sev2"": 0.3282, ""sev3"": 0.1224}",0.5007999999999999,0.18018792178522597,0.6174640649823913,0.3532176799999999,
case_5810c4d9837f47cf,semantic_adjudication,24.234249955043197,152,0,incident_triage,inc_clear_sev1,5.0,0.0,0.1431984785579781,0.95,"sev1:19,sev2:1,sev3:0,insufficient:0",benchmark_authored_adjudication,Broad total production outage with no workaround strongly supports SEV1.,target,choice,sev1,sev1,0.4396,0.1161,0.8839326356172811,1,0.4396,0.8218900564526708,0.44920027,"{""insufficient"": 0.0, ""sev1"": 0.95, ""sev2"": 0.05, ""sev3"": 0.0}","{""insufficient"": 0.1233, ""sev1"": 0.4396, ""sev2"": 0.3291, ""sev3"": 0.1079}",0.51035,0.18558542419144183,0.6378499914358067,0.36525027,
case_ff8f442f3714feca,semantic_adjudication,26.839040918275714,184,0,incident_triage,inc_clear_sev1,6.0,2.0,0.1431984785579781,0.95,"sev1:19,sev2:1,sev3:0,insufficient:0",benchmark_authored_adjudication,Broad total production outage with no workaround strongly supports SEV1.,target,choice,sev1,sev2,0.4549,0.112,0.8879461081532073,0,0.3026,1.1953434776278815,0.7228275700000001,"{""insufficient"": 0.0, ""sev1"": 0.95, ""sev2"": 0.05, ""sev3"": 0.0}","{""insufficient"": 0.1126, ""sev1"": 0.3026, ""sev2"": 0.4549, ""sev3"": 0.1298}",0.64735,0.26531982170024465,0.9764449436209239,0.61259757,
case_b770d9693b46a5ea,semantic_adjudication,24.97925003990531,211,0,incident_triage,inc_clear_sev1,7.0,6.0,0.1431984785579781,0.95,"sev1:19,sev2:1,sev3:0,insufficient:0",benchmark_authored_adjudication,Broad total production outage with no workaround strongly supports SEV1.,target,choice,sev1,sev1,0.4237,0.0886,0.9114128384602499,1,0.4237,0.8587296213496235,0.46382670000000004,"{""insufficient"": 0.0, ""sev1"": 0.95, ""sev2"": 0.05, ""sev3"": 0.0}","{""insufficient"": 0.1313, ""sev1"": 0.4237, ""sev2"": 0.3104, ""sev3"": 0.1346}",0.5263,0.1962214099985356,0.6757725714699233,0.3801567,
case_9cc23d5eb37df3c7,semantic_adjudication,28.105124831199646,264,0,incident_triage,inc_clear_sev1,8.0,12.0,0.1431984785579781,0.95,"sev1:19,sev2:1,sev3:0,insufficient:0",benchmark_authored_adjudication,Broad total production outage with no workaround strongly supports SEV1.,target,choice,sev1,sev1,0.3831,0.0738,0.9261815028348251,1,0.3831,0.9594592272755338,0.53340686,"{""insufficient"": 0.0, ""sev1"": 0.95, ""sev2"": 0.05, ""sev3"": 0.0}","{""insufficient"": 0.1288, ""sev1"": 0.3831, ""sev2"": 0.3366, ""sev3"": 0.1515}",0.5669,0.21891767630413198,0.7674140224271562,0.44305686,
case_fb1d164eb58f0c34,semantic_adjudication,38.6640839278698,369,0,incident_triage,inc_clear_sev1,9.0,24.0,0.1431984785579781,0.95,"sev1:19,sev2:1,sev3:0,insufficient:0",benchmark_authored_adjudication,Broad total production outage with no workaround strongly supports SEV1.,target,choice,sev1,sev1,0.5552,0.1768,0.8232322002728645,1,0.5552,0.5884268697895423,0.27466189999999996,"{""insufficient"": 0.0, ""sev1"": 0.95, ""sev2"": 0.05, ""sev3"": 0.0}","{""insufficient"": 0.0999, ""sev1"": 0.5552, ""sev2"": 0.2331, ""sev3"": 0.1118}",0.39479999999999993,0.1316841252746893,0.43330466960121383,0.21187189999999995,
case_b27459eb7adadd66,semantic_adjudication,20.12866595759988,158,0,incident_triage,inc_clear_sev1,10.0,0.0,0.1431984785579781,0.95,"sev1:19,sev2:1,sev3:0,insufficient:0",benchmark_authored_adjudication,Broad total production outage with no workaround strongly supports SEV1.,target,choice,sev1,sev1,0.492,0.1495,0.8504151220977161,1,0.492,0.709276562489829,0.37031994,"{""insufficient"": 0.0, ""sev1"": 0.95, ""sev2"": 0.05, ""sev3"": 0.0}","{""insufficient"": 0.0947, ""sev1"": 0.492, ""sev2"": 0.3012, ""sev3"": 0.1121}",0.458,0.1585297772302079,0.5352965301722848,0.29439994,
case_560b5eabeb6c158c,semantic_adjudication,19.62541602551937,179,0,incident_triage,inc_clear_sev1,11.0,2.0,0.1431984785579781,0.95,"sev1:19,sev2:1,sev3:0,insufficient:0",benchmark_authored_adjudication,Broad total production outage with no workaround strongly supports SEV1.,target,choice,sev1,sev2,0.5314,0.1494,0.8506543388273345,0,0.2332,1.4558588245057997,0.89809857,"{""insufficient"": 0.0, ""sev1"": 0.95, ""sev2"": 0.05, ""sev3"": 0.0}","{""insufficient"": 0.1181, ""sev1"": 0.2332, ""sev2"": 0.5314, ""sev3"": 0.1174}",0.71685,0.31430234761369313,1.2161626522174585,0.77327857,
case_7708b0e8eb07c84e,semantic_adjudication,23.172541987150908,216,0,incident_triage,inc_clear_sev1,12.0,6.0,0.1431984785579781,0.95,"sev1:19,sev2:1,sev3:0,insufficient:0",benchmark_authored_adjudication,Broad total production outage with no workaround strongly supports SEV1.,target,choice,sev1,sev2,0.5131,0.1474,0.852685868695134,0,0.2649,1.328402882704113,0.82838103,"{""insufficient"": 0.0, ""sev1"": 0.95, ""sev2"": 0.05, ""sev3"": 0.0}","{""insufficient"": 0.105, ""sev1"": 0.2649, ""sev2"": 0.5131, ""sev3"": 0.1171}",0.6851499999999999,0.29021963368602843,1.0968317212747456,0.7085610299999999,
case_afcac4f3c8e6104a,semantic_adjudication,27.818124974146485,266,0,incident_triage,inc_clear_sev1,13.0,12.0,0.1431984785579781,0.95,"sev1:19,sev2:1,sev3:0,insufficient:0",benchmark_authored_adjudication,Broad total production outage with no workaround strongly supports SEV1.,target,choice,sev1,sev1,0.5196,0.1488,0.8511024732624692,1,0.5196,0.6546959941856927,0.32140569,"{""insufficient"": 0.0, ""sev1"": 0.95, ""sev2"": 0.05, ""sev3"": 0.0}","{""insufficient"": 0.1076, ""sev1"": 0.5196, ""sev2"": 0.2556, ""sev3"": 0.1171}",0.43035,0.1476831852879707,0.49165302895447327,0.25280568999999997,
case_16375ed808849374,semantic_adjudication,35.03162506967783,372,0,incident_triage,inc_clear_sev1,14.0,24.0,0.1431984785579781,0.95,"sev1:19,sev2:1,sev3:0,insufficient:0",benchmark_authored_adjudication,Broad total production outage with no workaround strongly supports SEV1.,target,choice,sev1,sev1,0.503,0.1558,0.8441202681463987,1,0.503,0.6871651088823978,0.35381869,"{""insufficient"": 0.0, ""sev1"": 0.95, ""sev2"": 0.05, ""sev3"": 0.0}","{""insufficient"": 0.0949, ""sev1"": 0.503, ""sev2"": 0.2932, ""sev3"": 0.1088}",0.44694999999999996,0.1532487169789695,0.5156366255408874,0.27979868999999996,
case_d7c6959a63dd621e,semantic_adjudication,17.314666882157326,153,0,incident_triage,inc_clear_sev1,15.0,0.0,0.1431984785579781,0.95,"sev1:19,sev2:1,sev3:0,insufficient:0",benchmark_authored_adjudication,Broad total production outage with no workaround strongly supports SEV1.,target,choice,sev1,sev1,0.5821,0.2351,0.7648180028866758,1,0.5821,0.5411130247044473,0.25646340000000006,"{""insufficient"": 0.0, ""sev1"": 0.95, ""sev2"": 0.05, ""sev3"": 0.0}","{""insufficient"": 0.0733, ""sev1"": 0.5821, ""sev2"": 0.2647, ""sev3"": 0.0799}",0.3679,0.11557537729257841,0.3820000386108064,0.1932034,
case_dd11a67ed7348dc3,semantic_adjudication,40.1189171243459,181,0,incident_triage,inc_clear_sev1,16.0,2.0,0.1431984785579781,0.95,"sev1:19,sev2:1,sev3:0,insufficient:0",benchmark_authored_adjudication,Broad total production outage with no workaround strongly supports SEV1.,target,choice,sev1,sev2,0.4343,0.0926,0.9074750434495971,0,0.3021,1.196997190589511,0.71047087,"{""insufficient"": 0.0, ""sev1"": 0.95, ""sev2"": 0.05, ""sev3"": 0.0}","{""insufficient"": 0.1351, ""sev1"": 0.3021, ""sev2"": 0.4343, ""sev3"": 0.1286}",0.64795,0.26682072033214055,0.9803330746862308,0.6022508699999999,
case_ad7dae1d4857a04f,semantic_adjudication,22.797707933932543,210,0,incident_triage,inc_clear_sev1,17.0,6.0,0.1431984785579781,0.95,"sev1:19,sev2:1,sev3:0,insufficient:0",benchmark_authored_adjudication,Broad total production outage with no workaround strongly supports SEV1.,target,choice,sev1,sev1,0.4421,0.1023,0.897725734058689,1,0.4421,0.8162191781499395,0.4368480600000001,"{""insufficient"": 0.0, ""sev1"": 0.95, ""sev2"": 0.05, ""sev3"": 0.0}","{""insufficient"": 0.1285, ""sev1"": 0.4421, ""sev2"": 0.3066, ""sev3"": 0.1228}",0.5079,0.18582101364348177,0.6360035415237911,0.35539806,
case_bfed6ecd1d30f489,semantic_adjudication,26.702333008870482,271,0,incident_triage,inc_clear_sev1,18.0,12.0,0.1431984785579781,0.95,"sev1:19,sev2:1,sev3:0,insufficient:0",benchmark_authored_adjudication,Broad total production outage with no workaround strongly supports SEV1.,target,choice,sev1,sev1,0.3859,0.086,0.9140038265265813,1,0.3859,0.952177010438564,0.53560202,"{""insufficient"": 0.0, ""sev1"": 0.95, ""sev2"": 0.05, ""sev3"": 0.0}","{""insufficient"": 0.1286, ""sev1"": 0.3859, ""sev2"": 0.3525, ""sev3"": 0.133}",0.5640999999999999,0.2160981125826128,0.7581881494072538,0.44394201999999994,
case_a46e47b7b8c2af32,semantic_adjudication,32.98608306795359,369,0,incident_triage,inc_clear_sev1,19.0,24.0,0.1431984785579781,0.95,"sev1:19,sev2:1,sev3:0,insufficient:0",benchmark_authored_adjudication,Broad total production outage with no workaround strongly supports SEV1.,target,choice,sev1,sev1,0.4808,0.132,0.867944502986194,1,0.4808,0.7323038957611392,0.38158326,"{""insufficient"": 0.0, ""sev1"": 0.95, ""sev2"": 0.05, ""sev3"": 0.0}","{""insufficient"": 0.1135, ""sev1"": 0.4808, ""sev2"": 0.2946, ""sev3"": 0.1111}",0.46919999999999995,0.16510596162331026,0.55828029637489,0.3052032599999999,
case_7da7c4e8f7287c54,semantic_adjudication,18.165792105719447,155,0,incident_triage,inc_clear_sev1,20.0,0.0,0.1431984785579781,0.95,"sev1:19,sev2:1,sev3:0,insufficient:0",benchmark_authored_adjudication,Broad total production outage with no workaround strongly supports SEV1.,target,choice,sev1,sev1,0.5045,0.1748,0.8251480319276648,1,0.5045,0.6841874391884735,0.36070755000000004,"{""insufficient"": 0.0, ""sev1"": 0.95, ""sev2"": 0.05, ""sev3"": 0.0}","{""insufficient"": 0.092, ""sev1"": 0.5045, ""sev2"": 0.3143, ""sev3"": 0.0891}",0.44545,0.1508455842648166,0.509333190642108,0.28472755000000005,
case_9bf8d1be7614d5dd,semantic_adjudication,20.15291596762836,176,0,incident_triage,inc_clear_sev1,21.0,2.0,0.1431984785579781,0.95,"sev1:19,sev2:1,sev3:0,insufficient:0",benchmark_authored_adjudication,Broad total production outage with no workaround strongly supports SEV1.,target,choice,sev1,sev1,0.4092,0.0923,0.9076716128801138,1,0.4092,0.8935512449046656,0.4936431,"{""insufficient"": 0.0, ""sev1"": 0.95, ""sev2"": 0.05, ""sev3"": 0.0}","{""insufficient"": 0.1421, ""sev1"": 0.4092, ""sev2"": 0.3333, ""sev3"": 0.1154}",0.5408,0.2031821856298727,0.7052940539969818,0.40623309999999996,
case_d2ea633dd57765ef,semantic_adjudication,22.02825015410781,218,0,incident_triage,inc_clear_sev1,22.0,6.0,0.1431984785579781,0.95,"sev1:19,sev2:1,sev3:0,insufficient:0",benchmark_authored_adjudication,Broad total production outage with no workaround strongly supports SEV1.,target,choice,sev1,sev2,0.3935,0.0906,0.9094222702322644,0,0.3503,1.0489653487786958,0.60977259,"{""insufficient"": 0.0, ""sev1"": 0.95, ""sev2"": 0.05, ""sev3"": 0.0}","{""insufficient"": 0.1317, ""sev1"": 0.3503, ""sev2"": 0.3935, ""sev3"": 0.1244}",0.59965,0.2362036515152248,0.8446355485501225,0.5104525899999999,
case_817655fec818746d,semantic_adjudication,26.91508294083178,263,0,incident_triage,inc_clear_sev1,23.0,12.0,0.1431984785579781,0.95,"sev1:19,sev2:1,sev3:0,insufficient:0",benchmark_authored_adjudication,Broad total production outage with no workaround strongly supports SEV1.,target,choice,sev1,sev2,0.4495,0.1057,0.8943539743992905,0,0.3008,1.2013096869064523,0.7222260600000001,"{""insufficient"": 0.0, ""sev1"": 0.95, ""sev2"": 0.05, ""sev3"": 0.0}","{""insufficient"": 0.1171, ""sev1"": 0.3008, ""sev2"": 0.4495, ""sev3"": 0.1326}",0.6492,0.26690739453024226,0.9827099304687799,0.61235606,
case_49cd69ab2c3bd51d,semantic_adjudication,32.66362496651709,371,0,incident_triage,inc_clear_sev1,24.0,24.0,0.1431984785579781,0.95,"sev1:19,sev2:1,sev3:0,insufficient:0",benchmark_authored_adjudication,Broad total production outage with no workaround strongly supports SEV1.,target,choice,sev1,sev1,0.5286,0.1652,0.834790934177494,1,0.5286,0.6375232768119483,0.31377624000000004,"{""insufficient"": 0.0, ""sev1"": 0.95, ""sev2"": 0.05, ""sev3"": 0.0}","{""insufficient"": 0.0944, ""sev1"": 0.5286, ""sev2"": 0.2646, ""sev3"": 0.1124}",0.4214,0.14226759599401884,0.4736086709905425,0.24517624000000002,
case_720190bf04ce59a7,semantic_adjudication,16.974749974906445,152,0,incident_triage,inc_clear_sev1,25.0,0.0,0.1431984785579781,0.95,"sev1:19,sev2:1,sev3:0,insufficient:0",benchmark_authored_adjudication,Broad total production outage with no workaround strongly supports SEV1.,target,choice,sev1,sev1,0.5764,0.1962,0.8037323390714126,1,0.5764,0.55095341485677,0.24906709999999999,"{""insufficient"": 0.0, ""sev1"": 0.95, ""sev2"": 0.05, ""sev3"": 0.0}","{""insufficient"": 0.1013, ""sev1"": 0.5764, ""sev2"": 0.2221, ""sev3"": 0.1002}",0.37359999999999993,0.12233016593619725,0.40012187817214667,0.18949709999999995,
case_64e57e046e87295c,semantic_adjudication,19.49966698884964,184,0,incident_triage,inc_clear_sev1,26.0,2.0,0.1431984785579781,0.95,"sev1:19,sev2:1,sev3:0,insufficient:0",benchmark_authored_adjudication,Broad total production outage with no workaround strongly supports SEV1.,target,choice,sev1,sev2,0.5315,0.1555,0.8444080865471016,0,0.2445,1.4085399700672103,0.8783381100000001,"{""insufficient"": 0.0, ""sev1"": 0.95, ""sev2"": 0.05, ""sev3"": 0.0}","{""insufficient"": 0.112, ""sev1"": 0.2445, ""sev2"": 0.5315, ""sev3"": 0.1119}",0.70545,0.3051865197064882,1.171200332277984,0.75463811,
case_24de245c93af3ea8,semantic_adjudication,22.257292177528143,213,0,incident_triage,inc_clear_sev1,27.0,6.0,0.1431984785579781,0.95,"sev1:19,sev2:1,sev3:0,insufficient:0",benchmark_authored_adjudication,Broad total production outage with no workaround strongly supports SEV1.,target,choice,sev1,sev1,0.4894,0.1358,0.8642392622556664,1,0.4894,0.7145751279735658,0.3679644199999999,"{""insufficient"": 0.0, ""sev1"": 0.95, ""sev2"": 0.05, ""sev3"": 0.0}","{""insufficient"": 0.1175, ""sev1"": 0.4894, ""sev2"": 0.2865, ""sev3"": 0.1066}",0.46059999999999995,0.16108510240918986,0.542831965370382,0.29325441999999996,
case_fe02c8adb9ec5ebc,semantic_adjudication,29.171459143981338,267,0,incident_triage,inc_clear_sev1,28.0,12.0,0.1431984785579781,0.95,"sev1:19,sev2:1,sev3:0,insufficient:0",benchmark_authored_adjudication,Broad total production outage with no workaround strongly supports SEV1.,target,choice,sev1,sev1,0.3559,0.0646,0.935379343326348,1,0.3559,1.03310548646599,0.58156635,"{""insufficient"": 0.0, ""sev1"": 0.95, ""sev2"": 0.05, ""sev3"": 0.0}","{""insufficient"": 0.1463, ""sev1"": 0.3559, ""sev2"": 0.3524, ""sev3"": 0.1453}",0.59405,0.2351350828977444,0.8350843880428236,0.48691634999999994,
case_97877744380cb7a6,semantic_adjudication,32.79416705481708,371,0,incident_triage,inc_clear_sev1,29.0,24.0,0.1431984785579781,0.95,"sev1:19,sev2:1,sev3:0,insufficient:0",benchmark_authored_adjudication,Broad total production outage with no workaround strongly supports SEV1.,target,choice,sev1,sev1,0.5019,0.1603,0.8397675937891718,1,0.5019,0.689354382321249,0.35791421999999995,"{""insufficient"": 0.0, ""sev1"": 0.95, ""sev2"": 0.05, ""sev3"": 0.0}","{""insufficient"": 0.1098, ""sev1"": 0.5019, ""sev2"": 0.2999, ""sev3"": 0.0884}",0.4481,0.15333955057230977,0.5165867295206727,0.28311421999999997,
case_6fbdb1926c6f48f6,semantic_adjudication,18.470791867002845,168,0,incident_triage,inc_border_12,0.0,0.0,0.5941881858672536,0.6,"sev1:7,sev2:12,sev3:1,insufficient:0",benchmark_authored_adjudication,"Material impact suggests SEV2, but low headroom and broad customer failures make SEV1 plausible.",target,choice,sev2,sev2,0.5479,0.1492,0.8508019653368055,1,0.5479,0.6016624904377669,0.27427625999999994,"{""insufficient"": 0.0, ""sev1"": 0.35, ""sev2"": 0.6, ""sev3"": 0.05}","{""insufficient"": 0.1469, ""sev1"": 0.1232, ""sev2"": 0.5479, ""sev3"": 0.182}",0.2788999999999999,0.09977732614162861,0.3553463721050472,0.09315625999999999,
case_45db2312c0af8ede,semantic_adjudication,27.777666924521327,192,0,incident_triage,inc_border_12,1.0,2.0,0.5941881858672536,0.6,"sev1:7,sev2:12,sev3:1,insufficient:0",benchmark_authored_adjudication,"Material impact suggests SEV2, but low headroom and broad customer failures make SEV1 plausible.",target,choice,sev2,sev2,0.528,0.131,0.8689758510353434,1,0.528,0.6386589952758756,0.29878277999999997,"{""insufficient"": 0.0, ""sev1"": 0.35, ""sev2"": 0.6, ""sev3"": 0.05}","{""insufficient"": 0.1307, ""sev1"": 0.1523, ""sev2"": 0.528, ""sev3"": 0.189}",0.2697,0.08797564869925836,0.30144213552817617,0.08067278,
case_c03d9d7ce8f612c5,semantic_adjudication,44.05108303762972,231,0,incident_triage,inc_border_12,2.0,6.0,0.5941881858672536,0.6,"sev1:7,sev2:12,sev3:1,insufficient:0",benchmark_authored_adjudication,"Material impact suggests SEV2, but low headroom and broad customer failures make SEV1 plausible.",target,choice,sev2,sev2,0.3966,0.0504,0.9496113695376143,1,0.3966,0.9248270628964415,0.4930028099999999,"{""insufficient"": 0.0, ""sev1"": 0.35, ""sev2"": 0.6, ""sev3"": 0.05}","{""insufficient"": 0.164, ""sev1"": 0.1671, ""sev2"": 0.3966, ""sev3"": 0.2722}",0.38625,0.1259585845431514,0.4224444108475484,0.15109281,
case_872802e32801a473,semantic_adjudication,30.655917013064027,277,0,incident_triage,inc_border_12,3.0,12.0,0.5941881858672536,0.6,"sev1:7,sev2:12,sev3:1,insufficient:0",benchmark_authored_adjudication,"Material impact suggests SEV2, but low headroom and broad customer failures make SEV1 plausible.",target,choice,sev2,sev2,0.3773,0.0316,0.968395588099508,1,0.3773,0.9747146520118722,0.5188026600000001,"{""insufficient"": 0.0, ""sev1"": 0.35, ""sev2"": 0.6, ""sev3"": 0.05}","{""insufficient"": 0.1771, ""sev1"": 0.2086, ""sev2"": 0.3773, ""sev3"": 0.237}",0.3641,0.11632010635207468,0.38166167433305515,0.13592265999999997,
case_783d18663aae85c4,semantic_adjudication,52.347666118294,383,0,incident_triage,inc_border_12,4.0,24.0,0.5941881858672536,0.6,"sev1:7,sev2:12,sev3:1,insufficient:0",benchmark_authored_adjudication,"Material impact suggests SEV2, but low headroom and broad customer failures make SEV1 plausible.",target,choice,sev2,sev2,0.4606,0.0801,0.9199461044938734,1,0.4606,0.7752252915955522,0.39045409999999997,"{""insufficient"": 0.0, ""sev1"": 0.35, ""sev2"": 0.6, ""sev3"": 0.05}","{""insufficient"": 0.1389, ""sev1"": 0.2023, ""sev2"": 0.4606, ""sev3"": 0.1982}",0.28709999999999997,0.08639971978753716,0.2816406134827656,0.08250409999999998,
case_97abb2506913f93a,semantic_adjudication,18.226208863779902,165,0,incident_triage,inc_border_12,5.0,0.0,0.5941881858672536,0.6,"sev1:7,sev2:12,sev3:1,insufficient:0",benchmark_authored_adjudication,"Material impact suggests SEV2, but low headroom and broad customer failures make SEV1 plausible.",target,choice,sev2,sev2,0.4649,0.0839,0.916132585786426,1,0.4649,0.765932950285598,0.3848421,"{""insufficient"": 0.0, ""sev1"": 0.35, ""sev2"": 0.6, ""sev3"": 0.05}","{""insufficient"": 0.1723, ""sev1"": 0.2202, ""sev2"": 0.4649, ""sev3"": 0.1426}",0.26489999999999997,0.08306764595596147,0.26285229635236973,0.07336209999999999,
case_8151af5d7e44bbe9,semantic_adjudication,22.852416848763824,195,0,incident_triage,inc_border_12,6.0,2.0,0.5941881858672536,0.6,"sev1:7,sev2:12,sev3:1,insufficient:0",benchmark_authored_adjudication,"Material impact suggests SEV2, but low headroom and broad customer failures make SEV1 plausible.",target,choice,sev2,sev2,0.4475,0.0705,0.929502977623998,1,0.4475,0.804078741267227,0.40922724,"{""insufficient"": 0.0, ""sev1"": 0.35, ""sev2"": 0.6, ""sev3"": 0.05}","{""insufficient"": 0.1513, ""sev1"": 0.2179, ""sev2"": 0.4475, ""sev3"": 0.1833}",0.28459999999999996,0.08600157845153873,0.2768607324163759,0.08136723999999998,
case_1df91120c4833857,semantic_adjudication,23.71108392253518,228,0,incident_triage,inc_border_12,7.0,6.0,0.5941881858672536,0.6,"sev1:7,sev2:12,sev3:1,insufficient:0",benchmark_authored_adjudication,"Material impact suggests SEV2, but low headroom and broad customer failures make SEV1 plausible.",target,choice,sev2,sev2,0.4066,0.0472,0.9527504857747341,1,0.4066,0.8999253777878907,0.4722253399999999,"{""insufficient"": 0.0, ""sev1"": 0.35, ""sev2"": 0.6, ""sev3"": 0.05}","{""insufficient"": 0.17, ""sev1"": 0.2397, ""sev2"": 0.4066, ""sev3"": 0.1837}",0.30369999999999997,0.09378577894109444,0.3008865576385855,0.09634533999999997,
case_2023f36b29223498,semantic_adjudication,27.169832959771156,280,0,incident_triage,inc_border_12,8.0,12.0,0.5941881858672536,0.6,"sev1:7,sev2:12,sev3:1,insufficient:0",benchmark_authored_adjudication,"Material impact suggests SEV2, but low headroom and broad customer failures make SEV1 plausible.",target,choice,sev2,sev2,0.3435,0.0175,0.9824730715878529,1,0.3435,1.068568167319733,0.57580254,"{""insufficient"": 0.0, ""sev1"": 0.35, ""sev2"": 0.6, ""sev3"": 0.05}","{""insufficient"": 0.2024, ""sev1"": 0.2463, ""sev2"": 0.3435, ""sev3"": 0.2078}",0.36019999999999996,0.11827335837730601,0.38640186974533475,0.14241253999999995,
case_0bff1207705a2379,semantic_adjudication,34.171042032539845,378,0,incident_triage,inc_border_12,9.0,24.0,0.5941881858672536,0.6,"sev1:7,sev2:12,sev3:1,insufficient:0",benchmark_authored_adjudication,"Material impact suggests SEV2, but low headroom and broad customer failures make SEV1 plausible.",target,choice,sev2,sev2,0.3603,0.0254,0.9745667338221491,1,0.3603,1.0208182612280894,0.54782446,"{""insufficient"": 0.0, ""sev1"": 0.35, ""sev2"": 0.6, ""sev3"": 0.05}","{""insufficient"": 0.1751, ""sev1"": 0.2356, ""sev2"": 0.3603, ""sev3"": 0.229}",0.35409999999999997,0.1125271974732483,0.3684398285180642,0.13324445999999998,
case_d29715cab3241c7d,semantic_adjudication,19.20083281584084,171,0,incident_triage,inc_border_12,10.0,0.0,0.5941881858672536,0.6,"sev1:7,sev2:12,sev3:1,insufficient:0",benchmark_authored_adjudication,"Material impact suggests SEV2, but low headroom and broad customer failures make SEV1 plausible.",target,choice,sev2,sev2,0.5055,0.1119,0.8881537739781638,1,0.5055,0.6822072405216111,0.32772063000000007,"{""insufficient"": 0.0, ""sev1"": 0.35, ""sev2"": 0.6, ""sev3"": 0.05}","{""insufficient"": 0.1795, ""sev1"": 0.1318, ""sev2"": 0.5055, ""sev3"": 0.1833}",0.31275,0.11009721506467046,0.3797005489277649,0.10653062999999999,
case_8f9e35d968448405,semantic_adjudication,18.269583117216825,192,0,incident_triage,inc_border_12,11.0,2.0,0.5941881858672536,0.6,"sev1:7,sev2:12,sev3:1,insufficient:0",benchmark_authored_adjudication,"Material impact suggests SEV2, but low headroom and broad customer failures make SEV1 plausible.",target,choice,sev2,sev2,0.4238,0.0597,0.9402856645141988,1,0.4238,0.8584936331479384,0.44696214000000006,"{""insufficient"": 0.0, ""sev1"": 0.35, ""sev2"": 0.6, ""sev3"": 0.05}","{""insufficient"": 0.1513, ""sev1"": 0.1825, ""sev2"": 0.4238, ""sev3"": 0.2424}",0.3437,0.10791045159446032,0.3575865367021374,0.11901213999999999,
case_1e8441beed5a5e07,semantic_adjudication,23.43483385629952,225,0,incident_triage,inc_border_12,12.0,6.0,0.5941881858672536,0.6,"sev1:7,sev2:12,sev3:1,insufficient:0",benchmark_authored_adjudication,"Material impact suggests SEV2, but low headroom and broad customer failures make SEV1 plausible.",target,choice,sev2,sev2,0.3733,0.0291,0.9708535958569234,1,0.3733,0.9853728930615988,0.5250608600000001,"{""insufficient"": 0.0, ""sev1"": 0.35, ""sev2"": 0.6, ""sev3"": 0.05}","{""insufficient"": 0.2042, ""sev1"": 0.1852, ""sev2"": 0.3733, ""sev3"": 0.2373}",0.39149999999999996,0.1301598251661525,0.4296371449716695,0.15533086,
case_c385f964784c4ef8,semantic_adjudication,28.25687499716878,282,0,incident_triage,inc_border_12,13.0,12.0,0.5941881858672536,0.6,"sev1:7,sev2:12,sev3:1,insufficient:0",benchmark_authored_adjudication,"Material impact suggests SEV2, but low headroom and broad customer failures make SEV1 plausible.",target,choice,sev2,sev2,0.5107,0.1193,0.8807335209391659,1,0.5107,0.6719729453285388,0.32237225999999997,"{""insufficient"": 0.0, ""sev1"": 0.35, ""sev2"": 0.6, ""sev3"": 0.05}","{""insufficient"": 0.1284, ""sev1"": 0.2064, ""sev2"": 0.5107, ""sev3"": 0.1545}",0.23289999999999994,0.06966975589487326,0.22512083069866412,0.05600225999999998,
case_04b62a5d44ac0a84,semantic_adjudication,81.8017499987036,388,0,incident_triage,inc_border_12,14.0,24.0,0.5941881858672536,0.6,"sev1:7,sev2:12,sev3:1,insufficient:0",benchmark_authored_adjudication,"Material impact suggests SEV2, but low headroom and broad customer failures make SEV1 plausible.",target,choice,sev2,sev2,0.3486,0.032,0.9679419377608312,1,0.3486,1.0538301458962165,0.5749500000000001,"{""insufficient"": 0.0, ""sev1"": 0.35, ""sev2"": 0.6, ""sev3"": 0.05}","{""insufficient"": 0.1668, ""sev1"": 0.2942, ""sev2"": 0.3486, ""sev3"": 0.1904}",0.3072,0.09773644912114397,0.3197331786423222,0.11384999999999998,
case_4bda16b7ea351d8c,semantic_adjudication,18.653166946023703,166,0,incident_triage,inc_border_12,15.0,0.0,0.5941881858672536,0.6,"sev1:7,sev2:12,sev3:1,insufficient:0",benchmark_authored_adjudication,"Material impact suggests SEV2, but low headroom and broad customer failures make SEV1 plausible.",target,choice,sev2,sev2,0.5269,0.1321,0.867866868481997,1,0.5269,0.6407445017668969,0.3011162,"{""insufficient"": 0.0, ""sev1"": 0.35, ""sev2"": 0.6, ""sev3"": 0.05}","{""insufficient"": 0.1477, ""sev1"": 0.1271, ""sev2"": 0.5269, ""sev3"": 0.1983}",0.29599999999999993,0.10314514342732756,0.3635990669964813,0.09883619999999999,
case_2c99145e1eaa52b1,semantic_adjudication,18.23345897719264,192,0,incident_triage,inc_border_12,16.0,2.0,0.5941881858672536,0.6,"sev1:7,sev2:12,sev3:1,insufficient:0",benchmark_authored_adjudication,"Material impact suggests SEV2, but low headroom and broad customer failures make SEV1 plausible.",target,choice,sev2,sev2,0.3971,0.0561,0.9438293501207878,1,0.3971,0.9235671408449313,0.49496043,"{""insufficient"": 0.0, ""sev1"": 0.35, ""sev2"": 0.6, ""sev3"": 0.05}","{""insufficient"": 0.1913, ""sev1"": 0.1343, ""sev2"": 0.3971, ""sev3"": 0.2772}",0.41855,0.14503236885727633,0.49725906498697775,0.17591042999999998,
case_e8135a9180831edd,semantic_adjudication,23.01816688850522,224,0,incident_triage,inc_border_12,17.0,6.0,0.5941881858672536,0.6,"sev1:7,sev2:12,sev3:1,insufficient:0",benchmark_authored_adjudication,"Material impact suggests SEV2, but low headroom and broad customer failures make SEV1 plausible.",target,choice,sev2,sev2,0.4437,0.0666,0.9333581368055363,1,0.4437,0.8126066205972733,0.41402959,"{""insufficient"": 0.0, ""sev1"": 0.35, ""sev2"": 0.6, ""sev3"": 0.05}","{""insufficient"": 0.1555, ""sev1"": 0.2074, ""sev2"": 0.4437, ""sev3"": 0.1933}",0.29884999999999995,0.09152175539959746,0.2966069296002739,0.08947958999999998,
case_2e61389a26732e73,semantic_adjudication,27.078374987468123,282,0,incident_triage,inc_border_12,18.0,12.0,0.5941881858672536,0.6,"sev1:7,sev2:12,sev3:1,insufficient:0",benchmark_authored_adjudication,"Material impact suggests SEV2, but low headroom and broad customer failures make SEV1 plausible.",target,choice,sev2,sev2,0.3786,0.0309,0.969128965214228,1,0.3786,0.9712750402069146,0.5159294999999999,"{""insufficient"": 0.0, ""sev1"": 0.35, ""sev2"": 0.6, ""sev3"": 0.05}","{""insufficient"": 0.1923, ""sev1"": 0.1952, ""sev2"": 0.3786, ""sev3"": 0.2339}",0.3762,0.12273918536578715,0.40349408463301845,0.14377949999999998,
case_033ad3a0b7b49bcd,semantic_adjudication,34.757292130962014,381,0,incident_triage,inc_border_12,19.0,24.0,0.5941881858672536,0.6,"sev1:7,sev2:12,sev3:1,insufficient:0",benchmark_authored_adjudication,"Material impact suggests SEV2, but low headroom and broad customer failures make SEV1 plausible.",target,choice,sev2,sev2,0.4733,0.0897,0.9102936727751573,1,0.4733,0.7480258420699347,0.37294905999999994,"{""insufficient"": 0.0, ""sev1"": 0.35, ""sev2"": 0.6, ""sev3"": 0.05}","{""insufficient"": 0.1508, ""sev1"": 0.2207, ""sev2"": 0.4733, ""sev3"": 0.1552}",0.25599999999999995,0.07754528610915366,0.24708064529358675,0.06657905999999998,
case_a2deb3d19d32aaf0,semantic_adjudication,18.354374915361404,168,0,incident_triage,inc_border_12,20.0,0.0,0.5941881858672536,0.6,"sev1:7,sev2:12,sev3:1,insufficient:0",benchmark_authored_adjudication,"Material impact suggests SEV2, but low headroom and broad customer failures make SEV1 plausible.",target,choice,sev2,sev2,0.5207,0.1251,0.874921382907988,1,0.5207,0.6525812188132836,0.30820716,"{""insufficient"": 0.0, ""sev1"": 0.35, ""sev2"": 0.6, ""sev3"": 0.05}","{""insufficient"": 0.1579, ""sev1"": 0.1299, ""sev2"": 0.5207, ""sev3"": 0.1915}",0.2994,0.10444743187074362,0.3648189976511648,0.09968716,
case_e1565c0ae6e91c91,semantic_adjudication,19.087125081568956,191,0,incident_triage,inc_border_12,21.0,2.0,0.5941881858672536,0.6,"sev1:7,sev2:12,sev3:1,insufficient:0",benchmark_authored_adjudication,"Material impact suggests SEV2, but low headroom and broad customer failures make SEV1 plausible.",target,choice,sev2,sev2,0.433,0.0609,0.9390353885818012,1,0.433,0.8370175509796473,0.43069561999999995,"{""insufficient"": 0.0, ""sev1"": 0.35, ""sev2"": 0.6, ""sev3"": 0.05}","{""insufficient"": 0.1761, ""sev1"": 0.2254, ""sev2"": 0.433, ""sev3"": 0.1655}",0.29159999999999997,0.09092795818958585,0.28988754036596953,0.08776561999999999,
case_3b9e9d36961cb1a7,semantic_adjudication,129.6195830218494,231,0,incident_triage,inc_border_12,22.0,6.0,0.5941881858672536,0.6,"sev1:7,sev2:12,sev3:1,insufficient:0",benchmark_authored_adjudication,"Material impact suggests SEV2, but low headroom and broad customer failures make SEV1 plausible.",target,choice,sev2,sev2,0.3961,0.0425,0.9574882464416624,1,0.3961,0.9260885743542661,0.48928622,"{""insufficient"": 0.0, ""sev1"": 0.35, ""sev2"": 0.6, ""sev3"": 0.05}","{""insufficient"": 0.1645, ""sev1"": 0.1974, ""sev2"": 0.3961, ""sev3"": 0.242}",0.3565,0.11265283133409104,0.3707573939359655,0.12878621999999998,
case_782870c1ffb3d49c,semantic_adjudication,26.715916814282537,280,0,incident_triage,inc_border_12,23.0,12.0,0.5941881858672536,0.6,"sev1:7,sev2:12,sev3:1,insufficient:0",benchmark_authored_adjudication,"Material impact suggests SEV2, but low headroom and broad customer failures make SEV1 plausible.",target,choice,sev2,sev2,0.3964,0.0417,0.9583074169239225,1,0.3964,0.9253314765263042,0.48809723000000005,"{""insufficient"": 0.0, ""sev1"": 0.35, ""sev2"": 0.6, ""sev3"": 0.05}","{""insufficient"": 0.1615, ""sev1"": 0.2209, ""sev2"": 0.3964, ""sev3"": 0.2211}",0.33265,0.10296792631225099,0.3354519729545111,0.11347722999999998,
case_8824fc0af3491b7a,semantic_adjudication,32.909249886870384,378,0,incident_triage,inc_border_12,24.0,24.0,0.5941881858672536,0.6,"sev1:7,sev2:12,sev3:1,insufficient:0",benchmark_authored_adjudication,"Material impact suggests SEV2, but low headroom and broad customer failures make SEV1 plausible.",target,choice,sev2,sev2,0.386,0.0693,0.9306825855989336,1,0.386,0.9519179095173061,0.5243778099999999,"{""insufficient"": 0.0, ""sev1"": 0.35, ""sev2"": 0.6, ""sev3"": 0.05}","{""insufficient"": 0.1216, ""sev1"": 0.3217, ""sev2"": 0.386, ""sev3"": 0.1706}",0.24224999999999997,0.07156984488461382,0.23280024205278518,0.07592780999999998,
case_bca3a3454c67eede,semantic_adjudication,18.706958973780274,165,0,incident_triage,inc_border_12,25.0,0.0,0.5941881858672536,0.6,"sev1:7,sev2:12,sev3:1,insufficient:0",benchmark_authored_adjudication,"Material impact suggests SEV2, but low headroom and broad customer failures make SEV1 plausible.",target,choice,sev2,sev2,0.4793,0.0882,0.9117445921699904,1,0.4793,0.7354285728165515,0.36158042999999995,"{""insufficient"": 0.0, ""sev1"": 0.35, ""sev2"": 0.6, ""sev3"": 0.05}","{""insufficient"": 0.1821, ""sev1"": 0.1697, ""sev2"": 0.4793, ""sev3"": 0.1688}",0.30095,0.09949381976513348,0.32729253437879846,0.09435042999999999,
case_d04481a7c6ff87a2,semantic_adjudication,21.84149995446205,196,0,incident_triage,inc_border_12,26.0,2.0,0.5941881858672536,0.6,"sev1:7,sev2:12,sev3:1,insufficient:0",benchmark_authored_adjudication,"Material impact suggests SEV2, but low headroom and broad customer failures make SEV1 plausible.",target,choice,sev2,sev2,0.3958,0.0401,0.9599080228907569,1,0.3958,0.9268462458136717,0.4884429600000001,"{""insufficient"": 0.0, ""sev1"": 0.35, ""sev2"": 0.6, ""sev3"": 0.05}","{""insufficient"": 0.2228, ""sev1"": 0.1682, ""sev2"": 0.3958, ""sev3"": 0.2132}",0.386,0.13128619111350426,0.4335747813160455,0.15102295999999998,
case_5165e12b00633466,semantic_adjudication,21.84645808301866,222,0,incident_triage,inc_border_12,27.0,6.0,0.5941881858672536,0.6,"sev1:7,sev2:12,sev3:1,insufficient:0",benchmark_authored_adjudication,"Material impact suggests SEV2, but low headroom and broad customer failures make SEV1 plausible.",target,choice,sev2,sev2,0.5121,0.1196,0.8803615095037188,1,0.5121,0.6692353605136324,0.3201111,"{""insufficient"": 0.0, ""sev1"": 0.35, ""sev2"": 0.6, ""sev3"": 0.05}","{""insufficient"": 0.1628, ""sev1"": 0.1257, ""sev2"": 0.5121, ""sev3"": 0.1994}",0.3122,0.1096322452096151,0.3842936130541455,0.10686109999999997,
case_2d9149d4c84dc58c,semantic_adjudication,26.819749968126416,280,0,incident_triage,inc_border_12,28.0,12.0,0.5941881858672536,0.6,"sev1:7,sev2:12,sev3:1,insufficient:0",benchmark_authored_adjudication,"Material impact suggests SEV2, but low headroom and broad customer failures make SEV1 plausible.",target,choice,sev2,sev2,0.3631,0.0301,0.9698962450050449,1,0.3631,1.013077000561847,0.54498311,"{""insufficient"": 0.0, ""sev1"": 0.35, ""sev2"": 0.6, ""sev3"": 0.05}","{""insufficient"": 0.1602, ""sev1"": 0.2311, ""sev2"": 0.3631, ""sev3"": 0.2455}",0.35575,0.1116108510363759,0.36706605200828585,0.13414311,
case_b9c7a49dc09ca127,semantic_adjudication,37.4355420935899,375,0,incident_triage,inc_border_12,29.0,24.0,0.5941881858672536,0.6,"sev1:7,sev2:12,sev3:1,insufficient:0",benchmark_authored_adjudication,"Material impact suggests SEV2, but low headroom and broad customer failures make SEV1 plausible.",target,choice,sev2,sev2,0.4704,0.0891,0.9108671944077322,1,0.4704,0.7541718823977199,0.3777518500000001,"{""insufficient"": 0.0, ""sev1"": 0.35, ""sev2"": 0.6, ""sev3"": 0.05}","{""insufficient"": 0.1479, ""sev1"": 0.2268, ""sev2"": 0.4704, ""sev3"": 0.1548}",0.25275,0.07588665296217831,0.24135481131311526,0.06483185,
case_efa9638c6a6f1b9e,semantic_adjudication,34.427500097081065,162,0,incident_triage,inc_border_23,0.0,0.0,0.46703402768774555,0.65,"sev1:0,sev2:7,sev3:13,insufficient:0",benchmark_authored_adjudication,"Limited impact and workaround lean SEV3, though some organizations might classify repeated customer impact as SEV2.",target,choice,sev3,sev2,0.4451,0.1139,0.8861117275023958,0,0.3194,1.141311043201225,0.68910562,"{""insufficient"": 0.0, ""sev1"": 0.0, ""sev2"": 0.35, ""sev3"": 0.65}","{""insufficient"": 0.113, ""sev1"": 0.1225, ""sev2"": 0.4451, ""sev3"": 0.3194}",0.3306,0.11322867261876557,0.3777152450822787,0.14611562,
case_2648f9e065b02198,semantic_adjudication,25.175541872158647,184,0,incident_triage,inc_border_23,1.0,2.0,0.46703402768774555,0.65,"sev1:0,sev2:7,sev3:13,insufficient:0",benchmark_authored_adjudication,"Limited impact and workaround lean SEV3, though some organizations might classify repeated customer impact as SEV2.",target,choice,sev3,sev2,0.4097,0.0853,0.9146567391608555,0,0.3206,1.1375610388066846,0.66647245,"{""insufficient"": 0.0, ""sev1"": 0.0, ""sev2"": 0.35, ""sev3"": 0.65}","{""insufficient"": 0.1534, ""sev1"": 0.1162, ""sev2"": 0.4097, ""sev3"": 0.3206}",0.32935000000000003,0.12312516529436625,0.40428356923997155,0.14910245000000003,
case_9f26a4918b3330b0,semantic_adjudication,23.02849991247058,225,0,incident_triage,inc_border_23,2.0,6.0,0.46703402768774555,0.65,"sev1:0,sev2:7,sev3:13,insufficient:0",benchmark_authored_adjudication,"Limited impact and workaround lean SEV3, though some organizations might classify repeated customer impact as SEV2.",target,choice,sev3,sev2,0.4719,0.1128,0.8871849337548045,0,0.2765,1.2855444580197475,0.7781244300000001,"{""insufficient"": 0.0, ""sev1"": 0.0, ""sev2"": 0.35, ""sev3"": 0.65}","{""insufficient"": 0.1391, ""sev1"": 0.1124, ""sev2"": 0.4719, ""sev3"": 0.2765}",0.37345,0.1304392574529269,0.45100312176563184,0.18634443,
case_7ef3284f412542b2,semantic_adjudication,26.6371660400182,269,0,incident_triage,inc_border_23,3.0,12.0,0.46703402768774555,0.65,"sev1:0,sev2:7,sev3:13,insufficient:0",benchmark_authored_adjudication,"Limited impact and workaround lean SEV3, though some organizations might classify repeated customer impact as SEV2.",target,choice,sev3,sev2,0.4313,0.0886,0.9114087362426947,0,0.2967,1.2150337516853609,0.71829058,"{""insufficient"": 0.0, ""sev1"": 0.0, ""sev2"": 0.35, ""sev3"": 0.65}","{""insufficient"": 0.154, ""sev1"": 0.118, ""sev2"": 0.4313, ""sev3"": 0.2967}",0.3533,0.13016014031933237,0.43665828092577097,0.16907058,
case_32a57dc5309e3749,semantic_adjudication,74.46066592819989,374,0,incident_triage,inc_border_23,4.0,24.0,0.46703402768774555,0.65,"sev1:0,sev2:7,sev3:13,insufficient:0",benchmark_authored_adjudication,"Limited impact and workaround lean SEV3, though some organizations might classify repeated customer impact as SEV2.",target,choice,sev3,sev2,0.3668,0.0716,0.9284548791998996,0,0.3463,1.0604498275737608,0.6044743399999999,"{""insufficient"": 0.0, ""sev1"": 0.0, ""sev2"": 0.35, ""sev3"": 0.65}","{""insufficient"": 0.1704, ""sev1"": 0.1165, ""sev2"": 0.3668, ""sev3"": 0.3463}",0.3037,0.12304691545810999,0.39287423739825156,0.13512434,
case_3a9f53628bcea4d9,semantic_adjudication,24.12850013934076,159,0,incident_triage,inc_border_23,5.0,0.0,0.46703402768774555,0.65,"sev1:0,sev2:7,sev3:13,insufficient:0",benchmark_authored_adjudication,"Limited impact and workaround lean SEV3, though some organizations might classify repeated customer impact as SEV2.",target,choice,sev3,sev2,0.4694,0.121,0.8789557210903967,0,0.294,1.2241755116434554,0.7471053599999999,"{""insufficient"": 0.0, ""sev1"": 0.0, ""sev2"": 0.35, ""sev3"": 0.65}","{""insufficient"": 0.1314, ""sev1"": 0.1052, ""sev2"": 0.4694, ""sev3"": 0.294}",0.35600000000000004,0.12077263294305726,0.4129724419814385,0.16932536,
case_72eccffac471d91f,semantic_adjudication,19.177542068064213,190,0,incident_triage,inc_border_23,6.0,2.0,0.46703402768774555,0.65,"sev1:0,sev2:7,sev3:13,insufficient:0",benchmark_authored_adjudication,"Limited impact and workaround lean SEV3, though some organizations might classify repeated customer impact as SEV2.",target,choice,sev3,sev2,0.3998,0.1203,0.8796583890961464,0,0.3786,0.9712750402069146,0.5710432799999999,"{""insufficient"": 0.0, ""sev1"": 0.0, ""sev2"": 0.35, ""sev3"": 0.65}","{""insufficient"": 0.1268, ""sev1"": 0.0948, ""sev2"": 0.3998, ""sev3"": 0.3786}",0.27140000000000003,0.09574443132496971,0.30475893702040513,0.10120328000000002,
case_9a7a3a768f94032a,semantic_adjudication,21.92654204554856,222,0,incident_triage,inc_border_23,7.0,6.0,0.46703402768774555,0.65,"sev1:0,sev2:7,sev3:13,insufficient:0",benchmark_authored_adjudication,"Limited impact and workaround lean SEV3, though some organizations might classify repeated customer impact as SEV2.",target,choice,sev3,sev2,0.4045,0.0882,0.911838031871031,0,0.3291,1.1113936230328427,0.6504917200000001,"{""insufficient"": 0.0, ""sev1"": 0.0, ""sev2"": 0.35, ""sev3"": 0.65}","{""insufficient"": 0.1585, ""sev1"": 0.1079, ""sev2"": 0.4045, ""sev3"": 0.3291}",0.3209,0.12009820286870276,0.39174545580597214,0.14271172000000001,
case_0d1cb6273c3882d0,semantic_adjudication,26.775958016514778,278,0,incident_triage,inc_border_23,8.0,12.0,0.46703402768774555,0.65,"sev1:0,sev2:7,sev3:13,insufficient:0",benchmark_authored_adjudication,"Limited impact and workaround lean SEV3, though some organizations might classify repeated customer impact as SEV2.",target,choice,sev3,sev2,0.3612,0.0648,0.935228503747438,0,0.3419,1.0732369823368815,0.60899306,"{""insufficient"": 0.0, ""sev1"": 0.0, ""sev2"": 0.35, ""sev3"": 0.65}","{""insufficient"": 0.1745, ""sev1"": 0.1224, ""sev2"": 0.3612, ""sev3"": 0.3419}",0.30810000000000004,0.12726738263624912,0.4065706095880979,0.14048306000000002,
case_ab3d811a3e38afed,semantic_adjudication,33.769417088478804,373,0,incident_triage,inc_border_23,9.0,24.0,0.46703402768774555,0.65,"sev1:0,sev2:7,sev3:13,insufficient:0",benchmark_authored_adjudication,"Limited impact and workaround lean SEV3, though some organizations might classify repeated customer impact as SEV2.",target,choice,sev3,sev2,0.3663,0.0608,0.9391129701085797,0,0.3278,1.115351612672408,0.63457337,"{""insufficient"": 0.0, ""sev1"": 0.0, ""sev2"": 0.35, ""sev3"": 0.65}","{""insufficient"": 0.1828, ""sev1"": 0.123, ""sev2"": 0.3663, ""sev3"": 0.3278}",0.32215000000000005,0.1331243492184398,0.4290378224215115,0.15262337000000004,
case_2531ab043c86b36b,semantic_adjudication,18.118416192010045,165,0,incident_triage,inc_border_23,10.0,0.0,0.46703402768774555,0.65,"sev1:0,sev2:7,sev3:13,insufficient:0",benchmark_authored_adjudication,"Limited impact and workaround lean SEV3, though some organizations might classify repeated customer impact as SEV2.",target,choice,sev3,sev2,0.528,0.1518,0.8482505933029434,0,0.2446,1.408131055729065,0.87529742,"{""insufficient"": 0.0, ""sev1"": 0.0, ""sev2"": 0.35, ""sev3"": 0.65}","{""insufficient"": 0.1175, ""sev1"": 0.1099, ""sev2"": 0.528, ""sev3"": 0.2446}",0.4054,0.13554081344644525,0.49136919553581637,0.22191742,
case_c29497ba59597f19,semantic_adjudication,29.44654179736972,185,0,incident_triage,inc_border_23,11.0,2.0,0.46703402768774555,0.65,"sev1:0,sev2:7,sev3:13,insufficient:0",benchmark_authored_adjudication,"Limited impact and workaround lean SEV3, though some organizations might classify repeated customer impact as SEV2.",target,choice,sev3,sev2,0.3956,0.1,0.9000240660029158,0,0.355,1.0356374895067213,0.60511512,"{""insufficient"": 0.0, ""sev1"": 0.0, ""sev2"": 0.35, ""sev3"": 0.65}","{""insufficient"": 0.152, ""sev1"": 0.0974, ""sev2"": 0.3956, ""sev3"": 0.355}",0.29500000000000004,0.1091032155131765,0.3502908168764894,0.12169512000000002,
case_523aa8092fbd6d00,semantic_adjudication,27.64229103922844,221,0,incident_triage,inc_border_23,12.0,6.0,0.46703402768774555,0.65,"sev1:0,sev2:7,sev3:13,insufficient:0",benchmark_authored_adjudication,"Limited impact and workaround lean SEV3, though some organizations might classify repeated customer impact as SEV2.",target,choice,sev3,sev2,0.4179,0.0893,0.9106907291262868,0,0.3188,1.1431913320660771,0.67345742,"{""insufficient"": 0.0, ""sev1"": 0.0, ""sev2"": 0.35, ""sev3"": 0.65}","{""insufficient"": 0.1394, ""sev1"": 0.1239, ""sev2"": 0.4179, ""sev3"": 0.3188}",0.33120000000000005,0.1216411853615906,0.40100731514321125,0.14908742000000003,
case_98a9ec63ad4dd4fd,semantic_adjudication,45.82383297383785,271,0,incident_triage,inc_border_23,13.0,12.0,0.46703402768774555,0.65,"sev1:0,sev2:7,sev3:13,insufficient:0",benchmark_authored_adjudication,"Limited impact and workaround lean SEV3, though some organizations might classify repeated customer impact as SEV2.",target,choice,sev3,sev2,0.4309,0.0887,0.9113409493498758,0,0.2989,1.207646209692245,0.71404772,"{""insufficient"": 0.0, ""sev1"": 0.0, ""sev2"": 0.35, ""sev3"": 0.65}","{""insufficient"": 0.1479, ""sev1"": 0.1223, ""sev2"": 0.4309, ""sev3"": 0.2989}",0.3511,0.12900551716184605,0.4321811292914475,0.16664772000000003,
case_d480206adb6fb122,semantic_adjudication,33.54233410209417,380,0,incident_triage,inc_border_23,14.0,24.0,0.46703402768774555,0.65,"sev1:0,sev2:7,sev3:13,insufficient:0",benchmark_authored_adjudication,"Limited impact and workaround lean SEV3, though some organizations might classify repeated customer impact as SEV2.",target,choice,sev3,sev2,0.408,0.0763,0.9237610052448414,0,0.3103,1.1702157075278026,0.68200363,"{""insufficient"": 0.0, ""sev1"": 0.0, ""sev2"": 0.35, ""sev3"": 0.65}","{""insufficient"": 0.1495, ""sev1"": 0.1323, ""sev2"": 0.408, ""sev3"": 0.3103}",0.33975,0.12947238695710392,0.4269644074607305,0.15861363,
case_f8885f46177d3438,semantic_adjudication,17.697291914373636,160,0,incident_triage,inc_border_23,15.0,0.0,0.46703402768774555,0.65,"sev1:0,sev2:7,sev3:13,insufficient:0",benchmark_authored_adjudication,"Limited impact and workaround lean SEV3, though some organizations might classify repeated customer impact as SEV2.",target,choice,sev3,sev2,0.4854,0.1231,0.8769706951690136,0,0.2708,1.3063747379440172,0.7975918500000001,"{""insufficient"": 0.0, ""sev1"": 0.0, ""sev2"": 0.35, ""sev3"": 0.65}","{""insufficient"": 0.1378, ""sev1"": 0.1061, ""sev2"": 0.4854, ""sev3"": 0.2708}",0.37925000000000003,0.1302610993522089,0.45467063562035126,0.19237185000000004,
case_c563f611403f59d2,semantic_adjudication,24.366291938349605,188,0,incident_triage,inc_border_23,16.0,2.0,0.46703402768774555,0.65,"sev1:0,sev2:7,sev3:13,insufficient:0",benchmark_authored_adjudication,"Limited impact and workaround lean SEV3, though some organizations might classify repeated customer impact as SEV2.",target,choice,sev3,sev3,0.3751,0.0825,0.9175737755777559,1,0.3751,0.9805626218942954,0.55251182,"{""insufficient"": 0.0, ""sev1"": 0.0, ""sev2"": 0.35, ""sev3"": 0.65}","{""insufficient"": 0.181, ""sev1"": 0.098, ""sev2"": 0.3459, ""sev3"": 0.3751}",0.279,0.11535748957296368,0.3614810122603145,0.11795182000000003,
case_16b5675f53f17f3e,semantic_adjudication,22.693082923069596,220,0,incident_triage,inc_border_23,17.0,6.0,0.46703402768774555,0.65,"sev1:0,sev2:7,sev3:13,insufficient:0",benchmark_authored_adjudication,"Limited impact and workaround lean SEV3, though some organizations might classify repeated customer impact as SEV2.",target,choice,sev3,sev2,0.3771,0.0732,0.9268054131283598,0,0.3213,1.1353800128603244,0.6537273800000001,"{""insufficient"": 0.0, ""sev1"": 0.0, ""sev2"": 0.35, ""sev3"": 0.65}","{""insufficient"": 0.2028, ""sev1"": 0.0988, ""sev2"": 0.3771, ""sev3"": 0.3213}",0.32870000000000005,0.13314492691897634,0.4318860754758173,0.15966738000000003,
case_b477568c0c03c6c5,semantic_adjudication,26.933624874800444,280,0,incident_triage,inc_border_23,18.0,12.0,0.46703402768774555,0.65,"sev1:0,sev2:7,sev3:13,insufficient:0",benchmark_authored_adjudication,"Limited impact and workaround lean SEV3, though some organizations might classify repeated customer impact as SEV2.",target,choice,sev3,sev2,0.4186,0.0674,0.9325585418140411,0,0.2737,1.2957226629355036,0.7507310299999999,"{""insufficient"": 0.0, ""sev1"": 0.0, ""sev2"": 0.35, ""sev3"": 0.65}","{""insufficient"": 0.1723, ""sev1"": 0.1353, ""sev2"": 0.4186, ""sev3"": 0.2737}",0.37625000000000003,0.1476060708191908,0.4995669060130281,0.19430103000000004,
case_c8fd78d03296ff1c,semantic_adjudication,33.63733389414847,374,0,incident_triage,inc_border_23,19.0,24.0,0.46703402768774555,0.65,"sev1:0,sev2:7,sev3:13,insufficient:0",benchmark_authored_adjudication,"Limited impact and workaround lean SEV3, though some organizations might classify repeated customer impact as SEV2.",target,choice,sev3,sev2,0.3579,0.079,0.920958129961825,0,0.3537,1.039306182770702,0.59222466,"{""insufficient"": 0.0, ""sev1"": 0.0, ""sev2"": 0.35, ""sev3"": 0.65}","{""insufficient"": 0.1934, ""sev1"": 0.095, ""sev2"": 0.3579, ""sev3"": 0.3537}",0.2963,0.12217061256096007,0.38772796118987884,0.13428466,
case_ad48b65056666b19,semantic_adjudication,18.009333172813058,162,0,incident_triage,inc_border_23,20.0,0.0,0.46703402768774555,0.65,"sev1:0,sev2:7,sev3:13,insufficient:0",benchmark_authored_adjudication,"Limited impact and workaround lean SEV3, though some organizations might classify repeated customer impact as SEV2.",target,choice,sev3,sev2,0.4314,0.0906,0.9094286559106279,0,0.3025,1.195674001511241,0.7081162200000001,"{""insufficient"": 0.0, ""sev1"": 0.0, ""sev2"": 0.35, ""sev3"": 0.65}","{""insufficient"": 0.1401, ""sev1"": 0.126, ""sev2"": 0.4314, ""sev3"": 0.3025}",0.34750000000000003,0.12678497585610554,0.4239933027071524,0.16288622000000003,
case_65f2cc6200b83097,semantic_adjudication,19.332499941810966,186,0,incident_triage,inc_border_23,21.0,2.0,0.46703402768774555,0.65,"sev1:0,sev2:7,sev3:13,insufficient:0",benchmark_authored_adjudication,"Limited impact and workaround lean SEV3, though some organizations might classify repeated customer impact as SEV2.",target,choice,sev3,sev2,0.382,0.0895,0.9105156179145489,0,0.3458,1.0618947057329469,0.61507038,"{""insufficient"": 0.0, ""sev1"": 0.0, ""sev2"": 0.35, ""sev3"": 0.65}","{""insufficient"": 0.1815, ""sev1"": 0.0907, ""sev2"": 0.382, ""sev3"": 0.3458}",0.3042,0.11829469219029426,0.3796020543232297,0.13473038,
case_bcef9645bdcfa258,semantic_adjudication,24.265375221148133,228,0,incident_triage,inc_border_23,22.0,6.0,0.46703402768774555,0.65,"sev1:0,sev2:7,sev3:13,insufficient:0",benchmark_authored_adjudication,"Limited impact and workaround lean SEV3, though some organizations might classify repeated customer impact as SEV2.",target,choice,sev3,sev3,0.3683,0.0733,0.9267745375654588,1,0.3683,0.9988574555311174,0.5610820499999999,"{""insufficient"": 0.0, ""sev1"": 0.0, ""sev2"": 0.35, ""sev3"": 0.65}","{""insufficient"": 0.1784, ""sev1"": 0.1096, ""sev2"": 0.3438, ""sev3"": 0.3683}",0.28795,0.11956180583617666,0.37550402217227974,0.12323205,
case_d8974ee1d9cabe2e,semantic_adjudication,27.458207914605737,269,0,incident_triage,inc_border_23,23.0,12.0,0.46703402768774555,0.65,"sev1:0,sev2:7,sev3:13,insufficient:0",benchmark_authored_adjudication,"Limited impact and workaround lean SEV3, though some organizations might classify repeated customer impact as SEV2.",target,choice,sev3,sev2,0.4656,0.1083,0.8917197975975306,0,0.2805,1.271181554019386,0.7667820200000001,"{""insufficient"": 0.0, ""sev1"": 0.0, ""sev2"": 0.35, ""sev3"": 0.65}","{""insufficient"": 0.1335, ""sev1"": 0.1204, ""sev2"": 0.4656, ""sev3"": 0.2805}",0.3695,0.12981754806637913,0.44637130497568644,0.18221202,
case_59495e3437e4c2de,semantic_adjudication,44.96337519958615,393,0,incident_triage,inc_border_23,24.0,24.0,0.46703402768774555,0.65,"sev1:0,sev2:7,sev3:13,insufficient:0",benchmark_authored_adjudication,"Limited impact and workaround lean SEV3, though some organizations might classify repeated customer impact as SEV2.",target,choice,sev3,sev2,0.3706,0.0718,0.9281835414624943,0,0.3475,1.0569906139772902,0.6031090300000002,"{""insufficient"": 0.0, ""sev1"": 0.0, ""sev2"": 0.35, ""sev3"": 0.65}","{""insufficient"": 0.1521, ""sev1"": 0.1299, ""sev2"": 0.3706, ""sev3"": 0.3475}",0.30255000000000004,0.1211760066834782,0.3870184478464135,0.13193903000000004,
case_6f0578cc28b887f6,semantic_adjudication,17.044082982465625,159,0,incident_triage,inc_border_23,25.0,0.0,0.46703402768774555,0.65,"sev1:0,sev2:7,sev3:13,insufficient:0",benchmark_authored_adjudication,"Limited impact and workaround lean SEV3, though some organizations might classify repeated customer impact as SEV2.",target,choice,sev3,sev2,0.4233,0.0983,0.9016562294084334,0,0.3081,1.177330873379515,0.6981224699999999,"{""insufficient"": 0.0, ""sev1"": 0.0, ""sev2"": 0.35, ""sev3"": 0.65}","{""insufficient"": 0.1799, ""sev1"": 0.0886, ""sev2"": 0.4233, ""sev3"": 0.3081}",0.34185000000000004,0.12598376805163264,0.4187043746713929,0.16248247000000002,
case_15399a258ff68c0c,semantic_adjudication,18.193041905760765,190,0,incident_triage,inc_border_23,26.0,2.0,0.46703402768774555,0.65,"sev1:0,sev2:7,sev3:13,insufficient:0",benchmark_authored_adjudication,"Limited impact and workaround lean SEV3, though some organizations might classify repeated customer impact as SEV2.",target,choice,sev3,sev2,0.3614,0.0764,0.9236114288639604,0,0.3371,1.087375656742122,0.6227276500000001,"{""insufficient"": 0.0, ""sev1"": 0.0, ""sev2"": 0.35, ""sev3"": 0.65}","{""insufficient"": 0.2108, ""sev1"": 0.0908, ""sev2"": 0.3614, ""sev3"": 0.3371}",0.31295,0.12979734840658685,0.41556700313614997,0.15071765,
case_37aef3630d2b3b69,semantic_adjudication,22.583625046536326,221,0,incident_triage,inc_border_23,27.0,6.0,0.46703402768774555,0.65,"sev1:0,sev2:7,sev3:13,insufficient:0",benchmark_authored_adjudication,"Limited impact and workaround lean SEV3, though some organizations might classify repeated customer impact as SEV2.",target,choice,sev3,sev2,0.4298,0.1112,0.8887798512452868,0,0.3321,1.102319150599436,0.66002538,"{""insufficient"": 0.0, ""sev1"": 0.0, ""sev2"": 0.35, ""sev3"": 0.65}","{""insufficient"": 0.1398, ""sev1"": 0.0983, ""sev2"": 0.4298, ""sev3"": 0.3321}",0.3179,0.11075910763857458,0.36461316202580546,0.13663538,
case_451cf224e94c6912,semantic_adjudication,28.485124930739403,275,0,incident_triage,inc_border_23,28.0,12.0,0.46703402768774555,0.65,"sev1:0,sev2:7,sev3:13,insufficient:0",benchmark_authored_adjudication,"Limited impact and workaround lean SEV3, though some organizations might classify repeated customer impact as SEV2.",target,choice,sev3,sev2,0.3596,0.0694,0.93056812814044,0,0.3458,1.0618947057329469,0.6033634999999999,"{""insufficient"": 0.0, ""sev1"": 0.0, ""sev2"": 0.35, ""sev3"": 0.65}","{""insufficient"": 0.1839, ""sev1"": 0.1107, ""sev2"": 0.3596, ""sev3"": 0.3458}",0.3042,0.12574057234614544,0.4007519614264182,0.13870350000000004,
case_691296504b89521d,semantic_adjudication,33.26212498359382,374,0,incident_triage,inc_border_23,29.0,24.0,0.46703402768774555,0.65,"sev1:0,sev2:7,sev3:13,insufficient:0",benchmark_authored_adjudication,"Limited impact and workaround lean SEV3, though some organizations might classify repeated customer impact as SEV2.",target,choice,sev3,sev2,0.3407,0.062,0.9380233279530997,0,0.3393,1.0808706071919527,0.6098962300000002,"{""insufficient"": 0.0, ""sev1"": 0.0, ""sev2"": 0.35, ""sev3"": 0.65}","{""insufficient"": 0.2153, ""sev1"": 0.1046, ""sev2"": 0.3407, ""sev3"": 0.3393}",0.31995,0.13571704133377682,0.43198278965046233,0.15391623000000001,
case_5ea7c7210b1ce56a,semantic_adjudication,18.28354108147323,163,0,incident_triage,inc_insufficient,0.0,0.0,0.7083211390478262,0.65,"sev1:1,sev2:2,sev3:4,insufficient:13",benchmark_authored_adjudication,There is too little impact evidence to assign a reliable severity.,target,choice,insufficient,sev2,0.3934,0.0423,0.9576233913734908,0,0.2182,1.5223432055831665,0.84449165,"{""insufficient"": 0.65, ""sev1"": 0.05, ""sev2"": 0.1, ""sev3"": 0.2}","{""insufficient"": 0.2182, ""sev1"": 0.1546, ""sev2"": 0.3934, ""sev3"": 0.2337}",0.43174999999999997,0.11747999821487091,0.48496343463666247,0.28461165,
case_5b8dbcbfe3ee4bbf,semantic_adjudication,18.136166967451572,188,0,incident_triage,inc_insufficient,1.0,2.0,0.7083211390478262,0.65,"sev1:1,sev2:2,sev3:4,insufficient:13",benchmark_authored_adjudication,There is too little impact evidence to assign a reliable severity.,target,choice,insufficient,sev2,0.3259,0.0339,0.9660896205052163,0,0.2628,1.3363619923716816,0.7454336200000001,"{""insufficient"": 0.65, ""sev1"": 0.05, ""sev2"": 0.1, ""sev3"": 0.2}","{""insufficient"": 0.2628, ""sev1"": 0.1309, ""sev2"": 0.3259, ""sev3"": 0.2804}",0.3872,0.08669065518420921,0.3547838684990904,0.21396362000000002,
case_9374a172bd93027c,semantic_adjudication,22.701334208250046,228,0,incident_triage,inc_insufficient,2.0,6.0,0.7083211390478262,0.65,"sev1:1,sev2:2,sev3:4,insufficient:13",benchmark_authored_adjudication,There is too little impact evidence to assign a reliable severity.,target,choice,insufficient,sev2,0.374,0.068,0.9320066049590939,0,0.2141,1.5413120833865,0.8645850200000001,"{""insufficient"": 0.65, ""sev1"": 0.05, ""sev2"": 0.1, ""sev3"": 0.2}","{""insufficient"": 0.2141, ""sev1"": 0.1005, ""sev2"": 0.374, ""sev3"": 0.3114}",0.4359,0.11017975113472368,0.46647648292456423,0.28004502000000003,
case_dedb2d37f8a5bb49,semantic_adjudication,30.335792107507586,271,0,incident_triage,inc_insufficient,3.0,12.0,0.7083211390478262,0.65,"sev1:1,sev2:2,sev3:4,insufficient:13",benchmark_authored_adjudication,There is too little impact evidence to assign a reliable severity.,target,choice,insufficient,sev2,0.4397,0.0869,0.9131309553841255,0,0.1576,1.8476951015583583,0.9966747500000002,"{""insufficient"": 0.65, ""sev1"": 0.05, ""sev2"": 0.1, ""sev3"": 0.2}","{""insufficient"": 0.1576, ""sev1"": 0.1221, ""sev2"": 0.4397, ""sev3"": 0.2807}",0.49245000000000005,0.1494640825214505,0.6604659793845848,0.36956475000000005,
case_49a975ccc52b26b7,semantic_adjudication,32.728082966059446,380,0,incident_triage,inc_insufficient,4.0,24.0,0.7083211390478262,0.65,"sev1:1,sev2:2,sev3:4,insufficient:13",benchmark_authored_adjudication,There is too little impact evidence to assign a reliable severity.,target,choice,insufficient,sev2,0.3729,0.0475,0.9524459680630997,0,0.2387,1.4325477456373528,0.8039154599999999,"{""insufficient"": 0.65, ""sev1"": 0.05, ""sev2"": 0.1, ""sev3"": 0.2}","{""insufficient"": 0.2387, ""sev1"": 0.124, ""sev2"": 0.3729, ""sev3"": 0.2644}",0.4113,0.10172948963322218,0.41829105278977213,0.25326546000000005,
case_ffc9f833d2c94229,semantic_adjudication,16.908999998122454,160,0,incident_triage,inc_insufficient,5.0,0.0,0.7083211390478262,0.65,"sev1:1,sev2:2,sev3:4,insufficient:13",benchmark_authored_adjudication,There is too little impact evidence to assign a reliable severity.,target,choice,insufficient,sev2,0.3979,0.0521,0.9478914363517374,0,0.256,1.3625778345025745,0.77469446,"{""insufficient"": 0.65, ""sev1"": 0.05, ""sev2"": 0.1, ""sev3"": 0.2}","{""insufficient"": 0.256, ""sev1"": 0.1347, ""sev2"": 0.3979, ""sev3"": 0.2114}",0.39399999999999996,0.10215497901545705,0.40692534854507045,0.25128446,
case_8fe80c0f81f25d26,semantic_adjudication,18.00041599199176,192,0,incident_triage,inc_insufficient,6.0,2.0,0.7083211390478262,0.65,"sev1:1,sev2:2,sev3:4,insufficient:13",benchmark_authored_adjudication,There is too little impact evidence to assign a reliable severity.,target,choice,insufficient,sev2,0.3499,0.0564,0.943634598995139,0,0.2516,1.3799147541558516,0.7808303699999999,"{""insufficient"": 0.65, ""sev1"": 0.05, ""sev2"": 0.1, ""sev3"": 0.2}","{""insufficient"": 0.2516, ""sev1"": 0.1022, ""sev2"": 0.3499, ""sev3"": 0.2964}",0.39844999999999997,0.09159439624312972,0.37726403441080125,0.23319037,
case_0b51b27d402b9b06,semantic_adjudication,23.29933294095099,219,0,incident_triage,inc_insufficient,7.0,6.0,0.7083211390478262,0.65,"sev1:1,sev2:2,sev3:4,insufficient:13",benchmark_authored_adjudication,There is too little impact evidence to assign a reliable severity.,target,choice,insufficient,sev2,0.35,0.0528,0.9471748465908436,0,0.2251,1.4912105310694506,0.83287881,"{""insufficient"": 0.65, ""sev1"": 0.05, ""sev2"": 0.1, ""sev3"": 0.2}","{""insufficient"": 0.2251, ""sev1"": 0.1132, ""sev2"": 0.35, ""sev3"": 0.3116}",0.42485,0.10301925413596343,0.4344644053787526,0.25948881,
case_12817183635085b5,semantic_adjudication,28.737375047057867,270,0,incident_triage,inc_insufficient,8.0,12.0,0.7083211390478262,0.65,"sev1:1,sev2:2,sev3:4,insufficient:13",benchmark_authored_adjudication,There is too little impact evidence to assign a reliable severity.,target,choice,insufficient,sev2,0.3583,0.0479,0.9520967258203489,0,0.2069,1.5755196942306398,0.8676829,"{""insufficient"": 0.65, ""sev1"": 0.05, ""sev2"": 0.1, ""sev3"": 0.2}","{""insufficient"": 0.2069, ""sev1"": 0.1286, ""sev2"": 0.3583, ""sev3"": 0.3062}",0.4431,0.11333566931237103,0.48404044830366105,0.28051290000000006,
case_27ba54a34f488a6b,semantic_adjudication,33.2245419267565,381,0,incident_triage,inc_insufficient,9.0,24.0,0.7083211390478262,0.65,"sev1:1,sev2:2,sev3:4,insufficient:13",benchmark_authored_adjudication,There is too little impact evidence to assign a reliable severity.,target,choice,insufficient,sev3,0.343,0.0507,0.9492829509888487,0,0.2069,1.5755196942306398,0.86890266,"{""insufficient"": 0.65, ""sev1"": 0.05, ""sev2"": 0.1, ""sev3"": 0.2}","{""insufficient"": 0.2069, ""sev1"": 0.1227, ""sev2"": 0.3274, ""sev3"": 0.343}",0.44310000000000005,0.10944150195351449,0.4727090744569098,0.27378266000000007,
case_0e894a9a6d31f49e,semantic_adjudication,19.019625149667263,166,0,incident_triage,inc_insufficient,10.0,0.0,0.7083211390478262,0.65,"sev1:1,sev2:2,sev3:4,insufficient:13",benchmark_authored_adjudication,There is too little impact evidence to assign a reliable severity.,target,choice,insufficient,sev2,0.4062,0.0583,0.9416393663237249,0,0.2564,1.361016553935622,0.77812989,"{""insufficient"": 0.65, ""sev1"": 0.05, ""sev2"": 0.1, ""sev3"": 0.2}","{""insufficient"": 0.2564, ""sev1"": 0.128, ""sev2"": 0.4062, ""sev3"": 0.2093}",0.39355,0.10273310402582068,0.40839370277688275,0.25484989,
case_037e2c4a2b4dbfdb,semantic_adjudication,18.32641614601016,188,0,incident_triage,inc_insufficient,11.0,2.0,0.7083211390478262,0.65,"sev1:1,sev2:2,sev3:4,insufficient:13",benchmark_authored_adjudication,There is too little impact evidence to assign a reliable severity.,target,choice,insufficient,sev2,0.3426,0.0579,0.9420748259455277,0,0.2762,1.2866300380069453,0.7315147999999999,"{""insufficient"": 0.65, ""sev1"": 0.05, ""sev2"": 0.1, ""sev3"": 0.2}","{""insufficient"": 0.2762, ""sev1"": 0.0968, ""sev2"": 0.3426, ""sev3"": 0.2844}",0.3738,0.08145133334851268,0.3297172235352974,0.20789480000000002,
case_7fa4873c84a9b9a5,semantic_adjudication,21.932292031124234,223,0,incident_triage,inc_insufficient,12.0,6.0,0.7083211390478262,0.65,"sev1:1,sev2:2,sev3:4,insufficient:13",benchmark_authored_adjudication,There is too little impact evidence to assign a reliable severity.,target,choice,insufficient,sev2,0.3898,0.0621,0.937875670428199,0,0.231,1.4653375684603434,0.82845328,"{""insufficient"": 0.65, ""sev1"": 0.05, ""sev2"": 0.1, ""sev3"": 0.2}","{""insufficient"": 0.231, ""sev1"": 0.1082, ""sev2"": 0.3898, ""sev3"": 0.271}",0.419,0.10585958597188577,0.43705595501504657,0.26797328,
case_1a953b43eee99c85,semantic_adjudication,27.952583972364664,272,0,incident_triage,inc_insufficient,13.0,12.0,0.7083211390478262,0.65,"sev1:1,sev2:2,sev3:4,insufficient:13",benchmark_authored_adjudication,There is too little impact evidence to assign a reliable severity.,target,choice,insufficient,sev2,0.4056,0.0594,0.9405803268860885,0,0.2171,1.527397202097891,0.8571104600000001,"{""insufficient"": 0.65, ""sev1"": 0.05, ""sev2"": 0.1, ""sev3"": 0.2}","{""insufficient"": 0.2171, ""sev1"": 0.1235, ""sev2"": 0.4056, ""sev3"": 0.2538}",0.4329,0.11567517406207245,0.4799228139962012,0.28909046000000005,
case_aaa99e49120e21a2,semantic_adjudication,32.851416850462556,382,0,incident_triage,inc_insufficient,14.0,24.0,0.7083211390478262,0.65,"sev1:1,sev2:2,sev3:4,insufficient:13",benchmark_authored_adjudication,There is too little impact evidence to assign a reliable severity.,target,choice,insufficient,sev2,0.3457,0.0487,0.9512700716546879,0,0.2094,1.5635089805457005,0.86261005,"{""insufficient"": 0.65, ""sev1"": 0.05, ""sev2"": 0.1, ""sev3"": 0.2}","{""insufficient"": 0.2094, ""sev1"": 0.1246, ""sev2"": 0.3457, ""sev3"": 0.3202}",0.44055,0.11032003637354301,0.4724518589514856,0.27451005,
case_65bd6ae1e8c7f7a5,semantic_adjudication,17.908165929839015,161,0,incident_triage,inc_insufficient,15.0,0.0,0.7083211390478262,0.65,"sev1:1,sev2:2,sev3:4,insufficient:13",benchmark_authored_adjudication,There is too little impact evidence to assign a reliable severity.,target,choice,insufficient,sev2,0.4459,0.0754,0.9245023526425263,0,0.2269,1.483245887196341,0.8523812300000001,"{""insufficient"": 0.65, ""sev1"": 0.05, ""sev2"": 0.1, ""sev3"": 0.2}","{""insufficient"": 0.2269, ""sev1"": 0.1291, ""sev2"": 0.4459, ""sev3"": 0.198}",0.42505,0.12149748720890155,0.4891903312024703,0.30492123,
case_6ed034e0073b42ad,semantic_adjudication,18.068416975438595,187,0,incident_triage,inc_insufficient,16.0,2.0,0.7083211390478262,0.65,"sev1:1,sev2:2,sev3:4,insufficient:13",benchmark_authored_adjudication,There is too little impact evidence to assign a reliable severity.,target,choice,insufficient,sev2,0.3887,0.0596,0.940356347416201,0,0.2079,1.57069808411817,0.87398788,"{""insufficient"": 0.65, ""sev1"": 0.05, ""sev2"": 0.1, ""sev3"": 0.2}","{""insufficient"": 0.2079, ""sev1"": 0.1177, ""sev2"": 0.3887, ""sev3"": 0.2857}",0.4421,0.11616973213140419,0.4910503050500641,0.29072788000000005,
case_2737be3819e794d2,semantic_adjudication,21.83833299204707,219,0,incident_triage,inc_insufficient,17.0,6.0,0.7083211390478262,0.65,"sev1:1,sev2:2,sev3:4,insufficient:13",benchmark_authored_adjudication,There is too little impact evidence to assign a reliable severity.,target,choice,insufficient,sev2,0.3727,0.0728,0.9272383393426722,0,0.2747,1.2920756858809088,0.7436907600000001,"{""insufficient"": 0.65, ""sev1"": 0.05, ""sev2"": 0.1, ""sev3"": 0.2}","{""insufficient"": 0.2747, ""sev1"": 0.0853, ""sev2"": 0.3727, ""sev3"": 0.2673}",0.37529999999999997,0.08582973241434819,0.3435615145399418,0.22099075999999998,
case_0395b37c99903592,semantic_adjudication,28.019707882776856,283,0,incident_triage,inc_insufficient,18.0,12.0,0.7083211390478262,0.65,"sev1:1,sev2:2,sev3:4,insufficient:13",benchmark_authored_adjudication,There is too little impact evidence to assign a reliable severity.,target,choice,insufficient,sev2,0.4298,0.0659,0.9340829852235054,0,0.2291,1.4735966895226873,0.8401507300000001,"{""insufficient"": 0.65, ""sev1"": 0.05, ""sev2"": 0.1, ""sev3"": 0.2}","{""insufficient"": 0.2291, ""sev1"": 0.1318, ""sev2"": 0.4298, ""sev3"": 0.2092}",0.42085,0.11739979454339261,0.4745561689470604,0.29270073,
case_a3c0857ff5e0227e,semantic_adjudication,34.23291607759893,376,0,incident_triage,inc_insufficient,19.0,24.0,0.7083211390478262,0.65,"sev1:1,sev2:2,sev3:4,insufficient:13",benchmark_authored_adjudication,There is too little impact evidence to assign a reliable severity.,target,choice,insufficient,sev2,0.3491,0.0407,0.959342888090743,0,0.2689,1.313415715707318,0.7380243500000001,"{""insufficient"": 0.65, ""sev1"": 0.05, ""sev2"": 0.1, ""sev3"": 0.2}","{""insufficient"": 0.2689, ""sev1"": 0.1253, ""sev2"": 0.3491, ""sev3"": 0.2568}",0.38115,0.08742950994660723,0.35276206306012386,0.21618435000000003,
case_67ac7ed606f5b5d1,semantic_adjudication,21.160874981433153,163,0,incident_triage,inc_insufficient,20.0,0.0,0.7083211390478262,0.65,"sev1:1,sev2:2,sev3:4,insufficient:13",benchmark_authored_adjudication,There is too little impact evidence to assign a reliable severity.,target,choice,insufficient,sev2,0.3809,0.0439,0.9561297586443345,0,0.2319,1.461449034720651,0.8164541200000001,"{""insufficient"": 0.65, ""sev1"": 0.05, ""sev2"": 0.1, ""sev3"": 0.2}","{""insufficient"": 0.2319, ""sev1"": 0.1369, ""sev2"": 0.3809, ""sev3"": 0.2503}",0.4181,0.10725387553600836,0.44096635563743,0.2637941200000001,
case_c23a4f975fa1bee0,semantic_adjudication,20.4368750564754,184,0,incident_triage,inc_insufficient,21.0,2.0,0.7083211390478262,0.65,"sev1:1,sev2:2,sev3:4,insufficient:13",benchmark_authored_adjudication,There is too little impact evidence to assign a reliable severity.,target,choice,insufficient,sev2,0.3731,0.0591,0.9408412294576253,0,0.2655,1.3261404383001434,0.75588766,"{""insufficient"": 0.65, ""sev1"": 0.05, ""sev2"": 0.1, ""sev3"": 0.2}","{""insufficient"": 0.2655, ""sev1"": 0.1036, ""sev2"": 0.3731, ""sev3"": 0.2578}",0.3845,0.09021503700893892,0.3631156989998241,0.22863766000000002,
case_0d1e07f145d38602,semantic_adjudication,22.06204179674387,223,0,incident_triage,inc_insufficient,22.0,6.0,0.7083211390478262,0.65,"sev1:1,sev2:2,sev3:4,insufficient:13",benchmark_authored_adjudication,There is too little impact evidence to assign a reliable severity.,target,choice,insufficient,sev2,0.3292,0.0467,0.9532669148998151,0,0.2747,1.2920756858809088,0.7283287300000001,"{""insufficient"": 0.65, ""sev1"": 0.05, ""sev2"": 0.1, ""sev3"": 0.2}","{""insufficient"": 0.2747, ""sev1"": 0.11, ""sev2"": 0.3292, ""sev3"": 0.286}",0.37525,0.08104487666201082,0.32973301520843656,0.20437873,
case_c8fbedf8ba6d58dc,semantic_adjudication,27.55408314988017,271,0,incident_triage,inc_insufficient,23.0,12.0,0.7083211390478262,0.65,"sev1:1,sev2:2,sev3:4,insufficient:13",benchmark_authored_adjudication,There is too little impact evidence to assign a reliable severity.,target,choice,insufficient,sev3,0.339,0.0568,0.9431272708659206,0,0.2577,1.3559591613238178,0.7681459900000001,"{""insufficient"": 0.65, ""sev1"": 0.05, ""sev2"": 0.1, ""sev3"": 0.2}","{""insufficient"": 0.2577, ""sev1"": 0.0993, ""sev2"": 0.3039, ""sev3"": 0.339}",0.39225000000000004,0.0839877138041584,0.35036903155928895,0.21722599000000004,
case_87b2e3ed1e3cb237,semantic_adjudication,32.564374851062894,384,0,incident_triage,inc_insufficient,24.0,24.0,0.7083211390478262,0.65,"sev1:1,sev2:2,sev3:4,insufficient:13",benchmark_authored_adjudication,There is too little impact evidence to assign a reliable severity.,target,choice,insufficient,sev2,0.3941,0.0475,0.9525182654132042,0,0.1889,1.666537504474673,0.90642267,"{""insufficient"": 0.65, ""sev1"": 0.05, ""sev2"": 0.1, ""sev3"": 0.2}","{""insufficient"": 0.1889, ""sev1"": 0.1527, ""sev2"": 0.3941, ""sev3"": 0.2644}",0.46115,0.12968283689332447,0.5544452740014347,0.31380267,
case_0af9a4f8023caa0f,semantic_adjudication,16.985125141218305,160,0,incident_triage,inc_insufficient,25.0,0.0,0.7083211390478262,0.65,"sev1:1,sev2:2,sev3:4,insufficient:13",benchmark_authored_adjudication,There is too little impact evidence to assign a reliable severity.,target,choice,insufficient,sev2,0.3731,0.0534,0.9466518499249343,0,0.2573,1.3575125596944386,0.76955719,"{""insufficient"": 0.65, ""sev1"": 0.05, ""sev2"": 0.1, ""sev3"": 0.2}","{""insufficient"": 0.2573, ""sev1"": 0.1127, ""sev2"": 0.3731, ""sev3"": 0.257}",0.39275000000000004,0.09386605389514859,0.3799195744670719,0.23597719000000003,
case_f53dc6b106eea9f2,semantic_adjudication,17.62783294543624,192,0,incident_triage,inc_insufficient,26.0,2.0,0.7083211390478262,0.65,"sev1:1,sev2:2,sev3:4,insufficient:13",benchmark_authored_adjudication,There is too little impact evidence to assign a reliable severity.,target,choice,insufficient,sev2,0.3995,0.0551,0.944929202962319,0,0.2392,1.4304552569056603,0.80967763,"{""insufficient"": 0.65, ""sev1"": 0.05, ""sev2"": 0.1, ""sev3"": 0.2}","{""insufficient"": 0.2392, ""sev1"": 0.1257, ""sev2"": 0.3995, ""sev3"": 0.2355}",0.41075,0.10652211811241272,0.43251019871667035,0.26544763000000005,
case_9d690eae71210534,semantic_adjudication,21.54491702094674,223,0,incident_triage,inc_insufficient,27.0,6.0,0.7083211390478262,0.65,"sev1:1,sev2:2,sev3:4,insufficient:13",benchmark_authored_adjudication,There is too little impact evidence to assign a reliable severity.,target,choice,insufficient,sev2,0.3656,0.0668,0.9331952430975533,0,0.2497,1.3874950816964096,0.7906705399999999,"{""insufficient"": 0.65, ""sev1"": 0.05, ""sev2"": 0.1, ""sev3"": 0.2}","{""insufficient"": 0.2497, ""sev1"": 0.0922, ""sev2"": 0.3656, ""sev3"": 0.2925}",0.40029999999999993,0.09393131153421441,0.3855996260018856,0.24112053999999997,
case_79b36a0ecabbb219,semantic_adjudication,27.496417053043842,269,0,incident_triage,inc_insufficient,28.0,12.0,0.7083211390478262,0.65,"sev1:1,sev2:2,sev3:4,insufficient:13",benchmark_authored_adjudication,There is too little impact evidence to assign a reliable severity.,target,choice,insufficient,sev2,0.3408,0.0395,0.9604920134612194,0,0.2605,1.3451524177887153,0.7536608600000001,"{""insufficient"": 0.65, ""sev1"": 0.05, ""sev2"": 0.1, ""sev3"": 0.2}","{""insufficient"": 0.2605, ""sev1"": 0.1246, ""sev2"": 0.3408, ""sev3"": 0.2741}",0.3895,0.08892284702434548,0.3630382078074619,0.22075086000000002,
case_d0c940b62b610ac7,semantic_adjudication,32.7007498126477,374,0,incident_triage,inc_insufficient,29.0,24.0,0.7083211390478262,0.65,"sev1:1,sev2:2,sev3:4,insufficient:13",benchmark_authored_adjudication,There is too little impact evidence to assign a reliable severity.,target,choice,insufficient,sev2,0.323,0.0318,0.9681830668048759,0,0.2386,1.4329667693183212,0.79299253,"{""insufficient"": 0.65, ""sev1"": 0.05, ""sev2"": 0.1, ""sev3"": 0.2}","{""insufficient"": 0.2386, ""sev1"": 0.1389, ""sev2"": 0.323, ""sev3"": 0.2994}",0.41135,0.09628276604230877,0.4023921075692513,0.23676252999999997,
case_c6b057e5d7ffd0f9,semantic_adjudication,19.600416999310255,175,0,hardware_fault,hw_pcie_clear,0.0,0.0,0.1431984785579781,0.95,"pcie_transport:19,power_delivery:0,device_fault:1,insufficient:0",benchmark_authored_adjudication,Transport errors plus cross-system device stability strongly implicate PCIe transport.,target,choice,pcie_transport,device_fault,0.3588,0.0428,0.9571307357936158,0,0.3056,1.1854782216897717,0.66792713,"{""device_fault"": 0.05, ""insufficient"": 0.0, ""pcie_transport"": 0.95, ""power_delivery"": 0.0}","{""device_fault"": 0.3588, ""insufficient"": 0.1867, ""pcie_transport"": 0.3056, ""power_delivery"": 0.1488}",0.64435,0.2687873122071447,0.9789385746992852,0.56760713,
case_64484afed848a3fd,semantic_adjudication,27.277791872620583,198,0,hardware_fault,hw_pcie_clear,1.0,2.0,0.1431984785579781,0.95,"pcie_transport:19,power_delivery:0,device_fault:1,insufficient:0",benchmark_authored_adjudication,Transport errors plus cross-system device stability strongly implicate PCIe transport.,target,choice,pcie_transport,pcie_transport,0.409,0.049,0.9510165778270516,1,0.409,0.8940401229393353,0.46870801999999995,"{""device_fault"": 0.05, ""insufficient"": 0.0, ""pcie_transport"": 0.95, ""power_delivery"": 0.0}","{""device_fault"": 0.2415, ""insufficient"": 0.1786, ""pcie_transport"": 0.409, ""power_delivery"": 0.1709}",0.5409999999999999,0.21071860640509085,0.7218671637409714,0.3904580199999999,
case_c3bd8c1958c868d6,semantic_adjudication,23.49487505853176,238,0,hardware_fault,hw_pcie_clear,2.0,6.0,0.1431984785579781,0.95,"pcie_transport:19,power_delivery:0,device_fault:1,insufficient:0",benchmark_authored_adjudication,Transport errors plus cross-system device stability strongly implicate PCIe transport.,target,choice,pcie_transport,pcie_transport,0.3345,0.0142,0.9858587085900895,1,0.3345,1.0951183994138538,0.59136299,"{""device_fault"": 0.05, ""insufficient"": 0.0, ""pcie_transport"": 0.95, ""power_delivery"": 0.0}","{""device_fault"": 0.2412, ""insufficient"": 0.2231, ""pcie_transport"": 0.3345, ""power_delivery"": 0.2013}",0.6155499999999999,0.258080476101018,0.9129536768037438,0.5056929899999999,
case_9d6268277fb8e6f7,semantic_adjudication,28.287207940593362,287,0,hardware_fault,hw_pcie_clear,3.0,12.0,0.1431984785579781,0.95,"pcie_transport:19,power_delivery:0,device_fault:1,insufficient:0",benchmark_authored_adjudication,Transport errors plus cross-system device stability strongly implicate PCIe transport.,target,choice,pcie_transport,pcie_transport,0.3264,0.0116,0.9883974663083549,1,0.3264,1.119631655892185,0.60555171,"{""device_fault"": 0.05, ""insufficient"": 0.0, ""pcie_transport"": 0.95, ""power_delivery"": 0.0}","{""device_fault"": 0.2075, ""insufficient"": 0.2425, ""pcie_transport"": 0.3264, ""power_delivery"": 0.2235}",0.6235499999999999,0.2669125100211953,0.9437660267172724,0.52244171,
case_0fb59ae768b557f7,semantic_adjudication,49.23887504264712,390,0,hardware_fault,hw_pcie_clear,4.0,24.0,0.1431984785579781,0.95,"pcie_transport:19,power_delivery:0,device_fault:1,insufficient:0",benchmark_authored_adjudication,Transport errors plus cross-system device stability strongly implicate PCIe transport.,target,choice,pcie_transport,pcie_transport,0.3114,0.0071,0.9928791056661314,1,0.3114,1.1666770195822391,0.63236376,"{""device_fault"": 0.05, ""insufficient"": 0.0, ""pcie_transport"": 0.95, ""power_delivery"": 0.0}","{""device_fault"": 0.2384, ""insufficient"": 0.2282, ""pcie_transport"": 0.3114, ""power_delivery"": 0.222}",0.6386,0.2741650699706178,0.9815181924468016,0.5446637599999999,
case_03b543e6ebebfade,semantic_adjudication,19.633457995951176,172,0,hardware_fault,hw_pcie_clear,5.0,0.0,0.1431984785579781,0.95,"pcie_transport:19,power_delivery:0,device_fault:1,insufficient:0",benchmark_authored_adjudication,Transport errors plus cross-system device stability strongly implicate PCIe transport.,target,choice,pcie_transport,device_fault,0.3299,0.0233,0.9767196198523194,0,0.2937,1.2251964407775626,0.67872647,"{""device_fault"": 0.05, ""insufficient"": 0.0, ""pcie_transport"": 0.95, ""power_delivery"": 0.0}","{""device_fault"": 0.3299, ""insufficient"": 0.1971, ""pcie_transport"": 0.2937, ""power_delivery"": 0.1794}",0.65635,0.2792919004150013,1.020869660430192,0.5801064699999998,
case_edf9ba4b2eebaa80,semantic_adjudication,22.173125064000487,203,0,hardware_fault,hw_pcie_clear,6.0,2.0,0.1431984785579781,0.95,"pcie_transport:19,power_delivery:0,device_fault:1,insufficient:0",benchmark_authored_adjudication,Transport errors plus cross-system device stability strongly implicate PCIe transport.,target,choice,pcie_transport,pcie_transport,0.3608,0.0257,0.9743434649754233,1,0.3608,1.0194314907936683,0.54709254,"{""device_fault"": 0.05, ""insufficient"": 0.0, ""pcie_transport"": 0.95, ""power_delivery"": 0.0}","{""device_fault"": 0.2503, ""insufficient"": 0.1834, ""pcie_transport"": 0.3608, ""power_delivery"": 0.2055}",0.5892,0.23989000237023608,0.8391994269353328,0.46314254,
case_7c3b3cc737d9b59b,semantic_adjudication,205.495374975726,236,0,hardware_fault,hw_pcie_clear,7.0,6.0,0.1431984785579781,0.95,"pcie_transport:19,power_delivery:0,device_fault:1,insufficient:0",benchmark_authored_adjudication,Transport errors plus cross-system device stability strongly implicate PCIe transport.,target,choice,pcie_transport,pcie_transport,0.3443,0.0165,0.9835073402787456,1,0.3443,1.0662419086376589,0.57366255,"{""device_fault"": 0.05, ""insufficient"": 0.0, ""pcie_transport"": 0.95, ""power_delivery"": 0.0}","{""device_fault"": 0.2181, ""insufficient"": 0.2323, ""pcie_transport"": 0.3443, ""power_delivery"": 0.2054}",0.6057499999999999,0.25381703470778777,0.8905546501486312,0.4912825499999999,
case_5deab5674dc25313,semantic_adjudication,112.03066702000797,281,0,hardware_fault,hw_pcie_clear,8.0,12.0,0.1431984785579781,0.95,"pcie_transport:19,power_delivery:0,device_fault:1,insufficient:0",benchmark_authored_adjudication,Transport errors plus cross-system device stability strongly implicate PCIe transport.,target,choice,pcie_transport,pcie_transport,0.3383,0.025,0.9749894078360628,1,0.3383,1.0838222031954743,0.5907259399999999,"{""device_fault"": 0.05, ""insufficient"": 0.0, ""pcie_transport"": 0.95, ""power_delivery"": 0.0}","{""device_fault"": 0.287, ""insufficient"": 0.1998, ""pcie_transport"": 0.3383, ""power_delivery"": 0.1749}",0.6116999999999999,0.251528294099128,0.8935295028509538,0.5008559399999999,
case_9469b387fce8ff7f,semantic_adjudication,38.03074988536537,389,0,hardware_fault,hw_pcie_clear,9.0,24.0,0.1431984785579781,0.95,"pcie_transport:19,power_delivery:0,device_fault:1,insufficient:0",benchmark_authored_adjudication,Transport errors plus cross-system device stability strongly implicate PCIe transport.,target,choice,pcie_transport,pcie_transport,0.3073,0.0062,0.993819720173835,1,0.3073,1.179930809845698,0.63980447,"{""device_fault"": 0.05, ""insufficient"": 0.0, ""pcie_transport"": 0.95, ""power_delivery"": 0.0}","{""device_fault"": 0.2341, ""insufficient"": 0.2239, ""pcie_transport"": 0.3073, ""power_delivery"": 0.2346}",0.6426499999999999,0.27743187373891764,0.9950193712318041,0.5521244699999999,
case_117f45cf93c67eb8,semantic_adjudication,36.68829193338752,178,0,hardware_fault,hw_pcie_clear,10.0,0.0,0.1431984785579781,0.95,"pcie_transport:19,power_delivery:0,device_fault:1,insufficient:0",benchmark_authored_adjudication,Transport errors plus cross-system device stability strongly implicate PCIe transport.,target,choice,pcie_transport,pcie_transport,0.3392,0.0293,0.9707785748269316,1,0.3392,1.081165375064389,0.5918311300000001,"{""device_fault"": 0.05, ""insufficient"": 0.0, ""pcie_transport"": 0.95, ""power_delivery"": 0.0}","{""device_fault"": 0.3002, ""insufficient"": 0.1814, ""pcie_transport"": 0.3392, ""power_delivery"": 0.1793}",0.61085,0.2499139094713745,0.8887571809544357,0.50073113,
case_8879bbf9875ae074,semantic_adjudication,40.96445790491998,198,0,hardware_fault,hw_pcie_clear,11.0,2.0,0.1431984785579781,0.95,"pcie_transport:19,power_delivery:0,device_fault:1,insufficient:0",benchmark_authored_adjudication,Transport errors plus cross-system device stability strongly implicate PCIe transport.,target,choice,pcie_transport,pcie_transport,0.3868,0.0486,0.9514228487208425,1,0.3868,0.9498475154029978,0.5107106699999999,"{""device_fault"": 0.05, ""insufficient"": 0.0, ""pcie_transport"": 0.95, ""power_delivery"": 0.0}","{""device_fault"": 0.2831, ""insufficient"": 0.1721, ""pcie_transport"": 0.3868, ""power_delivery"": 0.1579}",0.56315,0.2206012393391838,0.7669376506301895,0.42608066999999994,
case_de5adda117a8eb1a,semantic_adjudication,125.67454110831022,233,0,hardware_fault,hw_pcie_clear,12.0,6.0,0.1431984785579781,0.95,"pcie_transport:19,power_delivery:0,device_fault:1,insufficient:0",benchmark_authored_adjudication,Transport errors plus cross-system device stability strongly implicate PCIe transport.,target,choice,pcie_transport,pcie_transport,0.3812,0.0313,0.9686908041321792,1,0.3812,0.96443110720209,0.51119398,"{""device_fault"": 0.05, ""insufficient"": 0.0, ""pcie_transport"": 0.95, ""power_delivery"": 0.0}","{""device_fault"": 0.2207, ""insufficient"": 0.1862, ""pcie_transport"": 0.3812, ""power_delivery"": 0.2119}",0.5688,0.2297879877887828,0.7932418567820854,0.43224397999999997,
case_2e72ef3d92d8af39,semantic_adjudication,39.86024996265769,284,0,hardware_fault,hw_pcie_clear,13.0,12.0,0.1431984785579781,0.95,"pcie_transport:19,power_delivery:0,device_fault:1,insufficient:0",benchmark_authored_adjudication,Transport errors plus cross-system device stability strongly implicate PCIe transport.,target,choice,pcie_transport,pcie_transport,0.3253,0.017,0.9829885821338541,1,0.3253,1.1230074455028314,0.6110270600000001,"{""device_fault"": 0.05, ""insufficient"": 0.0, ""pcie_transport"": 0.95, ""power_delivery"": 0.0}","{""device_fault"": 0.2632, ""insufficient"": 0.2363, ""pcie_transport"": 0.3253, ""power_delivery"": 0.1752}",0.6247,0.26230168848104307,0.9350838838583658,0.52223706,
case_10e2f3b093dc2fc3,semantic_adjudication,71.80149992927909,392,0,hardware_fault,hw_pcie_clear,14.0,24.0,0.1431984785579781,0.95,"pcie_transport:19,power_delivery:0,device_fault:1,insufficient:0",benchmark_authored_adjudication,Transport errors plus cross-system device stability strongly implicate PCIe transport.,target,choice,pcie_transport,pcie_transport,0.3005,0.0051,0.9949663794963335,1,0.3005,1.2023075250068749,0.65267889,"{""device_fault"": 0.05, ""insufficient"": 0.0, ""pcie_transport"": 0.95, ""power_delivery"": 0.0}","{""device_fault"": 0.2446, ""insufficient"": 0.2318, ""pcie_transport"": 0.3005, ""power_delivery"": 0.2232}",0.64955,0.2813023130632838,1.0140834581971117,0.56326889,
case_fb6f3b0e5e408576,semantic_adjudication,19.58641712553799,173,0,hardware_fault,hw_pcie_clear,15.0,0.0,0.1431984785579781,0.95,"pcie_transport:19,power_delivery:0,device_fault:1,insufficient:0",benchmark_authored_adjudication,Transport errors plus cross-system device stability strongly implicate PCIe transport.,target,choice,pcie_transport,device_fault,0.413,0.083,0.9170160568626573,0,0.3151,1.1548652302189082,0.67673886,"{""device_fault"": 0.05, ""insufficient"": 0.0, ""pcie_transport"": 0.95, ""power_delivery"": 0.0}","{""device_fault"": 0.413, ""insufficient"": 0.1283, ""pcie_transport"": 0.3151, ""power_delivery"": 0.1436}",0.6349,0.2588476659051987,0.9428221096631454,0.57194886,
case_86bbd14660718036,semantic_adjudication,24.502624990418553,201,0,hardware_fault,hw_pcie_clear,16.0,2.0,0.1431984785579781,0.95,"pcie_transport:19,power_delivery:0,device_fault:1,insufficient:0",benchmark_authored_adjudication,Transport errors plus cross-system device stability strongly implicate PCIe transport.,target,choice,pcie_transport,pcie_transport,0.4294,0.0682,0.9317870998399641,1,0.4294,0.8453663935374564,0.44122646,"{""device_fault"": 0.05, ""insufficient"": 0.0, ""pcie_transport"": 0.95, ""power_delivery"": 0.0}","{""device_fault"": 0.256, ""insufficient"": 0.1397, ""pcie_transport"": 0.4294, ""power_delivery"": 0.1749}",0.5206,0.19731641385995768,0.6727117222398397,0.36356646,
case_733c12ad6a9917d8,semantic_adjudication,25.498499860987067,232,0,hardware_fault,hw_pcie_clear,17.0,6.0,0.1431984785579781,0.95,"pcie_transport:19,power_delivery:0,device_fault:1,insufficient:0",benchmark_authored_adjudication,Transport errors plus cross-system device stability strongly implicate PCIe transport.,target,choice,pcie_transport,pcie_transport,0.3563,0.0251,0.9749346590502893,1,0.3563,1.0319822063703468,0.5554857,"{""device_fault"": 0.05, ""insufficient"": 0.0, ""pcie_transport"": 0.95, ""power_delivery"": 0.0}","{""device_fault"": 0.2022, ""insufficient"": 0.1834, ""pcie_transport"": 0.3563, ""power_delivery"": 0.2581}",0.5936999999999999,0.24761983715602595,0.861792751325745,0.4758956999999999,
case_20cfa59727c35b7a,semantic_adjudication,48.45358314923942,291,0,hardware_fault,hw_pcie_clear,18.0,12.0,0.1431984785579781,0.95,"pcie_transport:19,power_delivery:0,device_fault:1,insufficient:0",benchmark_authored_adjudication,Transport errors plus cross-system device stability strongly implicate PCIe transport.,target,choice,pcie_transport,pcie_transport,0.3296,0.0133,0.9867398591916995,1,0.3296,1.1098754809468203,0.60034904,"{""device_fault"": 0.05, ""insufficient"": 0.0, ""pcie_transport"": 0.95, ""power_delivery"": 0.0}","{""device_fault"": 0.2442, ""insufficient"": 0.198, ""pcie_transport"": 0.3296, ""power_delivery"": 0.2282}",0.6204,0.2610845159869787,0.9263548494188832,0.5138890399999999,
case_007dfbe70ab2b051,semantic_adjudication,36.59729100763798,389,0,hardware_fault,hw_pcie_clear,19.0,24.0,0.1431984785579781,0.95,"pcie_transport:19,power_delivery:0,device_fault:1,insufficient:0",benchmark_authored_adjudication,Transport errors plus cross-system device stability strongly implicate PCIe transport.,target,choice,pcie_transport,pcie_transport,0.3352,0.0134,0.9866475223815504,1,0.3352,1.093027910374209,0.5894444000000001,"{""device_fault"": 0.05, ""insufficient"": 0.0, ""pcie_transport"": 0.95, ""power_delivery"": 0.0}","{""device_fault"": 0.2308, ""insufficient"": 0.2126, ""pcie_transport"": 0.3352, ""power_delivery"": 0.2214}",0.6148,0.2585844188179124,0.9131714587270355,0.5048844,
case_c384576d7bb3485d,semantic_adjudication,20.18779213540256,175,0,hardware_fault,hw_pcie_clear,20.0,0.0,0.1431984785579781,0.95,"pcie_transport:19,power_delivery:0,device_fault:1,insufficient:0",benchmark_authored_adjudication,Transport errors plus cross-system device stability strongly implicate PCIe transport.,target,choice,pcie_transport,device_fault,0.3588,0.0428,0.9571307357936158,0,0.3056,1.1854782216897717,0.66792713,"{""device_fault"": 0.05, ""insufficient"": 0.0, ""pcie_transport"": 0.95, ""power_delivery"": 0.0}","{""device_fault"": 0.3588, ""insufficient"": 0.1867, ""pcie_transport"": 0.3056, ""power_delivery"": 0.1488}",0.64435,0.2687873122071447,0.9789385746992852,0.56760713,
case_05458e5c855c1214,semantic_adjudication,21.79333404637873,200,0,hardware_fault,hw_pcie_clear,21.0,2.0,0.1431984785579781,0.95,"pcie_transport:19,power_delivery:0,device_fault:1,insufficient:0",benchmark_authored_adjudication,Transport errors plus cross-system device stability strongly implicate PCIe transport.,target,choice,pcie_transport,pcie_transport,0.3374,0.0255,0.9745279133426419,1,0.3374,1.086486108870269,0.59249046,"{""device_fault"": 0.05, ""insufficient"": 0.0, ""pcie_transport"": 0.95, ""power_delivery"": 0.0}","{""device_fault"": 0.2809, ""insufficient"": 0.22, ""pcie_transport"": 0.3374, ""power_delivery"": 0.1617}",0.6126,0.25262515681552267,0.8971343873244801,0.50314046,
case_a841b084796e5c25,semantic_adjudication,22.776792058721185,236,0,hardware_fault,hw_pcie_clear,22.0,6.0,0.1431984785579781,0.95,"pcie_transport:19,power_delivery:0,device_fault:1,insufficient:0",benchmark_authored_adjudication,Transport errors plus cross-system device stability strongly implicate PCIe transport.,target,choice,pcie_transport,pcie_transport,0.3584,0.0242,0.9757683010407192,1,0.3584,1.0261055978813616,0.55079649,"{""device_fault"": 0.05, ""insufficient"": 0.0, ""pcie_transport"": 0.95, ""power_delivery"": 0.0}","{""device_fault"": 0.2462, ""insufficient"": 0.2118, ""pcie_transport"": 0.3584, ""power_delivery"": 0.1835}",0.5915499999999999,0.24179167696255924,0.8463656279030101,0.4670164899999999,
case_968290114eae419b,semantic_adjudication,27.151291957125068,283,0,hardware_fault,hw_pcie_clear,23.0,12.0,0.1431984785579781,0.95,"pcie_transport:19,power_delivery:0,device_fault:1,insufficient:0",benchmark_authored_adjudication,Transport errors plus cross-system device stability strongly implicate PCIe transport.,target,choice,pcie_transport,pcie_transport,0.3233,0.0107,0.9892918455287367,1,0.3233,1.1291745942507496,0.6111493400000001,"{""device_fault"": 0.05, ""insufficient"": 0.0, ""pcie_transport"": 0.95, ""power_delivery"": 0.0}","{""device_fault"": 0.231, ""insufficient"": 0.2064, ""pcie_transport"": 0.3233, ""power_delivery"": 0.2393}",0.6267,0.26664053069381366,0.9474674996153568,0.52537934,
case_462fd327ef360f22,semantic_adjudication,41.76625004038215,393,0,hardware_fault,hw_pcie_clear,24.0,24.0,0.1431984785579781,0.95,"pcie_transport:19,power_delivery:0,device_fault:1,insufficient:0",benchmark_authored_adjudication,Transport errors plus cross-system device stability strongly implicate PCIe transport.,target,choice,pcie_transport,pcie_transport,0.3082,0.0079,0.9921660658368252,1,0.3082,1.1770063560961217,0.63920453,"{""device_fault"": 0.05, ""insufficient"": 0.0, ""pcie_transport"": 0.95, ""power_delivery"": 0.0}","{""device_fault"": 0.2507, ""insufficient"": 0.2058, ""pcie_transport"": 0.3082, ""power_delivery"": 0.2354}",0.6418499999999999,0.2752892020082811,0.9888157086363375,0.5499545299999999,
case_e27142b365314c37,semantic_adjudication,21.27729100175202,172,0,hardware_fault,hw_pcie_clear,25.0,0.0,0.1431984785579781,0.95,"pcie_transport:19,power_delivery:0,device_fault:1,insufficient:0",benchmark_authored_adjudication,Transport errors plus cross-system device stability strongly implicate PCIe transport.,target,choice,pcie_transport,device_fault,0.3278,0.0387,0.9612917466764118,0,0.3251,1.1236224516722775,0.6253010600000001,"{""device_fault"": 0.05, ""insufficient"": 0.0, ""pcie_transport"": 0.95, ""power_delivery"": 0.0}","{""device_fault"": 0.3278, ""insufficient"": 0.141, ""pcie_transport"": 0.3251, ""power_delivery"": 0.2061}",0.6249,0.25737169410437793,0.9246936663764114,0.53003106,
case_5e0549bf266062b7,semantic_adjudication,21.862416993826628,204,0,hardware_fault,hw_pcie_clear,26.0,2.0,0.1431984785579781,0.95,"pcie_transport:19,power_delivery:0,device_fault:1,insufficient:0",benchmark_authored_adjudication,Transport errors plus cross-system device stability strongly implicate PCIe transport.,target,choice,pcie_transport,pcie_transport,0.41,0.0526,0.9474135352248784,1,0.41,0.8915981192837836,0.46853526000000006,"{""device_fault"": 0.05, ""insufficient"": 0.0, ""pcie_transport"": 0.95, ""power_delivery"": 0.0}","{""device_fault"": 0.2359, ""insufficient"": 0.1447, ""pcie_transport"": 0.41, ""power_delivery"": 0.2094}",0.54,0.2106511644782856,0.720720334602147,0.39094526,
case_a5b3474046788742,semantic_adjudication,30.204500071704388,234,0,hardware_fault,hw_pcie_clear,27.0,6.0,0.1431984785579781,0.95,"pcie_transport:19,power_delivery:0,device_fault:1,insufficient:0",benchmark_authored_adjudication,Transport errors plus cross-system device stability strongly implicate PCIe transport.,target,choice,pcie_transport,pcie_transport,0.3545,0.0222,0.9778311955894718,1,0.3545,1.037046933009955,0.55728873,"{""device_fault"": 0.05, ""insufficient"": 0.0, ""pcie_transport"": 0.95, ""power_delivery"": 0.0}","{""device_fault"": 0.2484, ""insufficient"": 0.1946, ""pcie_transport"": 0.3545, ""power_delivery"": 0.2026}",0.59555,0.24417278914973933,0.8563150894597252,0.47289872999999993,
case_b6582435db01a86f,semantic_adjudication,35.91375006362796,288,0,hardware_fault,hw_pcie_clear,28.0,12.0,0.1431984785579781,0.95,"pcie_transport:19,power_delivery:0,device_fault:1,insufficient:0",benchmark_authored_adjudication,Transport errors plus cross-system device stability strongly implicate PCIe transport.,target,choice,pcie_transport,pcie_transport,0.2936,0.0044,0.9956065263114021,1,0.2936,1.2255369822417765,0.6659656499999999,"{""device_fault"": 0.05, ""insufficient"": 0.0, ""pcie_transport"": 0.95, ""power_delivery"": 0.0}","{""device_fault"": 0.2368, ""insufficient"": 0.2519, ""pcie_transport"": 0.2936, ""power_delivery"": 0.2178}",0.65645,0.2869877817425731,1.0377718585824294,0.5766456499999999,
case_845e92d1397356f4,semantic_adjudication,33.876749919727445,381,0,hardware_fault,hw_pcie_clear,29.0,24.0,0.1431984785579781,0.95,"pcie_transport:19,power_delivery:0,device_fault:1,insufficient:0",benchmark_authored_adjudication,Transport errors plus cross-system device stability strongly implicate PCIe transport.,target,choice,pcie_transport,pcie_transport,0.3321,0.014,0.9860161866623002,1,0.3321,1.102319150599436,0.5958946599999999,"{""device_fault"": 0.05, ""insufficient"": 0.0, ""pcie_transport"": 0.95, ""power_delivery"": 0.0}","{""device_fault"": 0.226, ""insufficient"": 0.2443, ""pcie_transport"": 0.3321, ""power_delivery"": 0.1976}",0.6178999999999999,0.26114796753785086,0.9230489637090842,0.5115046599999998,
case_0aca31f7c823bb8a,semantic_adjudication,19.330333918333054,172,0,hardware_fault,hw_power_border,0.0,0.0,0.5958800740904867,0.75,"pcie_transport:2,power_delivery:15,device_fault:2,insufficient:1",benchmark_authored_adjudication,"Power sensitivity strongly favors delivery, though device or transport issues remain possible.",target,choice,power_delivery,device_fault,0.2935,0.0127,0.9872918591830367,0,0.2889,1.2416746715099476,0.6806477200000002,"{""device_fault"": 0.1, ""insufficient"": 0.05, ""pcie_transport"": 0.1, ""power_delivery"": 0.75}","{""device_fault"": 0.2935, ""insufficient"": 0.1801, ""pcie_transport"": 0.2375, ""power_delivery"": 0.2889}",0.46109999999999995,0.1117869122433638,0.45724949787927033,0.28588771999999996,
case_ba9a4f40faf2687d,semantic_adjudication,38.21649984456599,193,0,hardware_fault,hw_power_border,1.0,2.0,0.5958800740904867,0.75,"pcie_transport:2,power_delivery:15,device_fault:2,insufficient:1",benchmark_authored_adjudication,"Power sensitivity strongly favors delivery, though device or transport issues remain possible.",target,choice,power_delivery,power_delivery,0.3262,0.0119,0.9881183385561927,1,0.3262,1.1202445887952235,0.60626653,"{""device_fault"": 0.1, ""insufficient"": 0.05, ""pcie_transport"": 0.1, ""power_delivery"": 0.75}","{""device_fault"": 0.2112, ""insufficient"": 0.2139, ""pcie_transport"": 0.2488, ""power_delivery"": 0.3262}",0.42385,0.0968217501709409,0.38583615265247645,0.24097653,
case_27b5981d5c49061e,semantic_adjudication,23.582792142406106,236,0,hardware_fault,hw_power_border,2.0,6.0,0.5958800740904867,0.75,"pcie_transport:2,power_delivery:15,device_fault:2,insufficient:1",benchmark_authored_adjudication,"Power sensitivity strongly favors delivery, though device or transport issues remain possible.",target,choice,power_delivery,power_delivery,0.2949,0.0088,0.9912209953472038,1,0.2949,1.2211189631609065,0.6660531400000002,"{""device_fault"": 0.1, ""insufficient"": 0.05, ""pcie_transport"": 0.1, ""power_delivery"": 0.75}","{""device_fault"": 0.2576, ""insufficient"": 0.1891, ""pcie_transport"": 0.2584, ""power_delivery"": 0.2949}",0.4551,0.10891219762765218,0.44400738010378465,0.27639314000000004,
case_7d5bb0c59f9a5839,semantic_adjudication,29.49699992313981,285,0,hardware_fault,hw_power_border,3.0,12.0,0.5958800740904867,0.75,"pcie_transport:2,power_delivery:15,device_fault:2,insufficient:1",benchmark_authored_adjudication,"Power sensitivity strongly favors delivery, though device or transport issues remain possible.",target,choice,power_delivery,power_delivery,0.2919,0.0195,0.980427221448051,1,0.2919,1.231344001122068,0.6784310699999999,"{""device_fault"": 0.1, ""insufficient"": 0.05, ""pcie_transport"": 0.1, ""power_delivery"": 0.75}","{""device_fault"": 0.2679, ""insufficient"": 0.1552, ""pcie_transport"": 0.2849, ""power_delivery"": 0.2919}",0.45805,0.1093024077321388,0.4478707017788424,0.28330107,
case_100d8d6277c0d03a,semantic_adjudication,310.23004092276096,395,0,hardware_fault,hw_power_border,4.0,24.0,0.5958800740904867,0.75,"pcie_transport:2,power_delivery:15,device_fault:2,insufficient:1",benchmark_authored_adjudication,"Power sensitivity strongly favors delivery, though device or transport issues remain possible.",target,choice,power_delivery,power_delivery,0.3027,0.0124,0.9876251647306328,1,0.3027,1.195013062954464,0.6528171,"{""device_fault"": 0.1, ""insufficient"": 0.05, ""pcie_transport"": 0.1, ""power_delivery"": 0.75}","{""device_fault"": 0.2468, ""insufficient"": 0.1794, ""pcie_transport"": 0.2711, ""power_delivery"": 0.3027}",0.4473,0.10494850611998799,0.42654592801121777,0.26764709999999997,
case_dcae9523e6a4d716,semantic_adjudication,70.04300015978515,169,0,hardware_fault,hw_power_border,5.0,0.0,0.5958800740904867,0.75,"pcie_transport:2,power_delivery:15,device_fault:2,insufficient:1",benchmark_authored_adjudication,"Power sensitivity strongly favors delivery, though device or transport issues remain possible.",target,choice,power_delivery,power_delivery,0.3385,0.0274,0.9725823251475038,1,0.3385,1.0832311866298072,0.5919667399999999,"{""device_fault"": 0.1, ""insufficient"": 0.05, ""pcie_transport"": 0.1, ""power_delivery"": 0.75}","{""device_fault"": 0.2958, ""insufficient"": 0.1798, ""pcie_transport"": 0.1859, ""power_delivery"": 0.3385}",0.4115,0.09119733978967091,0.3622155225002597,0.23189674,
case_948bbed8ad5e9448,semantic_adjudication,22.405416006222367,201,0,hardware_fault,hw_power_border,6.0,2.0,0.5958800740904867,0.75,"pcie_transport:2,power_delivery:15,device_fault:2,insufficient:1",benchmark_authored_adjudication,"Power sensitivity strongly favors delivery, though device or transport issues remain possible.",target,choice,power_delivery,pcie_transport,0.3122,0.019,0.9809765962630924,0,0.2943,1.22315562374271,0.67411311,"{""device_fault"": 0.1, ""insufficient"": 0.05, ""pcie_transport"": 0.1, ""power_delivery"": 0.75}","{""device_fault"": 0.2217, ""insufficient"": 0.1717, ""pcie_transport"": 0.3122, ""power_delivery"": 0.2943}",0.45565,0.10955955493986828,0.4464560000716911,0.28231311,
case_dc13d6c831723543,semantic_adjudication,23.209000006318092,231,0,hardware_fault,hw_power_border,7.0,6.0,0.5958800740904867,0.75,"pcie_transport:2,power_delivery:15,device_fault:2,insufficient:1",benchmark_authored_adjudication,"Power sensitivity strongly favors delivery, though device or transport issues remain possible.",target,choice,power_delivery,power_delivery,0.3452,0.0296,0.9703964742937062,1,0.3452,1.0636313197728642,0.58009544,"{""device_fault"": 0.1, ""insufficient"": 0.05, ""pcie_transport"": 0.1, ""power_delivery"": 0.75}","{""device_fault"": 0.1916, ""insufficient"": 0.171, ""pcie_transport"": 0.2922, ""power_delivery"": 0.3452}",0.4048,0.08772610459802428,0.34822910864936896,0.22383544,
case_92e4cc16e0c591ed,semantic_adjudication,26.951959123834968,284,0,hardware_fault,hw_power_border,8.0,12.0,0.5958800740904867,0.75,"pcie_transport:2,power_delivery:15,device_fault:2,insufficient:1",benchmark_authored_adjudication,"Power sensitivity strongly favors delivery, though device or transport issues remain possible.",target,choice,power_delivery,power_delivery,0.2862,0.0062,0.9937508718265442,1,0.2862,1.2510644118597865,0.68178344,"{""device_fault"": 0.1, ""insufficient"": 0.05, ""pcie_transport"": 0.1, ""power_delivery"": 0.75}","{""device_fault"": 0.2532, ""insufficient"": 0.198, ""pcie_transport"": 0.2626, ""power_delivery"": 0.2862}",0.4638,0.1134837185465256,0.46427742527643123,0.28692344,
case_98c47defe952abda,semantic_adjudication,32.74358296766877,382,0,hardware_fault,hw_power_border,9.0,24.0,0.5958800740904867,0.75,"pcie_transport:2,power_delivery:15,device_fault:2,insufficient:1",benchmark_authored_adjudication,"Power sensitivity strongly favors delivery, though device or transport issues remain possible.",target,choice,power_delivery,power_delivery,0.3302,0.0184,0.981549420022321,1,0.3302,1.1080567474961094,0.6023394599999999,"{""device_fault"": 0.1, ""insufficient"": 0.05, ""pcie_transport"": 0.1, ""power_delivery"": 0.75}","{""device_fault"": 0.2263, ""insufficient"": 0.1762, ""pcie_transport"": 0.2673, ""power_delivery"": 0.3302}",0.41979999999999995,0.09285166530504228,0.3723118904987316,0.23609945999999998,
case_40dc007082dde5d4,semantic_adjudication,19.975332776084542,175,0,hardware_fault,hw_power_border,10.0,0.0,0.5958800740904867,0.75,"pcie_transport:2,power_delivery:15,device_fault:2,insufficient:1",benchmark_authored_adjudication,"Power sensitivity strongly favors delivery, though device or transport issues remain possible.",target,choice,power_delivery,device_fault,0.3105,0.0267,0.9733135272695329,0,0.3023,1.1963353771967247,0.6624153899999999,"{""device_fault"": 0.1, ""insufficient"": 0.05, ""pcie_transport"": 0.1, ""power_delivery"": 0.75}","{""device_fault"": 0.3105, ""insufficient"": 0.1472, ""pcie_transport"": 0.2399, ""power_delivery"": 0.3023}",0.44765,0.10483812363125934,0.42669494859107626,0.27376539,
case_f563d7f2aa88eeca,semantic_adjudication,22.014457965269685,195,0,hardware_fault,hw_power_border,11.0,2.0,0.5958800740904867,0.75,"pcie_transport:2,power_delivery:15,device_fault:2,insufficient:1",benchmark_authored_adjudication,"Power sensitivity strongly favors delivery, though device or transport issues remain possible.",target,choice,power_delivery,power_delivery,0.2978,0.0091,0.9908829091480432,1,0.2978,1.2113331587322285,0.6606286299999999,"{""device_fault"": 0.1, ""insufficient"": 0.05, ""pcie_transport"": 0.1, ""power_delivery"": 0.75}","{""device_fault"": 0.2041, ""insufficient"": 0.2183, ""pcie_transport"": 0.2797, ""power_delivery"": 0.2978}",0.45215,0.11013551480996153,0.444847221999195,0.27593863,
case_e83995d2ecee5993,semantic_adjudication,22.748374845832586,231,0,hardware_fault,hw_power_border,12.0,6.0,0.5958800740904867,0.75,"pcie_transport:2,power_delivery:15,device_fault:2,insufficient:1",benchmark_authored_adjudication,"Power sensitivity strongly favors delivery, though device or transport issues remain possible.",target,choice,power_delivery,power_delivery,0.3147,0.0166,0.9833860118100467,1,0.3147,1.156135474911776,0.6320779,"{""device_fault"": 0.1, ""insufficient"": 0.05, ""pcie_transport"": 0.1, ""power_delivery"": 0.75}","{""device_fault"": 0.1954, ""insufficient"": 0.1988, ""pcie_transport"": 0.2911, ""power_delivery"": 0.3147}",0.4353,0.1018521006143045,0.4084887155668721,0.25724790000000003,
case_eb0cf4e45e09eada,semantic_adjudication,27.676499914377928,281,0,hardware_fault,hw_power_border,13.0,12.0,0.5958800740904867,0.75,"pcie_transport:2,power_delivery:15,device_fault:2,insufficient:1",benchmark_authored_adjudication,"Power sensitivity strongly favors delivery, though device or transport issues remain possible.",target,choice,power_delivery,power_delivery,0.2961,0.0113,0.9887502354361855,1,0.2961,1.2170580438745915,0.6651877199999999,"{""device_fault"": 0.1, ""insufficient"": 0.05, ""pcie_transport"": 0.1, ""power_delivery"": 0.75}","{""device_fault"": 0.2565, ""insufficient"": 0.1799, ""pcie_transport"": 0.2675, ""power_delivery"": 0.2961}",0.4539,0.10797149281444869,0.44042228589362065,0.27544772,
case_48ba1aa3e36ad482,semantic_adjudication,37.97654085792601,398,0,hardware_fault,hw_power_border,14.0,24.0,0.5958800740904867,0.75,"pcie_transport:2,power_delivery:15,device_fault:2,insufficient:1",benchmark_authored_adjudication,"Power sensitivity strongly favors delivery, though device or transport issues remain possible.",target,choice,power_delivery,power_delivery,0.3233,0.0185,0.9814471913185023,1,0.3233,1.1291745942507496,0.6158882700000001,"{""device_fault"": 0.1, ""insufficient"": 0.05, ""pcie_transport"": 0.1, ""power_delivery"": 0.75}","{""device_fault"": 0.2303, ""insufficient"": 0.1715, ""pcie_transport"": 0.2748, ""power_delivery"": 0.3233}",0.42665000000000003,0.09562570411179984,0.38498277877046905,0.24436827000000003,
case_d57c3b28ea74ef4c,semantic_adjudication,18.887249985709786,170,0,hardware_fault,hw_power_border,15.0,0.0,0.5958800740904867,0.75,"pcie_transport:2,power_delivery:15,device_fault:2,insufficient:1",benchmark_authored_adjudication,"Power sensitivity strongly favors delivery, though device or transport issues remain possible.",target,choice,power_delivery,power_delivery,0.2995,0.0192,0.9808670457530032,1,0.2995,1.205640861426633,0.66316619,"{""device_fault"": 0.1, ""insufficient"": 0.05, ""pcie_transport"": 0.1, ""power_delivery"": 0.75}","{""device_fault"": 0.2751, ""insufficient"": 0.1568, ""pcie_transport"": 0.2687, ""power_delivery"": 0.2995}",0.45055,0.1057086306992986,0.43128270544915187,0.27347619,
case_acbf1cd9ef02c305,semantic_adjudication,22.27741712704301,197,0,hardware_fault,hw_power_border,16.0,2.0,0.5958800740904867,0.75,"pcie_transport:2,power_delivery:15,device_fault:2,insufficient:1",benchmark_authored_adjudication,"Power sensitivity strongly favors delivery, though device or transport issues remain possible.",target,choice,power_delivery,pcie_transport,0.2699,0.0021,0.9979658311579691,0,0.2421,1.4184044150381243,0.76726543,"{""device_fault"": 0.1, ""insufficient"": 0.05, ""pcie_transport"": 0.1, ""power_delivery"": 0.75}","{""device_fault"": 0.223, ""insufficient"": 0.2651, ""pcie_transport"": 0.2699, ""power_delivery"": 0.2421}",0.50795,0.1407370832992668,0.5851492595956262,0.34822543,
case_db79f705e4e71ed4,semantic_adjudication,22.796166129410267,226,0,hardware_fault,hw_power_border,17.0,6.0,0.5958800740904867,0.75,"pcie_transport:2,power_delivery:15,device_fault:2,insufficient:1",benchmark_authored_adjudication,"Power sensitivity strongly favors delivery, though device or transport issues remain possible.",target,choice,power_delivery,device_fault,0.2778,0.0046,0.9954000477913717,0,0.247,1.3983669423541598,0.75909914,"{""device_fault"": 0.1, ""insufficient"": 0.05, ""pcie_transport"": 0.1, ""power_delivery"": 0.75}","{""device_fault"": 0.2778, ""insufficient"": 0.2059, ""pcie_transport"": 0.2693, ""power_delivery"": 0.247}",0.503,0.13385720567114404,0.561006566180343,0.33758913999999995,
case_f0d3cc2b5ea50d88,semantic_adjudication,27.894416823983192,285,0,hardware_fault,hw_power_border,18.0,12.0,0.5958800740904867,0.75,"pcie_transport:2,power_delivery:15,device_fault:2,insufficient:1",benchmark_authored_adjudication,"Power sensitivity strongly favors delivery, though device or transport issues remain possible.",target,choice,power_delivery,power_delivery,0.2916,0.0049,0.9951484686511797,1,0.2916,1.232372278847634,0.67024557,"{""device_fault"": 0.1, ""insufficient"": 0.05, ""pcie_transport"": 0.1, ""power_delivery"": 0.75}","{""device_fault"": 0.2356, ""insufficient"": 0.2131, ""pcie_transport"": 0.2598, ""power_delivery"": 0.2916}",0.45844999999999997,0.11188600340567702,0.4548600097092936,0.28065556999999997,
case_82c30f508ccf7567,semantic_adjudication,39.79908395558596,388,0,hardware_fault,hw_power_border,19.0,24.0,0.5958800740904867,0.75,"pcie_transport:2,power_delivery:15,device_fault:2,insufficient:1",benchmark_authored_adjudication,"Power sensitivity strongly favors delivery, though device or transport issues remain possible.",target,choice,power_delivery,power_delivery,0.3316,0.0181,0.9818830580464765,1,0.3316,1.1038258557209972,0.5993388199999999,"{""device_fault"": 0.1, ""insufficient"": 0.05, ""pcie_transport"": 0.1, ""power_delivery"": 0.75}","{""device_fault"": 0.2325, ""insufficient"": 0.176, ""pcie_transport"": 0.2599, ""power_delivery"": 0.3316}",0.4184,0.092116455626533,0.36930010850154465,0.23405882,
case_be7fca71eac13a95,semantic_adjudication,19.484458025544882,172,0,hardware_fault,hw_power_border,20.0,0.0,0.5958800740904867,0.75,"pcie_transport:2,power_delivery:15,device_fault:2,insufficient:1",benchmark_authored_adjudication,"Power sensitivity strongly favors delivery, though device or transport issues remain possible.",target,choice,power_delivery,power_delivery,0.3423,0.0188,0.9811685459117465,1,0.3423,1.0720677334459974,0.5788407299999999,"{""device_fault"": 0.1, ""insufficient"": 0.05, ""pcie_transport"": 0.1, ""power_delivery"": 0.75}","{""device_fault"": 0.2518, ""insufficient"": 0.1866, ""pcie_transport"": 0.2192, ""power_delivery"": 0.3423}",0.40765,0.08830318722888059,0.3516141011256151,0.22213073,
case_5669cb6c954578c2,semantic_adjudication,21.885791094973683,194,0,hardware_fault,hw_power_border,21.0,2.0,0.5958800740904867,0.75,"pcie_transport:2,power_delivery:15,device_fault:2,insufficient:1",benchmark_authored_adjudication,"Power sensitivity strongly favors delivery, though device or transport issues remain possible.",target,choice,power_delivery,insufficient,0.2731,0.0012,0.9987876593887646,0,0.2358,1.4447712908788664,0.7792505,"{""device_fault"": 0.1, ""insufficient"": 0.05, ""pcie_transport"": 0.1, ""power_delivery"": 0.75}","{""device_fault"": 0.2394, ""insufficient"": 0.2731, ""pcie_transport"": 0.2517, ""power_delivery"": 0.2358}",0.5142,0.1445081059312206,0.6033228303388426,0.3566205,
case_c61af67831470c92,semantic_adjudication,22.79287506826222,235,0,hardware_fault,hw_power_border,22.0,6.0,0.5958800740904867,0.75,"pcie_transport:2,power_delivery:15,device_fault:2,insufficient:1",benchmark_authored_adjudication,"Power sensitivity strongly favors delivery, though device or transport issues remain possible.",target,choice,power_delivery,device_fault,0.2831,0.0026,0.9974028168348249,0,0.2361,1.4434998348906698,0.7796938700000001,"{""device_fault"": 0.1, ""insufficient"": 0.05, ""pcie_transport"": 0.1, ""power_delivery"": 0.75}","{""device_fault"": 0.2831, ""insufficient"": 0.2541, ""pcie_transport"": 0.2268, ""power_delivery"": 0.2361}",0.51395,0.14322891372959004,0.5996252383847411,0.35535387,
case_2ac7664c9a2564bf,semantic_adjudication,36.87154222279787,279,0,hardware_fault,hw_power_border,23.0,12.0,0.5958800740904867,0.75,"pcie_transport:2,power_delivery:15,device_fault:2,insufficient:1",benchmark_authored_adjudication,"Power sensitivity strongly favors delivery, though device or transport issues remain possible.",target,choice,power_delivery,power_delivery,0.3032,0.0115,0.9885492853142711,1,0.3032,1.1933626252139204,0.6514876599999999,"{""device_fault"": 0.1, ""insufficient"": 0.05, ""pcie_transport"": 0.1, ""power_delivery"": 0.75}","{""device_fault"": 0.2834, ""insufficient"": 0.1969, ""pcie_transport"": 0.2165, ""power_delivery"": 0.3032}",0.4468,0.10612163519996284,0.4293158152884637,0.26841765999999995,
case_9940ec15112e145c,semantic_adjudication,37.004832876846194,391,0,hardware_fault,hw_power_border,24.0,24.0,0.5958800740904867,0.75,"pcie_transport:2,power_delivery:15,device_fault:2,insufficient:1",benchmark_authored_adjudication,"Power sensitivity strongly favors delivery, though device or transport issues remain possible.",target,choice,power_delivery,power_delivery,0.2876,0.006,0.9939509585958621,1,0.2876,1.2461846531352454,0.6788350099999999,"{""device_fault"": 0.1, ""insufficient"": 0.05, ""pcie_transport"": 0.1, ""power_delivery"": 0.75}","{""device_fault"": 0.2421, ""insufficient"": 0.2022, ""pcie_transport"": 0.268, ""power_delivery"": 0.2876}",0.46235,0.11310583017597169,0.46201547320681846,0.28539501,
case_934e631ba1755892,semantic_adjudication,18.10504193417728,169,0,hardware_fault,hw_power_border,25.0,0.0,0.5958800740904867,0.75,"pcie_transport:2,power_delivery:15,device_fault:2,insufficient:1",benchmark_authored_adjudication,"Power sensitivity strongly favors delivery, though device or transport issues remain possible.",target,choice,power_delivery,power_delivery,0.378,0.0367,0.9632691422934535,1,0.378,0.9728610833625494,0.52030798,"{""device_fault"": 0.1, ""insufficient"": 0.05, ""pcie_transport"": 0.1, ""power_delivery"": 0.75}","{""device_fault"": 0.2507, ""insufficient"": 0.157, ""pcie_transport"": 0.2143, ""power_delivery"": 0.378}",0.372,0.0731344655753283,0.2885437646203087,0.18560798,
case_840f74a15318330f,semantic_adjudication,22.057499969378114,201,0,hardware_fault,hw_power_border,26.0,2.0,0.5958800740904867,0.75,"pcie_transport:2,power_delivery:15,device_fault:2,insufficient:1",benchmark_authored_adjudication,"Power sensitivity strongly favors delivery, though device or transport issues remain possible.",target,choice,power_delivery,pcie_transport,0.2734,0.006,0.9939884263790659,0,0.2676,1.3182619507280637,0.71875574,"{""device_fault"": 0.1, ""insufficient"": 0.05, ""pcie_transport"": 0.1, ""power_delivery"": 0.75}","{""device_fault"": 0.2631, ""insufficient"": 0.1959, ""pcie_transport"": 0.2734, ""power_delivery"": 0.2676}",0.48239999999999994,0.1225785532909997,0.5073428686951033,0.31066573999999997,
case_10bc288277eecffe,semantic_adjudication,22.787207970395684,230,0,hardware_fault,hw_power_border,27.0,6.0,0.5958800740904867,0.75,"pcie_transport:2,power_delivery:15,device_fault:2,insufficient:1",benchmark_authored_adjudication,"Power sensitivity strongly favors delivery, though device or transport issues remain possible.",target,choice,power_delivery,power_delivery,0.3168,0.0114,0.9885681803545947,1,0.3168,1.1494846190418662,0.62432917,"{""device_fault"": 0.1, ""insufficient"": 0.05, ""pcie_transport"": 0.1, ""power_delivery"": 0.75}","{""device_fault"": 0.2566, ""insufficient"": 0.1936, ""pcie_transport"": 0.2329, ""power_delivery"": 0.3168}",0.43315,0.09931222665987904,0.39988462576228256,0.25046916999999996,
case_eef06cbbcad08d7b,semantic_adjudication,27.142833918333054,285,0,hardware_fault,hw_power_border,28.0,12.0,0.5958800740904867,0.75,"pcie_transport:2,power_delivery:15,device_fault:2,insufficient:1",benchmark_authored_adjudication,"Power sensitivity strongly favors delivery, though device or transport issues remain possible.",target,choice,power_delivery,device_fault,0.3203,0.0102,0.9898353116937487,0,0.2481,1.3939233882843818,0.7611310600000001,"{""device_fault"": 0.1, ""insufficient"": 0.05, ""pcie_transport"": 0.1, ""power_delivery"": 0.75}","{""device_fault"": 0.3203, ""insufficient"": 0.211, ""pcie_transport"": 0.2206, ""power_delivery"": 0.2481}",0.5019,0.13476050467768796,0.5621623513262216,0.34090106,
case_f620cbcf1e59a1fc,semantic_adjudication,37.62779221870005,385,0,hardware_fault,hw_power_border,29.0,24.0,0.5958800740904867,0.75,"pcie_transport:2,power_delivery:15,device_fault:2,insufficient:1",benchmark_authored_adjudication,"Power sensitivity strongly favors delivery, though device or transport issues remain possible.",target,choice,power_delivery,power_delivery,0.2909,0.009,0.9909567938721204,1,0.2909,1.2347757134809811,0.6741872200000001,"{""device_fault"": 0.1, ""insufficient"": 0.05, ""pcie_transport"": 0.1, ""power_delivery"": 0.75}","{""device_fault"": 0.2698, ""insufficient"": 0.1874, ""pcie_transport"": 0.2519, ""power_delivery"": 0.2909}",0.4591,0.11076555608486792,0.4526218370374876,0.28155722,
case_3ed42b08385c5bd7,semantic_adjudication,20.120040979236364,176,0,hardware_fault,hw_conflict,0.0,0.0,0.7609640474436813,0.4,"pcie_transport:8,power_delivery:0,device_fault:8,insufficient:4",benchmark_authored_adjudication,Evidence points to both transport and device-level problems; a single primary cause is unclear.,target,choice,pcie_transport,pcie_transport,0.3777,0.1057,0.8943143050579709,1,0.3777,0.9736550492637259,0.5602905400000001,"{""device_fault"": 0.4, ""insufficient"": 0.2, ""pcie_transport"": 0.4, ""power_delivery"": 0.0}","{""device_fault"": 0.3692, ""insufficient"": 0.175, ""pcie_transport"": 0.3777, ""power_delivery"": 0.0781}",0.07810000000000006,0.02795265714893792,0.08170242327244698,0.008170540000000006,
case_e5a7a4e12ece5a04,semantic_adjudication,21.633083932101727,197,0,hardware_fault,hw_conflict,1.0,2.0,0.7609640474436813,0.4,"pcie_transport:8,power_delivery:0,device_fault:8,insufficient:4",benchmark_authored_adjudication,Evidence points to both transport and device-level problems; a single primary cause is unclear.,target,choice,pcie_transport,pcie_transport,0.3386,0.0686,0.9313608648023205,1,0.3386,1.082935809283102,0.6134641,"{""device_fault"": 0.4, ""insufficient"": 0.2, ""pcie_transport"": 0.4, ""power_delivery"": 0.0}","{""device_fault"": 0.3343, ""insufficient"": 0.2369, ""pcie_transport"": 0.3386, ""power_delivery"": 0.0902}",0.12710000000000002,0.034790081827991454,0.10456418351300983,0.017584100000000005,
case_471a910e533a18f1,semantic_adjudication,25.340083055198193,243,0,hardware_fault,hw_conflict,2.0,6.0,0.7609640474436813,0.4,"pcie_transport:8,power_delivery:0,device_fault:8,insufficient:4",benchmark_authored_adjudication,Evidence points to both transport and device-level problems; a single primary cause is unclear.,target,choice,pcie_transport,pcie_transport,0.3589,0.0327,0.967265196227202,1,0.3589,1.0247114808285755,0.55457059,"{""device_fault"": 0.4, ""insufficient"": 0.2, ""pcie_transport"": 0.4, ""power_delivery"": 0.0}","{""device_fault"": 0.2628, ""insufficient"": 0.1505, ""pcie_transport"": 0.3589, ""power_delivery"": 0.2277}",0.22775000000000006,0.08837950024764957,0.2682676602526001,0.07481059000000002,
case_9b8ae36a49018a9f,semantic_adjudication,27.123000007122755,286,0,hardware_fault,hw_conflict,3.0,12.0,0.7609640474436813,0.4,"pcie_transport:8,power_delivery:0,device_fault:8,insufficient:4",benchmark_authored_adjudication,Evidence points to both transport and device-level problems; a single primary cause is unclear.,target,choice,pcie_transport,pcie_transport,0.3143,0.0227,0.9772575987075769,1,0.3143,1.1574073351786152,0.6369266499999999,"{""device_fault"": 0.4, ""insufficient"": 0.2, ""pcie_transport"": 0.4, ""power_delivery"": 0.0}","{""device_fault"": 0.3104, ""insufficient"": 0.1894, ""pcie_transport"": 0.3143, ""power_delivery"": 0.1858}",0.18585000000000002,0.06987708365317616,0.2087789820005631,0.05000665,
case_fd57f10deab6b2f5,semantic_adjudication,36.666166968643665,393,0,hardware_fault,hw_conflict,4.0,24.0,0.7609640474436813,0.4,"pcie_transport:8,power_delivery:0,device_fault:8,insufficient:4",benchmark_authored_adjudication,Evidence points to both transport and device-level problems; a single primary cause is unclear.,target,choice,pcie_transport,pcie_transport,0.3244,0.0267,0.9733228666220741,1,0.3244,1.1257779567408792,0.61954913,"{""device_fault"": 0.4, ""insufficient"": 0.2, ""pcie_transport"": 0.4, ""power_delivery"": 0.0}","{""device_fault"": 0.3105, ""insufficient"": 0.1856, ""pcie_transport"": 0.3244, ""power_delivery"": 0.1796}",0.17955000000000004,0.06717916569706454,0.20005185747965645,0.04618913000000001,
case_5cb0f314c07edf1c,semantic_adjudication,19.64229205623269,173,0,hardware_fault,hw_conflict,5.0,0.0,0.7609640474436813,0.4,"pcie_transport:8,power_delivery:0,device_fault:8,insufficient:4",benchmark_authored_adjudication,Evidence points to both transport and device-level problems; a single primary cause is unclear.,target,choice,pcie_transport,device_fault,0.3968,0.1397,0.8603514970192894,0,0.3892,0.9436619286702871,0.55754141,"{""device_fault"": 0.4, ""insufficient"": 0.2, ""pcie_transport"": 0.4, ""power_delivery"": 0.0}","{""device_fault"": 0.3968, ""insufficient"": 0.1523, ""pcie_transport"": 0.3892, ""power_delivery"": 0.0618}",0.06175000000000004,0.023077292611693424,0.06865436872674265,0.006221410000000003,
case_ce93a020d9f3a7d9,semantic_adjudication,21.86095784418285,204,0,hardware_fault,hw_conflict,6.0,2.0,0.7609640474436813,0.4,"pcie_transport:8,power_delivery:0,device_fault:8,insufficient:4",benchmark_authored_adjudication,Evidence points to both transport and device-level problems; a single primary cause is unclear.,target,choice,pcie_transport,pcie_transport,0.387,0.0494,0.9506307051044359,1,0.387,0.9493305859523552,0.51096605,"{""device_fault"": 0.4, ""insufficient"": 0.2, ""pcie_transport"": 0.4, ""power_delivery"": 0.0}","{""device_fault"": 0.2855, ""insufficient"": 0.1674, ""pcie_transport"": 0.387, ""power_delivery"": 0.1602}",0.16015000000000004,0.06110080649898159,0.18369119053457938,0.040006050000000015,
case_0843702b566ff5f1,semantic_adjudication,22.882958175614476,233,0,hardware_fault,hw_conflict,7.0,6.0,0.7609640474436813,0.4,"pcie_transport:8,power_delivery:0,device_fault:8,insufficient:4",benchmark_authored_adjudication,Evidence points to both transport and device-level problems; a single primary cause is unclear.,target,choice,pcie_transport,pcie_transport,0.3722,0.0524,0.9476137433769454,1,0.3722,0.9883239347739867,0.54089145,"{""device_fault"": 0.4, ""insufficient"": 0.2, ""pcie_transport"": 0.4, ""power_delivery"": 0.0}","{""device_fault"": 0.3042, ""insufficient"": 0.1921, ""pcie_transport"": 0.3722, ""power_delivery"": 0.1316}",0.13155000000000003,0.04916598754197071,0.14638520742775363,0.027331450000000004,
case_6ebc854cd7e20ad1,semantic_adjudication,28.924292186275125,290,0,hardware_fault,hw_conflict,8.0,12.0,0.7609640474436813,0.4,"pcie_transport:8,power_delivery:0,device_fault:8,insufficient:4",benchmark_authored_adjudication,Evidence points to both transport and device-level problems; a single primary cause is unclear.,target,choice,pcie_transport,pcie_transport,0.3485,0.0516,0.9484569461807594,1,0.3485,1.0541170487815585,0.58533666,"{""device_fault"": 0.4, ""insufficient"": 0.2, ""pcie_transport"": 0.4, ""power_delivery"": 0.0}","{""device_fault"": 0.3106, ""insufficient"": 0.2266, ""pcie_transport"": 0.3485, ""power_delivery"": 0.1143}",0.14090000000000003,0.0437341365493905,0.13134018491114574,0.02441666000000001,
case_2c69190185039068,semantic_adjudication,36.38174990192056,392,0,hardware_fault,hw_conflict,9.0,24.0,0.7609640474436813,0.4,"pcie_transport:8,power_delivery:0,device_fault:8,insufficient:4",benchmark_authored_adjudication,Evidence points to both transport and device-level problems; a single primary cause is unclear.,target,choice,pcie_transport,pcie_transport,0.338,0.0397,0.960359446032618,1,0.338,1.0847093834991182,0.6010242899999999,"{""device_fault"": 0.4, ""insufficient"": 0.2, ""pcie_transport"": 0.4, ""power_delivery"": 0.0}","{""device_fault"": 0.3258, ""insufficient"": 0.1747, ""pcie_transport"": 0.338, ""power_delivery"": 0.1616}",0.16155000000000003,0.05963536200698385,0.17648923090760546,0.036104290000000004,
case_90764e4515b33000,semantic_adjudication,20.109958946704865,179,0,hardware_fault,hw_conflict,10.0,0.0,0.7609640474436813,0.4,"pcie_transport:8,power_delivery:0,device_fault:8,insufficient:4",benchmark_authored_adjudication,Evidence points to both transport and device-level problems; a single primary cause is unclear.,target,choice,pcie_transport,device_fault,0.389,0.1224,0.8776358852206813,0,0.3855,0.9532140859787529,0.5566345,"{""device_fault"": 0.4, ""insufficient"": 0.2, ""pcie_transport"": 0.4, ""power_delivery"": 0.0}","{""device_fault"": 0.389, ""insufficient"": 0.1465, ""pcie_transport"": 0.3855, ""power_delivery"": 0.079}",0.07900000000000001,0.029557974316301756,0.08818181065583637,0.009434500000000002,
case_5b0fd3184d6cd4fa,semantic_adjudication,22.328332997858524,199,0,hardware_fault,hw_conflict,11.0,2.0,0.7609640474436813,0.4,"pcie_transport:8,power_delivery:0,device_fault:8,insufficient:4",benchmark_authored_adjudication,Evidence points to both transport and device-level problems; a single primary cause is unclear.,target,choice,pcie_transport,pcie_transport,0.3629,0.0684,0.9316021104816462,1,0.3629,1.0136279647631123,0.56859732,"{""device_fault"": 0.4, ""insufficient"": 0.2, ""pcie_transport"": 0.4, ""power_delivery"": 0.0}","{""device_fault"": 0.3409, ""insufficient"": 0.1843, ""pcie_transport"": 0.3629, ""power_delivery"": 0.1119}",0.11190000000000004,0.04057302570465275,0.11923554071568473,0.01763732000000001,
case_65b68c7a70e0fc48,semantic_adjudication,22.730958182364702,236,0,hardware_fault,hw_conflict,12.0,6.0,0.7609640474436813,0.4,"pcie_transport:8,power_delivery:0,device_fault:8,insufficient:4",benchmark_authored_adjudication,Evidence points to both transport and device-level problems; a single primary cause is unclear.,target,choice,pcie_transport,device_fault,0.3715,0.0656,0.9344290991651558,0,0.3199,1.1397468320266646,0.6524189099999999,"{""device_fault"": 0.4, ""insufficient"": 0.2, ""pcie_transport"": 0.4, ""power_delivery"": 0.0}","{""device_fault"": 0.3715, ""insufficient"": 0.2003, ""pcie_transport"": 0.3199, ""power_delivery"": 0.1084}",0.10865000000000001,0.04006343183032831,0.11864893801632398,0.01897891,
case_e8183e5978d12fcb,semantic_adjudication,26.531750103458762,280,0,hardware_fault,hw_conflict,13.0,12.0,0.7609640474436813,0.4,"pcie_transport:8,power_delivery:0,device_fault:8,insufficient:4",benchmark_authored_adjudication,Evidence points to both transport and device-level problems; a single primary cause is unclear.,target,choice,pcie_transport,device_fault,0.344,0.0445,0.9554453298381136,0,0.3206,1.1375610388066846,0.63821494,"{""device_fault"": 0.4, ""insufficient"": 0.2, ""pcie_transport"": 0.4, ""power_delivery"": 0.0}","{""device_fault"": 0.344, ""insufficient"": 0.1997, ""pcie_transport"": 0.3206, ""power_delivery"": 0.1357}",0.13570000000000004,0.05027649181836528,0.14913750389209873,0.027854940000000005,
case_bcd31beec4c7c48b,semantic_adjudication,36.86583414673805,395,0,hardware_fault,hw_conflict,14.0,24.0,0.7609640474436813,0.4,"pcie_transport:8,power_delivery:0,device_fault:8,insufficient:4",benchmark_authored_adjudication,Evidence points to both transport and device-level problems; a single primary cause is unclear.,target,choice,pcie_transport,pcie_transport,0.324,0.0296,0.9703741229394547,1,0.324,1.1270117631898076,0.62224426,"{""device_fault"": 0.4, ""insufficient"": 0.2, ""pcie_transport"": 0.4, ""power_delivery"": 0.0}","{""device_fault"": 0.3181, ""insufficient"": 0.1831, ""pcie_transport"": 0.324, ""power_delivery"": 0.1748}",0.1748,0.0651059418631176,0.19358489484092878,0.04332426000000001,
case_10dc258f08b80fb4,semantic_adjudication,19.79666599072516,174,0,hardware_fault,hw_conflict,15.0,0.0,0.7609640474436813,0.4,"pcie_transport:8,power_delivery:0,device_fault:8,insufficient:4",benchmark_authored_adjudication,Evidence points to both transport and device-level problems; a single primary cause is unclear.,target,choice,pcie_transport,device_fault,0.4013,0.114,0.885916390527022,0,0.365,1.0078579253996456,0.59333919,"{""device_fault"": 0.4, ""insufficient"": 0.2, ""pcie_transport"": 0.4, ""power_delivery"": 0.0}","{""device_fault"": 0.4013, ""insufficient"": 0.1467, ""pcie_transport"": 0.365, ""power_delivery"": 0.0869}",0.08825000000000001,0.032575873671974405,0.0973145216240608,0.011619190000000005,
case_b29a54713da9bb41,semantic_adjudication,21.646917099133134,201,0,hardware_fault,hw_conflict,16.0,2.0,0.7609640474436813,0.4,"pcie_transport:8,power_delivery:0,device_fault:8,insufficient:4",benchmark_authored_adjudication,Evidence points to both transport and device-level problems; a single primary cause is unclear.,target,choice,pcie_transport,pcie_transport,0.4241,0.0935,0.9064942918461171,1,0.4241,0.8577860025015921,0.46446746000000005,"{""device_fault"": 0.4, ""insufficient"": 0.2, ""pcie_transport"": 0.4, ""power_delivery"": 0.0}","{""device_fault"": 0.3066, ""insufficient"": 0.1703, ""pcie_transport"": 0.4241, ""power_delivery"": 0.099}",0.1231,0.03817867736014592,0.11511749629496101,0.019987460000000006,
case_858e6caf26b6d99d,semantic_adjudication,22.5985839497298,232,0,hardware_fault,hw_conflict,17.0,6.0,0.7609640474436813,0.4,"pcie_transport:8,power_delivery:0,device_fault:8,insufficient:4",benchmark_authored_adjudication,Evidence points to both transport and device-level problems; a single primary cause is unclear.,target,choice,pcie_transport,pcie_transport,0.3527,0.0377,0.9623042839398476,1,0.3527,1.0421374417401308,0.5705407,"{""device_fault"": 0.4, ""insufficient"": 0.2, ""pcie_transport"": 0.4, ""power_delivery"": 0.0}","{""device_fault"": 0.3044, ""insufficient"": 0.1646, ""pcie_transport"": 0.3527, ""power_delivery"": 0.1783}",0.17830000000000001,0.06665197505286095,0.19854726805558426,0.0444207,
case_9276f79e34b4ddd3,semantic_adjudication,28.009583009406924,292,0,hardware_fault,hw_conflict,18.0,12.0,0.7609640474436813,0.4,"pcie_transport:8,power_delivery:0,device_fault:8,insufficient:4",benchmark_authored_adjudication,Evidence points to both transport and device-level problems; a single primary cause is unclear.,target,choice,pcie_transport,pcie_transport,0.3537,0.0671,0.9328440421294296,1,0.3537,1.039306182770702,0.58661391,"{""device_fault"": 0.4, ""insufficient"": 0.2, ""pcie_transport"": 0.4, ""power_delivery"": 0.0}","{""device_fault"": 0.3522, ""insufficient"": 0.1757, ""pcie_transport"": 0.3537, ""power_delivery"": 0.1183}",0.11835000000000001,0.04286549421208831,0.12602019504796638,0.019013910000000002,
case_fd1341c0900ff8b8,semantic_adjudication,36.38933296315372,388,0,hardware_fault,hw_conflict,19.0,24.0,0.7609640474436813,0.4,"pcie_transport:8,power_delivery:0,device_fault:8,insufficient:4",benchmark_authored_adjudication,Evidence points to both transport and device-level problems; a single primary cause is unclear.,target,choice,pcie_transport,pcie_transport,0.3733,0.0798,0.9202120621004027,1,0.3733,0.9853728930615988,0.55479126,"{""device_fault"": 0.4, ""insufficient"": 0.2, ""pcie_transport"": 0.4, ""power_delivery"": 0.0}","{""device_fault"": 0.346, ""insufficient"": 0.1786, ""pcie_transport"": 0.3733, ""power_delivery"": 0.1021}",0.10210000000000002,0.03689631125081454,0.10827691291620826,0.014511260000000005,
case_c9f425b28b389293,semantic_adjudication,20.026375073939562,176,0,hardware_fault,hw_conflict,20.0,0.0,0.7609640474436813,0.4,"pcie_transport:8,power_delivery:0,device_fault:8,insufficient:4",benchmark_authored_adjudication,Evidence points to both transport and device-level problems; a single primary cause is unclear.,target,choice,pcie_transport,pcie_transport,0.4122,0.1118,0.8881470961905484,1,0.4122,0.8862466105257784,0.4968409,"{""device_fault"": 0.4, ""insufficient"": 0.2, ""pcie_transport"": 0.4, ""power_delivery"": 0.0}","{""device_fault"": 0.3433, ""insufficient"": 0.1646, ""pcie_transport"": 0.4122, ""power_delivery"": 0.0799}",0.09210000000000002,0.02968001164475911,0.0880861057793971,0.011000900000000004,
case_6f924b6a465055be,semantic_adjudication,22.29862497188151,199,0,hardware_fault,hw_conflict,21.0,2.0,0.7609640474436813,0.4,"pcie_transport:8,power_delivery:0,device_fault:8,insufficient:4",benchmark_authored_adjudication,Evidence points to both transport and device-level problems; a single primary cause is unclear.,target,choice,pcie_transport,device_fault,0.362,0.0749,0.9251403603648733,0,0.3526,1.0424210090183672,0.59336889,"{""device_fault"": 0.4, ""insufficient"": 0.2, ""pcie_transport"": 0.4, ""power_delivery"": 0.0}","{""device_fault"": 0.362, ""insufficient"": 0.1777, ""pcie_transport"": 0.3526, ""power_delivery"": 0.1078}",0.10775000000000003,0.03890963673945813,0.11402437124805544,0.015808890000000006,
case_92dabba55a92d9bb,semantic_adjudication,22.735208040103316,238,0,hardware_fault,hw_conflict,22.0,6.0,0.7609640474436813,0.4,"pcie_transport:8,power_delivery:0,device_fault:8,insufficient:4",benchmark_authored_adjudication,Evidence points to both transport and device-level problems; a single primary cause is unclear.,target,choice,pcie_transport,pcie_transport,0.3504,0.0647,0.9353516270965564,1,0.3504,1.0486799199199006,0.59088736,"{""device_fault"": 0.4, ""insufficient"": 0.2, ""pcie_transport"": 0.4, ""power_delivery"": 0.0}","{""device_fault"": 0.346, ""insufficient"": 0.1912, ""pcie_transport"": 0.3504, ""power_delivery"": 0.1124}",0.11240000000000004,0.04080264551537356,0.11996545722454853,0.01808736000000001,
case_3092c10a4c7bbc93,semantic_adjudication,26.902957819402218,286,0,hardware_fault,hw_conflict,23.0,12.0,0.7609640474436813,0.4,"pcie_transport:8,power_delivery:0,device_fault:8,insufficient:4",benchmark_authored_adjudication,Evidence points to both transport and device-level problems; a single primary cause is unclear.,target,choice,pcie_transport,pcie_transport,0.3227,0.0168,0.9832097932898832,1,0.3227,1.131032179924221,0.61630166,"{""device_fault"": 0.4, ""insufficient"": 0.2, ""pcie_transport"": 0.4, ""power_delivery"": 0.0}","{""device_fault"": 0.2814, ""insufficient"": 0.2004, ""pcie_transport"": 0.3227, ""power_delivery"": 0.1955}",0.19590000000000002,0.07501326006216484,0.2261719396585692,0.05826166000000002,
case_784f7e073da4a4bb,semantic_adjudication,36.55254188925028,389,0,hardware_fault,hw_conflict,24.0,24.0,0.7609640474436813,0.4,"pcie_transport:8,power_delivery:0,device_fault:8,insufficient:4",benchmark_authored_adjudication,Evidence points to both transport and device-level problems; a single primary cause is unclear.,target,choice,pcie_transport,pcie_transport,0.3727,0.0696,0.9304154850823054,1,0.3727,0.9869814724969244,0.5483110999999999,"{""device_fault"": 0.4, ""insufficient"": 0.2, ""pcie_transport"": 0.4, ""power_delivery"": 0.0}","{""device_fault"": 0.3168, ""insufficient"": 0.2111, ""pcie_transport"": 0.3727, ""power_delivery"": 0.0994}",0.11050000000000001,0.03718526919184307,0.11075093345494458,0.017671100000000002,
case_30925c1688edc0a0,semantic_adjudication,19.11029196344316,173,0,hardware_fault,hw_conflict,25.0,0.0,0.7609640474436813,0.4,"pcie_transport:8,power_delivery:0,device_fault:8,insufficient:4",benchmark_authored_adjudication,Evidence points to both transport and device-level problems; a single primary cause is unclear.,target,choice,pcie_transport,device_fault,0.382,0.1134,0.8866216836572841,0,0.3675,1.0010319603292457,0.5838192200000001,"{""device_fault"": 0.4, ""insufficient"": 0.2, ""pcie_transport"": 0.4, ""power_delivery"": 0.0}","{""device_fault"": 0.382, ""insufficient"": 0.1821, ""pcie_transport"": 0.3675, ""power_delivery"": 0.0684}",0.06840000000000002,0.02436309583162891,0.0710663427454939,0.006379220000000002,
case_6b36933e651584f2,semantic_adjudication,21.687041968107224,204,0,hardware_fault,hw_conflict,26.0,2.0,0.7609640474436813,0.4,"pcie_transport:8,power_delivery:0,device_fault:8,insufficient:4",benchmark_authored_adjudication,Evidence points to both transport and device-level problems; a single primary cause is unclear.,target,choice,pcie_transport,device_fault,0.3587,0.0819,0.9181704209955183,0,0.3428,1.0706080922585124,0.61369606,"{""device_fault"": 0.4, ""insufficient"": 0.2, ""pcie_transport"": 0.4, ""power_delivery"": 0.0}","{""device_fault"": 0.3587, ""insufficient"": 0.2147, ""pcie_transport"": 0.3428, ""power_delivery"": 0.0838}",0.0985,0.030837760177367182,0.09113334151430126,0.012216060000000003,
case_49357a1099e1d943,semantic_adjudication,22.557167103514075,236,0,hardware_fault,hw_conflict,27.0,6.0,0.7609640474436813,0.4,"pcie_transport:8,power_delivery:0,device_fault:8,insufficient:4",benchmark_authored_adjudication,Evidence points to both transport and device-level problems; a single primary cause is unclear.,target,choice,pcie_transport,device_fault,0.358,0.0717,0.9283397867413186,0,0.344,1.0671136216087387,0.6074158500000001,"{""device_fault"": 0.4, ""insufficient"": 0.2, ""pcie_transport"": 0.4, ""power_delivery"": 0.0}","{""device_fault"": 0.358, ""insufficient"": 0.1964, ""pcie_transport"": 0.344, ""power_delivery"": 0.1017}",0.10165000000000005,0.03689049328832976,0.10833457430228047,0.01525585000000001,
case_4d91f224f14af41b,semantic_adjudication,26.819791877642274,286,0,hardware_fault,hw_conflict,28.0,12.0,0.7609640474436813,0.4,"pcie_transport:8,power_delivery:0,device_fault:8,insufficient:4",benchmark_authored_adjudication,Evidence points to both transport and device-level problems; a single primary cause is unclear.,target,choice,pcie_transport,pcie_transport,0.3565,0.0284,0.9716371461484112,1,0.3565,1.0314210391277865,0.55704548,"{""device_fault"": 0.4, ""insufficient"": 0.2, ""pcie_transport"": 0.4, ""power_delivery"": 0.0}","{""device_fault"": 0.2677, ""insufficient"": 0.2063, ""pcie_transport"": 0.3565, ""power_delivery"": 0.1695}",0.17580000000000004,0.06599146822618984,0.20048835082828886,0.04816548000000001,
case_024c43a4d4adebde,semantic_adjudication,36.56929195858538,394,0,hardware_fault,hw_conflict,29.0,24.0,0.7609640474436813,0.4,"pcie_transport:8,power_delivery:0,device_fault:8,insufficient:4",benchmark_authored_adjudication,Evidence points to both transport and device-level problems; a single primary cause is unclear.,target,choice,pcie_transport,pcie_transport,0.3495,0.0546,0.9453629952740148,1,0.3495,1.0512517173082723,0.5874727600000001,"{""device_fault"": 0.4, ""insufficient"": 0.2, ""pcie_transport"": 0.4, ""power_delivery"": 0.0}","{""device_fault"": 0.3391, ""insufficient"": 0.1763, ""pcie_transport"": 0.3495, ""power_delivery"": 0.1351}",0.13510000000000003,0.04930272625001848,0.14527824879304493,0.025072760000000003,
case_f12ba288f6e8dfa0,semantic_adjudication,30.852791154757142,162,0,hardware_fault,hw_insufficient,0.0,0.0,0.7854752972273344,0.6,"pcie_transport:2,power_delivery:4,device_fault:2,insufficient:12",benchmark_authored_adjudication,The symptom is compatible with multiple fault domains and evidence is insufficient.,target,choice,insufficient,device_fault,0.3158,0.0134,0.9865905148641712,0,0.263,1.3356012468043725,0.73316018,"{""device_fault"": 0.1, ""insufficient"": 0.6, ""pcie_transport"": 0.1, ""power_delivery"": 0.2}","{""device_fault"": 0.3158, ""insufficient"": 0.263, ""pcie_transport"": 0.2385, ""power_delivery"": 0.1827}",0.3543,0.07799435269862573,0.3110459504384687,0.17962018,
case_8df820c165cecea8,semantic_adjudication,19.204708049073815,185,0,hardware_fault,hw_insufficient,1.0,2.0,0.7854752972273344,0.6,"pcie_transport:2,power_delivery:4,device_fault:2,insufficient:12",benchmark_authored_adjudication,The symptom is compatible with multiple fault domains and evidence is insufficient.,target,choice,insufficient,insufficient,0.3418,0.0256,0.9743267194253582,1,0.3418,1.0735295083006466,0.5837021,"{""device_fault"": 0.1, ""insufficient"": 0.6, ""pcie_transport"": 0.1, ""power_delivery"": 0.2}","{""device_fault"": 0.2571, ""insufficient"": 0.3418, ""pcie_transport"": 0.2449, ""power_delivery"": 0.1562}",0.302,0.05286079488867816,0.20306088592390534,0.11426209999999998,
case_4c116266949c1b0e,semantic_adjudication,24.66070791706443,223,0,hardware_fault,hw_insufficient,2.0,6.0,0.7854752972273344,0.6,"pcie_transport:2,power_delivery:4,device_fault:2,insufficient:12",benchmark_authored_adjudication,The symptom is compatible with multiple fault domains and evidence is insufficient.,target,choice,insufficient,insufficient,0.3692,0.0307,0.9693270557207705,1,0.3692,0.9964167763534401,0.53374741,"{""device_fault"": 0.1, ""insufficient"": 0.6, ""pcie_transport"": 0.1, ""power_delivery"": 0.2}","{""device_fault"": 0.2278, ""insufficient"": 0.3692, ""pcie_transport"": 0.2383, ""power_delivery"": 0.1648}",0.26605,0.042071839445817334,0.16090583505284312,0.08996741,
case_8e7ac62de90d1422,semantic_adjudication,31.948541989549994,274,0,hardware_fault,hw_insufficient,3.0,12.0,0.7854752972273344,0.6,"pcie_transport:2,power_delivery:4,device_fault:2,insufficient:12",benchmark_authored_adjudication,The symptom is compatible with multiple fault domains and evidence is insufficient.,target,choice,insufficient,insufficient,0.3084,0.0077,0.9922696363036511,1,0.3084,1.1763576372929625,0.63867322,"{""device_fault"": 0.1, ""insufficient"": 0.6, ""pcie_transport"": 0.1, ""power_delivery"": 0.2}","{""device_fault"": 0.2371, ""insufficient"": 0.3084, ""pcie_transport"": 0.2065, ""power_delivery"": 0.248}",0.29159999999999997,0.04890803990232506,0.19745272884316756,0.11747321999999998,
case_4641476ce048a3e9,semantic_adjudication,49.957624869421124,380,0,hardware_fault,hw_insufficient,4.0,24.0,0.7854752972273344,0.6,"pcie_transport:2,power_delivery:4,device_fault:2,insufficient:12",benchmark_authored_adjudication,The symptom is compatible with multiple fault domains and evidence is insufficient.,target,choice,insufficient,device_fault,0.2663,0.0011,0.998962420126739,0,0.2577,1.3559591613238178,0.73538383,"{""device_fault"": 0.1, ""insufficient"": 0.6, ""pcie_transport"": 0.1, ""power_delivery"": 0.2}","{""device_fault"": 0.2663, ""insufficient"": 0.2577, ""pcie_transport"": 0.2302, ""power_delivery"": 0.2459}",0.34235,0.06907538705905823,0.2844354442867256,0.16388382999999998,
case_168efe99005edb18,semantic_adjudication,23.583750007674098,159,0,hardware_fault,hw_insufficient,5.0,0.0,0.7854752972273344,0.6,"pcie_transport:2,power_delivery:4,device_fault:2,insufficient:12",benchmark_authored_adjudication,The symptom is compatible with multiple fault domains and evidence is insufficient.,target,choice,insufficient,device_fault,0.3023,0.0113,0.9886451717041848,0,0.2565,1.3606266143713128,0.7445482600000001,"{""device_fault"": 0.1, ""insufficient"": 0.6, ""pcie_transport"": 0.1, ""power_delivery"": 0.2}","{""device_fault"": 0.3023, ""insufficient"": 0.2565, ""pcie_transport"": 0.2596, ""power_delivery"": 0.1816}",0.3619,0.08062163048628798,0.3231606229754455,0.18472825999999998,
case_982ea75df119a0ad,semantic_adjudication,23.034540936350822,189,0,hardware_fault,hw_insufficient,6.0,2.0,0.7854752972273344,0.6,"pcie_transport:2,power_delivery:4,device_fault:2,insufficient:12",benchmark_authored_adjudication,The symptom is compatible with multiple fault domains and evidence is insufficient.,target,choice,insufficient,insufficient,0.3021,0.012,0.9880018657341768,1,0.3021,1.196997190589511,0.6537846599999999,"{""device_fault"": 0.1, ""insufficient"": 0.6, ""pcie_transport"": 0.1, ""power_delivery"": 0.2}","{""device_fault"": 0.2456, ""insufficient"": 0.3021, ""pcie_transport"": 0.2715, ""power_delivery"": 0.1808}",0.31710000000000005,0.061691917427860204,0.24215552744502472,0.13972466,
case_ef3da392bd2b82df,semantic_adjudication,22.25545817054808,221,0,hardware_fault,hw_insufficient,7.0,6.0,0.7854752972273344,0.6,"pcie_transport:2,power_delivery:4,device_fault:2,insufficient:12",benchmark_authored_adjudication,The symptom is compatible with multiple fault domains and evidence is insufficient.,target,choice,insufficient,insufficient,0.2915,0.005,0.9950386365217615,1,0.2915,1.23271527319159,0.67046962,"{""device_fault"": 0.1, ""insufficient"": 0.6, ""pcie_transport"": 0.1, ""power_delivery"": 0.2}","{""device_fault"": 0.2641, ""insufficient"": 0.2915, ""pcie_transport"": 0.221, ""power_delivery"": 0.2234}",0.3085,0.05843469416820893,0.23458947075348124,0.13728962,
case_50cd18c8d480cea2,semantic_adjudication,26.55116585083306,276,0,hardware_fault,hw_insufficient,8.0,12.0,0.7854752972273344,0.6,"pcie_transport:2,power_delivery:4,device_fault:2,insufficient:12",benchmark_authored_adjudication,The symptom is compatible with multiple fault domains and evidence is insufficient.,target,choice,insufficient,insufficient,0.2947,0.0078,0.9921888955204335,1,0.2947,1.221797389238488,0.6660068400000001,"{""device_fault"": 0.1, ""insufficient"": 0.6, ""pcie_transport"": 0.1, ""power_delivery"": 0.2}","{""device_fault"": 0.2775, ""insufficient"": 0.2947, ""pcie_transport"": 0.2187, ""power_delivery"": 0.2091}",0.3053,0.059660261939473574,0.23736586241688523,0.13888683999999998,
case_7ade3d8720caa93f,semantic_adjudication,132.1035830769688,387,0,hardware_fault,hw_insufficient,9.0,24.0,0.7854752972273344,0.6,"pcie_transport:2,power_delivery:4,device_fault:2,insufficient:12",benchmark_authored_adjudication,The symptom is compatible with multiple fault domains and evidence is insufficient.,target,choice,insufficient,insufficient,0.2671,0.003,0.9970101785117925,1,0.2671,1.3201321588662218,0.71774041,"{""device_fault"": 0.1, ""insufficient"": 0.6, ""pcie_transport"": 0.1, ""power_delivery"": 0.2}","{""device_fault"": 0.267, ""insufficient"": 0.2671, ""pcie_transport"": 0.2532, ""power_delivery"": 0.2126}",0.33285,0.0697788798892614,0.2822561035187678,0.16234041,
case_ff141ccc6391c58f,semantic_adjudication,18.516458105295897,165,0,hardware_fault,hw_insufficient,10.0,0.0,0.7854752972273344,0.6,"pcie_transport:2,power_delivery:4,device_fault:2,insufficient:12",benchmark_authored_adjudication,The symptom is compatible with multiple fault domains and evidence is insufficient.,target,choice,insufficient,device_fault,0.3335,0.0242,0.9757986982395908,0,0.2705,1.3074831806956009,0.7251297800000001,"{""device_fault"": 0.1, ""insufficient"": 0.6, ""pcie_transport"": 0.1, ""power_delivery"": 0.2}","{""device_fault"": 0.3335, ""insufficient"": 0.2705, ""pcie_transport"": 0.2388, ""power_delivery"": 0.1572}",0.37229999999999996,0.08107298003803617,0.31866134397855783,0.18418978,
case_130b25065e05123a,semantic_adjudication,18.97195796482265,185,0,hardware_fault,hw_insufficient,11.0,2.0,0.7854752972273344,0.6,"pcie_transport:2,power_delivery:4,device_fault:2,insufficient:12",benchmark_authored_adjudication,The symptom is compatible with multiple fault domains and evidence is insufficient.,target,choice,insufficient,insufficient,0.3176,0.0159,0.9841345079718055,1,0.3176,1.1469625496091564,0.625542,"{""device_fault"": 0.1, ""insufficient"": 0.6, ""pcie_transport"": 0.1, ""power_delivery"": 0.2}","{""device_fault"": 0.2722, ""insufficient"": 0.3176, ""pcie_transport"": 0.2338, ""power_delivery"": 0.1764}",0.306,0.056943788018770654,0.22172852337305338,0.12786199999999998,
case_d80c29e37b3169e1,semantic_adjudication,22.012958070263267,221,0,hardware_fault,hw_insufficient,12.0,6.0,0.7854752972273344,0.6,"pcie_transport:2,power_delivery:4,device_fault:2,insufficient:12",benchmark_authored_adjudication,The symptom is compatible with multiple fault domains and evidence is insufficient.,target,choice,insufficient,insufficient,0.3225,0.0233,0.9767591002295373,1,0.3225,1.1316521427463098,0.62015742,"{""device_fault"": 0.1, ""insufficient"": 0.6, ""pcie_transport"": 0.1, ""power_delivery"": 0.2}","{""device_fault"": 0.2789, ""insufficient"": 0.3225, ""pcie_transport"": 0.2436, ""power_delivery"": 0.155}",0.3225,0.06008110197589713,0.23187031546464928,0.13165741999999997,
case_ccb9f1714a01d510,semantic_adjudication,28.140708105638623,273,0,hardware_fault,hw_insufficient,13.0,12.0,0.7854752972273344,0.6,"pcie_transport:2,power_delivery:4,device_fault:2,insufficient:12",benchmark_authored_adjudication,The symptom is compatible with multiple fault domains and evidence is insufficient.,target,choice,insufficient,insufficient,0.3015,0.0069,0.993118276412219,1,0.3015,1.198985262814897,0.65184292,"{""device_fault"": 0.1, ""insufficient"": 0.6, ""pcie_transport"": 0.1, ""power_delivery"": 0.2}","{""device_fault"": 0.2621, ""insufficient"": 0.3015, ""pcie_transport"": 0.2215, ""power_delivery"": 0.2149}",0.2985,0.055887342741166454,0.22264386322542135,0.13036292,
case_d3ddfedb86af4821,semantic_adjudication,32.84320910461247,380,0,hardware_fault,hw_insufficient,14.0,24.0,0.7854752972273344,0.6,"pcie_transport:2,power_delivery:4,device_fault:2,insufficient:12",benchmark_authored_adjudication,The symptom is compatible with multiple fault domains and evidence is insufficient.,target,choice,insufficient,insufficient,0.275,0.0017,0.998269678876903,1,0.275,1.2909841813155656,0.70120522,"{""device_fault"": 0.1, ""insufficient"": 0.6, ""pcie_transport"": 0.1, ""power_delivery"": 0.2}","{""device_fault"": 0.2561, ""insufficient"": 0.275, ""pcie_transport"": 0.2399, ""power_delivery"": 0.229}",0.32499999999999996,0.06393846040941199,0.2594692280210098,0.15040521999999995,
case_f748c0f0f249fc1a,semantic_adjudication,17.49483309686184,160,0,hardware_fault,hw_insufficient,15.0,0.0,0.7854752972273344,0.6,"pcie_transport:2,power_delivery:4,device_fault:2,insufficient:12",benchmark_authored_adjudication,The symptom is compatible with multiple fault domains and evidence is insufficient.,target,choice,insufficient,device_fault,0.3886,0.0406,0.9593930222984919,0,0.2214,1.5077842587076005,0.83670357,"{""device_fault"": 0.1, ""insufficient"": 0.6, ""pcie_transport"": 0.1, ""power_delivery"": 0.2}","{""device_fault"": 0.3886, ""insufficient"": 0.2214, ""pcie_transport"": 0.2362, ""power_delivery"": 0.1539}",0.42474999999999996,0.10654218938344509,0.42888913923256455,0.24730356999999994,
case_1061e171086b1f6c,semantic_adjudication,19.73283290863037,186,0,hardware_fault,hw_insufficient,16.0,2.0,0.7854752972273344,0.6,"pcie_transport:2,power_delivery:4,device_fault:2,insufficient:12",benchmark_authored_adjudication,The symptom is compatible with multiple fault domains and evidence is insufficient.,target,choice,insufficient,insufficient,0.2816,0.004,0.9960370492683279,1,0.2816,1.2672676546982498,0.6894904199999999,"{""device_fault"": 0.1, ""insufficient"": 0.6, ""pcie_transport"": 0.1, ""power_delivery"": 0.2}","{""device_fault"": 0.2569, ""insufficient"": 0.2816, ""pcie_transport"": 0.252, ""power_delivery"": 0.2095}",0.31839999999999996,0.06427252067319292,0.25780638203141637,0.14919042,
case_b15f26376b68a35a,semantic_adjudication,22.569499909877777,223,0,hardware_fault,hw_insufficient,17.0,6.0,0.7854752972273344,0.6,"pcie_transport:2,power_delivery:4,device_fault:2,insufficient:12",benchmark_authored_adjudication,The symptom is compatible with multiple fault domains and evidence is insufficient.,target,choice,insufficient,insufficient,0.3101,0.0135,0.9864705166121795,1,0.3101,1.1708604528757338,0.63885118,"{""device_fault"": 0.1, ""insufficient"": 0.6, ""pcie_transport"": 0.1, ""power_delivery"": 0.2}","{""device_fault"": 0.2648, ""insufficient"": 0.3101, ""pcie_transport"": 0.2473, ""power_delivery"": 0.1778}",0.3121,0.05924708925110217,0.23162884349808832,0.13339118,
case_9dd14829033a3213,semantic_adjudication,26.86729095876217,273,0,hardware_fault,hw_insufficient,18.0,12.0,0.7854752972273344,0.6,"pcie_transport:2,power_delivery:4,device_fault:2,insufficient:12",benchmark_authored_adjudication,The symptom is compatible with multiple fault domains and evidence is insufficient.,target,choice,insufficient,power_delivery,0.2547,0.0001,0.9999200369001594,0,0.2485,1.3923124334454537,0.75305538,"{""device_fault"": 0.1, ""insufficient"": 0.6, ""pcie_transport"": 0.1, ""power_delivery"": 0.2}","{""device_fault"": 0.252, ""insufficient"": 0.2485, ""pcie_transport"": 0.2448, ""power_delivery"": 0.2547}",0.3515,0.0718176930311635,0.29858525610286174,0.17061537999999998,
case_4654172eb7743ed2,semantic_adjudication,52.385499933734536,377,0,hardware_fault,hw_insufficient,19.0,24.0,0.7854752972273344,0.6,"pcie_transport:2,power_delivery:4,device_fault:2,insufficient:12",benchmark_authored_adjudication,The symptom is compatible with multiple fault domains and evidence is insufficient.,target,choice,insufficient,device_fault,0.2896,0.0052,0.9947872196938934,0,0.269,1.313043899380298,0.71569641,"{""device_fault"": 0.1, ""insufficient"": 0.6, ""pcie_transport"": 0.1, ""power_delivery"": 0.2}","{""device_fault"": 0.2896, ""insufficient"": 0.269, ""pcie_transport"": 0.219, ""power_delivery"": 0.2225}",0.33104999999999996,0.06807364366446053,0.2752858165217447,0.16017641,
case_03f9e70cbe31deef,semantic_adjudication,18.007416976615787,162,0,hardware_fault,hw_insufficient,20.0,0.0,0.7854752972273344,0.6,"pcie_transport:2,power_delivery:4,device_fault:2,insufficient:12",benchmark_authored_adjudication,The symptom is compatible with multiple fault domains and evidence is insufficient.,target,choice,insufficient,device_fault,0.3583,0.029,0.9709407549201053,0,0.2374,1.4380087968065693,0.7954775399999999,"{""device_fault"": 0.1, ""insufficient"": 0.6, ""pcie_transport"": 0.1, ""power_delivery"": 0.2}","{""device_fault"": 0.3583, ""insufficient"": 0.2374, ""pcie_transport"": 0.2458, ""power_delivery"": 0.1585}",0.40409999999999996,0.09626311092722029,0.38526761352382155,0.22117753999999995,
case_e588f1c0d0adfedb,semantic_adjudication,18.291124841198325,185,0,hardware_fault,hw_insufficient,21.0,2.0,0.7854752972273344,0.6,"pcie_transport:2,power_delivery:4,device_fault:2,insufficient:12",benchmark_authored_adjudication,The symptom is compatible with multiple fault domains and evidence is insufficient.,target,choice,insufficient,insufficient,0.2998,0.0142,0.985743227078076,1,0.2998,1.2046396933136396,0.65971105,"{""device_fault"": 0.1, ""insufficient"": 0.6, ""pcie_transport"": 0.1, ""power_delivery"": 0.2}","{""device_fault"": 0.2826, ""insufficient"": 0.2998, ""pcie_transport"": 0.2435, ""power_delivery"": 0.174}",0.32615,0.06413750790012948,0.25125995111560195,0.14473105,
case_01c0214c51c20c0a,semantic_adjudication,22.782333893701434,228,0,hardware_fault,hw_insufficient,22.0,6.0,0.7854752972273344,0.6,"pcie_transport:2,power_delivery:4,device_fault:2,insufficient:12",benchmark_authored_adjudication,The symptom is compatible with multiple fault domains and evidence is insufficient.,target,choice,insufficient,insufficient,0.3251,0.0105,0.9895369134661675,1,0.3251,1.1236224516722775,0.6075306300000001,"{""device_fault"": 0.1, ""insufficient"": 0.6, ""pcie_transport"": 0.1, ""power_delivery"": 0.2}","{""device_fault"": 0.2239, ""insufficient"": 0.3251, ""pcie_transport"": 0.2346, ""power_delivery"": 0.2165}",0.27494999999999997,0.04697848685820718,0.1859493517800803,0.10931062999999999,
case_a770ced2139207dd,semantic_adjudication,26.496083941310644,274,0,hardware_fault,hw_insufficient,23.0,12.0,0.7854752972273344,0.6,"pcie_transport:2,power_delivery:4,device_fault:2,insufficient:12",benchmark_authored_adjudication,The symptom is compatible with multiple fault domains and evidence is insufficient.,target,choice,insufficient,insufficient,0.3478,0.0235,0.9764633376631,1,0.3478,1.0561276770619543,0.5711141000000001,"{""device_fault"": 0.1, ""insufficient"": 0.6, ""pcie_transport"": 0.1, ""power_delivery"": 0.2}","{""device_fault"": 0.1807, ""insufficient"": 0.3478, ""pcie_transport"": 0.2046, ""power_delivery"": 0.2669}",0.2522,0.03443371000081816,0.1387144260911372,0.0855341,
case_2c297d14b049fe60,semantic_adjudication,34.56762479618192,377,0,hardware_fault,hw_insufficient,24.0,24.0,0.7854752972273344,0.6,"pcie_transport:2,power_delivery:4,device_fault:2,insufficient:12",benchmark_authored_adjudication,The symptom is compatible with multiple fault domains and evidence is insufficient.,target,choice,insufficient,insufficient,0.2767,0.0017,0.998347759497295,1,0.2767,1.2848213921892568,0.69775794,"{""device_fault"": 0.1, ""insufficient"": 0.6, ""pcie_transport"": 0.1, ""power_delivery"": 0.2}","{""device_fault"": 0.2502, ""insufficient"": 0.2767, ""pcie_transport"": 0.2301, ""power_delivery"": 0.243}",0.3233,0.06137859321592407,0.25040522338566246,0.14585793999999996,
case_e60d66bd052e7976,semantic_adjudication,17.579375067725778,159,0,hardware_fault,hw_insufficient,25.0,0.0,0.7854752972273344,0.6,"pcie_transport:2,power_delivery:4,device_fault:2,insufficient:12",benchmark_authored_adjudication,The symptom is compatible with multiple fault domains and evidence is insufficient.,target,choice,insufficient,device_fault,0.3063,0.0124,0.9875489190171163,0,0.2475,1.3963446969733921,0.76325079,"{""device_fault"": 0.1, ""insufficient"": 0.6, ""pcie_transport"": 0.1, ""power_delivery"": 0.2}","{""device_fault"": 0.3063, ""insufficient"": 0.2475, ""pcie_transport"": 0.2659, ""power_delivery"": 0.1802}",0.37225,0.08501000320231536,0.3424269541880486,0.19473079,
case_ef32d4f4886b52d8,semantic_adjudication,18.459541024640203,191,0,hardware_fault,hw_insufficient,26.0,2.0,0.7854752972273344,0.6,"pcie_transport:2,power_delivery:4,device_fault:2,insufficient:12",benchmark_authored_adjudication,The symptom is compatible with multiple fault domains and evidence is insufficient.,target,choice,insufficient,insufficient,0.3234,0.0196,0.9804219137410514,1,0.3234,1.1288653318391306,0.61617586,"{""device_fault"": 0.1, ""insufficient"": 0.6, ""pcie_transport"": 0.1, ""power_delivery"": 0.2}","{""device_fault"": 0.2557, ""insufficient"": 0.3234, ""pcie_transport"": 0.2575, ""power_delivery"": 0.1634}",0.3132,0.05754428087820865,0.22277863862583588,0.12689585999999997,
case_eca4bbfc3ef706c2,semantic_adjudication,22.350917104631662,220,0,hardware_fault,hw_insufficient,27.0,6.0,0.7854752972273344,0.6,"pcie_transport:2,power_delivery:4,device_fault:2,insufficient:12",benchmark_authored_adjudication,The symptom is compatible with multiple fault domains and evidence is insufficient.,target,choice,insufficient,insufficient,0.325,0.012,0.9880588483638479,1,0.325,1.1239300966523995,0.6086335300000001,"{""device_fault"": 0.1, ""insufficient"": 0.6, ""pcie_transport"": 0.1, ""power_delivery"": 0.2}","{""device_fault"": 0.1993, ""insufficient"": 0.325, ""pcie_transport"": 0.2448, ""power_delivery"": 0.231}",0.27504999999999996,0.04538565828347611,0.1805513743490202,0.10741352999999998,
case_3907214be2e1a002,semantic_adjudication,26.93120902404189,273,0,hardware_fault,hw_insufficient,28.0,12.0,0.7854752972273344,0.6,"pcie_transport:2,power_delivery:4,device_fault:2,insufficient:12",benchmark_authored_adjudication,The symptom is compatible with multiple fault domains and evidence is insufficient.,target,choice,insufficient,insufficient,0.2842,0.003,0.9970552330238389,1,0.2842,1.2580770633191367,0.68372247,"{""device_fault"": 0.1, ""insufficient"": 0.6, ""pcie_transport"": 0.1, ""power_delivery"": 0.2}","{""device_fault"": 0.2201, ""insufficient"": 0.2842, ""pcie_transport"": 0.2479, ""power_delivery"": 0.2479}",0.31584999999999996,0.05788627661039429,0.2357325436735281,0.13832246999999998,
case_e7436c52d8252452,semantic_adjudication,56.56270822510123,374,0,hardware_fault,hw_insufficient,29.0,24.0,0.7854752972273344,0.6,"pcie_transport:2,power_delivery:4,device_fault:2,insufficient:12",benchmark_authored_adjudication,The symptom is compatible with multiple fault domains and evidence is insufficient.,target,choice,insufficient,device_fault,0.2877,0.0036,0.9963842768963354,0,0.2477,1.3955369424868231,0.75712134,"{""device_fault"": 0.1, ""insufficient"": 0.6, ""pcie_transport"": 0.1, ""power_delivery"": 0.2}","{""device_fault"": 0.2877, ""insufficient"": 0.2477, ""pcie_transport"": 0.217, ""power_delivery"": 0.2476}",0.35229999999999995,0.07376184659103355,0.3049798311678408,0.17530133999999997,
case_9718c11c343c91dc,semantic_adjudication,17.849833937361836,149,0,security_classification,sec_credential_clear,0.0,0.0,0.1431984785579781,0.95,"credential_attack:19,malware:0,data_exfiltration:0,insufficient:1",benchmark_authored_adjudication,High-volume distributed login failures followed by successes strongly indicate credential abuse.,target,choice,credential_attack,credential_attack,0.4221,0.0619,0.9381040288050689,1,0.4221,0.8625130261936841,0.4514006700000001,"{""credential_attack"": 0.95, ""data_exfiltration"": 0.0, ""insufficient"": 0.05, ""malware"": 0.0}","{""credential_attack"": 0.4221, ""data_exfiltration"": 0.1561, ""insufficient"": 0.2564, ""malware"": 0.1653}",0.52785,0.2015347250091927,0.6889229592349084,0.37297067000000006,
case_8aab4b82679e2aaa,semantic_adjudication,20.400625187903643,171,0,security_classification,sec_credential_clear,1.0,2.0,0.1431984785579781,0.95,"credential_attack:19,malware:0,data_exfiltration:0,insufficient:1",benchmark_authored_adjudication,High-volume distributed login failures followed by successes strongly indicate credential abuse.,target,choice,credential_attack,insufficient,0.3873,0.0616,0.9384157859073647,0,0.3114,1.1666770195822391,0.6695795,"{""credential_attack"": 0.95, ""data_exfiltration"": 0.0, ""insufficient"": 0.05, ""malware"": 0.0}","{""credential_attack"": 0.3114, ""data_exfiltration"": 0.1477, ""insufficient"": 0.3873, ""malware"": 0.1536}",0.6386,0.26294083310251165,0.957255709880326,0.5669894999999999,
case_07133996e7e21018,semantic_adjudication,22.852708119899035,210,0,security_classification,sec_credential_clear,2.0,6.0,0.1431984785579781,0.95,"credential_attack:19,malware:0,data_exfiltration:0,insufficient:1",benchmark_authored_adjudication,High-volume distributed login failures followed by successes strongly indicate credential abuse.,target,choice,credential_attack,insufficient,0.4357,0.1025,0.8974639552106072,0,0.3101,1.1708604528757338,0.6994365999999999,"{""credential_attack"": 0.95, ""data_exfiltration"": 0.0, ""insufficient"": 0.05, ""malware"": 0.0}","{""credential_attack"": 0.3101, ""data_exfiltration"": 0.1529, ""insufficient"": 0.4357, ""malware"": 0.1013}",0.6398999999999999,0.26107318957699543,0.9553422541790114,0.5918765999999999,
case_3b84a4f3f79d3fb6,semantic_adjudication,33.84391707368195,257,0,security_classification,sec_credential_clear,3.0,12.0,0.1431984785579781,0.95,"credential_attack:19,malware:0,data_exfiltration:0,insufficient:1",benchmark_authored_adjudication,High-volume distributed login failures followed by successes strongly indicate credential abuse.,target,choice,credential_attack,insufficient,0.3798,0.0626,0.9374148088334346,0,0.3153,1.1542307124311217,0.66129161,"{""credential_attack"": 0.95, ""data_exfiltration"": 0.0, ""insufficient"": 0.05, ""malware"": 0.0}","{""credential_attack"": 0.3153, ""data_exfiltration"": 0.1818, ""insufficient"": 0.3798, ""malware"": 0.1232}",0.6347499999999999,0.26070590873662813,0.9464094574938908,0.55984161,
case_c2065cfb60537e11,semantic_adjudication,58.86554205790162,365,0,security_classification,sec_credential_clear,4.0,24.0,0.1431984785579781,0.95,"credential_attack:19,malware:0,data_exfiltration:0,insufficient:1",benchmark_authored_adjudication,High-volume distributed login failures followed by successes strongly indicate credential abuse.,target,choice,credential_attack,insufficient,0.3295,0.0192,0.9808160850222315,0,0.2463,1.401204973855645,0.77040868,"{""credential_attack"": 0.95, ""data_exfiltration"": 0.0, ""insufficient"": 0.05, ""malware"": 0.0}","{""credential_attack"": 0.2463, ""data_exfiltration"": 0.2557, ""insufficient"": 0.3295, ""malware"": 0.1685}",0.7037,0.31506959867823314,1.1881384280689686,0.66708868,
case_8b926611eca3f55d,semantic_adjudication,18.040167167782784,146,0,security_classification,sec_credential_clear,5.0,0.0,0.1431984785579781,0.95,"credential_attack:19,malware:0,data_exfiltration:0,insufficient:1",benchmark_authored_adjudication,High-volume distributed login failures followed by successes strongly indicate credential abuse.,target,choice,credential_attack,credential_attack,0.4529,0.0917,0.9083254155831898,1,0.4529,0.7920839284199688,0.4107322199999999,"{""credential_attack"": 0.95, ""data_exfiltration"": 0.0, ""insufficient"": 0.05, ""malware"": 0.0}","{""credential_attack"": 0.4529, ""data_exfiltration"": 0.1248, ""insufficient"": 0.2689, ""malware"": 0.1534}",0.4971,0.18269530924851735,0.6196352744384637,0.3341322199999999,
case_8b4536a15d9c94c8,semantic_adjudication,21.24462486244738,178,0,security_classification,sec_credential_clear,6.0,2.0,0.1431984785579781,0.95,"credential_attack:19,malware:0,data_exfiltration:0,insufficient:1",benchmark_authored_adjudication,High-volume distributed login failures followed by successes strongly indicate credential abuse.,target,choice,credential_attack,insufficient,0.3329,0.0268,0.9732799710203117,0,0.299,1.2073117055914506,0.6703735300000001,"{""credential_attack"": 0.95, ""data_exfiltration"": 0.0, ""insufficient"": 0.05, ""malware"": 0.0}","{""credential_attack"": 0.299, ""data_exfiltration"": 0.1706, ""insufficient"": 0.3329, ""malware"": 0.1976}",0.65105,0.27527471359724354,1.0034265336860633,0.57198353,
case_4c923a4439151966,semantic_adjudication,22.80512498691678,205,0,security_classification,sec_credential_clear,7.0,6.0,0.1431984785579781,0.95,"credential_attack:19,malware:0,data_exfiltration:0,insufficient:1",benchmark_authored_adjudication,High-volume distributed login failures followed by successes strongly indicate credential abuse.,target,choice,credential_attack,insufficient,0.4192,0.0647,0.9352934925206683,0,0.2698,1.3100743352084816,0.75737841,"{""credential_attack"": 0.95, ""data_exfiltration"": 0.0, ""insufficient"": 0.05, ""malware"": 0.0}","{""credential_attack"": 0.2698, ""data_exfiltration"": 0.1613, ""insufficient"": 0.4192, ""malware"": 0.1498}",0.68025,0.2913043173261468,1.08952573240095,0.6474384099999999,
case_6200f317bf15db44,semantic_adjudication,30.021500075235963,263,0,security_classification,sec_credential_clear,8.0,12.0,0.1431984785579781,0.95,"credential_attack:19,malware:0,data_exfiltration:0,insufficient:1",benchmark_authored_adjudication,High-volume distributed login failures followed by successes strongly indicate credential abuse.,target,choice,credential_attack,insufficient,0.3583,0.0335,0.9665271175825187,0,0.2812,1.268689119045627,0.7108607,"{""credential_attack"": 0.95, ""data_exfiltration"": 0.0, ""insufficient"": 0.05, ""malware"": 0.0}","{""credential_attack"": 0.2812, ""data_exfiltration"": 0.2006, ""insufficient"": 0.3583, ""malware"": 0.1599}",0.6688,0.28646483402010664,1.0580586524810345,0.6081506999999999,
case_dd8b574d04200d38,semantic_adjudication,46.98495799675584,357,0,security_classification,sec_credential_clear,9.0,24.0,0.1431984785579781,0.95,"credential_attack:19,malware:0,data_exfiltration:0,insufficient:1",benchmark_authored_adjudication,High-volume distributed login failures followed by successes strongly indicate credential abuse.,target,choice,credential_attack,insufficient,0.4146,0.0722,0.9278082194255816,0,0.2859,1.252113179653871,0.72837093,"{""credential_attack"": 0.95, ""data_exfiltration"": 0.0, ""insufficient"": 0.05, ""malware"": 0.0}","{""credential_attack"": 0.2859, ""data_exfiltration"": 0.1786, ""insufficient"": 0.4146, ""malware"": 0.121}",0.66415,0.27960253557311004,1.0350143312743276,0.62050093,
case_1f5ba6eca44b9c81,semantic_adjudication,17.13212509639561,152,0,security_classification,sec_credential_clear,10.0,0.0,0.1431984785579781,0.95,"credential_attack:19,malware:0,data_exfiltration:0,insufficient:1",benchmark_authored_adjudication,High-volume distributed login failures followed by successes strongly indicate credential abuse.,target,choice,credential_attack,credential_attack,0.4354,0.0675,0.9325300756443058,1,0.4354,0.8314901301816899,0.42991421,"{""credential_attack"": 0.95, ""data_exfiltration"": 0.0, ""insufficient"": 0.05, ""malware"": 0.0}","{""credential_attack"": 0.4354, ""data_exfiltration"": 0.1574, ""insufficient"": 0.245, ""malware"": 0.1623}",0.5146499999999999,0.19485826110308102,0.6617252337486033,0.35395420999999994,
case_d046c7bfd842e0a6,semantic_adjudication,18.468125024810433,172,0,security_classification,sec_credential_clear,11.0,2.0,0.1431984785579781,0.95,"credential_attack:19,malware:0,data_exfiltration:0,insufficient:1",benchmark_authored_adjudication,High-volume distributed login failures followed by successes strongly indicate credential abuse.,target,choice,credential_attack,insufficient,0.411,0.0931,0.9069368505951015,0,0.3325,1.1011154188862282,0.6476495,"{""credential_attack"": 0.95, ""data_exfiltration"": 0.0, ""insufficient"": 0.05, ""malware"": 0.0}","{""credential_attack"": 0.3325, ""data_exfiltration"": 0.14, ""insufficient"": 0.411, ""malware"": 0.1165}",0.6174999999999999,0.24704541425721321,0.8920025078203393,0.5447994999999999,
case_b64df3b711284bb8,semantic_adjudication,22.351334104314446,207,0,security_classification,sec_credential_clear,12.0,6.0,0.1431984785579781,0.95,"credential_attack:19,malware:0,data_exfiltration:0,insufficient:1",benchmark_authored_adjudication,High-volume distributed login failures followed by successes strongly indicate credential abuse.,target,choice,credential_attack,insufficient,0.3626,0.0453,0.9547490934172117,0,0.3071,1.1805818515353603,0.6667492500000001,"{""credential_attack"": 0.95, ""data_exfiltration"": 0.0, ""insufficient"": 0.05, ""malware"": 0.0}","{""credential_attack"": 0.3071, ""data_exfiltration"": 0.1482, ""insufficient"": 0.3626, ""malware"": 0.1822}",0.64295,0.2675301456561112,0.973760264645789,0.56619925,
case_0b7c78d30b98c6a4,semantic_adjudication,23.667166009545326,254,0,security_classification,sec_credential_clear,13.0,12.0,0.1431984785579781,0.95,"credential_attack:19,malware:0,data_exfiltration:0,insufficient:1",benchmark_authored_adjudication,High-volume distributed login failures followed by successes strongly indicate credential abuse.,target,choice,credential_attack,insufficient,0.3986,0.0766,0.9233807505562607,0,0.3236,1.1282470937978004,0.65499416,"{""credential_attack"": 0.95, ""data_exfiltration"": 0.0, ""insufficient"": 0.05, ""malware"": 0.0}","{""credential_attack"": 0.3236, ""data_exfiltration"": 0.1368, ""insufficient"": 0.3986, ""malware"": 0.141}",0.6264,0.2538193379278954,0.9193093393222099,0.55249416,
case_e94aa71bf76a520d,semantic_adjudication,33.11029192991555,366,0,security_classification,sec_credential_clear,14.0,24.0,0.1431984785579781,0.95,"credential_attack:19,malware:0,data_exfiltration:0,insufficient:1",benchmark_authored_adjudication,High-volume distributed login failures followed by successes strongly indicate credential abuse.,target,choice,credential_attack,insufficient,0.3402,0.0296,0.970358662272808,0,0.2974,1.2126772449560823,0.67551786,"{""credential_attack"": 0.95, ""data_exfiltration"": 0.0, ""insufficient"": 0.05, ""malware"": 0.0}","{""credential_attack"": 0.2974, ""data_exfiltration"": 0.1965, ""insufficient"": 0.3402, ""malware"": 0.1659}",0.6526,0.27589077316537725,1.0074392193134243,0.5762378599999999,
case_a873cb6a13642a96,semantic_adjudication,17.232832964509726,147,0,security_classification,sec_credential_clear,15.0,0.0,0.1431984785579781,0.95,"credential_attack:19,malware:0,data_exfiltration:0,insufficient:1",benchmark_authored_adjudication,High-volume distributed login failures followed by successes strongly indicate credential abuse.,target,choice,credential_attack,credential_attack,0.4334,0.0711,0.9288861986895203,1,0.4334,0.8360941898798784,0.43557426,"{""credential_attack"": 0.95, ""data_exfiltration"": 0.0, ""insufficient"": 0.05, ""malware"": 0.0}","{""credential_attack"": 0.4334, ""data_exfiltration"": 0.1582, ""insufficient"": 0.2595, ""malware"": 0.1489}",0.5166,0.1946784984610112,0.6632241658588214,0.35796426,
case_b91d35452c30450e,semantic_adjudication,20.182291977107525,174,0,security_classification,sec_credential_clear,16.0,2.0,0.1431984785579781,0.95,"credential_attack:19,malware:0,data_exfiltration:0,insufficient:1",benchmark_authored_adjudication,High-volume distributed login failures followed by successes strongly indicate credential abuse.,target,choice,credential_attack,insufficient,0.3873,0.0556,0.9444338494399418,0,0.2993,1.2063088641234838,0.69009878,"{""credential_attack"": 0.95, ""data_exfiltration"": 0.0, ""insufficient"": 0.05, ""malware"": 0.0}","{""credential_attack"": 0.2993, ""data_exfiltration"": 0.1548, ""insufficient"": 0.3873, ""malware"": 0.1586}",0.6507,0.27149415734521126,0.9949059621945084,0.5862987799999999,
case_4a5e2c2689fc5ef5,semantic_adjudication,22.481832886114717,206,0,security_classification,sec_credential_clear,17.0,6.0,0.1431984785579781,0.95,"credential_attack:19,malware:0,data_exfiltration:0,insufficient:1",benchmark_authored_adjudication,High-volume distributed login failures followed by successes strongly indicate credential abuse.,target,choice,credential_attack,insufficient,0.4328,0.0735,0.9265033314684736,0,0.2664,1.3227563403159028,0.77081224,"{""credential_attack"": 0.95, ""data_exfiltration"": 0.0, ""insufficient"": 0.05, ""malware"": 0.0}","{""credential_attack"": 0.2664, ""data_exfiltration"": 0.1438, ""insufficient"": 0.4328, ""malware"": 0.157}",0.6836,0.2931001722283685,1.0999772575267284,0.6591722400000001,
case_c678ed7adb1129c2,semantic_adjudication,30.002292012795806,270,0,security_classification,sec_credential_clear,18.0,12.0,0.1431984785579781,0.95,"credential_attack:19,malware:0,data_exfiltration:0,insufficient:1",benchmark_authored_adjudication,High-volume distributed login failures followed by successes strongly indicate credential abuse.,target,choice,credential_attack,credential_attack,0.3212,0.0136,0.9863561851558507,1,0.3212,1.1356912969095305,0.6170745400000001,"{""credential_attack"": 0.95, ""data_exfiltration"": 0.0, ""insufficient"": 0.05, ""malware"": 0.0}","{""credential_attack"": 0.3212, ""data_exfiltration"": 0.2342, ""insufficient"": 0.2585, ""malware"": 0.1861}",0.6288,0.26552416737032025,0.948034467969864,0.5283445400000001,
case_3125c7171c27502d,semantic_adjudication,32.73129207082093,364,0,security_classification,sec_credential_clear,19.0,24.0,0.1431984785579781,0.95,"credential_attack:19,malware:0,data_exfiltration:0,insufficient:1",benchmark_authored_adjudication,High-volume distributed login failures followed by successes strongly indicate credential abuse.,target,choice,credential_attack,insufficient,0.4026,0.0633,0.9367557218042801,0,0.2857,1.2528129697454096,0.7225000899999999,"{""credential_attack"": 0.95, ""data_exfiltration"": 0.0, ""insufficient"": 0.05, ""malware"": 0.0}","{""credential_attack"": 0.2857, ""data_exfiltration"": 0.184, ""insufficient"": 0.4026, ""malware"": 0.1278}",0.66435,0.28044163751550344,1.0371476662010888,0.6158100899999999,
case_7cc0118bcb313c51,semantic_adjudication,16.94937516003847,149,0,security_classification,sec_credential_clear,20.0,0.0,0.1431984785579781,0.95,"credential_attack:19,malware:0,data_exfiltration:0,insufficient:1",benchmark_authored_adjudication,High-volume distributed login failures followed by successes strongly indicate credential abuse.,target,choice,credential_attack,credential_attack,0.4565,0.0808,0.9192730100377843,1,0.4565,0.7841665789471138,0.39834663,"{""credential_attack"": 0.95, ""data_exfiltration"": 0.0, ""insufficient"": 0.05, ""malware"": 0.0}","{""credential_attack"": 0.4565, ""data_exfiltration"": 0.1389, ""insufficient"": 0.2321, ""malware"": 0.1726}",0.49354999999999993,0.18404661380125364,0.6194723549389728,0.3257866299999999,
case_bdc8b69746c7123f,semantic_adjudication,19.14995815604925,172,0,security_classification,sec_credential_clear,21.0,2.0,0.1431984785579781,0.95,"credential_attack:19,malware:0,data_exfiltration:0,insufficient:1",benchmark_authored_adjudication,High-volume distributed login failures followed by successes strongly indicate credential abuse.,target,choice,credential_attack,insufficient,0.3542,0.0464,0.9535311226462233,0,0.3211,1.1360026778866688,0.6393447000000001,"{""credential_attack"": 0.95, ""data_exfiltration"": 0.0, ""insufficient"": 0.05, ""malware"": 0.0}","{""credential_attack"": 0.3211, ""data_exfiltration"": 0.1739, ""insufficient"": 0.3542, ""malware"": 0.1508}",0.6289,0.2583073216875144,0.932581978328133,0.5410347,
case_8da0e5cf1faae2ad,semantic_adjudication,22.022749995812774,215,0,security_classification,sec_credential_clear,22.0,6.0,0.1431984785579781,0.95,"credential_attack:19,malware:0,data_exfiltration:0,insufficient:1",benchmark_authored_adjudication,High-volume distributed login failures followed by successes strongly indicate credential abuse.,target,choice,credential_attack,insufficient,0.4054,0.0784,0.9216105027691933,0,0.3164,1.150748043088638,0.67065305,"{""credential_attack"": 0.95, ""data_exfiltration"": 0.0, ""insufficient"": 0.05, ""malware"": 0.0}","{""credential_attack"": 0.3164, ""data_exfiltration"": 0.1263, ""insufficient"": 0.4054, ""malware"": 0.1518}",0.63355,0.25835894218700056,0.9398394498365457,0.5667530499999999,
case_e2e91bb13c475a2c,semantic_adjudication,26.43254096619785,262,0,security_classification,sec_credential_clear,23.0,12.0,0.1431984785579781,0.95,"credential_attack:19,malware:0,data_exfiltration:0,insufficient:1",benchmark_authored_adjudication,High-volume distributed login failures followed by successes strongly indicate credential abuse.,target,choice,credential_attack,credential_attack,0.3774,0.0673,0.9326649945829814,1,0.3774,0.9744496460476871,0.5406691400000001,"{""credential_attack"": 0.95, ""data_exfiltration"": 0.0, ""insufficient"": 0.05, ""malware"": 0.0}","{""credential_attack"": 0.3774, ""data_exfiltration"": 0.1375, ""insufficient"": 0.3333, ""malware"": 0.1518}",0.5726,0.2227163062810228,0.7821475350828523,0.45007914,
case_8d1a6396bb87a400,semantic_adjudication,34.362083999440074,368,0,security_classification,sec_credential_clear,24.0,24.0,0.1431984785579781,0.95,"credential_attack:19,malware:0,data_exfiltration:0,insufficient:1",benchmark_authored_adjudication,High-volume distributed login failures followed by successes strongly indicate credential abuse.,target,choice,credential_attack,insufficient,0.3506,0.0434,0.9565351824950038,0,0.3202,1.1388094784195228,0.6392443999999999,"{""credential_attack"": 0.95, ""data_exfiltration"": 0.0, ""insufficient"": 0.05, ""malware"": 0.0}","{""credential_attack"": 0.3202, ""data_exfiltration"": 0.1624, ""insufficient"": 0.3506, ""malware"": 0.1668}",0.6297999999999999,0.25916576730786145,0.9357592264774242,0.5412043999999999,
case_5e3f1cd4bb04f7c5,semantic_adjudication,17.10916613228619,146,0,security_classification,sec_credential_clear,25.0,0.0,0.1431984785579781,0.95,"credential_attack:19,malware:0,data_exfiltration:0,insufficient:1",benchmark_authored_adjudication,High-volume distributed login failures followed by successes strongly indicate credential abuse.,target,choice,credential_attack,credential_attack,0.3674,0.064,0.9360477276317448,1,0.3674,1.0013041062011117,0.5583148000000001,"{""credential_attack"": 0.95, ""data_exfiltration"": 0.0, ""insufficient"": 0.05, ""malware"": 0.0}","{""credential_attack"": 0.3674, ""data_exfiltration"": 0.1426, ""insufficient"": 0.3392, ""malware"": 0.1508}",0.5826,0.22864365224443348,0.8067819262984031,0.4661348,
case_7d3b0655912835a2,semantic_adjudication,18.902292009443045,178,0,security_classification,sec_credential_clear,26.0,2.0,0.1431984785579781,0.95,"credential_attack:19,malware:0,data_exfiltration:0,insufficient:1",benchmark_authored_adjudication,High-volume distributed login failures followed by successes strongly indicate credential abuse.,target,choice,credential_attack,insufficient,0.3803,0.06,0.940033560389343,0,0.3171,1.1485380974378354,0.6567574300000001,"{""credential_attack"": 0.95, ""data_exfiltration"": 0.0, ""insufficient"": 0.05, ""malware"": 0.0}","{""credential_attack"": 0.3171, ""data_exfiltration"": 0.1547, ""insufficient"": 0.3803, ""malware"": 0.1478}",0.63285,0.2593777804431509,0.9409356924224671,0.55543743,
case_eeffa57647f8123f,semantic_adjudication,22.45704084634781,206,0,security_classification,sec_credential_clear,27.0,6.0,0.1431984785579781,0.95,"credential_attack:19,malware:0,data_exfiltration:0,insufficient:1",benchmark_authored_adjudication,High-volume distributed login failures followed by successes strongly indicate credential abuse.,target,choice,credential_attack,insufficient,0.4143,0.0589,0.9410247980700573,0,0.2637,1.3329431856228962,0.7656012299999999,"{""credential_attack"": 0.95, ""data_exfiltration"": 0.0, ""insufficient"": 0.05, ""malware"": 0.0}","{""credential_attack"": 0.2637, ""data_exfiltration"": 0.1588, ""insufficient"": 0.4143, ""malware"": 0.1631}",0.6862499999999999,0.29616554416584523,1.1118390294908178,0.6555412299999999,
case_8803718b50409e32,semantic_adjudication,26.532707968726754,262,0,security_classification,sec_credential_clear,28.0,12.0,0.1431984785579781,0.95,"credential_attack:19,malware:0,data_exfiltration:0,insufficient:1",benchmark_authored_adjudication,High-volume distributed login failures followed by successes strongly indicate credential abuse.,target,choice,credential_attack,credential_attack,0.3452,0.0518,0.9482644525281382,1,0.3452,1.0636313197728642,0.5942807,"{""credential_attack"": 0.95, ""data_exfiltration"": 0.0, ""insufficient"": 0.05, ""malware"": 0.0}","{""credential_attack"": 0.3452, ""data_exfiltration"": 0.1754, ""insufficient"": 0.3393, ""malware"": 0.1401}",0.6048,0.24305934867516443,0.8659780407979459,0.4998707,
case_f046106ef9be8a4f,semantic_adjudication,32.69770904444158,366,0,security_classification,sec_credential_clear,29.0,24.0,0.1431984785579781,0.95,"credential_attack:19,malware:0,data_exfiltration:0,insufficient:1",benchmark_authored_adjudication,High-volume distributed login failures followed by successes strongly indicate credential abuse.,target,choice,credential_attack,credential_attack,0.3718,0.0578,0.9421959422777632,1,0.3718,0.9893992036947934,0.5456499,"{""credential_attack"": 0.95, ""data_exfiltration"": 0.0, ""insufficient"": 0.05, ""malware"": 0.0}","{""credential_attack"": 0.3718, ""data_exfiltration"": 0.1631, ""insufficient"": 0.3227, ""malware"": 0.1424}",0.5781999999999999,0.2270047740137447,0.7979656091603922,0.4555598999999999,
case_414a5654a7384589,semantic_adjudication,18.964749993756413,146,0,security_classification,sec_exfil_border,0.0,0.0,0.6804820237218406,0.5,"credential_attack:2,malware:0,data_exfiltration:8,insufficient:10",benchmark_authored_adjudication,"The volume is suspicious, but destination and valid access make confirmed exfiltration uncertain.",target,choice,insufficient,insufficient,0.3479,0.0548,0.9451567986915246,1,0.3479,1.0558401968242408,0.58853954,"{""credential_attack"": 0.1, ""data_exfiltration"": 0.4, ""insufficient"": 0.5, ""malware"": 0.0}","{""credential_attack"": 0.3188, ""data_exfiltration"": 0.222, ""insufficient"": 0.3479, ""malware"": 0.1113}",0.3301,0.08839112311816961,0.30092199813363185,0.11507954,
case_be3ee09034ed0b8c,semantic_adjudication,18.140750005841255,169,0,security_classification,sec_exfil_border,1.0,2.0,0.6804820237218406,0.5,"credential_attack:2,malware:0,data_exfiltration:8,insufficient:10",benchmark_authored_adjudication,"The volume is suspicious, but destination and valid access make confirmed exfiltration uncertain.",target,choice,insufficient,insufficient,0.3741,0.0304,0.9695954504991305,1,0.3741,0.9832321376280366,0.52427727,"{""credential_attack"": 0.1, ""data_exfiltration"": 0.4, ""insufficient"": 0.5, ""malware"": 0.0}","{""credential_attack"": 0.2361, ""data_exfiltration"": 0.2146, ""insufficient"": 0.3741, ""malware"": 0.1753}",0.31135,0.09368410373348293,0.3082094394882617,0.09947727,
case_c2b19c4701c8daa5,semantic_adjudication,21.767667029052973,209,0,security_classification,sec_exfil_border,2.0,6.0,0.6804820237218406,0.5,"credential_attack:2,malware:0,data_exfiltration:8,insufficient:10",benchmark_authored_adjudication,"The volume is suspicious, but destination and valid access make confirmed exfiltration uncertain.",target,choice,insufficient,insufficient,0.483,0.1103,0.8897061766394254,1,0.483,0.7277386253295643,0.36571178,"{""credential_attack"": 0.1, ""data_exfiltration"": 0.4, ""insufficient"": 0.5, ""malware"": 0.0}","{""credential_attack"": 0.1645, ""data_exfiltration"": 0.2442, ""insufficient"": 0.483, ""malware"": 0.1083}",0.1728,0.05109365818260506,0.1649124781356271,0.04045178000000001,
case_aac6b98abe5ffaf0,semantic_adjudication,26.43266716040671,259,0,security_classification,sec_exfil_border,3.0,12.0,0.6804820237218406,0.5,"credential_attack:2,malware:0,data_exfiltration:8,insufficient:10",benchmark_authored_adjudication,"The volume is suspicious, but destination and valid access make confirmed exfiltration uncertain.",target,choice,insufficient,insufficient,0.4386,0.0713,0.9287497050556923,1,0.4386,0.8241674429983492,0.42543854000000003,"{""credential_attack"": 0.1, ""data_exfiltration"": 0.4, ""insufficient"": 0.5, ""malware"": 0.0}","{""credential_attack"": 0.2217, ""data_exfiltration"": 0.2112, ""insufficient"": 0.4386, ""malware"": 0.1285}",0.25020000000000003,0.07216231168581931,0.24135823626613484,0.07073854,
case_b20a8dc883564e4f,semantic_adjudication,32.4545418843627,366,0,security_classification,sec_exfil_border,4.0,24.0,0.6804820237218406,0.5,"credential_attack:2,malware:0,data_exfiltration:8,insufficient:10",benchmark_authored_adjudication,"The volume is suspicious, but destination and valid access make confirmed exfiltration uncertain.",target,choice,insufficient,insufficient,0.4229,0.0834,0.9166396832876038,1,0.4229,0.8606195345036941,0.45972309999999994,"{""credential_attack"": 0.1, ""data_exfiltration"": 0.4, ""insufficient"": 0.5, ""malware"": 0.0}","{""credential_attack"": 0.2117, ""data_exfiltration"": 0.2696, ""insufficient"": 0.4229, ""malware"": 0.0958}",0.20750000000000002,0.051436398958515234,0.16654624498453366,0.04460310000000001,
case_fcd105971581cb39,semantic_adjudication,127.58754217065871,143,0,security_classification,sec_exfil_border,5.0,0.0,0.6804820237218406,0.5,"credential_attack:2,malware:0,data_exfiltration:8,insufficient:10",benchmark_authored_adjudication,"The volume is suspicious, but destination and valid access make confirmed exfiltration uncertain.",target,choice,insufficient,insufficient,0.3745,0.0606,0.9394335648117543,1,0.3745,0.9821634760248629,0.5387395399999999,"{""credential_attack"": 0.1, ""data_exfiltration"": 0.4, ""insufficient"": 0.5, ""malware"": 0.0}","{""credential_attack"": 0.2704, ""data_exfiltration"": 0.2528, ""insufficient"": 0.3745, ""malware"": 0.1023}",0.2727,0.06869783605638333,0.2285812858484989,0.07691954,
case_3210db58586eabbe,semantic_adjudication,18.58266582712531,175,0,security_classification,sec_exfil_border,6.0,2.0,0.6804820237218406,0.5,"credential_attack:2,malware:0,data_exfiltration:8,insufficient:10",benchmark_authored_adjudication,"The volume is suspicious, but destination and valid access make confirmed exfiltration uncertain.",target,choice,insufficient,insufficient,0.4141,0.0748,0.9251767712556836,1,0.4141,0.8816477884306154,0.47177275,"{""credential_attack"": 0.1, ""data_exfiltration"": 0.4, ""insufficient"": 0.5, ""malware"": 0.0}","{""credential_attack"": 0.2212, ""data_exfiltration"": 0.2631, ""insufficient"": 0.4141, ""malware"": 0.1017}",0.22285,0.056103878034267,0.18243273919402023,0.051152750000000004,
case_9bb49f6fffe7f63f,semantic_adjudication,21.73404209315777,205,0,security_classification,sec_exfil_border,7.0,6.0,0.6804820237218406,0.5,"credential_attack:2,malware:0,data_exfiltration:8,insufficient:10",benchmark_authored_adjudication,"The volume is suspicious, but destination and valid access make confirmed exfiltration uncertain.",target,choice,insufficient,insufficient,0.4508,0.0841,0.9158734688320007,1,0.4508,0.7967314968165159,0.40963158000000005,"{""credential_attack"": 0.1, ""data_exfiltration"": 0.4, ""insufficient"": 0.5, ""malware"": 0.0}","{""credential_attack"": 0.229, ""data_exfiltration"": 0.2065, ""insufficient"": 0.4508, ""malware"": 0.1137}",0.24270000000000003,0.0687399166405516,0.23340263025442828,0.06943158,
case_f09424a6306dcc3b,semantic_adjudication,23.354957811534405,255,0,security_classification,sec_exfil_border,8.0,12.0,0.6804820237218406,0.5,"credential_attack:2,malware:0,data_exfiltration:8,insufficient:10",benchmark_authored_adjudication,"The volume is suspicious, but destination and valid access make confirmed exfiltration uncertain.",target,choice,insufficient,insufficient,0.4555,0.0867,0.9133026369314509,1,0.4555,0.786359562282124,0.40242794,"{""credential_attack"": 0.1, ""data_exfiltration"": 0.4, ""insufficient"": 0.5, ""malware"": 0.0}","{""credential_attack"": 0.2113, ""data_exfiltration"": 0.2204, ""insufficient"": 0.4555, ""malware"": 0.1128}",0.2241,0.06296981002436777,0.2102035049293864,0.05934794,
case_53cdc583f5795fb3,semantic_adjudication,32.67350001260638,364,0,security_classification,sec_exfil_border,9.0,24.0,0.6804820237218406,0.5,"credential_attack:2,malware:0,data_exfiltration:8,insufficient:10",benchmark_authored_adjudication,"The volume is suspicious, but destination and valid access make confirmed exfiltration uncertain.",target,choice,insufficient,insufficient,0.3848,0.0653,0.934731250705052,1,0.3848,0.9550315601905857,0.52165059,"{""credential_attack"": 0.1, ""data_exfiltration"": 0.4, ""insufficient"": 0.5, ""malware"": 0.0}","{""credential_attack"": 0.2427, ""data_exfiltration"": 0.2725, ""insufficient"": 0.3848, ""malware"": 0.1001}",0.24275000000000002,0.05984741724572039,0.19580697034274702,0.05991059000000001,
case_d6e0740eff982458,semantic_adjudication,16.788584180176258,149,0,security_classification,sec_exfil_border,10.0,0.0,0.6804820237218406,0.5,"credential_attack:2,malware:0,data_exfiltration:8,insufficient:10",benchmark_authored_adjudication,"The volume is suspicious, but destination and valid access make confirmed exfiltration uncertain.",target,choice,insufficient,insufficient,0.3792,0.0627,0.9372887325013787,1,0.3792,0.9696915086012704,0.53083546,"{""credential_attack"": 0.1, ""data_exfiltration"": 0.4, ""insufficient"": 0.5, ""malware"": 0.0}","{""credential_attack"": 0.2675, ""data_exfiltration"": 0.2524, ""insufficient"": 0.3792, ""malware"": 0.1009}",0.2684,0.06736150660013795,0.2240569925622351,0.07461546000000001,
case_ec58bef4bf18e3aa,semantic_adjudication,20.369332982227206,171,0,security_classification,sec_exfil_border,11.0,2.0,0.6804820237218406,0.5,"credential_attack:2,malware:0,data_exfiltration:8,insufficient:10",benchmark_authored_adjudication,"The volume is suspicious, but destination and valid access make confirmed exfiltration uncertain.",target,choice,insufficient,insufficient,0.3586,0.039,0.9609586368133419,1,0.3586,1.0255477178111045,0.5585699099999999,"{""credential_attack"": 0.1, ""data_exfiltration"": 0.4, ""insufficient"": 0.5, ""malware"": 0.0}","{""credential_attack"": 0.2317, ""data_exfiltration"": 0.2741, ""insufficient"": 0.3586, ""malware"": 0.1355}",0.26725,0.07216457128199022,0.23336156160025254,0.07154991000000001,
case_522d004784d896d3,semantic_adjudication,26.965874945744872,206,0,security_classification,sec_exfil_border,12.0,6.0,0.6804820237218406,0.5,"credential_attack:2,malware:0,data_exfiltration:8,insufficient:10",benchmark_authored_adjudication,"The volume is suspicious, but destination and valid access make confirmed exfiltration uncertain.",target,choice,insufficient,insufficient,0.4027,0.0755,0.9244693597289495,1,0.4027,0.9095634111247286,0.4928913799999999,"{""credential_attack"": 0.1, ""data_exfiltration"": 0.4, ""insufficient"": 0.5, ""malware"": 0.0}","{""credential_attack"": 0.2682, ""data_exfiltration"": 0.2354, ""insufficient"": 0.4027, ""malware"": 0.0937}",0.2619,0.06582361238382155,0.2216231777091653,0.07363138000000001,
case_5c423c3bd25ead9d,semantic_adjudication,456.3508750870824,252,0,security_classification,sec_exfil_border,13.0,12.0,0.6804820237218406,0.5,"credential_attack:2,malware:0,data_exfiltration:8,insufficient:10",benchmark_authored_adjudication,"The volume is suspicious, but destination and valid access make confirmed exfiltration uncertain.",target,choice,insufficient,insufficient,0.5025,0.1302,0.8698368944329619,1,0.5025,0.6881596390489063,0.34005719000000006,"{""credential_attack"": 0.1, ""data_exfiltration"": 0.4, ""insufficient"": 0.5, ""malware"": 0.0}","{""credential_attack"": 0.2043, ""data_exfiltration"": 0.2091, ""insufficient"": 0.5025, ""malware"": 0.0842}",0.19094999999999998,0.05351476165114122,0.1855250739302897,0.054417190000000004,
case_9f34acb48350258c,semantic_adjudication,43.132167076691985,367,0,security_classification,sec_exfil_border,14.0,24.0,0.6804820237218406,0.5,"credential_attack:2,malware:0,data_exfiltration:8,insufficient:10",benchmark_authored_adjudication,"The volume is suspicious, but destination and valid access make confirmed exfiltration uncertain.",target,choice,insufficient,insufficient,0.4674,0.1129,0.8871205935465069,1,0.4674,0.7605698568773795,0.39337420999999995,"{""credential_attack"": 0.1, ""data_exfiltration"": 0.4, ""insufficient"": 0.5, ""malware"": 0.0}","{""credential_attack"": 0.192, ""data_exfiltration"": 0.2564, ""insufficient"": 0.4674, ""malware"": 0.0843}",0.17625000000000002,0.044778450560570185,0.1463691483793349,0.03725421,
case_5834f00cc3977ba7,semantic_adjudication,78.42699997127056,144,0,security_classification,sec_exfil_border,15.0,0.0,0.6804820237218406,0.5,"credential_attack:2,malware:0,data_exfiltration:8,insufficient:10",benchmark_authored_adjudication,"The volume is suspicious, but destination and valid access make confirmed exfiltration uncertain.",target,choice,insufficient,insufficient,0.4419,0.0911,0.908933189441693,1,0.4419,0.8166716668454428,0.42911654000000005,"{""credential_attack"": 0.1, ""data_exfiltration"": 0.4, ""insufficient"": 0.5, ""malware"": 0.0}","{""credential_attack"": 0.2643, ""data_exfiltration"": 0.195, ""insufficient"": 0.4419, ""malware"": 0.0988}",0.2631,0.07237302047202661,0.25195677499822766,0.08215654,
case_250cf9399a183b96,semantic_adjudication,38.87083288282156,171,0,security_classification,sec_exfil_border,16.0,2.0,0.6804820237218406,0.5,"credential_attack:2,malware:0,data_exfiltration:8,insufficient:10",benchmark_authored_adjudication,"The volume is suspicious, but destination and valid access make confirmed exfiltration uncertain.",target,choice,insufficient,insufficient,0.5072,0.126,0.8739385919220877,1,0.5072,0.6788498758591209,0.33082174000000003,"{""credential_attack"": 0.1, ""data_exfiltration"": 0.4, ""insufficient"": 0.5, ""malware"": 0.0}","{""credential_attack"": 0.2137, ""data_exfiltration"": 0.1805, ""insufficient"": 0.5072, ""malware"": 0.0986}",0.2195,0.06600051540515779,0.23520455774990529,0.07088174000000001,
case_ca6d5ed04f0e42be,semantic_adjudication,24.736375082284212,204,0,security_classification,sec_exfil_border,17.0,6.0,0.6804820237218406,0.5,"credential_attack:2,malware:0,data_exfiltration:8,insufficient:10",benchmark_authored_adjudication,"The volume is suspicious, but destination and valid access make confirmed exfiltration uncertain.",target,choice,insufficient,insufficient,0.4594,0.102,0.898001429442642,1,0.4594,0.7778339887271393,0.40209642,"{""credential_attack"": 0.1, ""data_exfiltration"": 0.4, ""insufficient"": 0.5, ""malware"": 0.0}","{""credential_attack"": 0.2199, ""data_exfiltration"": 0.2313, ""insufficient"": 0.4594, ""malware"": 0.0894}",0.2093,0.05433553734757207,0.18264272407457,0.05247642000000001,
case_17cefba27fbe1a64,semantic_adjudication,31.08775010332465,262,0,security_classification,sec_exfil_border,18.0,12.0,0.6804820237218406,0.5,"credential_attack:2,malware:0,data_exfiltration:8,insufficient:10",benchmark_authored_adjudication,"The volume is suspicious, but destination and valid access make confirmed exfiltration uncertain.",target,choice,insufficient,insufficient,0.5196,0.1313,0.8686415204514725,1,0.5196,0.6546959941856927,0.31260730000000003,"{""credential_attack"": 0.1, ""data_exfiltration"": 0.4, ""insufficient"": 0.5, ""malware"": 0.0}","{""credential_attack"": 0.2047, ""data_exfiltration"": 0.1688, ""insufficient"": 0.5196, ""malware"": 0.1069}",0.23119999999999996,0.07051087214095383,0.25423686212340857,0.0762273,
case_eebe53add6ad5014,semantic_adjudication,100.17220792360604,357,0,security_classification,sec_exfil_border,19.0,24.0,0.6804820237218406,0.5,"credential_attack:2,malware:0,data_exfiltration:8,insufficient:10",benchmark_authored_adjudication,"The volume is suspicious, but destination and valid access make confirmed exfiltration uncertain.",target,choice,insufficient,insufficient,0.3597,0.0557,0.9442997630418953,1,0.3597,1.0224849282805588,0.56506474,"{""credential_attack"": 0.1, ""data_exfiltration"": 0.4, ""insufficient"": 0.5, ""malware"": 0.0}","{""credential_attack"": 0.241, ""data_exfiltration"": 0.2926, ""insufficient"": 0.3597, ""malware"": 0.1067}",0.24769999999999998,0.061931793714568605,0.20176942251883362,0.06248473999999999,
case_2a64cb4173adb0d3,semantic_adjudication,17.544209025800228,146,0,security_classification,sec_exfil_border,20.0,0.0,0.6804820237218406,0.5,"credential_attack:2,malware:0,data_exfiltration:8,insufficient:10",benchmark_authored_adjudication,"The volume is suspicious, but destination and valid access make confirmed exfiltration uncertain.",target,choice,insufficient,insufficient,0.3747,0.0679,0.9321405670596239,1,0.3747,0.9816295731824954,0.5448001,"{""credential_attack"": 0.1, ""data_exfiltration"": 0.4, ""insufficient"": 0.5, ""malware"": 0.0}","{""credential_attack"": 0.3253, ""data_exfiltration"": 0.1886, ""insufficient"": 0.3747, ""malware"": 0.1114}",0.3367,0.09394191440128115,0.32701790232560357,0.1235601,
case_b5f7dae23890ea46,semantic_adjudication,18.825832987204194,169,0,security_classification,sec_exfil_border,21.0,2.0,0.6804820237218406,0.5,"credential_attack:2,malware:0,data_exfiltration:8,insufficient:10",benchmark_authored_adjudication,"The volume is suspicious, but destination and valid access make confirmed exfiltration uncertain.",target,choice,insufficient,insufficient,0.3734,0.0385,0.9615536900677871,1,0.3734,0.9851050478745148,0.5301928,"{""credential_attack"": 0.1, ""data_exfiltration"": 0.4, ""insufficient"": 0.5, ""malware"": 0.0}","{""credential_attack"": 0.2678, ""data_exfiltration"": 0.2066, ""insufficient"": 0.3734, ""malware"": 0.1522}",0.32,0.09290502995706491,0.3117439050993642,0.1047528,
case_1cfeb8b57e711193,semantic_adjudication,23.891415912657976,207,0,security_classification,sec_exfil_border,22.0,6.0,0.6804820237218406,0.5,"credential_attack:2,malware:0,data_exfiltration:8,insufficient:10",benchmark_authored_adjudication,"The volume is suspicious, but destination and valid access make confirmed exfiltration uncertain.",target,choice,insufficient,insufficient,0.4176,0.0876,0.9124680451996271,1,0.4176,0.873231242413708,0.47105533,"{""credential_attack"": 0.1, ""data_exfiltration"": 0.4, ""insufficient"": 0.5, ""malware"": 0.0}","{""credential_attack"": 0.224, ""data_exfiltration"": 0.2726, ""insufficient"": 0.4176, ""malware"": 0.0859}",0.20984999999999998,0.049862962184607285,0.16277805547840643,0.045775329999999996,
case_5ea7236fdb15ff01,semantic_adjudication,29.731916962191463,258,0,security_classification,sec_exfil_border,23.0,12.0,0.6804820237218406,0.5,"credential_attack:2,malware:0,data_exfiltration:8,insufficient:10",benchmark_authored_adjudication,"The volume is suspicious, but destination and valid access make confirmed exfiltration uncertain.",target,choice,insufficient,insufficient,0.4128,0.0617,0.938278863817213,1,0.4128,0.8847920648147841,0.46830893999999995,"{""credential_attack"": 0.1, ""data_exfiltration"": 0.4, ""insufficient"": 0.5, ""malware"": 0.0}","{""credential_attack"": 0.2619, ""data_exfiltration"": 0.1943, ""insufficient"": 0.4128, ""malware"": 0.131}",0.29290000000000005,0.08442496815914204,0.2883676618646969,0.09328894000000001,
case_c7ce0ace82272818,semantic_adjudication,33.00775005482137,365,0,security_classification,sec_exfil_border,24.0,24.0,0.6804820237218406,0.5,"credential_attack:2,malware:0,data_exfiltration:8,insufficient:10",benchmark_authored_adjudication,"The volume is suspicious, but destination and valid access make confirmed exfiltration uncertain.",target,choice,insufficient,insufficient,0.3495,0.0453,0.9547121656777994,1,0.3495,1.0512517173082723,0.5799490600000001,"{""credential_attack"": 0.1, ""data_exfiltration"": 0.4, ""insufficient"": 0.5, ""malware"": 0.0}","{""credential_attack"": 0.2264, ""data_exfiltration"": 0.3004, ""insufficient"": 0.3495, ""malware"": 0.1237}",0.2501,0.06568824232115027,0.21187880322727076,0.06384906000000001,
case_cd5a5b96fadd1ee7,semantic_adjudication,17.61345798149705,143,0,security_classification,sec_exfil_border,25.0,0.0,0.6804820237218406,0.5,"credential_attack:2,malware:0,data_exfiltration:8,insufficient:10",benchmark_authored_adjudication,"The volume is suspicious, but destination and valid access make confirmed exfiltration uncertain.",target,choice,insufficient,insufficient,0.308,0.0378,0.9622532216966745,1,0.308,1.1776554960085626,0.6565732599999999,"{""credential_attack"": 0.1, ""data_exfiltration"": 0.4, ""insufficient"": 0.5, ""malware"": 0.0}","{""credential_attack"": 0.2791, ""data_exfiltration"": 0.2918, ""insufficient"": 0.308, ""malware"": 0.1211}",0.3002,0.07975415517040478,0.2657725266766088,0.09531326000000001,
case_529f3799038fa814,semantic_adjudication,19.928333116695285,175,0,security_classification,sec_exfil_border,26.0,2.0,0.6804820237218406,0.5,"credential_attack:2,malware:0,data_exfiltration:8,insufficient:10",benchmark_authored_adjudication,"The volume is suspicious, but destination and valid access make confirmed exfiltration uncertain.",target,choice,insufficient,insufficient,0.4021,0.0571,0.9429436501320951,1,0.4021,0.9110544650789086,0.48527891999999995,"{""credential_attack"": 0.1, ""data_exfiltration"": 0.4, ""insufficient"": 0.5, ""malware"": 0.0}","{""credential_attack"": 0.2399, ""data_exfiltration"": 0.2345, ""insufficient"": 0.4021, ""malware"": 0.1235}",0.2634,0.07121331301237023,0.23505202756238514,0.07179892,
case_9051c05b279393a3,semantic_adjudication,21.755416877567768,205,0,security_classification,sec_exfil_border,27.0,6.0,0.6804820237218406,0.5,"credential_attack:2,malware:0,data_exfiltration:8,insufficient:10",benchmark_authored_adjudication,"The volume is suspicious, but destination and valid access make confirmed exfiltration uncertain.",target,choice,insufficient,insufficient,0.5248,0.151,0.8490818787639393,1,0.5248,0.6447380413522577,0.31225081,"{""credential_attack"": 0.1, ""data_exfiltration"": 0.4, ""insufficient"": 0.5, ""malware"": 0.0}","{""credential_attack"": 0.2313, ""data_exfiltration"": 0.1618, ""insufficient"": 0.5248, ""malware"": 0.0822}",0.23825000000000002,0.0680742686106842,0.25398230906466224,0.08135081000000001,
case_2e81bab3002ad3b7,semantic_adjudication,27.061583008617163,261,0,security_classification,sec_exfil_border,28.0,12.0,0.6804820237218406,0.5,"credential_attack:2,malware:0,data_exfiltration:8,insufficient:10",benchmark_authored_adjudication,"The volume is suspicious, but destination and valid access make confirmed exfiltration uncertain.",target,choice,insufficient,insufficient,0.4673,0.0939,0.906069035344165,1,0.4673,0.7607838292757566,0.38497509999999996,"{""credential_attack"": 0.1, ""data_exfiltration"": 0.4, ""insufficient"": 0.5, ""malware"": 0.0}","{""credential_attack"": 0.2057, ""data_exfiltration"": 0.2156, ""insufficient"": 0.4673, ""malware"": 0.1114}",0.21710000000000002,0.06223621169168008,0.2089093465200796,0.0586551,
case_cf18a33117286120,semantic_adjudication,35.251333843916655,357,0,security_classification,sec_exfil_border,29.0,24.0,0.6804820237218406,0.5,"credential_attack:2,malware:0,data_exfiltration:8,insufficient:10",benchmark_authored_adjudication,"The volume is suspicious, but destination and valid access make confirmed exfiltration uncertain.",target,choice,insufficient,insufficient,0.4941,0.1286,0.8713715616441083,1,0.4941,0.7050173531304328,0.35409076,"{""credential_attack"": 0.1, ""data_exfiltration"": 0.4, ""insufficient"": 0.5, ""malware"": 0.0}","{""credential_attack"": 0.1783, ""data_exfiltration"": 0.2435, ""insufficient"": 0.4941, ""malware"": 0.0841}",0.16240000000000002,0.0443494439036156,0.14664439423127842,0.03773076,
case_0e0a644f9f2adac5,semantic_adjudication,20.866625010967255,141,0,security_classification,sec_malware_border,0.0,0.0,0.4958800740904867,0.75,"credential_attack:0,malware:15,data_exfiltration:1,insufficient:4",benchmark_authored_adjudication,"Behavior is strongly malware-like, but execution was blocked before full confirmation.",target,choice,malware,malware,0.4549,0.0752,0.9247193732888049,1,0.4549,0.7876776644061786,0.3983920399999999,"{""credential_attack"": 0.0, ""data_exfiltration"": 0.05, ""insufficient"": 0.2, ""malware"": 0.75}","{""credential_attack"": 0.1735, ""data_exfiltration"": 0.1533, ""insufficient"": 0.2183, ""malware"": 0.4549}",0.2951,0.09233927215727224,0.30146742554174477,0.12819203999999998,
case_ce6ce8babcf07898,semantic_adjudication,21.197832887992263,163,0,security_classification,sec_malware_border,1.0,2.0,0.4958800740904867,0.75,"credential_attack:0,malware:15,data_exfiltration:1,insufficient:4",benchmark_authored_adjudication,"Behavior is strongly malware-like, but execution was blocked before full confirmation.",target,choice,malware,insufficient,0.4254,0.0838,0.9161443609375544,0,0.2971,1.2136864965135752,0.7141527000000001,"{""credential_attack"": 0.0, ""data_exfiltration"": 0.05, ""insufficient"": 0.2, ""malware"": 0.75}","{""credential_attack"": 0.1563, ""data_exfiltration"": 0.1212, ""insufficient"": 0.4254, ""malware"": 0.2971}",0.4529,0.13320247767442636,0.49928985739237225,0.28542270000000003,
case_311882c0bb721457,semantic_adjudication,21.755625028163195,204,0,security_classification,sec_malware_border,2.0,6.0,0.4958800740904867,0.75,"credential_attack:0,malware:15,data_exfiltration:1,insufficient:4",benchmark_authored_adjudication,"Behavior is strongly malware-like, but execution was blocked before full confirmation.",target,choice,malware,insufficient,0.4195,0.0656,0.9343938811428666,0,0.2717,1.303056762549835,0.7540843599999999,"{""credential_attack"": 0.0, ""data_exfiltration"": 0.05, ""insufficient"": 0.2, ""malware"": 0.75}","{""credential_attack"": 0.1529, ""data_exfiltration"": 0.1559, ""insufficient"": 0.4195, ""malware"": 0.2717}",0.4783,0.1453808673765019,0.5565221971699165,0.31154436,
case_5978598e08df26f8,semantic_adjudication,41.19704104959965,244,0,security_classification,sec_malware_border,3.0,12.0,0.4958800740904867,0.75,"credential_attack:0,malware:15,data_exfiltration:1,insufficient:4",benchmark_authored_adjudication,"Behavior is strongly malware-like, but execution was blocked before full confirmation.",target,choice,malware,insufficient,0.4724,0.1033,0.8967353275084191,0,0.257,1.3586791940869172,0.81224926,"{""credential_attack"": 0.0, ""data_exfiltration"": 0.05, ""insufficient"": 0.2, ""malware"": 0.75}","{""credential_attack"": 0.1207, ""data_exfiltration"": 0.1499, ""insufficient"": 0.4724, ""malware"": 0.257}",0.493,0.14630612342015753,0.5764488276872979,0.34179926,
case_f6397d7eaa11fbaa,semantic_adjudication,456.0254169628024,362,0,security_classification,sec_malware_border,4.0,24.0,0.4958800740904867,0.75,"credential_attack:0,malware:15,data_exfiltration:1,insufficient:4",benchmark_authored_adjudication,"Behavior is strongly malware-like, but execution was blocked before full confirmation.",target,choice,malware,insufficient,0.3312,0.0305,0.9695120262039103,0,0.312,1.1647520911726548,0.6468283399999999,"{""credential_attack"": 0.0, ""data_exfiltration"": 0.05, ""insufficient"": 0.2, ""malware"": 0.75}","{""credential_attack"": 0.1701, ""data_exfiltration"": 0.1867, ""insufficient"": 0.3312, ""malware"": 0.312}",0.438,0.13468877452525804,0.49104750059206526,0.25667834,
case_d2c3556c97482ae4,semantic_adjudication,17.88041600957513,138,0,security_classification,sec_malware_border,5.0,0.0,0.4958800740904867,0.75,"credential_attack:0,malware:15,data_exfiltration:1,insufficient:4",benchmark_authored_adjudication,"Behavior is strongly malware-like, but execution was blocked before full confirmation.",target,choice,malware,malware,0.4294,0.0734,0.9265794555367012,1,0.4294,0.8453663935374564,0.44382823000000005,"{""credential_attack"": 0.0, ""data_exfiltration"": 0.05, ""insufficient"": 0.2, ""malware"": 0.75}","{""credential_attack"": 0.1785, ""data_exfiltration"": 0.1269, ""insufficient"": 0.2651, ""malware"": 0.4294}",0.32055,0.09485898229779464,0.31533647300025813,0.14479822999999997,
case_e55afd1abb13e67a,semantic_adjudication,20.263666985556483,172,0,security_classification,sec_malware_border,6.0,2.0,0.4958800740904867,0.75,"credential_attack:0,malware:15,data_exfiltration:1,insufficient:4",benchmark_authored_adjudication,"Behavior is strongly malware-like, but execution was blocked before full confirmation.",target,choice,malware,malware,0.3382,0.0457,0.9543563995312886,1,0.3382,1.0841178425176572,0.6040999399999999,"{""credential_attack"": 0.0, ""data_exfiltration"": 0.05, ""insufficient"": 0.2, ""malware"": 0.75}","{""credential_attack"": 0.1866, ""data_exfiltration"": 0.1417, ""insufficient"": 0.3335, ""malware"": 0.3382}",0.4118,0.12448605757157463,0.4429772707244545,0.23062993999999998,
case_e5bb2e54ae27b8ac,semantic_adjudication,26.184792164713144,200,0,security_classification,sec_malware_border,7.0,6.0,0.4958800740904867,0.75,"credential_attack:0,malware:15,data_exfiltration:1,insufficient:4",benchmark_authored_adjudication,"Behavior is strongly malware-like, but execution was blocked before full confirmation.",target,choice,malware,insufficient,0.3944,0.0583,0.9416865833945762,0,0.2929,1.2279240251484493,0.7048158700000001,"{""credential_attack"": 0.0, ""data_exfiltration"": 0.05, ""insufficient"": 0.2, ""malware"": 0.75}","{""credential_attack"": 0.1707, ""data_exfiltration"": 0.1419, ""insufficient"": 0.3944, ""malware"": 0.2929}",0.45704999999999996,0.13865190363521412,0.5172168343495199,0.28431586999999997,
case_d777748c5deb78b4,semantic_adjudication,25.096290977671742,254,0,security_classification,sec_malware_border,8.0,12.0,0.4958800740904867,0.75,"credential_attack:0,malware:15,data_exfiltration:1,insufficient:4",benchmark_authored_adjudication,"Behavior is strongly malware-like, but execution was blocked before full confirmation.",target,choice,malware,insufficient,0.3619,0.0644,0.9356349626341681,0,0.3432,1.0694419113683298,0.6065216600000001,"{""credential_attack"": 0.0, ""data_exfiltration"": 0.05, ""insufficient"": 0.2, ""malware"": 0.75}","{""credential_attack"": 0.129, ""data_exfiltration"": 0.1659, ""insufficient"": 0.3619, ""malware"": 0.3432}",0.4068,0.11171107237836342,0.4077416567946671,0.22177166,
case_ed3e3b33a7bf726d,semantic_adjudication,36.31825000047684,355,0,security_classification,sec_malware_border,9.0,24.0,0.4958800740904867,0.75,"credential_attack:0,malware:15,data_exfiltration:1,insufficient:4",benchmark_authored_adjudication,"Behavior is strongly malware-like, but execution was blocked before full confirmation.",target,choice,malware,insufficient,0.3673,0.0386,0.9613878860044358,0,0.2865,1.250016742827343,0.7040701400000001,"{""credential_attack"": 0.0, ""data_exfiltration"": 0.05, ""insufficient"": 0.2, ""malware"": 0.75}","{""credential_attack"": 0.1644, ""data_exfiltration"": 0.1818, ""insufficient"": 0.3673, ""malware"": 0.2865}",0.4635,0.1430989009958731,0.5356344767103929,0.28722014,
case_5c64562396488cc9,semantic_adjudication,17.27391709573567,144,0,security_classification,sec_malware_border,10.0,0.0,0.4958800740904867,0.75,"credential_attack:0,malware:15,data_exfiltration:1,insufficient:4",benchmark_authored_adjudication,"Behavior is strongly malware-like, but execution was blocked before full confirmation.",target,choice,malware,malware,0.4704,0.0854,0.9145429558988976,1,0.4704,0.7541718823977199,0.3758413400000001,"{""credential_attack"": 0.0, ""data_exfiltration"": 0.05, ""insufficient"": 0.2, ""malware"": 0.75}","{""credential_attack"": 0.1806, ""data_exfiltration"": 0.1441, ""insufficient"": 0.2049, ""malware"": 0.4704}",0.2796,0.09066352167232186,0.2921021948412243,0.11967134000000001,
case_38997320f85318d2,semantic_adjudication,18.32895795814693,164,0,security_classification,sec_malware_border,11.0,2.0,0.4958800740904867,0.75,"credential_attack:0,malware:15,data_exfiltration:1,insufficient:4",benchmark_authored_adjudication,"Behavior is strongly malware-like, but execution was blocked before full confirmation.",target,choice,malware,insufficient,0.5053,0.1256,0.8743456628036979,0,0.2379,1.435904861673225,0.86948962,"{""credential_attack"": 0.0, ""data_exfiltration"": 0.05, ""insufficient"": 0.2, ""malware"": 0.75}","{""credential_attack"": 0.1424, ""data_exfiltration"": 0.1144, ""insufficient"": 0.5053, ""malware"": 0.2379}",0.5121,0.15969896312932202,0.6344161990902402,0.37987962,
case_dfb856b4fae465d5,semantic_adjudication,24.094958091154695,199,0,security_classification,sec_malware_border,12.0,6.0,0.4958800740904867,0.75,"credential_attack:0,malware:15,data_exfiltration:1,insufficient:4",benchmark_authored_adjudication,"Behavior is strongly malware-like, but execution was blocked before full confirmation.",target,choice,malware,insufficient,0.4788,0.0954,0.904594004405337,0,0.2229,1.501032038590314,0.8778564200000001,"{""credential_attack"": 0.0, ""data_exfiltration"": 0.05, ""insufficient"": 0.2, ""malware"": 0.75}","{""credential_attack"": 0.1599, ""data_exfiltration"": 0.1384, ""insufficient"": 0.4788, ""malware"": 0.2229}",0.5271,0.17107292814416128,0.6845131012889724,0.38894642,
case_b12bda94e9ca9927,semantic_adjudication,23.05191708728671,252,0,security_classification,sec_malware_border,13.0,12.0,0.4958800740904867,0.75,"credential_attack:0,malware:15,data_exfiltration:1,insufficient:4",benchmark_authored_adjudication,"Behavior is strongly malware-like, but execution was blocked before full confirmation.",target,choice,malware,insufficient,0.4312,0.0729,0.9270997843556437,0,0.2683,1.3156495215505586,0.7664858600000001,"{""credential_attack"": 0.0, ""data_exfiltration"": 0.05, ""insufficient"": 0.2, ""malware"": 0.75}","{""credential_attack"": 0.1473, ""data_exfiltration"": 0.1532, ""insufficient"": 0.4312, ""malware"": 0.2683}",0.4817,0.14576413020455775,0.5613385936208158,0.31783586,
case_6dfe273350ba13c1,semantic_adjudication,34.755832981318235,359,0,security_classification,sec_malware_border,14.0,24.0,0.4958800740904867,0.75,"credential_attack:0,malware:15,data_exfiltration:1,insufficient:4",benchmark_authored_adjudication,"Behavior is strongly malware-like, but execution was blocked before full confirmation.",target,choice,malware,insufficient,0.3581,0.0385,0.9615159498667402,0,0.2998,1.2046396933136396,0.6770438599999999,"{""credential_attack"": 0.0, ""data_exfiltration"": 0.05, ""insufficient"": 0.2, ""malware"": 0.75}","{""credential_attack"": 0.1686, ""data_exfiltration"": 0.1735, ""insufficient"": 0.3581, ""malware"": 0.2998}",0.4502,0.1377070049478049,0.5090115038571856,0.27135385999999995,
case_60b43d6536885836,semantic_adjudication,17.58104097098112,139,0,security_classification,sec_malware_border,15.0,0.0,0.4958800740904867,0.75,"credential_attack:0,malware:15,data_exfiltration:1,insufficient:4",benchmark_authored_adjudication,"Behavior is strongly malware-like, but execution was blocked before full confirmation.",target,choice,malware,malware,0.4761,0.1119,0.8881249345187221,1,0.4761,0.7421273627816639,0.37899462,"{""credential_attack"": 0.0, ""data_exfiltration"": 0.05, ""insufficient"": 0.2, ""malware"": 0.75}","{""credential_attack"": 0.1529, ""data_exfiltration"": 0.107, ""insufficient"": 0.264, ""malware"": 0.4761}",0.2739,0.07592527761648599,0.2472673289760684,0.10574462,
case_d5aad107ccff327b,semantic_adjudication,19.088666886091232,166,0,security_classification,sec_malware_border,16.0,2.0,0.4958800740904867,0.75,"credential_attack:0,malware:15,data_exfiltration:1,insufficient:4",benchmark_authored_adjudication,"Behavior is strongly malware-like, but execution was blocked before full confirmation.",target,choice,malware,insufficient,0.4471,0.0809,0.9191612297026909,0,0.2564,1.361016553935622,0.7969779,"{""credential_attack"": 0.0, ""data_exfiltration"": 0.05, ""insufficient"": 0.2, ""malware"": 0.75}","{""credential_attack"": 0.1578, ""data_exfiltration"": 0.1387, ""insufficient"": 0.4471, ""malware"": 0.2564}",0.4936,0.15295248597907807,0.593093361679869,0.3374679,
case_fd5a0ff8eb325f74,semantic_adjudication,22.227125009521842,200,0,security_classification,sec_malware_border,17.0,6.0,0.4958800740904867,0.75,"credential_attack:0,malware:15,data_exfiltration:1,insufficient:4",benchmark_authored_adjudication,"Behavior is strongly malware-like, but execution was blocked before full confirmation.",target,choice,malware,insufficient,0.3882,0.0926,0.9073785058331822,0,0.3572,1.029459429979793,0.59679464,"{""credential_attack"": 0.0, ""data_exfiltration"": 0.05, ""insufficient"": 0.2, ""malware"": 0.75}","{""credential_attack"": 0.143, ""data_exfiltration"": 0.1116, ""insufficient"": 0.3882, ""malware"": 0.3572}",0.3928,0.10651210264178392,0.3835474550826811,0.21395463999999997,
case_87e0e03e57cf889c,semantic_adjudication,26.89658314920962,259,0,security_classification,sec_malware_border,18.0,12.0,0.4958800740904867,0.75,"credential_attack:0,malware:15,data_exfiltration:1,insufficient:4",benchmark_authored_adjudication,"Behavior is strongly malware-like, but execution was blocked before full confirmation.",target,choice,malware,malware,0.345,0.052,0.9480289675825921,1,0.345,1.0642108619507773,0.59507321,"{""credential_attack"": 0.0, ""data_exfiltration"": 0.05, ""insufficient"": 0.2, ""malware"": 0.75}","{""credential_attack"": 0.1448, ""data_exfiltration"": 0.1689, ""insufficient"": 0.3414, ""malware"": 0.345}",0.40505,0.1149241421061093,0.4145849124425062,0.21912321,
case_2b7610459736f028,semantic_adjudication,34.87287485040724,360,0,security_classification,sec_malware_border,19.0,24.0,0.4958800740904867,0.75,"credential_attack:0,malware:15,data_exfiltration:1,insufficient:4",benchmark_authored_adjudication,"Behavior is strongly malware-like, but execution was blocked before full confirmation.",target,choice,malware,insufficient,0.4063,0.0588,0.9411271918627095,0,0.2767,1.2848213921892568,0.73864551,"{""credential_attack"": 0.0, ""data_exfiltration"": 0.05, ""insufficient"": 0.2, ""malware"": 0.75}","{""credential_attack"": 0.1487, ""data_exfiltration"": 0.1682, ""insufficient"": 0.4063, ""malware"": 0.2767}",0.47325,0.1430105237620935,0.545443065408443,0.30265550999999996,
case_e1308941fa56ad1c,semantic_adjudication,17.17512495815754,141,0,security_classification,sec_malware_border,20.0,0.0,0.4958800740904867,0.75,"credential_attack:0,malware:15,data_exfiltration:1,insufficient:4",benchmark_authored_adjudication,"Behavior is strongly malware-like, but execution was blocked before full confirmation.",target,choice,malware,malware,0.454,0.0791,0.9209329787536398,1,0.454,0.789658080940789,0.40199826000000005,"{""credential_attack"": 0.0, ""data_exfiltration"": 0.05, ""insufficient"": 0.2, ""malware"": 0.75}","{""credential_attack"": 0.1673, ""data_exfiltration"": 0.1436, ""insufficient"": 0.2351, ""malware"": 0.454}",0.296,0.08887217381627299,0.2913928560078598,0.12559826,
case_4dd555412a8edd7b,semantic_adjudication,18.29599984921515,163,0,security_classification,sec_malware_border,21.0,2.0,0.4958800740904867,0.75,"credential_attack:0,malware:15,data_exfiltration:1,insufficient:4",benchmark_authored_adjudication,"Behavior is strongly malware-like, but execution was blocked before full confirmation.",target,choice,malware,insufficient,0.4577,0.0928,0.907131284744491,0,0.2616,1.3409386593990935,0.7946632499999999,"{""credential_attack"": 0.0, ""data_exfiltration"": 0.05, ""insufficient"": 0.2, ""malware"": 0.75}","{""credential_attack"": 0.1572, ""data_exfiltration"": 0.1234, ""insufficient"": 0.4577, ""malware"": 0.2616}",0.48835,0.1499228135315364,0.5791927186860154,0.33504325,
case_3d2a7401af903fba,semantic_adjudication,27.102750027552247,207,0,security_classification,sec_malware_border,22.0,6.0,0.4958800740904867,0.75,"credential_attack:0,malware:15,data_exfiltration:1,insufficient:4",benchmark_authored_adjudication,"Behavior is strongly malware-like, but execution was blocked before full confirmation.",target,choice,malware,insufficient,0.489,0.102,0.8980010989544728,0,0.2172,1.5269366909223567,0.89508344,"{""credential_attack"": 0.0, ""data_exfiltration"": 0.05, ""insufficient"": 0.2, ""malware"": 0.75}","{""credential_attack"": 0.1506, ""data_exfiltration"": 0.1432, ""insufficient"": 0.489, ""malware"": 0.2172}",0.5327999999999999,0.17280727291357267,0.6980209768126447,0.3987634399999999,
case_b1e106d921a8c364,semantic_adjudication,23.351165931671858,251,0,security_classification,sec_malware_border,23.0,12.0,0.4958800740904867,0.75,"credential_attack:0,malware:15,data_exfiltration:1,insufficient:4",benchmark_authored_adjudication,"Behavior is strongly malware-like, but execution was blocked before full confirmation.",target,choice,malware,insufficient,0.4625,0.0953,0.9047140781141947,0,0.2612,1.342468881579861,0.79790338,"{""credential_attack"": 0.0, ""data_exfiltration"": 0.05, ""insufficient"": 0.2, ""malware"": 0.75}","{""credential_attack"": 0.1388, ""data_exfiltration"": 0.1375, ""insufficient"": 0.4625, ""malware"": 0.2612}",0.4888,0.14706611972063877,0.5728442231812476,0.33475338000000004,
case_2cc4ddf8517208a9,semantic_adjudication,35.65129195339978,353,0,security_classification,sec_malware_border,24.0,24.0,0.4958800740904867,0.75,"credential_attack:0,malware:15,data_exfiltration:1,insufficient:4",benchmark_authored_adjudication,"Behavior is strongly malware-like, but execution was blocked before full confirmation.",target,choice,malware,insufficient,0.3638,0.0447,0.9552872206280953,0,0.2982,1.2099908766514988,0.68377176,"{""credential_attack"": 0.0, ""data_exfiltration"": 0.05, ""insufficient"": 0.2, ""malware"": 0.75}","{""credential_attack"": 0.1392, ""data_exfiltration"": 0.1988, ""insufficient"": 0.3638, ""malware"": 0.2982}",0.4518,0.13444125268622392,0.5030604088028752,0.27247175999999995,
case_f1e91bcb45b04938,semantic_adjudication,18.544290913268924,138,0,security_classification,sec_malware_border,25.0,0.0,0.4958800740904867,0.75,"credential_attack:0,malware:15,data_exfiltration:1,insufficient:4",benchmark_authored_adjudication,"Behavior is strongly malware-like, but execution was blocked before full confirmation.",target,choice,malware,malware,0.4465,0.0807,0.9192859902555792,1,0.4465,0.8063158786655833,0.41641581,"{""credential_attack"": 0.0, ""data_exfiltration"": 0.05, ""insufficient"": 0.2, ""malware"": 0.75}","{""credential_attack"": 0.1666, ""data_exfiltration"": 0.1322, ""insufficient"": 0.2546, ""malware"": 0.4465}",0.30345,0.0884582945051094,0.292085444645826,0.12960581,
case_7cf63cd2d304c357,semantic_adjudication,18.694415921345353,169,0,security_classification,sec_malware_border,26.0,2.0,0.4958800740904867,0.75,"credential_attack:0,malware:15,data_exfiltration:1,insufficient:4",benchmark_authored_adjudication,"Behavior is strongly malware-like, but execution was blocked before full confirmation.",target,choice,malware,insufficient,0.4466,0.0755,0.9244974756814532,0,0.243,1.4146938356415886,0.8208091200000001,"{""credential_attack"": 0.0, ""data_exfiltration"": 0.05, ""insufficient"": 0.2, ""malware"": 0.75}","{""credential_attack"": 0.1634, ""data_exfiltration"": 0.147, ""insufficient"": 0.4466, ""malware"": 0.243}",0.507,0.1610941681550146,0.6306691487532219,0.35396912,
case_66ce637d3046465a,semantic_adjudication,22.010625107213855,199,0,security_classification,sec_malware_border,27.0,6.0,0.4958800740904867,0.75,"credential_attack:0,malware:15,data_exfiltration:1,insufficient:4",benchmark_authored_adjudication,"Behavior is strongly malware-like, but execution was blocked before full confirmation.",target,choice,malware,insufficient,0.3937,0.0649,0.9350903798620871,0,0.3095,1.1727971868574862,0.67586559,"{""credential_attack"": 0.0, ""data_exfiltration"": 0.05, ""insufficient"": 0.2, ""malware"": 0.75}","{""credential_attack"": 0.1491, ""data_exfiltration"": 0.1478, ""insufficient"": 0.3937, ""malware"": 0.3095}",0.44055,0.12760358322666598,0.47419011936965016,0.26335559,
case_3d3ebf72998da01b,semantic_adjudication,23.01987516693771,254,0,security_classification,sec_malware_border,28.0,12.0,0.4958800740904867,0.75,"credential_attack:0,malware:15,data_exfiltration:1,insufficient:4",benchmark_authored_adjudication,"Behavior is strongly malware-like, but execution was blocked before full confirmation.",target,choice,malware,insufficient,0.4018,0.0549,0.9451733610721347,0,0.2599,1.3474583373346924,0.7689690299999999,"{""credential_attack"": 0.0, ""data_exfiltration"": 0.05, ""insufficient"": 0.2, ""malware"": 0.75}","{""credential_attack"": 0.1337, ""data_exfiltration"": 0.2047, ""insufficient"": 0.4018, ""malware"": 0.2599}",0.49015,0.15083001910459556,0.5848286571336693,0.32272903,
case_479c81cbe016d24d,semantic_adjudication,37.99304109998047,347,0,security_classification,sec_malware_border,29.0,24.0,0.4958800740904867,0.75,"credential_attack:0,malware:15,data_exfiltration:1,insufficient:4",benchmark_authored_adjudication,"Behavior is strongly malware-like, but execution was blocked before full confirmation.",target,choice,malware,insufficient,0.4825,0.0957,0.9042773800717525,0,0.2082,1.5692561228012685,0.9081753300000002,"{""credential_attack"": 0.0, ""data_exfiltration"": 0.05, ""insufficient"": 0.2, ""malware"": 0.75}","{""credential_attack"": 0.137, ""data_exfiltration"": 0.1722, ""insufficient"": 0.4825, ""malware"": 0.2082}",0.5417500000000001,0.17669418705803241,0.7232161475876407,0.40705533000000005,
case_b4cba57784814c9d,semantic_adjudication,17.367499880492687,143,0,security_classification,sec_insufficient,0.0,0.0,0.5783898247235197,0.7,"credential_attack:2,malware:4,data_exfiltration:0,insufficient:14",benchmark_authored_adjudication,The report is too vague for a reliable security classification.,target,choice,insufficient,insufficient,0.3991,0.0435,0.9564688863518722,1,0.3991,0.9185432669274488,0.48411266,"{""credential_attack"": 0.1, ""data_exfiltration"": 0.0, ""insufficient"": 0.7, ""malware"": 0.2}","{""credential_attack"": 0.2096, ""data_exfiltration"": 0.16, ""insufficient"": 0.3991, ""malware"": 0.2313}",0.30089999999999995,0.08679297660584816,0.29022510890835046,0.12913265999999998,
case_642327a11a40389f,semantic_adjudication,18.335875123739243,164,0,security_classification,sec_insufficient,1.0,2.0,0.5783898247235197,0.7,"credential_attack:2,malware:4,data_exfiltration:0,insufficient:14",benchmark_authored_adjudication,The report is too vague for a reliable security classification.,target,choice,insufficient,insufficient,0.636,0.2416,0.7583889507000787,1,0.636,0.4525567156420149,0.17764869,"{""credential_attack"": 0.1, ""data_exfiltration"": 0.0, ""insufficient"": 0.7, ""malware"": 0.2}","{""credential_attack"": 0.1457, ""data_exfiltration"": 0.1168, ""insufficient"": 0.636, ""malware"": 0.1014}",0.16254999999999997,0.05160011707783754,0.16532814254918177,0.029548689999999996,
case_97979a7efda324b9,semantic_adjudication,25.185500038787723,206,0,security_classification,sec_insufficient,2.0,6.0,0.5783898247235197,0.7,"credential_attack:2,malware:4,data_exfiltration:0,insufficient:14",benchmark_authored_adjudication,The report is too vague for a reliable security classification.,target,choice,insufficient,insufficient,0.5601,0.1579,0.8421765722413931,1,0.5601,0.5796399397663503,0.25851502,"{""credential_attack"": 0.1, ""data_exfiltration"": 0.0, ""insufficient"": 0.7, ""malware"": 0.2}","{""credential_attack"": 0.1642, ""data_exfiltration"": 0.1336, ""insufficient"": 0.5601, ""malware"": 0.1421}",0.19779999999999998,0.056594415667609026,0.17484126226530522,0.04489501999999998,
case_22622ef47f4b36a2,semantic_adjudication,22.946499986574054,251,0,security_classification,sec_insufficient,3.0,12.0,0.5783898247235197,0.7,"credential_attack:2,malware:4,data_exfiltration:0,insufficient:14",benchmark_authored_adjudication,The report is too vague for a reliable security classification.,target,choice,insufficient,insufficient,0.6098,0.2119,0.7880733785533387,1,0.6098,0.49462424442798264,0.20432983999999998,"{""credential_attack"": 0.1, ""data_exfiltration"": 0.0, ""insufficient"": 0.7, ""malware"": 0.2}","{""credential_attack"": 0.158, ""data_exfiltration"": 0.1248, ""insufficient"": 0.6098, ""malware"": 0.1074}",0.18279999999999996,0.055177358105591476,0.17517346253324215,0.03564983999999999,
case_fdef9b36929da945,semantic_adjudication,32.50212501734495,358,0,security_classification,sec_insufficient,4.0,24.0,0.5783898247235197,0.7,"credential_attack:2,malware:4,data_exfiltration:0,insufficient:14",benchmark_authored_adjudication,The report is too vague for a reliable security classification.,target,choice,insufficient,insufficient,0.492,0.0983,0.9016416385854159,1,0.492,0.709276562489829,0.34441653,"{""credential_attack"": 0.1, ""data_exfiltration"": 0.0, ""insufficient"": 0.7, ""malware"": 0.2}","{""credential_attack"": 0.177, ""data_exfiltration"": 0.1772, ""insufficient"": 0.492, ""malware"": 0.1537}",0.25425,0.07747756906205328,0.242386121527891,0.08273652999999997,
case_7d86441f6aef7c03,semantic_adjudication,17.3336670268327,140,0,security_classification,sec_insufficient,5.0,0.0,0.5783898247235197,0.7,"credential_attack:2,malware:4,data_exfiltration:0,insufficient:14",benchmark_authored_adjudication,The report is too vague for a reliable security classification.,target,choice,insufficient,insufficient,0.4669,0.087,0.9130467592271148,1,0.4669,0.7616401770052458,0.38259396000000007,"{""credential_attack"": 0.1, ""data_exfiltration"": 0.0, ""insufficient"": 0.7, ""malware"": 0.2}","{""credential_attack"": 0.2079, ""data_exfiltration"": 0.1287, ""insufficient"": 0.4669, ""malware"": 0.1965}",0.23659999999999998,0.06598818876855977,0.21381794930671583,0.08255395999999998,
case_6ec26a7b3049586c,semantic_adjudication,18.047458957880735,173,0,security_classification,sec_insufficient,6.0,2.0,0.5783898247235197,0.7,"credential_attack:2,malware:4,data_exfiltration:0,insufficient:14",benchmark_authored_adjudication,The report is too vague for a reliable security classification.,target,choice,insufficient,insufficient,0.5589,0.1585,0.8414955663035641,1,0.5589,0.5817847127064847,0.26057067000000006,"{""credential_attack"": 0.1, ""data_exfiltration"": 0.0, ""insufficient"": 0.7, ""malware"": 0.2}","{""credential_attack"": 0.1591, ""data_exfiltration"": 0.1191, ""insufficient"": 0.5589, ""malware"": 0.1628}",0.17825,0.04959573479149926,0.15229954579778093,0.03897067,
case_b1af8c8dbd6a8a45,semantic_adjudication,21.733749890699983,199,0,security_classification,sec_insufficient,7.0,6.0,0.5783898247235197,0.7,"credential_attack:2,malware:4,data_exfiltration:0,insufficient:14",benchmark_authored_adjudication,The report is too vague for a reliable security classification.,target,choice,insufficient,insufficient,0.5993,0.1992,0.8007659668853919,1,0.5993,0.5119929715179974,0.21501581999999994,"{""credential_attack"": 0.1, ""data_exfiltration"": 0.0, ""insufficient"": 0.7, ""malware"": 0.2}","{""credential_attack"": 0.1584, ""data_exfiltration"": 0.1234, ""insufficient"": 0.5993, ""malware"": 0.1189}",0.18179999999999996,0.05326189330050494,0.16673420253652216,0.03535581999999998,
case_bc4616997bad4565,semantic_adjudication,26.52724995277822,257,0,security_classification,sec_insufficient,8.0,12.0,0.5783898247235197,0.7,"credential_attack:2,malware:4,data_exfiltration:0,insufficient:14",benchmark_authored_adjudication,The report is too vague for a reliable security classification.,target,choice,insufficient,insufficient,0.5486,0.1468,0.8531873205175461,1,0.5486,0.6003857004786343,0.27215742000000004,"{""credential_attack"": 0.1, ""data_exfiltration"": 0.0, ""insufficient"": 0.7, ""malware"": 0.2}","{""credential_attack"": 0.1675, ""data_exfiltration"": 0.1464, ""insufficient"": 0.5486, ""malware"": 0.1375}",0.21389999999999998,0.06255406536925559,0.19395490293851042,0.05281742,
case_91f45e4c325c1a79,semantic_adjudication,35.81575001589954,354,0,security_classification,sec_insufficient,9.0,24.0,0.5783898247235197,0.7,"credential_attack:2,malware:4,data_exfiltration:0,insufficient:14",benchmark_authored_adjudication,The report is too vague for a reliable security classification.,target,choice,insufficient,insufficient,0.5226,0.1226,0.877321605029792,1,0.5226,0.6489389258956251,0.30394263000000005,"{""credential_attack"": 0.1, ""data_exfiltration"": 0.0, ""insufficient"": 0.7, ""malware"": 0.2}","{""credential_attack"": 0.1527, ""data_exfiltration"": 0.1663, ""insufficient"": 0.5226, ""malware"": 0.1583}",0.21905000000000002,0.06807924194052167,0.20901936467838933,0.06364263,
case_e4790ab740a92ed2,semantic_adjudication,16.734875040128827,146,0,security_classification,sec_insufficient,10.0,0.0,0.5783898247235197,0.7,"credential_attack:2,malware:4,data_exfiltration:0,insufficient:14",benchmark_authored_adjudication,The report is too vague for a reliable security classification.,target,choice,insufficient,insufficient,0.4863,0.0967,0.9033177360174827,1,0.4863,0.720929561572397,0.35352778000000007,"{""credential_attack"": 0.1, ""data_exfiltration"": 0.0, ""insufficient"": 0.7, ""malware"": 0.2}","{""credential_attack"": 0.202, ""data_exfiltration"": 0.1445, ""insufficient"": 0.4863, ""malware"": 0.1672}",0.2465,0.0692743279256378,0.2204938143817409,0.07802777999999998,
case_980a6cb9401b8340,semantic_adjudication,18.576874863356352,166,0,security_classification,sec_insufficient,11.0,2.0,0.5783898247235197,0.7,"credential_attack:2,malware:4,data_exfiltration:0,insufficient:14",benchmark_authored_adjudication,The report is too vague for a reliable security classification.,target,choice,insufficient,insufficient,0.6093,0.2112,0.7887279403146211,1,0.6093,0.49544452172768844,0.20483590000000002,"{""credential_attack"": 0.1, ""data_exfiltration"": 0.0, ""insufficient"": 0.7, ""malware"": 0.2}","{""credential_attack"": 0.1196, ""data_exfiltration"": 0.1117, ""insufficient"": 0.6093, ""malware"": 0.1594}",0.1313,0.04187128877932524,0.12462055893780957,0.022735900000000003,
case_3daea3d224e442b4,semantic_adjudication,21.60816709510982,201,0,security_classification,sec_insufficient,12.0,6.0,0.5783898247235197,0.7,"credential_attack:2,malware:4,data_exfiltration:0,insufficient:14",benchmark_authored_adjudication,The report is too vague for a reliable security classification.,target,choice,insufficient,insufficient,0.5498,0.1495,0.8505649795639619,1,0.5498,0.5982007032509918,0.27133330000000005,"{""credential_attack"": 0.1, ""data_exfiltration"": 0.0, ""insufficient"": 0.7, ""malware"": 0.2}","{""credential_attack"": 0.1741, ""data_exfiltration"": 0.1487, ""insufficient"": 0.5498, ""malware"": 0.1274}",0.2228,0.06518840144115154,0.20381919012197108,0.0554333,
case_d78674dd704423ad,semantic_adjudication,22.949291858822107,255,0,security_classification,sec_insufficient,13.0,12.0,0.5783898247235197,0.7,"credential_attack:2,malware:4,data_exfiltration:0,insufficient:14",benchmark_authored_adjudication,The report is too vague for a reliable security classification.,target,choice,insufficient,insufficient,0.5638,0.1633,0.8367879320265815,1,0.5638,0.5730557003021249,0.25493279,"{""credential_attack"": 0.1, ""data_exfiltration"": 0.0, ""insufficient"": 0.7, ""malware"": 0.2}","{""credential_attack"": 0.1511, ""data_exfiltration"": 0.1185, ""insufficient"": 0.5638, ""malware"": 0.1667}",0.16955,0.048119240558097014,0.1466136764835721,0.03631279,
case_9a974e7104cffa9c,semantic_adjudication,32.96854207292199,364,0,security_classification,sec_insufficient,14.0,24.0,0.5783898247235197,0.7,"credential_attack:2,malware:4,data_exfiltration:0,insufficient:14",benchmark_authored_adjudication,The report is too vague for a reliable security classification.,target,choice,insufficient,insufficient,0.5194,0.1223,0.8777090974741795,1,0.5194,0.655080979753489,0.30917537,"{""credential_attack"": 0.1, ""data_exfiltration"": 0.0, ""insufficient"": 0.7, ""malware"": 0.2}","{""credential_attack"": 0.1626, ""data_exfiltration"": 0.1832, ""insufficient"": 0.5194, ""malware"": 0.1349}",0.24575,0.07715221293487144,0.23902864462463305,0.07433537,
case_25a7543eb5473458,semantic_adjudication,17.764083109796047,141,0,security_classification,sec_insufficient,15.0,0.0,0.5783898247235197,0.7,"credential_attack:2,malware:4,data_exfiltration:0,insufficient:14",benchmark_authored_adjudication,The report is too vague for a reliable security classification.,target,choice,insufficient,insufficient,0.4856,0.1003,0.8996647851688401,1,0.4856,0.7223700392368486,0.35643506999999996,"{""credential_attack"": 0.1, ""data_exfiltration"": 0.0, ""insufficient"": 0.7, ""malware"": 0.2}","{""credential_attack"": 0.2171, ""data_exfiltration"": 0.1323, ""insufficient"": 0.4856, ""malware"": 0.1649}",0.24945,0.06751674717818729,0.21706340501556257,0.07841506999999999,
case_30dcb589ff97e28d,semantic_adjudication,18.242417136207223,168,0,security_classification,sec_insufficient,16.0,2.0,0.5783898247235197,0.7,"credential_attack:2,malware:4,data_exfiltration:0,insufficient:14",benchmark_authored_adjudication,The report is too vague for a reliable security classification.,target,choice,insufficient,insufficient,0.708,0.333,0.6669607113201217,1,0.708,0.34531118528841737,0.11370926000000002,"{""credential_attack"": 0.1, ""data_exfiltration"": 0.0, ""insufficient"": 0.7, ""malware"": 0.2}","{""credential_attack"": 0.0987, ""data_exfiltration"": 0.0999, ""insufficient"": 0.708, ""malware"": 0.0934}",0.10790000000000002,0.044543987368652324,0.14563909716229295,0.021409260000000003,
case_eeb9a22df621f4e7,semantic_adjudication,21.441082935780287,196,0,security_classification,sec_insufficient,17.0,6.0,0.5783898247235197,0.7,"credential_attack:2,malware:4,data_exfiltration:0,insufficient:14",benchmark_authored_adjudication,The report is too vague for a reliable security classification.,target,choice,insufficient,insufficient,0.6406,0.2459,0.7540916166476225,1,0.6406,0.4453500418070794,0.17288319000000005,"{""credential_attack"": 0.1, ""data_exfiltration"": 0.0, ""insufficient"": 0.7, ""malware"": 0.2}","{""credential_attack"": 0.1175, ""data_exfiltration"": 0.1033, ""insufficient"": 0.6406, ""malware"": 0.1387}",0.12075000000000001,0.03959940023707246,0.11914656159368084,0.018263190000000002,
case_dd52ad3a2fe8dd43,semantic_adjudication,26.633083121851087,258,0,security_classification,sec_insufficient,18.0,12.0,0.5783898247235197,0.7,"credential_attack:2,malware:4,data_exfiltration:0,insufficient:14",benchmark_authored_adjudication,The report is too vague for a reliable security classification.,target,choice,insufficient,insufficient,0.4768,0.0881,0.9119069566661678,1,0.4768,0.7406581632309971,0.36597161,"{""credential_attack"": 0.1, ""data_exfiltration"": 0.0, ""insufficient"": 0.7, ""malware"": 0.2}","{""credential_attack"": 0.1509, ""data_exfiltration"": 0.1784, ""insufficient"": 0.4768, ""malware"": 0.194}",0.22924999999999998,0.07509647917004292,0.23373537702295577,0.08427160999999998,
case_03b71b6c1188703b,semantic_adjudication,31.908625038340688,350,0,security_classification,sec_insufficient,19.0,24.0,0.5783898247235197,0.7,"credential_attack:2,malware:4,data_exfiltration:0,insufficient:14",benchmark_authored_adjudication,The report is too vague for a reliable security classification.,target,choice,insufficient,insufficient,0.511,0.1129,0.88707388469944,1,0.511,0.6713856887784326,0.31895298,"{""credential_attack"": 0.1, ""data_exfiltration"": 0.0, ""insufficient"": 0.7, ""malware"": 0.2}","{""credential_attack"": 0.1718, ""data_exfiltration"": 0.1607, ""insufficient"": 0.511, ""malware"": 0.1565}",0.23249999999999998,0.06922766901891973,0.21523371034514954,0.06859297999999998,
case_b5cfd8142ffe480e,semantic_adjudication,16.81912480853498,143,0,security_classification,sec_insufficient,20.0,0.0,0.5783898247235197,0.7,"credential_attack:2,malware:4,data_exfiltration:0,insufficient:14",benchmark_authored_adjudication,The report is too vague for a reliable security classification.,target,choice,insufficient,insufficient,0.4064,0.0527,0.9472952543977693,1,0.4064,0.900417382717865,0.47530504,"{""credential_attack"": 0.1, ""data_exfiltration"": 0.0, ""insufficient"": 0.7, ""malware"": 0.2}","{""credential_attack"": 0.2438, ""data_exfiltration"": 0.1408, ""insufficient"": 0.4064, ""malware"": 0.209}",0.29359999999999997,0.08406919901005189,0.2826985269561299,0.12678504,
case_ccebd1d35d9c228e,semantic_adjudication,18.419249914586544,164,0,security_classification,sec_insufficient,21.0,2.0,0.5783898247235197,0.7,"credential_attack:2,malware:4,data_exfiltration:0,insufficient:14",benchmark_authored_adjudication,The report is too vague for a reliable security classification.,target,choice,insufficient,insufficient,0.6003,0.2029,0.7971663258719196,1,0.6003,0.5103257487243398,0.21497135000000003,"{""credential_attack"": 0.1, ""data_exfiltration"": 0.0, ""insufficient"": 0.7, ""malware"": 0.2}","{""credential_attack"": 0.1689, ""data_exfiltration"": 0.1191, ""insufficient"": 0.6003, ""malware"": 0.1118}",0.18795,0.05397459066360967,0.17146306073276646,0.03665135,
case_a4e4dd2d18563722,semantic_adjudication,21.901875035837293,207,0,security_classification,sec_insufficient,22.0,6.0,0.5783898247235197,0.7,"credential_attack:2,malware:4,data_exfiltration:0,insufficient:14",benchmark_authored_adjudication,The report is too vague for a reliable security classification.,target,choice,insufficient,insufficient,0.6202,0.2209,0.7790903314633985,1,0.6202,0.47771327231578853,0.19257215000000003,"{""credential_attack"": 0.1, ""data_exfiltration"": 0.0, ""insufficient"": 0.7, ""malware"": 0.2}","{""credential_attack"": 0.1369, ""data_exfiltration"": 0.1287, ""insufficient"": 0.6202, ""malware"": 0.1141}",0.16565,0.0532035779556341,0.16556719716930954,0.03167215,
case_562f535e138308bf,semantic_adjudication,158.0081251449883,248,0,security_classification,sec_insufficient,23.0,12.0,0.5783898247235197,0.7,"credential_attack:2,malware:4,data_exfiltration:0,insufficient:14",benchmark_authored_adjudication,The report is too vague for a reliable security classification.,target,choice,insufficient,insufficient,0.6097,0.2092,0.7908423517262747,1,0.6097,0.4947882460683666,0.20345357999999997,"{""credential_attack"": 0.1, ""data_exfiltration"": 0.0, ""insufficient"": 0.7, ""malware"": 0.2}","{""credential_attack"": 0.1412, ""data_exfiltration"": 0.1334, ""insufficient"": 0.6097, ""malware"": 0.1157}",0.17459999999999998,0.05525508587737921,0.1716419440533201,0.03475357999999999,
case_9eed5c684f22b295,semantic_adjudication,203.21145793423057,363,0,security_classification,sec_insufficient,24.0,24.0,0.5783898247235197,0.7,"credential_attack:2,malware:4,data_exfiltration:0,insufficient:14",benchmark_authored_adjudication,The report is too vague for a reliable security classification.,target,choice,insufficient,insufficient,0.4859,0.0939,0.9060784744796804,1,0.4859,0.7217524375702797,0.3529047,"{""credential_attack"": 0.1, ""data_exfiltration"": 0.0, ""insufficient"": 0.7, ""malware"": 0.2}","{""credential_attack"": 0.1896, ""data_exfiltration"": 0.1642, ""insufficient"": 0.4859, ""malware"": 0.1603}",0.25379999999999997,0.07476510754639057,0.23583366654530605,0.08240469999999998,
case_5e6ca27bf431db02,semantic_adjudication,17.398416996002197,140,0,security_classification,sec_insufficient,25.0,0.0,0.5783898247235197,0.7,"credential_attack:2,malware:4,data_exfiltration:0,insufficient:14",benchmark_authored_adjudication,The report is too vague for a reliable security classification.,target,choice,insufficient,insufficient,0.4077,0.0481,0.9519363988499788,1,0.4077,0.8972236691569293,0.47044740000000007,"{""credential_attack"": 0.1, ""data_exfiltration"": 0.0, ""insufficient"": 0.7, ""malware"": 0.2}","{""credential_attack"": 0.2111, ""data_exfiltration"": 0.1559, ""insufficient"": 0.4077, ""malware"": 0.2253}",0.2923,0.08406200229648955,0.279844834588087,0.12272739999999997,
case_900f19438ca69946,semantic_adjudication,18.83166586048901,171,0,security_classification,sec_insufficient,26.0,2.0,0.5783898247235197,0.7,"credential_attack:2,malware:4,data_exfiltration:0,insufficient:14",benchmark_authored_adjudication,The report is too vague for a reliable security classification.,target,choice,insufficient,insufficient,0.6494,0.2611,0.7388419997722117,1,0.6494,0.4317064193133915,0.16602262,"{""credential_attack"": 0.1, ""data_exfiltration"": 0.0, ""insufficient"": 0.7, ""malware"": 0.2}","{""credential_attack"": 0.1544, ""data_exfiltration"": 0.1009, ""insufficient"": 0.6494, ""malware"": 0.0953}",0.1553,0.047859893710316764,0.15734189877957905,0.02666262,
case_3cdbb26353090e11,semantic_adjudication,21.77574997767806,199,0,security_classification,sec_insufficient,27.0,6.0,0.5783898247235197,0.7,"credential_attack:2,malware:4,data_exfiltration:0,insufficient:14",benchmark_authored_adjudication,The report is too vague for a reliable security classification.,target,choice,insufficient,insufficient,0.6248,0.226,0.7739328881744736,1,0.6248,0.4703236804566608,0.18793768,"{""credential_attack"": 0.1, ""data_exfiltration"": 0.0, ""insufficient"": 0.7, ""malware"": 0.2}","{""credential_attack"": 0.1328, ""data_exfiltration"": 0.1298, ""insufficient"": 0.6248, ""malware"": 0.1126}",0.16259999999999997,0.0534033981581538,0.16608184062561493,0.03121767999999999,
case_ae47ec849ef560c4,semantic_adjudication,22.865250008180737,255,0,security_classification,sec_insufficient,28.0,12.0,0.5783898247235197,0.7,"credential_attack:2,malware:4,data_exfiltration:0,insufficient:14",benchmark_authored_adjudication,The report is too vague for a reliable security classification.,target,choice,insufficient,insufficient,0.5455,0.143,0.856996932107401,1,0.5455,0.6060524737090116,0.27550854,"{""credential_attack"": 0.1, ""data_exfiltration"": 0.0, ""insufficient"": 0.7, ""malware"": 0.2}","{""credential_attack"": 0.1572, ""data_exfiltration"": 0.1446, ""insufficient"": 0.5455, ""malware"": 0.1527}",0.20179999999999998,0.059715819887166566,0.18329783230318386,0.05028853999999999,
case_67b3e7b6a91b46fa,semantic_adjudication,34.84408394433558,356,0,security_classification,sec_insufficient,29.0,24.0,0.5783898247235197,0.7,"credential_attack:2,malware:4,data_exfiltration:0,insufficient:14",benchmark_authored_adjudication,The report is too vague for a reliable security classification.,target,choice,insufficient,insufficient,0.5167,0.1175,0.8824877336872927,1,0.5167,0.660292843688998,0.31143150999999997,"{""credential_attack"": 0.1, ""data_exfiltration"": 0.0, ""insufficient"": 0.7, ""malware"": 0.2}","{""credential_attack"": 0.1575, ""data_exfiltration"": 0.1646, ""insufficient"": 0.5167, ""malware"": 0.1611}",0.22214999999999996,0.06826506631025656,0.21036541787044782,0.06551150999999997,
case_4d7110abb74bd230,semantic_adjudication,20.327124977484345,118,0,support_routing,sup_billing_clear,0.0,0.0,0.0,1.0,"billing:20,technical:0,account:0,insufficient:0",benchmark_authored_adjudication,Explicit renewal charge/refund request is billing.,target,choice,billing,billing,0.6984,0.3319,0.6680732250988448,1,0.6984,0.3589632744567446,0.12495293999999998,"{""account"": 0.0, ""billing"": 1.0, ""insufficient"": 0.0, ""technical"": 0.0}","{""account"": 0.069, ""billing"": 0.6984, ""insufficient"": 0.1493, ""technical"": 0.0833}",0.3016,0.1179873177289027,0.35896327445674464,0.12495293999999998,
case_84c2fed1a0dbfe7c,semantic_adjudication,16.827375162392855,140,0,support_routing,sup_billing_clear,1.0,2.0,0.0,1.0,"billing:20,technical:0,account:0,insufficient:0",benchmark_authored_adjudication,Explicit renewal charge/refund request is billing.,target,choice,billing,technical,0.4918,0.1477,0.852248849338238,0,0.2734,1.296819354692288,0.80300669,"{""account"": 0.0, ""billing"": 1.0, ""insufficient"": 0.0, ""technical"": 0.0}","{""account"": 0.0642, ""billing"": 0.2734, ""insufficient"": 0.1705, ""technical"": 0.4918}",0.72655,0.3619666076853145,1.296819354692288,0.80300669,
case_c1d213f18e932f08,semantic_adjudication,18.367459066212177,182,0,support_routing,sup_billing_clear,2.0,6.0,0.0,1.0,"billing:20,technical:0,account:0,insufficient:0",benchmark_authored_adjudication,Explicit renewal charge/refund request is billing.,target,choice,billing,technical,0.3329,0.0778,0.9221899140903417,0,0.3281,1.1144368390150812,0.6373669399999999,"{""account"": 0.0, ""billing"": 1.0, ""insufficient"": 0.0, ""technical"": 0.0}","{""account"": 0.0756, ""billing"": 0.3281, ""insufficient"": 0.2634, ""technical"": 0.3329}",0.6718999999999999,0.3219000616344688,1.1144368390150812,0.6373669399999999,
case_30dead244c5fd9fa,semantic_adjudication,26.461125118657947,226,0,support_routing,sup_billing_clear,3.0,12.0,0.0,1.0,"billing:20,technical:0,account:0,insufficient:0",benchmark_authored_adjudication,Explicit renewal charge/refund request is billing.,target,choice,billing,billing,0.5068,0.132,0.8679183925591644,1,0.5068,0.6796388305351531,0.33381149,"{""account"": 0.0, ""billing"": 1.0, ""insufficient"": 0.0, ""technical"": 0.0}","{""account"": 0.0877, ""billing"": 0.5068, ""insufficient"": 0.2214, ""technical"": 0.184}",0.49315,0.21201398033700525,0.679638830535153,0.33381149,
case_bef8f9b9e0a3b5bc,semantic_adjudication,34.67366588301957,332,0,support_routing,sup_billing_clear,4.0,24.0,0.0,1.0,"billing:20,technical:0,account:0,insufficient:0",benchmark_authored_adjudication,Explicit renewal charge/refund request is billing.,target,choice,billing,billing,0.3186,0.0557,0.9442754193027139,1,0.3186,1.143818881506189,0.64517194,"{""account"": 0.0, ""billing"": 1.0, ""insufficient"": 0.0, ""technical"": 0.0}","{""account"": 0.0982, ""billing"": 0.3186, ""insufficient"": 0.2675, ""technical"": 0.3157}",0.6814,0.3285938574533363,1.143818881506189,0.64517194,
case_029c03e25cee87e1,semantic_adjudication,15.75279189273715,115,0,support_routing,sup_billing_clear,5.0,0.0,0.0,1.0,"billing:20,technical:0,account:0,insufficient:0",benchmark_authored_adjudication,Explicit renewal charge/refund request is billing.,target,choice,billing,billing,0.6828,0.3126,0.6873157664326005,1,0.6828,0.38155328806185157,0.13873894000000003,"{""account"": 0.0, ""billing"": 1.0, ""insufficient"": 0.0, ""technical"": 0.0}","{""account"": 0.0793, ""billing"": 0.6828, ""insufficient"": 0.161, ""technical"": 0.0769}",0.31720000000000004,0.12497062421704923,0.38155328806185157,0.13873894000000003,
case_fa32ee305b94aa26,semantic_adjudication,16.999042127281427,146,0,support_routing,sup_billing_clear,6.0,2.0,0.0,1.0,"billing:20,technical:0,account:0,insufficient:0",benchmark_authored_adjudication,Explicit renewal charge/refund request is billing.,target,choice,billing,technical,0.4889,0.1334,0.8666453131942148,0,0.1764,1.7350011354094461,0.99007842,"{""account"": 0.0, ""billing"": 1.0, ""insufficient"": 0.0, ""technical"": 0.0}","{""account"": 0.0759, ""billing"": 0.1764, ""insufficient"": 0.2588, ""technical"": 0.4889}",0.8236,0.44456173914504327,1.7350011354094461,0.99007842,
case_907157e48c3c5299,semantic_adjudication,18.833457957953215,174,0,support_routing,sup_billing_clear,7.0,6.0,0.0,1.0,"billing:20,technical:0,account:0,insufficient:0",benchmark_authored_adjudication,Explicit renewal charge/refund request is billing.,target,choice,billing,billing,0.3932,0.0686,0.9313887276855183,1,0.3932,0.9334368907091256,0.50770126,"{""account"": 0.0, ""billing"": 1.0, ""insufficient"": 0.0, ""technical"": 0.0}","{""account"": 0.1009, ""billing"": 0.3932, ""insufficient"": 0.2789, ""technical"": 0.227}",0.6068,0.2786386572720679,0.9334368907091256,0.50770126,
case_5082d3e554150cd8,semantic_adjudication,23.720917059108615,228,0,support_routing,sup_billing_clear,8.0,12.0,0.0,1.0,"billing:20,technical:0,account:0,insufficient:0",benchmark_authored_adjudication,Explicit renewal charge/refund request is billing.,target,choice,billing,technical,0.3139,0.0533,0.9466988951803562,0,0.3056,1.1854782216897717,0.66954954,"{""account"": 0.0, ""billing"": 1.0, ""insufficient"": 0.0, ""technical"": 0.0}","{""account"": 0.0996, ""billing"": 0.3056, ""insufficient"": 0.2809, ""technical"": 0.3139}",0.6944,0.337928694313102,1.1854782216897717,0.66954954,
case_98c42e53010637b9,semantic_adjudication,33.96454104222357,327,0,support_routing,sup_billing_clear,9.0,24.0,0.0,1.0,"billing:20,technical:0,account:0,insufficient:0",benchmark_authored_adjudication,Explicit renewal charge/refund request is billing.,target,choice,billing,billing,0.424,0.0719,0.9281272262050251,1,0.424,0.8580218237501793,0.4521724900000001,"{""account"": 0.0, ""billing"": 1.0, ""insufficient"": 0.0, ""technical"": 0.0}","{""account"": 0.1122, ""billing"": 0.424, ""insufficient"": 0.2421, ""technical"": 0.2218}",0.5760500000000001,0.2596017288750399,0.8580218237501793,0.4521724900000001,
case_d45b6ce6dde10064,semantic_adjudication,14.627540949732065,121,0,support_routing,sup_billing_clear,10.0,0.0,0.0,1.0,"billing:20,technical:0,account:0,insufficient:0",benchmark_authored_adjudication,Explicit renewal charge/refund request is billing.,target,choice,billing,billing,0.6549,0.314,0.6859070988604584,1,0.6549,0.4232727267581291,0.17683209999999996,"{""account"": 0.0, ""billing"": 1.0, ""insufficient"": 0.0, ""technical"": 0.0}","{""account"": 0.0643, ""billing"": 0.6549, ""insufficient"": 0.2246, ""technical"": 0.0562}",0.34509999999999996,0.13772637991681372,0.4232727267581291,0.17683209999999996,
case_e29ed312f949f7b7,semantic_adjudication,17.154666827991605,142,0,support_routing,sup_billing_clear,11.0,2.0,0.0,1.0,"billing:20,technical:0,account:0,insufficient:0",benchmark_authored_adjudication,Explicit renewal charge/refund request is billing.,target,choice,billing,billing,0.5039,0.1337,0.8663428489446168,1,0.5039,0.6853774432955846,0.33923812,"{""account"": 0.0, ""billing"": 1.0, ""insufficient"": 0.0, ""technical"": 0.0}","{""account"": 0.0821, ""billing"": 0.5039, ""insufficient"": 0.2255, ""technical"": 0.1885}",0.4961,0.21362431287383687,0.6853774432955846,0.33923812,
case_63b0300c67c61db1,semantic_adjudication,19.008666975423694,178,0,support_routing,sup_billing_clear,12.0,6.0,0.0,1.0,"billing:20,technical:0,account:0,insufficient:0",benchmark_authored_adjudication,Explicit renewal charge/refund request is billing.,target,choice,billing,billing,0.3567,0.0786,0.9214734459237115,1,0.3567,1.030860186617291,0.5841402,"{""account"": 0.0, ""billing"": 1.0, ""insufficient"": 0.0, ""technical"": 0.0}","{""account"": 0.0869, ""billing"": 0.3567, ""insufficient"": 0.2151, ""technical"": 0.3413}",0.6433,0.3023590167433859,1.0308601866172913,0.5841402,
case_53c598fcb523f1f1,semantic_adjudication,23.089125053957105,224,0,support_routing,sup_billing_clear,13.0,12.0,0.0,1.0,"billing:20,technical:0,account:0,insufficient:0",benchmark_authored_adjudication,Explicit renewal charge/refund request is billing.,target,choice,billing,billing,0.3726,0.0737,0.9263047477976862,1,0.3726,0.987249820814649,0.54973954,"{""account"": 0.0, ""billing"": 1.0, ""insufficient"": 0.0, ""technical"": 0.0}","{""account"": 0.0902, ""billing"": 0.3726, ""insufficient"": 0.2257, ""technical"": 0.3115}",0.6274,0.2918666953929439,0.987249820814649,0.54973954,
case_e4b4b05ef9812038,semantic_adjudication,61.69787491671741,342,0,support_routing,sup_billing_clear,14.0,24.0,0.0,1.0,"billing:20,technical:0,account:0,insufficient:0",benchmark_authored_adjudication,Explicit renewal charge/refund request is billing.,target,choice,billing,billing,0.4392,0.0752,0.9248328021408616,1,0.4392,0.8228003887868163,0.42621287999999996,"{""account"": 0.0, ""billing"": 1.0, ""insufficient"": 0.0, ""technical"": 0.0}","{""account"": 0.1202, ""billing"": 0.4392, ""insufficient"": 0.2102, ""technical"": 0.2304}",0.5608,0.25046291951280797,0.8228003887868163,0.42621287999999996,
case_ef83affcf255735b,semantic_adjudication,15.133875189349055,116,0,support_routing,sup_billing_clear,15.0,0.0,0.0,1.0,"billing:20,technical:0,account:0,insufficient:0",benchmark_authored_adjudication,Explicit renewal charge/refund request is billing.,target,choice,billing,billing,0.7055,0.351,0.6489320218153034,1,0.7055,0.34884850768926834,0.12190211,"{""account"": 0.0, ""billing"": 1.0, ""insufficient"": 0.0, ""technical"": 0.0}","{""account"": 0.0696, ""billing"": 0.7055, ""insufficient"": 0.1627, ""technical"": 0.0621}",0.29445,0.1148120450763708,0.3488485076892683,0.12190211,
case_8285ebd7e0dfe36d,semantic_adjudication,17.285082954913378,143,0,support_routing,sup_billing_clear,16.0,2.0,0.0,1.0,"billing:20,technical:0,account:0,insufficient:0",benchmark_authored_adjudication,Explicit renewal charge/refund request is billing.,target,choice,billing,technical,0.3891,0.0871,0.9129024185354743,0,0.3118,1.165393322358461,0.6793672999999999,"{""account"": 0.0, ""billing"": 1.0, ""insufficient"": 0.0, ""technical"": 0.0}","{""account"": 0.0802, ""billing"": 0.3118, ""insufficient"": 0.2189, ""technical"": 0.3891}",0.6881999999999999,0.33345094426861027,1.1653933223584607,0.6793672999999999,
case_0f1d18e19791955a,semantic_adjudication,18.60045804642141,176,0,support_routing,sup_billing_clear,17.0,6.0,0.0,1.0,"billing:20,technical:0,account:0,insufficient:0",benchmark_authored_adjudication,Explicit renewal charge/refund request is billing.,target,choice,billing,technical,0.3637,0.0846,0.9154393965145691,0,0.3036,1.1920442334606622,0.69064059,"{""account"": 0.0, ""billing"": 1.0, ""insufficient"": 0.0, ""technical"": 0.0}","{""account"": 0.0715, ""billing"": 0.3036, ""insufficient"": 0.2613, ""technical"": 0.3637}",0.69645,0.33940546660062176,1.1920442334606622,0.69064059,
case_8a5017a10a2d0929,semantic_adjudication,25.32404218800366,236,0,support_routing,sup_billing_clear,18.0,12.0,0.0,1.0,"billing:20,technical:0,account:0,insufficient:0",benchmark_authored_adjudication,Explicit renewal charge/refund request is billing.,target,choice,billing,billing,0.4155,0.0802,0.9198016586869495,1,0.4155,0.8782726646866342,0.47156059000000006,"{""account"": 0.0, ""billing"": 1.0, ""insufficient"": 0.0, ""technical"": 0.0}","{""account"": 0.0949, ""billing"": 0.4155, ""insufficient"": 0.2683, ""technical"": 0.2212}",0.58445,0.2647295977911419,0.8782726646866342,0.47156059000000006,
case_5463d4e798a4037b,semantic_adjudication,32.232875004410744,333,0,support_routing,sup_billing_clear,19.0,24.0,0.0,1.0,"billing:20,technical:0,account:0,insufficient:0",benchmark_authored_adjudication,Explicit renewal charge/refund request is billing.,target,choice,billing,billing,0.4559,0.0893,0.9106693809988334,1,0.4559,0.7854817917627412,0.40303922000000003,"{""account"": 0.0, ""billing"": 1.0, ""insufficient"": 0.0, ""technical"": 0.0}","{""account"": 0.1098, ""billing"": 0.4559, ""insufficient"": 0.2349, ""technical"": 0.1994}",0.5441,0.24066092162221314,0.7854817917627412,0.40303922000000003,
case_12cd89810a69032f,semantic_adjudication,13.555375160649419,118,0,support_routing,sup_billing_clear,20.0,0.0,0.0,1.0,"billing:20,technical:0,account:0,insufficient:0",benchmark_authored_adjudication,Explicit renewal charge/refund request is billing.,target,choice,billing,billing,0.6665,0.3068,0.6932315976863263,1,0.6665,0.4057151393633737,0.15837993,"{""account"": 0.0, ""billing"": 1.0, ""insufficient"": 0.0, ""technical"": 0.0}","{""account"": 0.0668, ""billing"": 0.6665, ""insufficient"": 0.193, ""technical"": 0.0738}",0.33355,0.13241102686484485,0.4057151393633738,0.15837993,
case_ce2ad174306e8604,semantic_adjudication,16.99104206636548,140,0,support_routing,sup_billing_clear,21.0,2.0,0.0,1.0,"billing:20,technical:0,account:0,insufficient:0",benchmark_authored_adjudication,Explicit renewal charge/refund request is billing.,target,choice,billing,technical,0.527,0.1652,0.834739731492534,0,0.1428,1.946310229076653,1.08359886,"{""account"": 0.0, ""billing"": 1.0, ""insufficient"": 0.0, ""technical"": 0.0}","{""account"": 0.0741, ""billing"": 0.1428, ""insufficient"": 0.2561, ""technical"": 0.527}",0.8572,0.47790936317249383,1.946310229076653,1.08359886,
case_435d4e677dc3112f,semantic_adjudication,18.441874999552965,179,0,support_routing,sup_billing_clear,22.0,6.0,0.0,1.0,"billing:20,technical:0,account:0,insufficient:0",benchmark_authored_adjudication,Explicit renewal charge/refund request is billing.,target,choice,billing,technical,0.394,0.0847,0.9153398776822278,0,0.3021,1.196997190589511,0.69793114,"{""account"": 0.0, ""billing"": 1.0, ""insufficient"": 0.0, ""technical"": 0.0}","{""account"": 0.0832, ""billing"": 0.3021, ""insufficient"": 0.2207, ""technical"": 0.394}",0.6979,0.34047765291920484,1.1969971905895107,0.69793114,
case_810cc74868e8a1e6,semantic_adjudication,23.06070807389915,228,0,support_routing,sup_billing_clear,23.0,12.0,0.0,1.0,"billing:20,technical:0,account:0,insufficient:0",benchmark_authored_adjudication,Explicit renewal charge/refund request is billing.,target,choice,billing,billing,0.3587,0.081,0.918966514555585,1,0.3587,1.0252688944439001,0.58281138,"{""account"": 0.0, ""billing"": 1.0, ""insufficient"": 0.0, ""technical"": 0.0}","{""account"": 0.0904, ""billing"": 0.3587, ""insufficient"": 0.1992, ""technical"": 0.3517}",0.6413,0.3010251628068573,1.0252688944439001,0.58281138,
case_eff44ac5a613b824,semantic_adjudication,43.34762482903898,335,0,support_routing,sup_billing_clear,24.0,24.0,0.0,1.0,"billing:20,technical:0,account:0,insufficient:0",benchmark_authored_adjudication,Explicit renewal charge/refund request is billing.,target,choice,billing,billing,0.3346,0.0511,0.9489514712088377,1,0.3346,1.0948194904294135,0.61144205,"{""account"": 0.0, ""billing"": 1.0, ""insufficient"": 0.0, ""technical"": 0.0}","{""account"": 0.1067, ""billing"": 0.3346, ""insufficient"": 0.2552, ""technical"": 0.3036}",0.66545,0.3174031422420834,1.0948194904294135,0.61144205,
case_d1ca6df9f275563b,semantic_adjudication,13.751416001468897,115,0,support_routing,sup_billing_clear,25.0,0.0,0.0,1.0,"billing:20,technical:0,account:0,insufficient:0",benchmark_authored_adjudication,Explicit renewal charge/refund request is billing.,target,choice,billing,billing,0.7263,0.3651,0.6348402394244327,1,0.7263,0.31979212637001464,0.10128564000000002,"{""account"": 0.0, ""billing"": 1.0, ""insufficient"": 0.0, ""technical"": 0.0}","{""account"": 0.0843, ""billing"": 0.7263, ""insufficient"": 0.1205, ""technical"": 0.0689}",0.27370000000000005,0.10575169637796254,0.3197921263700147,0.10128564000000002,
case_d6a9e0fccd87ed57,semantic_adjudication,17.309500137344003,147,0,support_routing,sup_billing_clear,26.0,2.0,0.0,1.0,"billing:20,technical:0,account:0,insufficient:0",benchmark_authored_adjudication,Explicit renewal charge/refund request is billing.,target,choice,billing,insufficient,0.3519,0.0526,0.9474271928015462,0,0.3073,1.179930809845698,0.66835172,"{""account"": 0.0, ""billing"": 1.0, ""insufficient"": 0.0, ""technical"": 0.0}","{""account"": 0.1129, ""billing"": 0.3073, ""insufficient"": 0.3519, ""technical"": 0.2279}",0.6927,0.3366961812096757,1.179930809845698,0.66835172,
case_4e9c724339c70585,semantic_adjudication,18.254874972626567,174,0,support_routing,sup_billing_clear,27.0,6.0,0.0,1.0,"billing:20,technical:0,account:0,insufficient:0",benchmark_authored_adjudication,Explicit renewal charge/refund request is billing.,target,choice,billing,billing,0.5773,0.1941,0.8058591568557796,1,0.5773,0.5493932169152491,0.24578462999999995,"{""account"": 0.0, ""billing"": 1.0, ""insufficient"": 0.0, ""technical"": 0.0}","{""account"": 0.0773, ""billing"": 0.5773, ""insufficient"": 0.2002, ""technical"": 0.1451}",0.42264999999999997,0.1751365543201932,0.5493932169152491,0.24578462999999995,
case_733d53bb041b3e99,semantic_adjudication,24.331457912921906,231,0,support_routing,sup_billing_clear,28.0,12.0,0.0,1.0,"billing:20,technical:0,account:0,insufficient:0",benchmark_authored_adjudication,Explicit renewal charge/refund request is billing.,target,choice,billing,technical,0.3788,0.095,0.904919737759542,0,0.3181,1.1453894802270386,0.6685743,"{""account"": 0.0, ""billing"": 1.0, ""insufficient"": 0.0, ""technical"": 0.0}","{""account"": 0.0674, ""billing"": 0.3181, ""insufficient"": 0.2357, ""technical"": 0.3788}",0.6819,0.3289491036843375,1.1453894802270386,0.6685743,
case_f7e71c36883c09bf,semantic_adjudication,31.540540978312492,334,0,support_routing,sup_billing_clear,29.0,24.0,0.0,1.0,"billing:20,technical:0,account:0,insufficient:0",benchmark_authored_adjudication,Explicit renewal charge/refund request is billing.,target,choice,billing,billing,0.4824,0.1071,0.8929264557005965,1,0.4824,0.7289816335691613,0.36457080000000003,"{""account"": 0.0, ""billing"": 1.0, ""insufficient"": 0.0, ""technical"": 0.0}","{""account"": 0.1026, ""billing"": 0.4824, ""insufficient"": 0.2108, ""technical"": 0.2042}",0.5176000000000001,0.22553424263600713,0.7289816335691615,0.36457080000000003,
case_04e4a5c6fec0a5b5,semantic_adjudication,16.95120893418789,132,0,support_routing,sup_account_technical_border,0.0,0.0,0.6172488983973203,0.5,"billing:0,technical:9,account:10,insufficient:1",benchmark_authored_adjudication,The symptom crosses product malfunction and account/membership verification.,target,choice,account,account,0.4068,0.1104,0.8895196403090878,1,0.4068,0.8994336148077322,0.50358978,"{""account"": 0.5, ""billing"": 0.0, ""insufficient"": 0.05, ""technical"": 0.45}","{""account"": 0.4068, ""billing"": 0.0677, ""insufficient"": 0.1955, ""technical"": 0.33}",0.2132,0.05353650113304019,0.17453606616075745,0.048839780000000006,
case_13bbc7505ddf89b5,semantic_adjudication,18.405082868412137,157,0,support_routing,sup_account_technical_border,1.0,2.0,0.6172488983973203,0.5,"billing:0,technical:9,account:10,insufficient:1",benchmark_authored_adjudication,The symptom crosses product malfunction and account/membership verification.,target,choice,account,technical,0.3435,0.071,0.9290242939058296,0,0.306,1.1841701770297564,0.67833278,"{""account"": 0.5, ""billing"": 0.0, ""insufficient"": 0.05, ""technical"": 0.45}","{""account"": 0.306, ""billing"": 0.0823, ""insufficient"": 0.2682, ""technical"": 0.3435}",0.3005,0.08498568818842923,0.2830532119598165,0.10336278,
case_09a27bac245ac53b,semantic_adjudication,22.03474985435605,196,0,support_routing,sup_account_technical_border,2.0,6.0,0.6172488983973203,0.5,"billing:0,technical:9,account:10,insufficient:1",benchmark_authored_adjudication,The symptom crosses product malfunction and account/membership verification.,target,choice,account,technical,0.5359,0.1638,0.836207255855052,0,0.1863,1.6803970013745944,0.99757124,"{""account"": 0.5, ""billing"": 0.0, ""insufficient"": 0.05, ""technical"": 0.45}","{""account"": 0.1863, ""billing"": 0.0693, ""insufficient"": 0.2085, ""technical"": 0.5359}",0.3137,0.08921244642687852,0.34361411143539133,0.13571123999999998,
case_1a7e3c95ed32bcc8,semantic_adjudication,153.80191686563194,239,0,support_routing,sup_account_technical_border,3.0,12.0,0.6172488983973203,0.5,"billing:0,technical:9,account:10,insufficient:1",benchmark_authored_adjudication,The symptom crosses product malfunction and account/membership verification.,target,choice,account,technical,0.5038,0.1624,0.8375658179799192,0,0.2523,1.3771364233351249,0.8528807800000001,"{""account"": 0.5, ""billing"": 0.0, ""insufficient"": 0.05, ""technical"": 0.45}","{""account"": 0.2523, ""billing"": 0.0503, ""insufficient"": 0.1936, ""technical"": 0.5038}",0.2477,0.06156584552751293,0.22348676139750828,0.08740077999999998,
case_98d3f6c3e2b1ca35,semantic_adjudication,37.80437493696809,343,0,support_routing,sup_account_technical_border,4.0,24.0,0.6172488983973203,0.5,"billing:0,technical:9,account:10,insufficient:1",benchmark_authored_adjudication,The symptom crosses product malfunction and account/membership verification.,target,choice,account,account,0.3816,0.0586,0.941425260878418,1,0.3816,0.9633823394080056,0.5254069000000001,"{""account"": 0.5, ""billing"": 0.0, ""insufficient"": 0.05, ""technical"": 0.45}","{""account"": 0.3816, ""billing"": 0.1168, ""insufficient"": 0.2087, ""technical"": 0.2929}",0.2755,0.0789916678090361,0.2569111870100847,0.07752690000000001,
case_dff3b3913f3c05b5,semantic_adjudication,17.10950001142919,129,0,support_routing,sup_account_technical_border,5.0,0.0,0.6172488983973203,0.5,"billing:0,technical:9,account:10,insufficient:1",benchmark_authored_adjudication,The symptom crosses product malfunction and account/membership verification.,target,choice,account,account,0.4173,0.1225,0.8775610523471261,1,0.4173,0.8739498913846301,0.49178498,"{""account"": 0.5, ""billing"": 0.0, ""insufficient"": 0.05, ""technical"": 0.45}","{""account"": 0.4173, ""billing"": 0.069, ""insufficient"": 0.1687, ""technical"": 0.345}",0.1877,0.046265428600526126,0.14916283078600626,0.03671498000000001,
case_1d93c02ca59256d2,semantic_adjudication,17.676082905381918,159,0,support_routing,sup_account_technical_border,6.0,2.0,0.6172488983973203,0.5,"billing:0,technical:9,account:10,insufficient:1",benchmark_authored_adjudication,The symptom crosses product malfunction and account/membership verification.,target,choice,account,technical,0.3998,0.073,0.9269513391933972,0,0.2489,1.3907040696085906,0.79877054,"{""account"": 0.5, ""billing"": 0.0, ""insufficient"": 0.05, ""technical"": 0.45}","{""account"": 0.2489, ""billing"": 0.0948, ""insufficient"": 0.2565, ""technical"": 0.3998}",0.3013,0.09311317524820645,0.32025058387931843,0.11720054,
case_a875b5f8dcffefa7,semantic_adjudication,18.741250038146973,190,0,support_routing,sup_account_technical_border,7.0,6.0,0.6172488983973203,0.5,"billing:0,technical:9,account:10,insufficient:1",benchmark_authored_adjudication,The symptom crosses product malfunction and account/membership verification.,target,choice,account,technical,0.3124,0.0341,0.9659040300232941,0,0.2561,1.3621872857766575,0.75872293,"{""account"": 0.5, ""billing"": 0.0, ""insufficient"": 0.05, ""technical"": 0.45}","{""account"": 0.2561, ""billing"": 0.13, ""insufficient"": 0.3014, ""technical"": 0.3124}",0.38145,0.12123505151291342,0.4089327127296192,0.15852293,
case_da67f4fc2cc30aa2,semantic_adjudication,23.175625130534172,248,0,support_routing,sup_account_technical_border,8.0,12.0,0.6172488983973203,0.5,"billing:0,technical:9,account:10,insufficient:1",benchmark_authored_adjudication,The symptom crosses product malfunction and account/membership verification.,target,choice,account,technical,0.3547,0.0339,0.9661047742403528,0,0.2276,1.4801655767299613,0.81762634,"{""account"": 0.5, ""billing"": 0.0, ""insufficient"": 0.05, ""technical"": 0.45}","{""account"": 0.2276, ""billing"": 0.1457, ""insufficient"": 0.272, ""technical"": 0.3547}",0.3677,0.12153463552247296,0.41590909448477054,0.15379634,
case_aa8e5f8f58a82c97,semantic_adjudication,31.619624933227897,343,0,support_routing,sup_account_technical_border,9.0,24.0,0.6172488983973203,0.5,"billing:0,technical:9,account:10,insufficient:1",benchmark_authored_adjudication,The symptom crosses product malfunction and account/membership verification.,target,choice,account,technical,0.3263,0.0353,0.964739659797086,0,0.3127,1.1625110145183415,0.6474414,"{""account"": 0.5, ""billing"": 0.0, ""insufficient"": 0.05, ""technical"": 0.45}","{""account"": 0.3127, ""billing"": 0.1391, ""insufficient"": 0.2219, ""technical"": 0.3263}",0.31100000000000005,0.093398626872093,0.3048153963779688,0.09928140000000002,
case_234d4062d7ab4851,semantic_adjudication,19.971625180914998,135,0,support_routing,sup_account_technical_border,10.0,0.0,0.6172488983973203,0.5,"billing:0,technical:9,account:10,insufficient:1",benchmark_authored_adjudication,The symptom crosses product malfunction and account/membership verification.,target,choice,account,account,0.4375,0.122,0.8780680097713816,1,0.4375,0.8266785731844679,0.4503935,"{""account"": 0.5, ""billing"": 0.0, ""insufficient"": 0.05, ""technical"": 0.45}","{""account"": 0.4375, ""billing"": 0.0615, ""insufficient"": 0.202, ""technical"": 0.299}",0.21350000000000002,0.054583697882570247,0.18091526593176396,0.05359350000000001,
case_6fa7bb92639b9b19,semantic_adjudication,17.571790842339396,154,0,support_routing,sup_account_technical_border,11.0,2.0,0.6172488983973203,0.5,"billing:0,technical:9,account:10,insufficient:1",benchmark_authored_adjudication,The symptom crosses product malfunction and account/membership verification.,target,choice,account,technical,0.4075,0.0996,0.9004443664309704,0,0.2763,1.2862680470527663,0.7564106700000001,"{""account"": 0.5, ""billing"": 0.0, ""insufficient"": 0.05, ""technical"": 0.45}","{""account"": 0.2763, ""billing"": 0.0668, ""insufficient"": 0.2493, ""technical"": 0.4075}",0.26615,0.07623630445434552,0.2608717265288938,0.09603067,
case_07b403a76bb37816,semantic_adjudication,22.32670900411904,193,0,support_routing,sup_account_technical_border,12.0,6.0,0.6172488983973203,0.5,"billing:0,technical:9,account:10,insufficient:1",benchmark_authored_adjudication,The symptom crosses product malfunction and account/membership verification.,target,choice,account,technical,0.541,0.1802,0.8197967348322549,0,0.1525,1.8805906829346708,1.07441582,"{""account"": 0.5, ""billing"": 0.0, ""insufficient"": 0.05, ""technical"": 0.45}","{""account"": 0.1525, ""billing"": 0.0624, ""insufficient"": 0.2441, ""technical"": 0.541}",0.34750000000000003,0.10735299472823776,0.431566739351872,0.17060582000000002,
case_ac49f9774dd5db14,semantic_adjudication,26.064374949783087,238,0,support_routing,sup_account_technical_border,13.0,12.0,0.6172488983973203,0.5,"billing:0,technical:9,account:10,insufficient:1",benchmark_authored_adjudication,The symptom crosses product malfunction and account/membership verification.,target,choice,account,technical,0.5432,0.1888,0.8111953826567787,0,0.1882,1.6702500518308578,1.0051575799999999,"{""account"": 0.5, ""billing"": 0.0, ""insufficient"": 0.05, ""technical"": 0.45}","{""account"": 0.1882, ""billing"": 0.0477, ""insufficient"": 0.2209, ""technical"": 0.5432}",0.31179999999999997,0.08446510468730471,0.32956358331950547,0.13738757999999998,
case_29e3a9ed6a523a8b,semantic_adjudication,34.19795795343816,352,0,support_routing,sup_account_technical_border,14.0,24.0,0.6172488983973203,0.5,"billing:0,technical:9,account:10,insufficient:1",benchmark_authored_adjudication,The symptom crosses product malfunction and account/membership verification.,target,choice,account,technical,0.367,0.0488,0.9511925632961262,0,0.2745,1.2928040180325517,0.73246442,"{""account"": 0.5, ""billing"": 0.0, ""insufficient"": 0.05, ""technical"": 0.45}","{""account"": 0.2745, ""billing"": 0.1194, ""insufficient"": 0.2391, ""technical"": 0.367}",0.3085,0.09377082875264971,0.3133340559039044,0.10775441999999999,
case_10011d46a689de78,semantic_adjudication,17.24912505596876,130,0,support_routing,sup_account_technical_border,15.0,0.0,0.6172488983973203,0.5,"billing:0,technical:9,account:10,insufficient:1",benchmark_authored_adjudication,The symptom crosses product malfunction and account/membership verification.,target,choice,account,account,0.4598,0.1347,0.8652531828462193,1,0.4598,0.7769636666530559,0.41566953,"{""account"": 0.5, ""billing"": 0.0, ""insufficient"": 0.05, ""technical"": 0.45}","{""account"": 0.4598, ""billing"": 0.0582, ""insufficient"": 0.1943, ""technical"": 0.2876}",0.20255,0.05236815947607749,0.1754938561116561,0.052199529999999994,
case_02df9320a446f6da,semantic_adjudication,17.412291141226888,158,0,support_routing,sup_account_technical_border,16.0,2.0,0.6172488983973203,0.5,"billing:0,technical:9,account:10,insufficient:1",benchmark_authored_adjudication,The symptom crosses product malfunction and account/membership verification.,target,choice,account,technical,0.4235,0.1016,0.8984345244192349,0,0.2551,1.3660996538343713,0.80236652,"{""account"": 0.5, ""billing"": 0.0, ""insufficient"": 0.05, ""technical"": 0.45}","{""account"": 0.2551, ""billing"": 0.0699, ""insufficient"": 0.2515, ""technical"": 0.4235}",0.27140000000000003,0.08141852888562393,0.283017568334146,0.10616652000000001,
case_02971908a07fe2ce,semantic_adjudication,20.884500117972493,186,0,support_routing,sup_account_technical_border,17.0,6.0,0.6172488983973203,0.5,"billing:0,technical:9,account:10,insufficient:1",benchmark_authored_adjudication,The symptom crosses product malfunction and account/membership verification.,target,choice,account,technical,0.4138,0.0662,0.93378670801737,0,0.1922,1.6492187824459448,0.91210129,"{""account"": 0.5, ""billing"": 0.0, ""insufficient"": 0.05, ""technical"": 0.45}","{""account"": 0.1922, ""billing"": 0.124, ""insufficient"": 0.2701, ""technical"": 0.4138}",0.34404999999999997,0.12038047776246154,0.43143650602829386,0.15987129,
case_98eda200f5445f8f,semantic_adjudication,23.212082916870713,245,0,support_routing,sup_account_technical_border,18.0,12.0,0.6172488983973203,0.5,"billing:0,technical:9,account:10,insufficient:1",benchmark_authored_adjudication,The symptom crosses product malfunction and account/membership verification.,target,choice,account,technical,0.3251,0.0366,0.9633997037536863,0,0.3063,1.1831902651434074,0.6604819,"{""account"": 0.5, ""billing"": 0.0, ""insufficient"": 0.05, ""technical"": 0.45}","{""account"": 0.3063, ""billing"": 0.1312, ""insufficient"": 0.2374, ""technical"": 0.3251}",0.3186,0.09546892413798802,0.3134370084088876,0.1054519,
case_02f47d53fbd6dda1,semantic_adjudication,31.890915939584374,350,0,support_routing,sup_account_technical_border,19.0,24.0,0.6172488983973203,0.5,"billing:0,technical:9,account:10,insufficient:1",benchmark_authored_adjudication,The symptom crosses product malfunction and account/membership verification.,target,choice,account,technical,0.3845,0.1287,0.8712827333926702,0,0.3701,0.9939820395900268,0.58445835,"{""account"": 0.5, ""billing"": 0.0, ""insufficient"": 0.05, ""technical"": 0.45}","{""account"": 0.3701, ""billing"": 0.0528, ""insufficient"": 0.1925, ""technical"": 0.3845}",0.19535000000000002,0.0467988379792418,0.1538004793184562,0.04425835000000001,
case_46724faede68cc9c,semantic_adjudication,17.075541894882917,132,0,support_routing,sup_account_technical_border,20.0,0.0,0.6172488983973203,0.5,"billing:0,technical:9,account:10,insufficient:1",benchmark_authored_adjudication,The symptom crosses product malfunction and account/membership verification.,target,choice,account,account,0.4508,0.1127,0.8873252217435829,1,0.4508,0.7967314968165159,0.42316555000000006,"{""account"": 0.5, ""billing"": 0.0, ""insufficient"": 0.05, ""technical"": 0.45}","{""account"": 0.4508, ""billing"": 0.0783, ""insufficient"": 0.1881, ""technical"": 0.2829}",0.21635000000000001,0.05871352420208646,0.1944139685899232,0.055545550000000006,
case_45787989270433b5,semantic_adjudication,17.044040840119123,154,0,support_routing,sup_account_technical_border,21.0,2.0,0.6172488983973203,0.5,"billing:0,technical:9,account:10,insufficient:1",benchmark_authored_adjudication,The symptom crosses product malfunction and account/membership verification.,target,choice,account,technical,0.5687,0.2087,0.7913026556515571,0,0.1348,2.0039630805039303,1.13252706,"{""account"": 0.5, ""billing"": 0.0, ""insufficient"": 0.05, ""technical"": 0.45}","{""account"": 0.1348, ""billing"": 0.0572, ""insufficient"": 0.2393, ""technical"": 0.5687}",0.36519999999999997,0.11285615706987343,0.4717757383009087,0.18656705999999998,
case_7ba636183b01cc4c,semantic_adjudication,22.73504203185439,196,0,support_routing,sup_account_technical_border,22.0,6.0,0.6172488983973203,0.5,"billing:0,technical:9,account:10,insufficient:1",benchmark_authored_adjudication,The symptom crosses product malfunction and account/membership verification.,target,choice,account,technical,0.5629,0.1934,0.8065681333808623,0,0.1378,1.9819519204025788,1.1183363,"{""account"": 0.5, ""billing"": 0.0, ""insufficient"": 0.05, ""technical"": 0.45}","{""account"": 0.1378, ""billing"": 0.0681, ""insufficient"": 0.2312, ""technical"": 0.5629}",0.36219999999999997,0.11302254210777132,0.467104878985286,0.18140629999999996,
case_75f2b7767e27d44f,semantic_adjudication,28.305792016908526,242,0,support_routing,sup_account_technical_border,23.0,12.0,0.6172488983973203,0.5,"billing:0,technical:9,account:10,insufficient:1",benchmark_authored_adjudication,The symptom crosses product malfunction and account/membership verification.,target,choice,account,technical,0.3944,0.1029,0.8970781186262534,0,0.3329,1.099913134401158,0.64635002,"{""account"": 0.5, ""billing"": 0.0, ""insufficient"": 0.05, ""technical"": 0.45}","{""account"": 0.3329, ""billing"": 0.0708, ""insufficient"": 0.2019, ""technical"": 0.3944}",0.2227,0.05843205124166541,0.19294238294222232,0.05910002000000001,
case_78d32d32e616ff6a,semantic_adjudication,31.892707804217935,350,0,support_routing,sup_account_technical_border,24.0,24.0,0.6172488983973203,0.5,"billing:0,technical:9,account:10,insufficient:1",benchmark_authored_adjudication,The symptom crosses product malfunction and account/membership verification.,target,choice,account,technical,0.3864,0.0672,0.9327543614028024,0,0.2829,1.2626618006746155,0.7268122200000001,"{""account"": 0.5, ""billing"": 0.0, ""insufficient"": 0.05, ""technical"": 0.45}","{""account"": 0.2829, ""billing"": 0.0998, ""insufficient"": 0.2309, ""technical"": 0.3864}",0.2807,0.08262122472971967,0.2768277407024211,0.09386222000000001,
case_9c6ddae383bacde1,semantic_adjudication,16.806666972115636,129,0,support_routing,sup_account_technical_border,25.0,0.0,0.6172488983973203,0.5,"billing:0,technical:9,account:10,insufficient:1",benchmark_authored_adjudication,The symptom crosses product malfunction and account/membership verification.,target,choice,account,account,0.4158,0.1183,0.881659503846908,1,0.4158,0.8775509035582245,0.4895677600000001,"{""account"": 0.5, ""billing"": 0.0, ""insufficient"": 0.05, ""technical"": 0.45}","{""account"": 0.4158, ""billing"": 0.061, ""insufficient"": 0.1996, ""technical"": 0.3236}",0.2106,0.05226463442187975,0.1713699724876917,0.049167760000000005,
case_a96ea4a17ae6d0d8,semantic_adjudication,18.294416833668947,161,0,support_routing,sup_account_technical_border,26.0,2.0,0.6172488983973203,0.5,"billing:0,technical:9,account:10,insufficient:1",benchmark_authored_adjudication,The symptom crosses product malfunction and account/membership verification.,target,choice,account,technical,0.3527,0.0914,0.9085861125764473,0,0.282,1.2658482080440236,0.73551538,"{""account"": 0.5, ""billing"": 0.0, ""insufficient"": 0.05, ""technical"": 0.45}","{""account"": 0.282, ""billing"": 0.0625, ""insufficient"": 0.3028, ""technical"": 0.3527}",0.3153,0.0902988791916018,0.3059314234203433,0.12480538000000002,
case_b9a2acc8abdbbd7b,semantic_adjudication,19.065250176936388,188,0,support_routing,sup_account_technical_border,27.0,6.0,0.6172488983973203,0.5,"billing:0,technical:9,account:10,insufficient:1",benchmark_authored_adjudication,The symptom crosses product malfunction and account/membership verification.,target,choice,account,technical,0.4846,0.1257,0.8742604110545447,0,0.1627,1.8158472647571449,1.0137893,"{""account"": 0.5, ""billing"": 0.0, ""insufficient"": 0.05, ""technical"": 0.45}","{""account"": 0.1627, ""billing"": 0.0878, ""insufficient"": 0.2649, ""technical"": 0.4846}",0.3373,0.11597535425471336,0.4446492710279789,0.16885930000000002,
case_17a7bcfaaef9bad3,semantic_adjudication,22.9334169998765,244,0,support_routing,sup_account_technical_border,28.0,12.0,0.6172488983973203,0.5,"billing:0,technical:9,account:10,insufficient:1",benchmark_authored_adjudication,The symptom crosses product malfunction and account/membership verification.,target,choice,account,technical,0.4641,0.126,0.873996269915768,0,0.1553,1.8623965488274956,1.02474956,"{""account"": 0.5, ""billing"": 0.0, ""insufficient"": 0.05, ""technical"": 0.45}","{""account"": 0.1553, ""billing"": 0.0821, ""insufficient"": 0.2985, ""technical"": 0.4641}",0.3447,0.12532752369411537,0.48140372919630553,0.18750956,
case_579a92db00a25727,semantic_adjudication,32.928125001490116,345,0,support_routing,sup_account_technical_border,29.0,24.0,0.6172488983973203,0.5,"billing:0,technical:9,account:10,insufficient:1",benchmark_authored_adjudication,The symptom crosses product malfunction and account/membership verification.,target,choice,account,account,0.3498,0.0545,0.9454923448807746,1,0.3498,1.0503937163976353,0.5849887,"{""account"": 0.5, ""billing"": 0.0, ""insufficient"": 0.05, ""technical"": 0.45}","{""account"": 0.3498, ""billing"": 0.1147, ""insufficient"": 0.2144, ""technical"": 0.3211}",0.2791,0.07936290422905895,0.2577049884814237,0.0793587,
case_48ca24ec8b11dffe,semantic_adjudication,17.021666979417205,131,0,support_routing,sup_billing_account_border,0.0,0.0,0.6172488983973203,0.5,"billing:9,technical:0,account:10,insufficient:1",benchmark_authored_adjudication,Ownership transfer mixes account access with subscription/billing concerns.,target,choice,account,billing,0.4562,0.1072,0.8928988483326803,0,0.2532,1.373575588712116,0.81613373,"{""account"": 0.5, ""billing"": 0.45, ""insufficient"": 0.05, ""technical"": 0.0}","{""account"": 0.2532, ""billing"": 0.4562, ""insufficient"": 0.2088, ""technical"": 0.0819}",0.24685,0.07516741791298276,0.2625888343584035,0.09287373000000002,
case_543bae2c11476f51,semantic_adjudication,17.1509999781847,154,0,support_routing,sup_billing_account_border,1.0,2.0,0.6172488983973203,0.5,"billing:9,technical:0,account:10,insufficient:1",benchmark_authored_adjudication,Ownership transfer mixes account access with subscription/billing concerns.,target,choice,account,technical,0.3289,0.0159,0.9840954820563467,0,0.1807,1.7109170813839543,0.8996737800000001,"{""account"": 0.5, ""billing"": 0.45, ""insufficient"": 0.05, ""technical"": 0.0}","{""account"": 0.1807, ""billing"": 0.2452, ""insufficient"": 0.2452, ""technical"": 0.3289}",0.5241,0.20341758007786892,0.7026104108963481,0.29017378000000005,
case_da9aa9f07721dd13,semantic_adjudication,21.576792001724243,194,0,support_routing,sup_billing_account_border,2.0,6.0,0.6172488983973203,0.5,"billing:9,technical:0,account:10,insufficient:1",benchmark_authored_adjudication,Ownership transfer mixes account access with subscription/billing concerns.,target,choice,account,insufficient,0.3549,0.0272,0.9727780968989244,0,0.1629,1.8146187633741377,0.94332731,"{""account"": 0.5, ""billing"": 0.45, ""insufficient"": 0.05, ""technical"": 0.0}","{""account"": 0.1629, ""billing"": 0.254, ""insufficient"": 0.3549, ""technical"": 0.2283}",0.53315,0.20251293313226662,0.7201061307815039,0.29713731,
case_11c4bdf5436d5cb3,semantic_adjudication,22.67683297395706,241,0,support_routing,sup_billing_account_border,3.0,12.0,0.6172488983973203,0.5,"billing:9,technical:0,account:10,insufficient:1",benchmark_authored_adjudication,Ownership transfer mixes account access with subscription/billing concerns.,target,choice,account,billing,0.38,0.0312,0.9687515366797032,0,0.1974,1.6225231519827559,0.87867016,"{""account"": 0.5, ""billing"": 0.45, ""insufficient"": 0.05, ""technical"": 0.0}","{""account"": 0.1974, ""billing"": 0.38, ""insufficient"": 0.1912, ""technical"": 0.2314}",0.3726,0.13766047983449262,0.4737074844717178,0.16995016,
case_4b12e0ccfce41fca,semantic_adjudication,31.7949578166008,348,0,support_routing,sup_billing_account_border,4.0,24.0,0.6172488983973203,0.5,"billing:9,technical:0,account:10,insufficient:1",benchmark_authored_adjudication,Ownership transfer mixes account access with subscription/billing concerns.,target,choice,account,billing,0.3709,0.0263,0.9737279788446538,0,0.1966,1.626584071269071,0.8765793000000001,"{""account"": 0.5, ""billing"": 0.45, ""insufficient"": 0.05, ""technical"": 0.0}","{""account"": 0.1966, ""billing"": 0.3709, ""insufficient"": 0.2203, ""technical"": 0.2122}",0.3825,0.13858103149931889,0.4795618771565243,0.1723393,
case_ae072619cf37376d,semantic_adjudication,13.753291917964816,128,0,support_routing,sup_billing_account_border,5.0,0.0,0.6172488983973203,0.5,"billing:9,technical:0,account:10,insufficient:1",benchmark_authored_adjudication,Ownership transfer mixes account access with subscription/billing concerns.,target,choice,account,billing,0.4483,0.1062,0.8937986231470376,0,0.2779,1.2804939422336792,0.7654601999999999,"{""account"": 0.5, ""billing"": 0.45, ""insufficient"": 0.05, ""technical"": 0.0}","{""account"": 0.2779, ""billing"": 0.4483, ""insufficient"": 0.1897, ""technical"": 0.0841}",0.22380000000000003,0.06692338937491679,0.22870555648256297,0.07592020000000001,
case_b501fd873a1fe9a3,semantic_adjudication,17.163957934826612,158,0,support_routing,sup_billing_account_border,6.0,2.0,0.6172488983973203,0.5,"billing:9,technical:0,account:10,insufficient:1",benchmark_authored_adjudication,Ownership transfer mixes account access with subscription/billing concerns.,target,choice,account,billing,0.5292,0.1443,0.8556785516283583,0,0.169,1.7778565640590636,1.02256238,"{""account"": 0.5, ""billing"": 0.45, ""insufficient"": 0.05, ""technical"": 0.0}","{""account"": 0.169, ""billing"": 0.5292, ""insufficient"": 0.2075, ""technical"": 0.0943}",0.33099999999999996,0.1029559028229328,0.39824579277303307,0.14953237999999996,
case_4e1e61cbfa1d5d18,semantic_adjudication,18.50920799188316,187,0,support_routing,sup_billing_account_border,7.0,6.0,0.6172488983973203,0.5,"billing:9,technical:0,account:10,insufficient:1",benchmark_authored_adjudication,Ownership transfer mixes account access with subscription/billing concerns.,target,choice,account,billing,0.4301,0.0658,0.9342193339534517,0,0.144,1.9379419794061366,1.01085433,"{""account"": 0.5, ""billing"": 0.45, ""insufficient"": 0.05, ""technical"": 0.0}","{""account"": 0.144, ""billing"": 0.4301, ""insufficient"": 0.2476, ""technical"": 0.1784}",0.37595,0.14978388392688236,0.5627612519925845,0.19800432999999998,
case_e5440619d85efaf2,semantic_adjudication,22.793541895225644,245,0,support_routing,sup_billing_account_border,8.0,12.0,0.6172488983973203,0.5,"billing:9,technical:0,account:10,insufficient:1",benchmark_authored_adjudication,Ownership transfer mixes account access with subscription/billing concerns.,target,choice,account,technical,0.3518,0.0228,0.9772037559359888,0,0.1759,1.7378396272386245,0.9145235,"{""account"": 0.5, ""billing"": 0.45, ""insufficient"": 0.05, ""technical"": 0.0}","{""account"": 0.1759, ""billing"": 0.2296, ""insufficient"": 0.2427, ""technical"": 0.3518}",0.5445,0.21515136190435946,0.7461650812176485,0.3145135,
case_b92ceea5180b2db6,semantic_adjudication,31.256375135853887,348,0,support_routing,sup_billing_account_border,9.0,24.0,0.6172488983973203,0.5,"billing:9,technical:0,account:10,insufficient:1",benchmark_authored_adjudication,Ownership transfer mixes account access with subscription/billing concerns.,target,choice,account,technical,0.332,0.0296,0.9704060233538061,0,0.1775,1.7287846700666667,0.91521961,"{""account"": 0.5, ""billing"": 0.45, ""insufficient"": 0.05, ""technical"": 0.0}","{""account"": 0.1775, ""billing"": 0.3094, ""insufficient"": 0.181, ""technical"": 0.332}",0.46305,0.18131653776130058,0.6220707335429065,0.25115961000000003,
case_346251c9480d4587,semantic_adjudication,16.747542191296816,134,0,support_routing,sup_billing_account_border,10.0,0.0,0.6172488983973203,0.5,"billing:9,technical:0,account:10,insufficient:1",benchmark_authored_adjudication,Ownership transfer mixes account access with subscription/billing concerns.,target,choice,account,billing,0.3668,0.0607,0.9393162890234458,0,0.3102,1.1705380282396987,0.66814878,"{""account"": 0.5, ""billing"": 0.45, ""insufficient"": 0.05, ""technical"": 0.0}","{""account"": 0.3102, ""billing"": 0.3668, ""insufficient"": 0.2145, ""technical"": 0.1085}",0.273,0.07849638149913327,0.25787496626480544,0.08177878,
case_913319938e56601a,semantic_adjudication,17.398625146597624,155,0,support_routing,sup_billing_account_border,11.0,2.0,0.6172488983973203,0.5,"billing:9,technical:0,account:10,insufficient:1",benchmark_authored_adjudication,Ownership transfer mixes account access with subscription/billing concerns.,target,choice,account,technical,0.5541,0.158,0.8419684480901265,0,0.1087,2.219163484854973,1.15878114,"{""account"": 0.5, ""billing"": 0.45, ""insufficient"": 0.05, ""technical"": 0.0}","{""account"": 0.1087, ""billing"": 0.1842, ""insufficient"": 0.153, ""technical"": 0.5541}",0.6571,0.3026075161990587,1.109038862873721,0.5414011400000001,
case_8073723ef58ba8e7,semantic_adjudication,18.37074989452958,189,0,support_routing,sup_billing_account_border,12.0,6.0,0.6172488983973203,0.5,"billing:9,technical:0,account:10,insufficient:1",benchmark_authored_adjudication,Ownership transfer mixes account access with subscription/billing concerns.,target,choice,account,billing,0.3109,0.0106,0.989423651231973,0,0.1998,1.6104384127676838,0.8577859000000001,"{""account"": 0.5, ""billing"": 0.45, ""insufficient"": 0.05, ""technical"": 0.0}","{""account"": 0.1998, ""billing"": 0.3109, ""insufficient"": 0.2212, ""technical"": 0.2681}",0.4393,0.16175346081368264,0.5506927224577134,0.21065590000000003,
case_aaf65844568fa3fd,semantic_adjudication,22.94249995611608,241,0,support_routing,sup_billing_account_border,13.0,12.0,0.6172488983973203,0.5,"billing:9,technical:0,account:10,insufficient:1",benchmark_authored_adjudication,Ownership transfer mixes account access with subscription/billing concerns.,target,choice,account,technical,0.4203,0.057,0.9430475951718729,0,0.185,1.6873994539038122,0.92261253,"{""account"": 0.5, ""billing"": 0.45, ""insufficient"": 0.05, ""technical"": 0.0}","{""account"": 0.185, ""billing"": 0.1538, ""insufficient"": 0.241, ""technical"": 0.4203}",0.6112500000000001,0.25531449200450806,0.9016049768305778,0.40009253,
case_99edfaeddea757b0,semantic_adjudication,31.709790928289294,350,0,support_routing,sup_billing_account_border,14.0,24.0,0.6172488983973203,0.5,"billing:9,technical:0,account:10,insufficient:1",benchmark_authored_adjudication,Ownership transfer mixes account access with subscription/billing concerns.,target,choice,account,billing,0.304,0.017,0.9829994544522158,0,0.1785,1.7231666777624433,0.9045025,"{""account"": 0.5, ""billing"": 0.45, ""insufficient"": 0.05, ""technical"": 0.0}","{""account"": 0.1785, ""billing"": 0.304, ""insufficient"": 0.218, ""technical"": 0.2995}",0.4675,0.17896720381832104,0.6178850923443666,0.2426025,
case_73854be53cb2889e,semantic_adjudication,17.139000119641423,129,0,support_routing,sup_billing_account_border,15.0,0.0,0.6172488983973203,0.5,"billing:9,technical:0,account:10,insufficient:1",benchmark_authored_adjudication,Ownership transfer mixes account access with subscription/billing concerns.,target,choice,account,billing,0.5408,0.154,0.8460165401476083,0,0.2152,1.5361874506945077,0.9390458899999998,"{""account"": 0.5, ""billing"": 0.45, ""insufficient"": 0.05, ""technical"": 0.0}","{""account"": 0.2152, ""billing"": 0.5408, ""insufficient"": 0.143, ""technical"": 0.1011}",0.28484999999999994,0.07795555867592467,0.2862681799417181,0.10822588999999998,
case_8e43100e46b7ae05,semantic_adjudication,16.98758313432336,156,0,support_routing,sup_billing_account_border,16.0,2.0,0.6172488983973203,0.5,"billing:9,technical:0,account:10,insufficient:1",benchmark_authored_adjudication,Ownership transfer mixes account access with subscription/billing concerns.,target,choice,account,insufficient,0.3417,0.0169,0.9831384047282322,0,0.2464,1.4007990473227723,0.76950878,"{""account"": 0.5, ""billing"": 0.45, ""insufficient"": 0.05, ""technical"": 0.0}","{""account"": 0.2464, ""billing"": 0.2042, ""insufficient"": 0.3417, ""technical"": 0.2077}",0.4994,0.17858330848262247,0.6132968803619686,0.25295878000000005,
case_571355f83842266e,semantic_adjudication,18.45154189504683,186,0,support_routing,sup_billing_account_border,17.0,6.0,0.6172488983973203,0.5,"billing:9,technical:0,account:10,insufficient:1",benchmark_authored_adjudication,Ownership transfer mixes account access with subscription/billing concerns.,target,choice,account,technical,0.3832,0.0366,0.9633456825130187,0,0.1869,1.6771815645206198,0.9030758699999999,"{""account"": 0.5, ""billing"": 0.45, ""insufficient"": 0.05, ""technical"": 0.0}","{""account"": 0.1869, ""billing"": 0.1779, ""insufficient"": 0.2519, ""technical"": 0.3832}",0.5851500000000001,0.23719852837680297,0.8287784277254755,0.35967587,
case_3668191bae8c5387,semantic_adjudication,22.772416938096285,245,0,support_routing,sup_billing_account_border,18.0,12.0,0.6172488983973203,0.5,"billing:9,technical:0,account:10,insufficient:1",benchmark_authored_adjudication,Ownership transfer mixes account access with subscription/billing concerns.,target,choice,account,technical,0.4199,0.0821,0.9178702523680904,0,0.0953,2.3507254683219805,1.11376084,"{""account"": 0.5, ""billing"": 0.45, ""insufficient"": 0.05, ""technical"": 0.0}","{""account"": 0.0953, ""billing"": 0.2155, ""insufficient"": 0.2693, ""technical"": 0.4199}",0.6392,0.2834150638004178,1.0759279971108007,0.44318083999999996,
case_07d52d8d5524daf4,semantic_adjudication,31.988415867090225,344,0,support_routing,sup_billing_account_border,19.0,24.0,0.6172488983973203,0.5,"billing:9,technical:0,account:10,insufficient:1",benchmark_authored_adjudication,Ownership transfer mixes account access with subscription/billing concerns.,target,choice,account,billing,0.4417,0.0653,0.9347709555461294,0,0.2062,1.5789087073992776,0.8879846600000001,"{""account"": 0.5, ""billing"": 0.45, ""insufficient"": 0.05, ""technical"": 0.0}","{""account"": 0.2062, ""billing"": 0.4417, ""insufficient"": 0.1958, ""technical"": 0.1563}",0.30210000000000004,0.10880554111598054,0.38300472605910113,0.13207466,
case_df09eaa21fcdab92,semantic_adjudication,16.897416906431317,131,0,support_routing,sup_billing_account_border,20.0,0.0,0.6172488983973203,0.5,"billing:9,technical:0,account:10,insufficient:1",benchmark_authored_adjudication,Ownership transfer mixes account access with subscription/billing concerns.,target,choice,account,billing,0.3572,0.0587,0.941260463515539,0,0.3247,1.1248535998733369,0.63821595,"{""account"": 0.5, ""billing"": 0.45, ""insufficient"": 0.05, ""technical"": 0.0}","{""account"": 0.3247, ""billing"": 0.3572, ""insufficient"": 0.2039, ""technical"": 0.1141}",0.26805,0.07662021997552579,0.2495011562419922,0.07604595,
case_2795587ae4d5f83d,semantic_adjudication,17.170750070363283,155,0,support_routing,sup_billing_account_border,21.0,2.0,0.6172488983973203,0.5,"billing:9,technical:0,account:10,insufficient:1",benchmark_authored_adjudication,Ownership transfer mixes account access with subscription/billing concerns.,target,choice,account,technical,0.4948,0.117,0.882994122474537,0,0.1303,2.0379157948513376,1.07785334,"{""account"": 0.5, ""billing"": 0.45, ""insufficient"": 0.05, ""technical"": 0.0}","{""account"": 0.1303, ""billing"": 0.131, ""insufficient"": 0.2439, ""technical"": 0.4948}",0.6887000000000001,0.3104748418375355,1.1484701589594561,0.52086334,
case_379dd521faea2d8c,semantic_adjudication,18.824415979906917,191,0,support_routing,sup_billing_account_border,22.0,6.0,0.6172488983973203,0.5,"billing:9,technical:0,account:10,insufficient:1",benchmark_authored_adjudication,Ownership transfer mixes account access with subscription/billing concerns.,target,choice,account,technical,0.3307,0.0207,0.9792887328647449,0,0.1651,1.8012039280560548,0.93384195,"{""account"": 0.5, ""billing"": 0.45, ""insufficient"": 0.05, ""technical"": 0.0}","{""account"": 0.1651, ""billing"": 0.2407, ""insufficient"": 0.2636, ""technical"": 0.3307}",0.54425,0.21475267218960326,0.7524711909769469,0.31095195,
case_e8216bb941467f9f,semantic_adjudication,22.731292061507702,242,0,support_routing,sup_billing_account_border,23.0,12.0,0.6172488983973203,0.5,"billing:9,technical:0,account:10,insufficient:1",benchmark_authored_adjudication,Ownership transfer mixes account access with subscription/billing concerns.,target,choice,account,insufficient,0.2916,0.0102,0.9898236154906861,0,0.1987,1.615959129424366,0.85965227,"{""account"": 0.5, ""billing"": 0.45, ""insufficient"": 0.05, ""technical"": 0.0}","{""account"": 0.1987, ""billing"": 0.2189, ""insufficient"": 0.2916, ""technical"": 0.2909}",0.53245,0.2020364188336227,0.6975226349028892,0.28718227,
case_f2df75fe0c131eb1,semantic_adjudication,32.11283287964761,342,0,support_routing,sup_billing_account_border,24.0,24.0,0.6172488983973203,0.5,"billing:9,technical:0,account:10,insufficient:1",benchmark_authored_adjudication,Ownership transfer mixes account access with subscription/billing concerns.,target,choice,account,billing,0.2991,0.0214,0.9785985706738435,0,0.1515,1.8871696540327132,0.96041774,"{""account"": 0.5, ""billing"": 0.45, ""insufficient"": 0.05, ""technical"": 0.0}","{""account"": 0.1515, ""billing"": 0.2991, ""insufficient"": 0.2682, ""technical"": 0.2812}",0.49940000000000007,0.19532687567930507,0.6968370661732208,0.27090774000000006,
case_b79dd244d19ed85e,semantic_adjudication,13.830624986439943,128,0,support_routing,sup_billing_account_border,25.0,0.0,0.6172488983973203,0.5,"billing:9,technical:0,account:10,insufficient:1",benchmark_authored_adjudication,Ownership transfer mixes account access with subscription/billing concerns.,target,choice,account,billing,0.622,0.2439,0.7561445600206915,0,0.1902,1.659679128870847,1.0615949599999999,"{""account"": 0.5, ""billing"": 0.45, ""insufficient"": 0.05, ""technical"": 0.0}","{""account"": 0.1902, ""billing"": 0.622, ""insufficient"": 0.1194, ""technical"": 0.0684}",0.30979999999999996,0.07399316384981589,0.2940815348902668,0.13505495999999997,
case_253a5239ba8d4a23,semantic_adjudication,17.10908394306898,159,0,support_routing,sup_billing_account_border,26.0,2.0,0.6172488983973203,0.5,"billing:9,technical:0,account:10,insufficient:1",benchmark_authored_adjudication,Ownership transfer mixes account access with subscription/billing concerns.,target,choice,account,technical,0.5385,0.1601,0.8398677471441884,0,0.1198,2.121931593300788,1.13215273,"{""account"": 0.5, ""billing"": 0.45, ""insufficient"": 0.05, ""technical"": 0.0}","{""account"": 0.1198, ""billing"": 0.1038, ""insufficient"": 0.238, ""technical"": 0.5385}",0.72645,0.3409570104154324,1.2964315483729147,0.58973273,
case_d2dc783742560196,semantic_adjudication,21.813124883919954,194,0,support_routing,sup_billing_account_border,27.0,6.0,0.6172488983973203,0.5,"billing:9,technical:0,account:10,insufficient:1",benchmark_authored_adjudication,Ownership transfer mixes account access with subscription/billing concerns.,target,choice,account,technical,0.5059,0.1119,0.8881972232478357,0,0.1453,1.9289547084058998,1.04832951,"{""account"": 0.5, ""billing"": 0.45, ""insufficient"": 0.05, ""technical"": 0.0}","{""account"": 0.1453, ""billing"": 0.1519, ""insufficient"": 0.197, ""technical"": 0.5059}",0.65285,0.288852580727685,1.0380560556806724,0.4922195100000001,
case_220be149de061bcd,semantic_adjudication,22.741999942809343,242,0,support_routing,sup_billing_account_border,28.0,12.0,0.6172488983973203,0.5,"billing:9,technical:0,account:10,insufficient:1",benchmark_authored_adjudication,Ownership transfer mixes account access with subscription/billing concerns.,target,choice,account,technical,0.3749,0.0407,0.9593045949019842,0,0.1399,1.9668273973107016,0.99810943,"{""account"": 0.5, ""billing"": 0.45, ""insufficient"": 0.05, ""technical"": 0.0}","{""account"": 0.1399, ""billing"": 0.2346, ""insufficient"": 0.2505, ""technical"": 0.3749}",0.57545,0.2374352953945943,0.849382853565785,0.35681943,
case_e2639abf3bd05372,semantic_adjudication,32.13208308443427,348,0,support_routing,sup_billing_account_border,29.0,24.0,0.6172488983973203,0.5,"billing:9,technical:0,account:10,insufficient:1",benchmark_authored_adjudication,Ownership transfer mixes account access with subscription/billing concerns.,target,choice,account,technical,0.3748,0.0344,0.965582204635688,0,0.1658,1.7969730362809424,0.9431690500000001,"{""account"": 0.5, ""billing"": 0.45, ""insufficient"": 0.05, ""technical"": 0.0}","{""account"": 0.1658, ""billing"": 0.2554, ""insufficient"": 0.2039, ""technical"": 0.3748}",0.52875,0.21241909228684203,0.7365200818775524,0.31371905,
case_fcc5ed43213f3df1,semantic_adjudication,14.094207901507616,112,0,support_routing,sup_insufficient,0.0,0.0,0.8713688243068336,0.5,"billing:2,technical:3,account:5,insufficient:10",benchmark_authored_adjudication,"The word account gives a weak clue, but there is not enough concrete information.",target,choice,insufficient,technical,0.4595,0.1007,0.899287585583833,0,0.1481,1.909867557708384,1.02628162,"{""account"": 0.25, ""billing"": 0.1, ""insufficient"": 0.5, ""technical"": 0.15}","{""account"": 0.275, ""billing"": 0.1174, ""insufficient"": 0.1481, ""technical"": 0.4595}",0.3519,0.09227388711262699,0.40056542432762465,0.22055162,
case_74454033a3a9f84f,semantic_adjudication,17.08208303898573,134,0,support_routing,sup_insufficient,1.0,2.0,0.8713688243068336,0.5,"billing:2,technical:3,account:5,insufficient:10",benchmark_authored_adjudication,"The word account gives a weak clue, but there is not enough concrete information.",target,choice,insufficient,technical,0.524,0.1503,0.8497746154646109,0,0.2107,1.5573199581719936,0.93915099,"{""account"": 0.25, ""billing"": 0.1, ""insufficient"": 0.5, ""technical"": 0.15}","{""account"": 0.1891, ""billing"": 0.0763, ""insufficient"": 0.2107, ""technical"": 0.524}",0.37395,0.0881669165996305,0.34130389059153293,0.22784099,
case_b42c1aa06b59622b,semantic_adjudication,20.20462485961616,174,0,support_routing,sup_insufficient,2.0,6.0,0.8713688243068336,0.5,"billing:2,technical:3,account:5,insufficient:10",benchmark_authored_adjudication,"The word account gives a weak clue, but there is not enough concrete information.",target,choice,insufficient,technical,0.5777,0.2021,0.7979759845006803,0,0.1835,1.695540611487512,1.03565026,"{""account"": 0.25, ""billing"": 0.1, ""insufficient"": 0.5, ""technical"": 0.15}","{""account"": 0.1774, ""billing"": 0.0614, ""insufficient"": 0.1835, ""technical"": 0.5777}",0.42769999999999997,0.11058561712303329,0.4334733012403301,0.28986026,
case_8be7e83889710914,semantic_adjudication,22.651250008493662,220,0,support_routing,sup_insufficient,3.0,12.0,0.8713688243068336,0.5,"billing:2,technical:3,account:5,insufficient:10",benchmark_authored_adjudication,"The word account gives a weak clue, but there is not enough concrete information.",target,choice,insufficient,technical,0.5019,0.1476,0.8523451647008683,0,0.2458,1.4032370818502027,0.86013745,"{""account"": 0.25, ""billing"": 0.1, ""insufficient"": 0.5, ""technical"": 0.15}","{""account"": 0.1878, ""billing"": 0.0644, ""insufficient"": 0.2458, ""technical"": 0.5019}",0.35195,0.07637968469955206,0.28940660332023305,0.19358745,
case_06745cd195703c46,semantic_adjudication,72.91720807552338,329,0,support_routing,sup_insufficient,4.0,24.0,0.8713688243068336,0.5,"billing:2,technical:3,account:5,insufficient:10",benchmark_authored_adjudication,"The word account gives a weak clue, but there is not enough concrete information.",target,choice,insufficient,technical,0.4432,0.0896,0.9103308173439114,0,0.2177,1.5246373107416353,0.87652818,"{""account"": 0.25, ""billing"": 0.1, ""insufficient"": 0.5, ""technical"": 0.15}","{""account"": 0.2424, ""billing"": 0.0967, ""insufficient"": 0.2177, ""technical"": 0.4432}",0.2932,0.06643882225680434,0.26431078315997825,0.16572818,
case_19629e84096a9f71,semantic_adjudication,107.92683390900493,109,0,support_routing,sup_insufficient,5.0,0.0,0.8713688243068336,0.5,"billing:2,technical:3,account:5,insufficient:10",benchmark_authored_adjudication,"The word account gives a weak clue, but there is not enough concrete information.",target,choice,insufficient,technical,0.412,0.0913,0.9087491969316484,0,0.1431,1.9442115924197318,1.02539806,"{""account"": 0.25, ""billing"": 0.1, ""insufficient"": 0.5, ""technical"": 0.15}","{""account"": 0.3283, ""billing"": 0.1166, ""insufficient"": 0.1431, ""technical"": 0.412}",0.3569,0.08716392138930804,0.3904993621877474,0.20242806000000002,
case_449b88d70d21a40d,semantic_adjudication,17.824083101004362,141,0,support_routing,sup_insufficient,6.0,2.0,0.8713688243068336,0.5,"billing:2,technical:3,account:5,insufficient:10",benchmark_authored_adjudication,"The word account gives a weak clue, but there is not enough concrete information.",target,choice,insufficient,technical,0.5137,0.1592,0.8408695058883638,0,0.2205,1.5118575840952364,0.91845699,"{""account"": 0.25, ""billing"": 0.1, ""insufficient"": 0.5, ""technical"": 0.15}","{""account"": 0.2091, ""billing"": 0.0568, ""insufficient"": 0.2205, ""technical"": 0.5137}",0.36365,0.08443189773923594,0.32593004414411375,0.21393699,
case_3bc5af399a692f8c,semantic_adjudication,23.36737490259111,172,0,support_routing,sup_insufficient,7.0,6.0,0.8713688243068336,0.5,"billing:2,technical:3,account:5,insufficient:10",benchmark_authored_adjudication,"The word account gives a weak clue, but there is not enough concrete information.",target,choice,insufficient,technical,0.363,0.0403,0.9597254061490863,0,0.2335,1.454573201873185,0.80976942,"{""account"": 0.25, ""billing"": 0.1, ""insufficient"": 0.5, ""technical"": 0.15}","{""account"": 0.2691, ""billing"": 0.1344, ""insufficient"": 0.2335, ""technical"": 0.363}",0.26649999999999996,0.04900516740697017,0.20017732045358141,0.11793941999999998,
case_710294243f9905f4,semantic_adjudication,25.808624923229218,230,0,support_routing,sup_insufficient,8.0,12.0,0.8713688243068336,0.5,"billing:2,technical:3,account:5,insufficient:10",benchmark_authored_adjudication,"The word account gives a weak clue, but there is not enough concrete information.",target,choice,insufficient,technical,0.4919,0.1301,0.8699135095805357,0,0.2053,1.5832829549572491,0.9308488999999999,"{""account"": 0.25, ""billing"": 0.1, ""insufficient"": 0.5, ""technical"": 0.15}","{""account"": 0.2272, ""billing"": 0.0756, ""insufficient"": 0.2053, ""technical"": 0.4919}",0.3419,0.08084123431668197,0.31880081277696914,0.20485889999999995,
case_2694fe3eaa6d1a13,semantic_adjudication,34.0831249486655,324,0,support_routing,sup_insufficient,9.0,24.0,0.8713688243068336,0.5,"billing:2,technical:3,account:5,insufficient:10",benchmark_authored_adjudication,"The word account gives a weak clue, but there is not enough concrete information.",target,choice,insufficient,technical,0.4274,0.0876,0.9124210877823468,0,0.1938,1.640928579525471,0.92139505,"{""account"": 0.25, ""billing"": 0.1, ""insufficient"": 0.5, ""technical"": 0.15}","{""account"": 0.2816, ""billing"": 0.0973, ""insufficient"": 0.1938, ""technical"": 0.4274}",0.30895,0.07018732347147952,0.28980838523864716,0.17171505,
case_600aa8a93b4fdd3f,semantic_adjudication,16.25362504273653,115,0,support_routing,sup_insufficient,10.0,0.0,0.8713688243068336,0.5,"billing:2,technical:3,account:5,insufficient:10",benchmark_authored_adjudication,"The word account gives a weak clue, but there is not enough concrete information.",target,choice,insufficient,technical,0.4555,0.1089,0.8910277046650585,0,0.191,1.6554818509355071,0.9418334999999999,"{""account"": 0.25, ""billing"": 0.1, ""insufficient"": 0.5, ""technical"": 0.15}","{""account"": 0.27, ""billing"": 0.0835, ""insufficient"": 0.191, ""technical"": 0.4555}",0.3255,0.07672575964642127,0.31334536692631343,0.1894835,
case_a4beaada03ed40aa,semantic_adjudication,16.715917037799954,135,0,support_routing,sup_insufficient,11.0,2.0,0.8713688243068336,0.5,"billing:2,technical:3,account:5,insufficient:10",benchmark_authored_adjudication,"The word account gives a weak clue, but there is not enough concrete information.",target,choice,insufficient,technical,0.6187,0.2383,0.7618158716167451,0,0.1771,1.7310407341933491,1.08353919,"{""account"": 0.25, ""billing"": 0.1, ""insufficient"": 0.5, ""technical"": 0.15}","{""account"": 0.139, ""billing"": 0.0653, ""insufficient"": 0.1771, ""technical"": 0.6187}",0.46865,0.12666818507907923,0.49576355670405803,0.33746919,
case_082af74749df1e95,semantic_adjudication,23.289375007152557,172,0,support_routing,sup_insufficient,12.0,6.0,0.8713688243068336,0.5,"billing:2,technical:3,account:5,insufficient:10",benchmark_authored_adjudication,"The word account gives a weak clue, but there is not enough concrete information.",target,choice,insufficient,technical,0.4692,0.1024,0.8975527823421438,0,0.234,1.4524341636244356,0.8558700800000001,"{""account"": 0.25, ""billing"": 0.1, ""insufficient"": 0.5, ""technical"": 0.15}","{""account"": 0.198, ""billing"": 0.0988, ""insufficient"": 0.234, ""technical"": 0.4692}",0.31920000000000004,0.0693569792770773,0.26809014804514014,0.17535008000000005,
case_59c993dc07d21e0c,semantic_adjudication,22.53412501886487,221,0,support_routing,sup_insufficient,13.0,12.0,0.8713688243068336,0.5,"billing:2,technical:3,account:5,insufficient:10",benchmark_authored_adjudication,"The word account gives a weak clue, but there is not enough concrete information.",target,choice,insufficient,technical,0.5428,0.1622,0.8378992700138932,0,0.1861,1.6814711153339321,1.00032206,"{""account"": 0.25, ""billing"": 0.1, ""insufficient"": 0.5, ""technical"": 0.15}","{""account"": 0.1926, ""billing"": 0.0785, ""insufficient"": 0.1861, ""technical"": 0.5428}",0.3928,0.09891610606582338,0.39066463305185284,0.25658205999999995,
case_089d0abe7c46c1b2,semantic_adjudication,39.75254204124212,333,0,support_routing,sup_insufficient,14.0,24.0,0.8713688243068336,0.5,"billing:2,technical:3,account:5,insufficient:10",benchmark_authored_adjudication,"The word account gives a weak clue, but there is not enough concrete information.",target,choice,insufficient,technical,0.4733,0.1013,0.8986484272398862,0,0.2309,1.4657705626216875,0.86278774,"{""account"": 0.25, ""billing"": 0.1, ""insufficient"": 0.5, ""technical"": 0.15}","{""account"": 0.1898, ""billing"": 0.106, ""insufficient"": 0.2309, ""technical"": 0.4733}",0.32930000000000004,0.07151210055038076,0.27699318671768636,0.18059774000000003,
case_e696ad94233945da,semantic_adjudication,13.719167094677687,110,0,support_routing,sup_insufficient,15.0,0.0,0.8713688243068336,0.5,"billing:2,technical:3,account:5,insufficient:10",benchmark_authored_adjudication,"The word account gives a weak clue, but there is not enough concrete information.",target,choice,insufficient,technical,0.4253,0.0893,0.910667273827967,0,0.1483,1.9085180298382507,1.01490495,"{""account"": 0.25, ""billing"": 0.1, ""insufficient"": 0.5, ""technical"": 0.15}","{""account"": 0.3074, ""billing"": 0.1189, ""insufficient"": 0.1483, ""technical"": 0.4253}",0.35165,0.08658443332148302,0.38237800833322616,0.20313495,
case_8f3082f1ed800ff8,semantic_adjudication,17.348292050883174,137,0,support_routing,sup_insufficient,16.0,2.0,0.8713688243068336,0.5,"billing:2,technical:3,account:5,insufficient:10",benchmark_authored_adjudication,"The word account gives a weak clue, but there is not enough concrete information.",target,choice,insufficient,technical,0.4564,0.1148,0.885209614966063,0,0.2431,1.4142823976600594,0.8389733,"{""account"": 0.25, ""billing"": 0.1, ""insufficient"": 0.5, ""technical"": 0.15}","{""account"": 0.2297, ""billing"": 0.0708, ""insufficient"": 0.2431, ""technical"": 0.4564}",0.3064,0.06468410024659654,0.2493602805369476,0.16114330000000002,
case_f299432d5f35f691,semantic_adjudication,18.39000009931624,167,0,support_routing,sup_insufficient,17.0,6.0,0.8713688243068336,0.5,"billing:2,technical:3,account:5,insufficient:10",benchmark_authored_adjudication,"The word account gives a weak clue, but there is not enough concrete information.",target,choice,insufficient,technical,0.3904,0.0463,0.9536854467815495,0,0.2278,1.4792872279690552,0.82706805,"{""account"": 0.25, ""billing"": 0.1, ""insufficient"": 0.5, ""technical"": 0.15}","{""account"": 0.2431, ""billing"": 0.1388, ""insufficient"": 0.2278, ""technical"": 0.3904}",0.27915,0.05538060914856062,0.2238001625647336,0.13343805,
case_bdf18446132884d5,semantic_adjudication,23.38237501680851,226,0,support_routing,sup_insufficient,18.0,12.0,0.8713688243068336,0.5,"billing:2,technical:3,account:5,insufficient:10",benchmark_authored_adjudication,"The word account gives a weak clue, but there is not enough concrete information.",target,choice,insufficient,technical,0.5409,0.1739,0.8260512950800561,0,0.1945,1.637323115923636,0.98666276,"{""account"": 0.25, ""billing"": 0.1, ""insufficient"": 0.5, ""technical"": 0.15}","{""account"": 0.2039, ""billing"": 0.0607, ""insufficient"": 0.1945, ""technical"": 0.5409}",0.3909,0.09707346033523429,0.38057855782739963,0.24980276,
case_83122f5057f3d094,semantic_adjudication,31.43487498164177,324,0,support_routing,sup_insufficient,19.0,24.0,0.8713688243068336,0.5,"billing:2,technical:3,account:5,insufficient:10",benchmark_authored_adjudication,"The word account gives a weak clue, but there is not enough concrete information.",target,choice,insufficient,technical,0.4073,0.0683,0.9317262074380664,0,0.1945,1.637323115923636,0.9076506799999999,"{""account"": 0.25, ""billing"": 0.1, ""insufficient"": 0.5, ""technical"": 0.15}","{""account"": 0.2817, ""billing"": 0.1165, ""insufficient"": 0.1945, ""technical"": 0.4073}",0.3055,0.06641600848767767,0.2771332116413422,0.16081067999999998,
case_27c2c24f9b375e19,semantic_adjudication,13.414917048066854,112,0,support_routing,sup_insufficient,20.0,0.0,0.8713688243068336,0.5,"billing:2,technical:3,account:5,insufficient:10",benchmark_authored_adjudication,"The word account gives a weak clue, but there is not enough concrete information.",target,choice,insufficient,technical,0.456,0.12,0.8800236315943598,0,0.1429,1.9456101940463153,1.04604506,"{""account"": 0.25, ""billing"": 0.1, ""insufficient"": 0.5, ""technical"": 0.15}","{""account"": 0.3079, ""billing"": 0.0932, ""insufficient"": 0.1429, ""technical"": 0.456}",0.3639,0.09454699432618402,0.414416591593068,0.22455506,
case_446e3d3eb3250812,semantic_adjudication,16.992000164464116,135,0,support_routing,sup_insufficient,21.0,2.0,0.8713688243068336,0.5,"billing:2,technical:3,account:5,insufficient:10",benchmark_authored_adjudication,"The word account gives a weak clue, but there is not enough concrete information.",target,choice,insufficient,technical,0.4414,0.0839,0.9161059704021499,0,0.1882,1.6702500518308578,0.9331746899999999,"{""account"": 0.25, ""billing"": 0.1, ""insufficient"": 0.5, ""technical"": 0.15}","{""account"": 0.2585, ""billing"": 0.1118, ""insufficient"": 0.1882, ""technical"": 0.4414}",0.31174999999999997,0.07435059965633449,0.3071411741816491,0.18234468999999998,
case_0b6a4f46b892c6f4,semantic_adjudication,19.57720797508955,175,0,support_routing,sup_insufficient,22.0,6.0,0.8713688243068336,0.5,"billing:2,technical:3,account:5,insufficient:10",benchmark_authored_adjudication,"The word account gives a weak clue, but there is not enough concrete information.",target,choice,insufficient,technical,0.4661,0.097,0.9029074385805467,0,0.2431,1.4142823976600594,0.8349213200000001,"{""account"": 0.25, ""billing"": 0.1, ""insufficient"": 0.5, ""technical"": 0.15}","{""account"": 0.1807, ""billing"": 0.1101, ""insufficient"": 0.2431, ""technical"": 0.4661}",0.32620000000000005,0.06813243300818797,0.26203666644965273,0.17082132000000005,
case_bf18d7cf752e90bc,semantic_adjudication,22.811375092715025,223,0,support_routing,sup_insufficient,23.0,12.0,0.8713688243068336,0.5,"billing:2,technical:3,account:5,insufficient:10",benchmark_authored_adjudication,"The word account gives a weak clue, but there is not enough concrete information.",target,choice,insufficient,technical,0.3959,0.0597,0.9403110466161445,0,0.231,1.4653375684603434,0.82796706,"{""account"": 0.25, ""billing"": 0.1, ""insufficient"": 0.5, ""technical"": 0.15}","{""account"": 0.2582, ""billing"": 0.1149, ""insufficient"": 0.231, ""technical"": 0.3959}",0.269,0.05434326812328811,0.21855864992358898,0.13311706,
case_569b6107dba20861,semantic_adjudication,32.42908418178558,326,0,support_routing,sup_insufficient,24.0,24.0,0.8713688243068336,0.5,"billing:2,technical:3,account:5,insufficient:10",benchmark_authored_adjudication,"The word account gives a weak clue, but there is not enough concrete information.",target,choice,insufficient,technical,0.3715,0.045,0.9550371414313311,0,0.1987,1.615959129424366,0.88340859,"{""account"": 0.25, ""billing"": 0.1, ""insufficient"": 0.5, ""technical"": 0.15}","{""account"": 0.2888, ""billing"": 0.1411, ""insufficient"": 0.1987, ""technical"": 0.3715}",0.30135,0.06031214019792413,0.25487069934680273,0.14303859000000002,
case_3faa25bbcd11b734,semantic_adjudication,13.77758290618658,109,0,support_routing,sup_insufficient,25.0,0.0,0.8713688243068336,0.5,"billing:2,technical:3,account:5,insufficient:10",benchmark_authored_adjudication,"The word account gives a weak clue, but there is not enough concrete information.",target,choice,insufficient,technical,0.4583,0.1019,0.8980453544720426,0,0.1414,1.9561625255196646,1.04026514,"{""account"": 0.25, ""billing"": 0.1, ""insufficient"": 0.5, ""technical"": 0.15}","{""account"": 0.2805, ""billing"": 0.1198, ""insufficient"": 0.1414, ""technical"": 0.4583}",0.35860000000000003,0.09494921701794728,0.4171308161225844,0.22496514000000004,
case_bb4bee1e30a95e62,semantic_adjudication,17.377500189468265,140,0,support_routing,sup_insufficient,26.0,2.0,0.8713688243068336,0.5,"billing:2,technical:3,account:5,insufficient:10",benchmark_authored_adjudication,"The word account gives a weak clue, but there is not enough concrete information.",target,choice,insufficient,technical,0.6196,0.2404,0.7595835494566757,0,0.1788,1.7214874162427234,1.0813477000000002,"{""account"": 0.25, ""billing"": 0.1, ""insufficient"": 0.5, ""technical"": 0.15}","{""account"": 0.1379, ""billing"": 0.0637, ""insufficient"": 0.1788, ""technical"": 0.6196}",0.4696,0.12672127608744044,0.4952358912811653,0.33757770000000004,
case_fa8a1c7c16868123,semantic_adjudication,19.00437497533858,167,0,support_routing,sup_insufficient,27.0,6.0,0.8713688243068336,0.5,"billing:2,technical:3,account:5,insufficient:10",benchmark_authored_adjudication,"The word account gives a weak clue, but there is not enough concrete information.",target,choice,insufficient,technical,0.4637,0.1211,0.8788899556562267,0,0.2286,1.4757815276214268,0.87229342,"{""account"": 0.25, ""billing"": 0.1, ""insufficient"": 0.5, ""technical"": 0.15}","{""account"": 0.2401, ""billing"": 0.0676, ""insufficient"": 0.2286, ""technical"": 0.4637}",0.3137,0.06956577920673421,0.2712843728882439,0.17321341999999998,
case_0f5ea87b5d810d7d,semantic_adjudication,22.591124987229705,224,0,support_routing,sup_insufficient,28.0,12.0,0.8713688243068336,0.5,"billing:2,technical:3,account:5,insufficient:10",benchmark_authored_adjudication,"The word account gives a weak clue, but there is not enough concrete information.",target,choice,insufficient,technical,0.5409,0.1502,0.8498804993173614,0,0.2031,1.594056810395798,0.9614669,"{""account"": 0.25, ""billing"": 0.1, ""insufficient"": 0.5, ""technical"": 0.15}","{""account"": 0.1512, ""billing"": 0.1048, ""insufficient"": 0.2031, ""technical"": 0.5409}",0.3957,0.09722226130919834,0.3790909511400759,0.25073690000000004,
case_ca0b78ca81ae5408,semantic_adjudication,32.416166039183736,323,0,support_routing,sup_insufficient,29.0,24.0,0.8713688243068336,0.5,"billing:2,technical:3,account:5,insufficient:10",benchmark_authored_adjudication,"The word account gives a weak clue, but there is not enough concrete information.",target,choice,insufficient,technical,0.3915,0.0393,0.9606797276965259,0,0.2025,1.5970153924355432,0.87417458,"{""account"": 0.25, ""billing"": 0.1, ""insufficient"": 0.5, ""technical"": 0.15}","{""account"": 0.2382, ""billing"": 0.1678, ""insufficient"": 0.2025, ""technical"": 0.3915}",0.3093,0.06482138358795556,0.26835887716836887,0.15156458,
case_2ffe43ed035ccc21,semantic_adjudication,18.25037505477667,160,0,code_review_severity,code_high_clear,0.0,0.0,0.1431984785579781,0.95,"low:0,medium:1,high:19,insufficient:0",benchmark_authored_adjudication,Duplicate financial debits are a high-severity correctness/data-integrity issue.,target,choice,high,medium,0.4363,0.0622,0.9378572539157599,0,0.2107,1.5573199581719936,0.87640166,"{""high"": 0.95, ""insufficient"": 0.0, ""low"": 0.0, ""medium"": 0.05}","{""high"": 0.2107, ""insufficient"": 0.1572, ""low"": 0.1958, ""medium"": 0.4363}",0.7393,0.3376951615076265,1.3224099768601498,0.75884166,
case_0597f9a1c50eed19,semantic_adjudication,20.319834118708968,181,0,code_review_severity,code_high_clear,1.0,2.0,0.1431984785579781,0.95,"low:0,medium:1,high:19,insufficient:0",benchmark_authored_adjudication,Duplicate financial debits are a high-severity correctness/data-integrity issue.,target,choice,high,medium,0.3937,0.0384,0.9616162065194657,0,0.1727,1.7561992938295041,0.9334664400000001,"{""high"": 0.95, ""insufficient"": 0.0, ""low"": 0.0, ""medium"": 0.05}","{""high"": 0.1727, ""insufficient"": 0.2211, ""low"": 0.2125, ""medium"": 0.3937}",0.7773,0.37405295216989387,1.5164823898437785,0.8163664399999999,
case_4377a7534a6dcd7a,semantic_adjudication,23.635874968022108,227,0,code_review_severity,code_high_clear,2.0,6.0,0.1431984785579781,0.95,"low:0,medium:1,high:19,insufficient:0",benchmark_authored_adjudication,Duplicate financial debits are a high-severity correctness/data-integrity issue.,target,choice,high,medium,0.3586,0.034,0.9659472405258659,0,0.1563,1.8559780415547062,0.9609498999999999,"{""high"": 0.95, ""insufficient"": 0.0, ""low"": 0.0, ""medium"": 0.05}","{""high"": 0.1563, ""insufficient"": 0.2047, ""low"": 0.2804, ""medium"": 0.3586}",0.7937,0.3919366391794893,1.6159412820216534,0.8457199,
case_e6b754f150c58be8,semantic_adjudication,32.78870787471533,272,0,code_review_severity,code_high_clear,3.0,12.0,0.1431984785579781,0.95,"low:0,medium:1,high:19,insufficient:0",benchmark_authored_adjudication,Duplicate financial debits are a high-severity correctness/data-integrity issue.,target,choice,high,medium,0.3698,0.0266,0.9734054681646879,0,0.1936,1.6419611041396605,0.8826860000000001,"{""high"": 0.95, ""insufficient"": 0.0, ""low"": 0.0, ""medium"": 0.05}","{""high"": 0.1936, ""insufficient"": 0.2052, ""low"": 0.2314, ""medium"": 0.3698}",0.7564,0.3564740514825543,1.4110874535882603,0.7700659999999999,
case_baa3c0a4bbd8e6a5,semantic_adjudication,71.32645812816918,377,0,code_review_severity,code_high_clear,4.0,24.0,0.1431984785579781,0.95,"low:0,medium:1,high:19,insufficient:0",benchmark_authored_adjudication,Duplicate financial debits are a high-severity correctness/data-integrity issue.,target,choice,high,medium,0.3672,0.0277,0.9722612330787386,0,0.2469,1.3987718826310032,0.77651709,"{""high"": 0.95, ""insufficient"": 0.0, ""low"": 0.0, ""medium"": 0.05}","{""high"": 0.2469, ""insufficient"": 0.1858, ""low"": 0.2, ""medium"": 0.3672}",0.70305,0.3120435331098076,1.1804104761653704,0.66948709,
case_59c079188ffcafda,semantic_adjudication,17.5828339997679,157,0,code_review_severity,code_high_clear,5.0,0.0,0.1431984785579781,0.95,"low:0,medium:1,high:19,insufficient:0",benchmark_authored_adjudication,Duplicate financial debits are a high-severity correctness/data-integrity issue.,target,choice,high,medium,0.4501,0.0744,0.9256585428088605,0,0.2204,1.5123112017033775,0.8658274199999999,"{""high"": 0.95, ""insufficient"": 0.0, ""low"": 0.0, ""medium"": 0.05}","{""high"": 0.2204, ""insufficient"": 0.1405, ""low"": 0.189, ""medium"": 0.4501}",0.7296,0.3287715324924244,1.2780946732064986,0.74785742,
case_f47f4056c230cf4c,semantic_adjudication,18.791500013321638,188,0,code_review_severity,code_high_clear,6.0,2.0,0.1431984785579781,0.95,"low:0,medium:1,high:19,insufficient:0",benchmark_authored_adjudication,Duplicate financial debits are a high-severity correctness/data-integrity issue.,target,choice,high,medium,0.3582,0.0495,0.9505686551110962,0,0.1154,2.159350924908138,1.0504067700000002,"{""high"": 0.95, ""insufficient"": 0.0, ""low"": 0.0, ""medium"": 0.05}","{""high"": 0.1154, ""insufficient"": 0.2411, ""low"": 0.2854, ""medium"": 0.3582}",0.83465,0.43456117447798925,1.9042013247846348,0.93112677,
case_f79a648f055589fa,semantic_adjudication,23.985082982107997,217,0,code_review_severity,code_high_clear,7.0,6.0,0.1431984785579781,0.95,"low:0,medium:1,high:19,insufficient:0",benchmark_authored_adjudication,Duplicate financial debits are a high-severity correctness/data-integrity issue.,target,choice,high,medium,0.3763,0.0281,0.9719446675491795,0,0.2099,1.5611240521555498,0.8514800400000001,"{""high"": 0.95, ""insufficient"": 0.0, ""low"": 0.0, ""medium"": 0.05}","{""high"": 0.2099, ""insufficient"": 0.2053, ""low"": 0.2085, ""medium"": 0.3763}",0.7401,0.3418657451557624,1.333421035271037,0.73984004,
case_cbd56830ee50e215,semantic_adjudication,36.84954205527902,278,0,code_review_severity,code_high_clear,8.0,12.0,0.1431984785579781,0.95,"low:0,medium:1,high:19,insufficient:0",benchmark_authored_adjudication,Duplicate financial debits are a high-severity correctness/data-integrity issue.,target,choice,high,medium,0.3496,0.0244,0.9756383987191636,0,0.1856,1.6841614586300369,0.8961515400000001,"{""high"": 0.95, ""insufficient"": 0.0, ""low"": 0.0, ""medium"": 0.05}","{""high"": 0.1856, ""insufficient"": 0.1959, ""low"": 0.2689, ""medium"": 0.3496}",0.7644,0.36496327220700514,1.4539864241127003,0.7847515399999999,
case_b51a9e01dcda9bfb,semantic_adjudication,49.55779085867107,369,0,code_review_severity,code_high_clear,9.0,24.0,0.1431984785579781,0.95,"low:0,medium:1,high:19,insufficient:0",benchmark_authored_adjudication,Duplicate financial debits are a high-severity correctness/data-integrity issue.,target,choice,high,medium,0.351,0.0194,0.9806349594845716,0,0.2188,1.519597208434311,0.8266949600000001,"{""high"": 0.95, ""insufficient"": 0.0, ""low"": 0.0, ""medium"": 0.05}","{""high"": 0.2188, ""insufficient"": 0.1966, ""low"": 0.2336, ""medium"": 0.351}",0.7312,0.3359649237002174,1.2974505574425363,0.7184749599999999,
case_5c715386825aa18d,semantic_adjudication,18.047665944322944,163,0,code_review_severity,code_high_clear,10.0,0.0,0.1431984785579781,0.95,"low:0,medium:1,high:19,insufficient:0",benchmark_authored_adjudication,Duplicate financial debits are a high-severity correctness/data-integrity issue.,target,choice,high,medium,0.423,0.0573,0.9427210707408549,0,0.2304,1.4679383501604009,0.83229485,"{""high"": 0.95, ""insufficient"": 0.0, ""low"": 0.0, ""medium"": 0.05}","{""high"": 0.2304, ""insufficient"": 0.1512, ""low"": 0.1955, ""medium"": 0.423}",0.71965,0.32200462661257634,1.2390453443033012,0.71803485,
case_f04dc66b6f26de6e,semantic_adjudication,18.96975003182888,185,0,code_review_severity,code_high_clear,11.0,2.0,0.1431984785579781,0.95,"low:0,medium:1,high:19,insufficient:0",benchmark_authored_adjudication,Duplicate financial debits are a high-severity correctness/data-integrity issue.,target,choice,high,medium,0.3826,0.034,0.9660320798723331,0,0.2224,1.5032777166057099,0.8304641700000002,"{""high"": 0.95, ""insufficient"": 0.0, ""low"": 0.0, ""medium"": 0.05}","{""high"": 0.2224, ""insufficient"": 0.1714, ""low"": 0.2237, ""medium"": 0.3826}",0.72765,0.33096149943260805,1.277636848528351,0.71944417,
case_91b92cc61c73168e,semantic_adjudication,22.00208301655948,221,0,code_review_severity,code_high_clear,12.0,6.0,0.1431984785579781,0.95,"low:0,medium:1,high:19,insufficient:0",benchmark_authored_adjudication,Duplicate financial debits are a high-severity correctness/data-integrity issue.,target,choice,high,medium,0.3853,0.0346,0.9654042294512784,0,0.1744,1.746403767507258,0.92703962,"{""high"": 0.95, ""insufficient"": 0.0, ""low"": 0.0, ""medium"": 0.05}","{""high"": 0.1744, ""insufficient"": 0.2159, ""low"": 0.2244, ""medium"": 0.3853}",0.7756,0.37297260107290753,1.5082549871535234,0.8109496199999999,
case_96a3c35427db1de9,semantic_adjudication,40.13937502168119,269,0,code_review_severity,code_high_clear,13.0,12.0,0.1431984785579781,0.95,"low:0,medium:1,high:19,insufficient:0",benchmark_authored_adjudication,Duplicate financial debits are a high-severity correctness/data-integrity issue.,target,choice,high,medium,0.4119,0.0492,0.9508559103336393,0,0.1707,1.767847649181742,0.9458082300000001,"{""high"": 0.95, ""insufficient"": 0.0, ""low"": 0.0, ""medium"": 0.05}","{""high"": 0.1707, ""insufficient"": 0.1837, ""low"": 0.2338, ""medium"": 0.4119}",0.77935,0.37488327302806757,1.5252887572537874,0.82668823,
case_947863208c2a9d1a,semantic_adjudication,44.18233409523964,381,0,code_review_severity,code_high_clear,14.0,24.0,0.1431984785579781,0.95,"low:0,medium:1,high:19,insufficient:0",benchmark_authored_adjudication,Duplicate financial debits are a high-severity correctness/data-integrity issue.,target,choice,high,medium,0.3553,0.0236,0.9764460205739969,0,0.2527,1.3755522645879885,0.7617003600000001,"{""high"": 0.95, ""insufficient"": 0.0, ""low"": 0.0, ""medium"": 0.05}","{""high"": 0.2527, ""insufficient"": 0.1867, ""low"": 0.2053, ""medium"": 0.3553}",0.6973,0.30828584541236814,1.1599990468104742,0.6564403600000001,
case_54bf78e365fd5032,semantic_adjudication,17.2110830899328,158,0,code_review_severity,code_high_clear,15.0,0.0,0.1431984785579781,0.95,"low:0,medium:1,high:19,insufficient:0",benchmark_authored_adjudication,Duplicate financial debits are a high-severity correctness/data-integrity issue.,target,choice,high,medium,0.4377,0.071,0.9290954040823564,0,0.2459,1.4028303297599902,0.81099307,"{""high"": 0.95, ""insufficient"": 0.0, ""low"": 0.0, ""medium"": 0.05}","{""high"": 0.2459, ""insufficient"": 0.1401, ""low"": 0.1764, ""medium"": 0.4377}",0.7041499999999999,0.3087397859485958,1.1754846466653825,0.6968130699999999,
case_b04a2a6edae38043,semantic_adjudication,19.055583979934454,184,0,code_review_severity,code_high_clear,16.0,2.0,0.1431984785579781,0.95,"low:0,medium:1,high:19,insufficient:0",benchmark_authored_adjudication,Duplicate financial debits are a high-severity correctness/data-integrity issue.,target,choice,high,medium,0.3953,0.0403,0.9596795279654305,0,0.2155,1.5347943694383346,0.8490995399999999,"{""high"": 0.95, ""insufficient"": 0.0, ""low"": 0.0, ""medium"": 0.05}","{""high"": 0.2155, ""insufficient"": 0.1658, ""low"": 0.2234, ""medium"": 0.3953}",0.7344999999999999,0.3359516193602069,1.3059449230545201,0.7361195399999999,
case_24e6e091e47d23ca,semantic_adjudication,22.048916900530457,221,0,code_review_severity,code_high_clear,17.0,6.0,0.1431984785579781,0.95,"low:0,medium:1,high:19,insufficient:0",benchmark_authored_adjudication,Duplicate financial debits are a high-severity correctness/data-integrity issue.,target,choice,high,medium,0.3686,0.0311,0.9689156103134379,0,0.1804,1.7125786713536137,0.9117188,"{""high"": 0.95, ""insufficient"": 0.0, ""low"": 0.0, ""medium"": 0.05}","{""high"": 0.1804, ""insufficient"": 0.1908, ""low"": 0.2602, ""medium"": 0.3686}",0.7696,0.36846485419712005,1.4783366561273812,0.7978987999999999,
case_75e9f1fe761f8f55,semantic_adjudication,26.738249929621816,271,0,code_review_severity,code_high_clear,18.0,12.0,0.1431984785579781,0.95,"low:0,medium:1,high:19,insufficient:0",benchmark_authored_adjudication,Duplicate financial debits are a high-severity correctness/data-integrity issue.,target,choice,high,medium,0.3773,0.0299,0.9701026369482191,0,0.2308,1.4662037443481926,0.81084338,"{""high"": 0.95, ""insufficient"": 0.0, ""low"": 0.0, ""medium"": 0.05}","{""high"": 0.2308, ""insufficient"": 0.1923, ""low"": 0.1996, ""medium"": 0.3773}",0.7192,0.3243498258948059,1.2431140463855037,0.70119338,
case_58cffff01c9ad8af,semantic_adjudication,35.85775010287762,372,0,code_review_severity,code_high_clear,19.0,24.0,0.1431984785579781,0.95,"low:0,medium:1,high:19,insufficient:0",benchmark_authored_adjudication,Duplicate financial debits are a high-severity correctness/data-integrity issue.,target,choice,high,medium,0.3604,0.0291,0.9709137483965757,0,0.252,1.3783261914707137,0.76657665,"{""high"": 0.95, ""insufficient"": 0.0, ""low"": 0.0, ""medium"": 0.05}","{""high"": 0.252, ""insufficient"": 0.162, ""low"": 0.2257, ""medium"": 0.3604}",0.69805,0.3085207877377834,1.1619216762137032,0.6607366499999999,
case_60c8d541d7706b3f,semantic_adjudication,17.621958861127496,160,0,code_review_severity,code_high_clear,20.0,0.0,0.1431984785579781,0.95,"low:0,medium:1,high:19,insufficient:0",benchmark_authored_adjudication,Duplicate financial debits are a high-severity correctness/data-integrity issue.,target,choice,high,medium,0.4251,0.0647,0.9353050834811302,0,0.2582,1.354020800569595,0.7812233000000001,"{""high"": 0.95, ""insufficient"": 0.0, ""low"": 0.0, ""medium"": 0.05}","{""high"": 0.2582, ""insufficient"": 0.1514, ""low"": 0.1653, ""medium"": 0.4251}",0.6918,0.299801048290322,1.1305760593761123,0.6695333,
case_a875bfd9c789542a,semantic_adjudication,21.60254097543657,181,0,code_review_severity,code_high_clear,21.0,2.0,0.1431984785579781,0.95,"low:0,medium:1,high:19,insufficient:0",benchmark_authored_adjudication,Duplicate financial debits are a high-severity correctness/data-integrity issue.,target,choice,high,medium,0.3763,0.0438,0.9562656669573473,0,0.1335,2.0136538011418326,1.0126727800000002,"{""high"": 0.95, ""insufficient"": 0.0, ""low"": 0.0, ""medium"": 0.05}","{""high"": 0.1335, ""insufficient"": 0.238, ""low"": 0.2522, ""medium"": 0.3763}",0.8165,0.41387403070144746,1.7633242968080056,0.89339278,
case_5b5b509a467bbfcc,semantic_adjudication,23.559959139674902,226,0,code_review_severity,code_high_clear,22.0,6.0,0.1431984785579781,0.95,"low:0,medium:1,high:19,insufficient:0",benchmark_authored_adjudication,Duplicate financial debits are a high-severity correctness/data-integrity issue.,target,choice,high,medium,0.3889,0.0352,0.9648547608212784,0,0.2112,1.5549497271500305,0.8541420999999999,"{""high"": 0.95, ""insufficient"": 0.0, ""low"": 0.0, ""medium"": 0.05}","{""high"": 0.2112, ""insufficient"": 0.1808, ""low"": 0.2191, ""medium"": 0.3889}",0.7387999999999999,0.3399823923643355,1.3259086493376784,0.7413720999999999,
case_c3ff282b5b2a66e7,semantic_adjudication,26.98212512768805,270,0,code_review_severity,code_high_clear,23.0,12.0,0.1431984785579781,0.95,"low:0,medium:1,high:19,insufficient:0",benchmark_authored_adjudication,Duplicate financial debits are a high-severity correctness/data-integrity issue.,target,choice,high,medium,0.3698,0.0322,0.9678411352294864,0,0.2127,1.5478725567759455,0.84773093,"{""high"": 0.95, ""insufficient"": 0.0, ""low"": 0.0, ""medium"": 0.05}","{""high"": 0.2127, ""insufficient"": 0.1644, ""low"": 0.2532, ""medium"": 0.3698}",0.73735,0.33990930776350875,1.3217033335927313,0.73702093,
case_e2e1758192b82c19,semantic_adjudication,32.6083330437541,372,0,code_review_severity,code_high_clear,24.0,24.0,0.1431984785579781,0.95,"low:0,medium:1,high:19,insufficient:0",benchmark_authored_adjudication,Duplicate financial debits are a high-severity correctness/data-integrity issue.,target,choice,high,medium,0.3472,0.0242,0.9757769222933992,0,0.2617,1.340556469446037,0.7436006699999999,"{""high"": 0.95, ""insufficient"": 0.0, ""low"": 0.0, ""medium"": 0.05}","{""high"": 0.2617, ""insufficient"": 0.1687, ""low"": 0.2225, ""medium"": 0.3472}",0.68835,0.30188911301951893,1.1279061174376597,0.6400506699999999,
case_38978691b0e59998,semantic_adjudication,16.99841720983386,157,0,code_review_severity,code_high_clear,25.0,0.0,0.1431984785579781,0.95,"low:0,medium:1,high:19,insufficient:0",benchmark_authored_adjudication,Duplicate financial debits are a high-severity correctness/data-integrity issue.,target,choice,high,medium,0.4428,0.0648,0.9351742609927561,0,0.2057,1.5813364823232257,0.88895429,"{""high"": 0.95, ""insufficient"": 0.0, ""low"": 0.0, ""medium"": 0.05}","{""high"": 0.2057, ""insufficient"": 0.165, ""low"": 0.1864, ""medium"": 0.4428}",0.74425,0.3416152602651489,1.3444862687685744,0.77024429,
case_ee4a9bc1e3088a5e,semantic_adjudication,18.309416016563773,189,0,code_review_severity,code_high_clear,26.0,2.0,0.1431984785579781,0.95,"low:0,medium:1,high:19,insufficient:0",benchmark_authored_adjudication,Duplicate financial debits are a high-severity correctness/data-integrity issue.,target,choice,high,medium,0.3957,0.0415,0.958500313007804,0,0.1837,1.694451286761057,0.91354118,"{""high"": 0.95, ""insufficient"": 0.0, ""low"": 0.0, ""medium"": 0.05}","{""high"": 0.1837, ""insufficient"": 0.1774, ""low"": 0.2432, ""medium"": 0.3957}",0.7663,0.3637827292139001,1.4575684256066694,0.79734118,
case_d713af1aacc00862,semantic_adjudication,21.87179191969335,218,0,code_review_severity,code_high_clear,27.0,6.0,0.1431984785579781,0.95,"low:0,medium:1,high:19,insufficient:0",benchmark_authored_adjudication,Duplicate financial debits are a high-severity correctness/data-integrity issue.,target,choice,high,medium,0.3581,0.0254,0.9745859466810554,0,0.1959,1.6301509540316421,0.8766886300000001,"{""high"": 0.95, ""insufficient"": 0.0, ""low"": 0.0, ""medium"": 0.05}","{""high"": 0.1959, ""insufficient"": 0.1886, ""low"": 0.2575, ""medium"": 0.3581}",0.75415,0.3552098965130717,1.4014753130830748,0.76546863,
case_59d0c4383d708b70,semantic_adjudication,26.624958962202072,270,0,code_review_severity,code_high_clear,28.0,12.0,0.1431984785579781,0.95,"low:0,medium:1,high:19,insufficient:0",benchmark_authored_adjudication,Duplicate financial debits are a high-severity correctness/data-integrity issue.,target,choice,high,medium,0.354,0.0232,0.9768213398236367,0,0.1909,1.6560055482504352,0.8850858500000001,"{""high"": 0.95, ""insufficient"": 0.0, ""low"": 0.0, ""medium"": 0.05}","{""high"": 0.1909, ""insufficient"": 0.2, ""low"": 0.2552, ""medium"": 0.354}",0.75915,0.35992161150796564,1.426612945784459,0.77377585,
case_4b99d918965781e3,semantic_adjudication,34.207292133942246,373,0,code_review_severity,code_high_clear,29.0,24.0,0.1431984785579781,0.95,"low:0,medium:1,high:19,insufficient:0",benchmark_authored_adjudication,Duplicate financial debits are a high-severity correctness/data-integrity issue.,target,choice,high,medium,0.3783,0.0304,0.9695957219466248,0,0.2257,1.488548595158647,0.82133983,"{""high"": 0.95, ""insufficient"": 0.0, ""low"": 0.0, ""medium"": 0.05}","{""high"": 0.2257, ""insufficient"": 0.1853, ""low"": 0.2106, ""medium"": 0.3783}",0.72425,0.3284521843436501,1.2642093094219997,0.71107983,
case_8550ff81294d4fec,semantic_adjudication,18.1727500166744,163,0,code_review_severity,code_medium_border,0.0,0.0,0.659517637169433,0.7,"low:2,medium:14,high:3,insufficient:1",benchmark_authored_adjudication,Reliability defect is real but impact is bounded and retries exist.,target,choice,medium,medium,0.426,0.0822,0.9178169887960244,1,0.426,0.8533159327127666,0.4556051300000001,"{""high"": 0.15, ""insufficient"": 0.05, ""low"": 0.1, ""medium"": 0.7}","{""high"": 0.1248, ""insufficient"": 0.1553, ""low"": 0.294, ""medium"": 0.426}",0.29924999999999996,0.05653400455145978,0.21072937349457943,0.12443512999999996,
case_6798901837fdd61b,semantic_adjudication,18.349624937400222,185,0,code_review_severity,code_medium_border,1.0,2.0,0.659517637169433,0.7,"low:2,medium:14,high:3,insufficient:1",benchmark_authored_adjudication,Reliability defect is real but impact is bounded and retries exist.,target,choice,medium,medium,0.4067,0.087,0.9130553449744234,1,0.4067,0.8996794660689582,0.4932298599999999,"{""high"": 0.15, ""insufficient"": 0.05, ""low"": 0.1, ""medium"": 0.7}","{""high"": 0.0953, ""insufficient"": 0.1852, ""low"": 0.3128, ""medium"": 0.4067}",0.348,0.07220515977175562,0.2686339398990697,0.15257985999999996,
case_e610974226d990ee,semantic_adjudication,23.903708206489682,226,0,code_review_severity,code_medium_border,2.0,6.0,0.659517637169433,0.7,"low:2,medium:14,high:3,insufficient:1",benchmark_authored_adjudication,Reliability defect is real but impact is bounded and retries exist.,target,choice,medium,medium,0.3926,0.0537,0.9463382839923975,1,0.3926,0.9349639971397764,0.5025776999999999,"{""high"": 0.15, ""insufficient"": 0.05, ""low"": 0.1, ""medium"": 0.7}","{""high"": 0.1474, ""insufficient"": 0.1747, ""low"": 0.2853, ""medium"": 0.3926}",0.30999999999999994,0.06347135114269281,0.24003566658315406,0.14438769999999998,
case_4fa1cbd5681c5d70,semantic_adjudication,29.181750025600195,272,0,code_review_severity,code_medium_border,3.0,12.0,0.659517637169433,0.7,"low:2,medium:14,high:3,insufficient:1",benchmark_authored_adjudication,Reliability defect is real but impact is bounded and retries exist.,target,choice,medium,medium,0.4363,0.064,0.9360463849176187,1,0.4363,0.829425198852573,0.42624829999999997,"{""high"": 0.15, ""insufficient"": 0.05, ""low"": 0.1, ""medium"": 0.7}","{""high"": 0.1614, ""insufficient"": 0.1736, ""low"": 0.2287, ""medium"": 0.4363}",0.26369999999999993,0.046563629731489566,0.17497697783477995,0.10150829999999997,
case_a81dc96f5c379754,semantic_adjudication,44.24049984663725,385,0,code_review_severity,code_medium_border,4.0,24.0,0.659517637169433,0.7,"low:2,medium:14,high:3,insufficient:1",benchmark_authored_adjudication,Reliability defect is real but impact is bounded and retries exist.,target,choice,medium,medium,0.3618,0.0334,0.9666149405889486,1,0.3618,1.0166637060209422,0.54992136,"{""high"": 0.15, ""insufficient"": 0.05, ""low"": 0.1, ""medium"": 0.7}","{""high"": 0.1688, ""insufficient"": 0.1902, ""low"": 0.2792, ""medium"": 0.3618}",0.33819999999999995,0.07153708304767391,0.27480176452353683,0.16650135999999996,
case_8e7de87bf5588b16,semantic_adjudication,17.663749866187572,160,0,code_review_severity,code_medium_border,5.0,0.0,0.659517637169433,0.7,"low:2,medium:14,high:3,insufficient:1",benchmark_authored_adjudication,Reliability defect is real but impact is bounded and retries exist.,target,choice,medium,medium,0.4135,0.0837,0.9162896374033402,1,0.4135,0.8830977645183911,0.47986196000000003,"{""high"": 0.15, ""insufficient"": 0.05, ""low"": 0.1, ""medium"": 0.7}","{""high"": 0.1141, ""insufficient"": 0.1611, ""low"": 0.3113, ""medium"": 0.4135}",0.3224,0.06372166818112053,0.23747117660630873,0.14036195999999998,
case_cdec31627ce134b4,semantic_adjudication,18.421541899442673,190,0,code_review_severity,code_medium_border,6.0,2.0,0.659517637169433,0.7,"low:2,medium:14,high:3,insufficient:1",benchmark_authored_adjudication,Reliability defect is real but impact is bounded and retries exist.,target,choice,medium,medium,0.3893,0.0702,0.929807914323894,1,0.3893,0.943405024365727,0.51583282,"{""high"": 0.15, ""insufficient"": 0.05, ""low"": 0.1, ""medium"": 0.7}","{""high"": 0.0974, ""insufficient"": 0.2279, ""low"": 0.2854, ""medium"": 0.3893}",0.36329999999999996,0.07936067095245765,0.2947660703694221,0.16532281999999998,
case_55cdb8200e59a142,semantic_adjudication,21.81424992159009,221,0,code_review_severity,code_medium_border,7.0,6.0,0.659517637169433,0.7,"low:2,medium:14,high:3,insufficient:1",benchmark_authored_adjudication,Reliability defect is real but impact is bounded and retries exist.,target,choice,medium,medium,0.4169,0.0821,0.917852762457384,1,0.4169,0.8749088940953859,0.47184161999999996,"{""high"": 0.15, ""insufficient"": 0.05, ""low"": 0.1, ""medium"": 0.7}","{""high"": 0.1078, ""insufficient"": 0.1774, ""low"": 0.2979, ""medium"": 0.4169}",0.3253,0.06452797231858348,0.23983943985738,0.13732161999999998,
case_44c47ed5e47fa596,semantic_adjudication,27.000042144209146,275,0,code_review_severity,code_medium_border,8.0,12.0,0.659517637169433,0.7,"low:2,medium:14,high:3,insufficient:1",benchmark_authored_adjudication,Reliability defect is real but impact is bounded and retries exist.,target,choice,medium,medium,0.375,0.0538,0.9461830413851428,1,0.375,0.9808292530117262,0.53680653,"{""high"": 0.15, ""insufficient"": 0.05, ""low"": 0.1, ""medium"": 0.7}","{""high"": 0.1676, ""insufficient"": 0.1464, ""low"": 0.3109, ""medium"": 0.375}",0.32494999999999996,0.065952833565041,0.2531201893457216,0.15970652999999996,
case_d7ff394f47e7fab0,semantic_adjudication,39.27120822481811,380,0,code_review_severity,code_medium_border,9.0,24.0,0.659517637169433,0.7,"low:2,medium:14,high:3,insufficient:1",benchmark_authored_adjudication,Reliability defect is real but impact is bounded and retries exist.,target,choice,medium,medium,0.3595,0.0293,0.9707234168713245,1,0.3595,1.0230411018210357,0.5518776200000001,"{""high"": 0.15, ""insufficient"": 0.05, ""low"": 0.1, ""medium"": 0.7}","{""high"": 0.1924, ""insufficient"": 0.1781, ""low"": 0.27, ""medium"": 0.3595}",0.34049999999999997,0.06851944612240324,0.26627383735290777,0.16304761999999998,
case_bce1292c14588d96,semantic_adjudication,18.469583010300994,166,0,code_review_severity,code_medium_border,10.0,0.0,0.659517637169433,0.7,"low:2,medium:14,high:3,insufficient:1",benchmark_authored_adjudication,Reliability defect is real but impact is bounded and retries exist.,target,choice,medium,medium,0.437,0.0753,0.9247293811577693,1,0.437,0.8278220838865469,0.43128104999999994,"{""high"": 0.15, ""insufficient"": 0.05, ""low"": 0.1, ""medium"": 0.7}","{""high"": 0.1532, ""insufficient"": 0.1465, ""low"": 0.2634, ""medium"": 0.437}",0.26305,0.046773468892564875,0.1760361719983771,0.10519104999999998,
case_98701f03bcec237e,semantic_adjudication,18.366000149399042,186,0,code_review_severity,code_medium_border,11.0,2.0,0.659517637169433,0.7,"low:2,medium:14,high:3,insufficient:1",benchmark_authored_adjudication,Reliability defect is real but impact is bounded and retries exist.,target,choice,medium,medium,0.3844,0.069,0.9310241698375135,1,0.3844,0.9560716018859996,0.5242853599999999,"{""high"": 0.15, ""insufficient"": 0.05, ""low"": 0.1, ""medium"": 0.7}","{""high"": 0.096, ""insufficient"": 0.2362, ""low"": 0.2834, ""medium"": 0.3844}",0.36959999999999993,0.08203857244336513,0.3047190169137452,0.17082535999999995,
case_a76066bcfa85e74c,semantic_adjudication,21.764707984402776,223,0,code_review_severity,code_medium_border,12.0,6.0,0.659517637169433,0.7,"low:2,medium:14,high:3,insufficient:1",benchmark_authored_adjudication,Reliability defect is real but impact is bounded and retries exist.,target,choice,medium,medium,0.3832,0.0724,0.9276044956047953,1,0.3832,0.9591982328854316,0.5305775,"{""high"": 0.15, ""insufficient"": 0.05, ""low"": 0.1, ""medium"": 0.7}","{""high"": 0.1059, ""insufficient"": 0.1906, ""low"": 0.3203, ""medium"": 0.3832}",0.3609,0.07768221890894529,0.29067082213372386,0.17060749999999997,
case_108e3303c5255e67,semantic_adjudication,28.37533294223249,275,0,code_review_severity,code_medium_border,13.0,12.0,0.659517637169433,0.7,"low:2,medium:14,high:3,insufficient:1",benchmark_authored_adjudication,Reliability defect is real but impact is bounded and retries exist.,target,choice,medium,medium,0.3919,0.0396,0.9604301437462184,1,0.3919,0.9367485737765512,0.49563234,"{""high"": 0.15, ""insufficient"": 0.05, ""low"": 0.1, ""medium"": 0.7}","{""high"": 0.1884, ""insufficient"": 0.1761, ""low"": 0.2436, ""medium"": 0.3919}",0.3081,0.05722835762074964,0.21987454519110627,0.13292233999999994,
case_1afda4c1c7e7b733,semantic_adjudication,34.076834097504616,376,0,code_review_severity,code_medium_border,14.0,24.0,0.659517637169433,0.7,"low:2,medium:14,high:3,insufficient:1",benchmark_authored_adjudication,Reliability defect is real but impact is bounded and retries exist.,target,choice,medium,medium,0.3637,0.0339,0.9661157070660719,1,0.3637,1.0114259269891936,0.5465991499999999,"{""high"": 0.15, ""insufficient"": 0.05, ""low"": 0.1, ""medium"": 0.7}","{""high"": 0.1689, ""insufficient"": 0.1895, ""low"": 0.278, ""medium"": 0.3637}",0.33635,0.07078135627936086,0.2716615649527266,0.16459914999999997,
case_90410310365041a3,semantic_adjudication,18.177333986386657,161,0,code_review_severity,code_medium_border,15.0,0.0,0.659517637169433,0.7,"low:2,medium:14,high:3,insufficient:1",benchmark_authored_adjudication,Reliability defect is real but impact is bounded and retries exist.,target,choice,medium,medium,0.4134,0.0626,0.9373604415992799,1,0.4134,0.8833396317344692,0.46827126,"{""high"": 0.15, ""insufficient"": 0.05, ""low"": 0.1, ""medium"": 0.7}","{""high"": 0.15, ""insufficient"": 0.1619, ""low"": 0.2747, ""medium"": 0.4134}",0.28659999999999997,0.05537638648007141,0.20886654798292992,0.12518126,
case_a016804a573e731c,semantic_adjudication,18.684042152017355,187,0,code_review_severity,code_medium_border,16.0,2.0,0.659517637169433,0.7,"low:2,medium:14,high:3,insufficient:1",benchmark_authored_adjudication,Reliability defect is real but impact is bounded and retries exist.,target,choice,medium,medium,0.3833,0.0606,0.9394193231323434,1,0.3833,0.9589373065956277,0.52436659,"{""high"": 0.15, ""insufficient"": 0.05, ""low"": 0.1, ""medium"": 0.7}","{""high"": 0.1272, ""insufficient"": 0.1815, ""low"": 0.3081, ""medium"": 0.3833}",0.33954999999999996,0.0716084344726764,0.26932779596307066,0.16141658999999997,
case_7b54ed9ec488827b,semantic_adjudication,21.838416112586856,218,0,code_review_severity,code_medium_border,17.0,6.0,0.659517637169433,0.7,"low:2,medium:14,high:3,insufficient:1",benchmark_authored_adjudication,Reliability defect is real but impact is bounded and retries exist.,target,choice,medium,medium,0.3955,0.061,0.9389497826385934,1,0.3955,0.9276044917744285,0.5007786200000001,"{""high"": 0.15, ""insufficient"": 0.05, ""low"": 0.1, ""medium"": 0.7}","{""high"": 0.1256, ""insufficient"": 0.1899, ""low"": 0.289, ""medium"": 0.3955}",0.32889999999999997,0.06768534477331473,0.25343125866237204,0.14860861999999997,
case_2483e5c30e708cf8,semantic_adjudication,27.705582790076733,279,0,code_review_severity,code_medium_border,18.0,12.0,0.659517637169433,0.7,"low:2,medium:14,high:3,insufficient:1",benchmark_authored_adjudication,Reliability defect is real but impact is bounded and retries exist.,target,choice,medium,medium,0.3821,0.044,0.9560107613777147,1,0.3821,0.9620729245292828,0.51687523,"{""high"": 0.15, ""insufficient"": 0.05, ""low"": 0.1, ""medium"": 0.7}","{""high"": 0.1496, ""insufficient"": 0.1955, ""low"": 0.2729, ""medium"": 0.3821}",0.31834999999999997,0.06756392283337695,0.2556087278242832,0.15212522999999997,
case_ea4509b901ce1584,semantic_adjudication,34.692833898589015,376,0,code_review_severity,code_medium_border,19.0,24.0,0.659517637169433,0.7,"low:2,medium:14,high:3,insufficient:1",benchmark_authored_adjudication,Reliability defect is real but impact is bounded and retries exist.,target,choice,medium,medium,0.3561,0.0371,0.9629762871264647,1,0.3561,1.032543688698405,0.5635000699999999,"{""high"": 0.15, ""insufficient"": 0.05, ""low"": 0.1, ""medium"": 0.7}","{""high"": 0.1674, ""insufficient"": 0.1779, ""low"": 0.2987, ""medium"": 0.3561}",0.34395,0.07367802174260135,0.28375860835232336,0.17441006999999997,
case_9142e315a675e7d6,semantic_adjudication,18.46795785240829,163,0,code_review_severity,code_medium_border,20.0,0.0,0.659517637169433,0.7,"low:2,medium:14,high:3,insufficient:1",benchmark_authored_adjudication,Reliability defect is real but impact is bounded and retries exist.,target,choice,medium,medium,0.4489,0.073,0.9270357066820989,1,0.4489,0.8009551331942506,0.4080601999999999,"{""high"": 0.15, ""insufficient"": 0.05, ""low"": 0.1, ""medium"": 0.7}","{""high"": 0.1673, ""insufficient"": 0.1551, ""low"": 0.2287, ""medium"": 0.4489}",0.25109999999999993,0.041134268824258746,0.15529669065260254,0.09096019999999996,
case_fd617e2ab16a2e69,semantic_adjudication,18.22054199874401,184,0,code_review_severity,code_medium_border,21.0,2.0,0.659517637169433,0.7,"low:2,medium:14,high:3,insufficient:1",benchmark_authored_adjudication,Reliability defect is real but impact is bounded and retries exist.,target,choice,medium,medium,0.4219,0.0673,0.932700238389988,1,0.4219,0.862986959851844,0.4540699800000001,"{""high"": 0.15, ""insufficient"": 0.05, ""low"": 0.1, ""medium"": 0.7}","{""high"": 0.1232, ""insufficient"": 0.2027, ""low"": 0.2522, ""medium"": 0.4219}",0.30489999999999995,0.05980006000603807,0.22145192143294035,0.12453997999999997,
case_8759ecc438cbaf40,semantic_adjudication,22.79933402314782,227,0,code_review_severity,code_medium_border,22.0,6.0,0.659517637169433,0.7,"low:2,medium:14,high:3,insufficient:1",benchmark_authored_adjudication,Reliability defect is real but impact is bounded and retries exist.,target,choice,medium,low,0.3472,0.0415,0.958490340597495,0,0.3025,1.195674001511241,0.6720471800000001,"{""high"": 0.15, ""insufficient"": 0.05, ""low"": 0.1, ""medium"": 0.7}","{""high"": 0.1325, ""insufficient"": 0.2178, ""low"": 0.3472, ""medium"": 0.3025}",0.415,0.10528598343301222,0.4078564476679067,0.24757717999999995,
case_386fc94b651d4f2a,semantic_adjudication,30.354666989296675,274,0,code_review_severity,code_medium_border,23.0,12.0,0.659517637169433,0.7,"low:2,medium:14,high:3,insufficient:1",benchmark_authored_adjudication,Reliability defect is real but impact is bounded and retries exist.,target,choice,medium,medium,0.3792,0.054,0.9460158862884945,1,0.3792,0.9696915086012704,0.52819966,"{""high"": 0.15, ""insufficient"": 0.05, ""low"": 0.1, ""medium"": 0.7}","{""high"": 0.1318, ""insufficient"": 0.1903, ""low"": 0.2987, ""medium"": 0.3792}",0.33899999999999997,0.07223523296501608,0.2722581537008587,0.16240965999999998,
case_3f67d8ecfb538925,semantic_adjudication,32.42404176853597,373,0,code_review_severity,code_medium_border,24.0,24.0,0.659517637169433,0.7,"low:2,medium:14,high:3,insufficient:1",benchmark_authored_adjudication,Reliability defect is real but impact is bounded and retries exist.,target,choice,medium,medium,0.3597,0.0256,0.9744074057684349,1,0.3597,1.0224849282805588,0.5491463,"{""high"": 0.15, ""insufficient"": 0.05, ""low"": 0.1, ""medium"": 0.7}","{""high"": 0.2124, ""insufficient"": 0.1786, ""low"": 0.2493, ""medium"": 0.3597}",0.34029999999999994,0.06617496893279676,0.2588866261436945,0.15852629999999995,
case_1e0b5bc4bbd8672f,semantic_adjudication,16.815457958728075,160,0,code_review_severity,code_medium_border,25.0,0.0,0.659517637169433,0.7,"low:2,medium:14,high:3,insufficient:1",benchmark_authored_adjudication,Reliability defect is real but impact is bounded and retries exist.,target,choice,medium,medium,0.4651,0.0886,0.9113405567120123,1,0.4651,0.7655028427520857,0.3870760999999999,"{""high"": 0.15, ""insufficient"": 0.05, ""low"": 0.1, ""medium"": 0.7}","{""high"": 0.1464, ""insufficient"": 0.1492, ""low"": 0.2393, ""medium"": 0.4651}",0.23849999999999996,0.039580420683300505,0.14790541804500457,0.08443609999999997,
case_229a9391c62d4adf,semantic_adjudication,18.18912522867322,190,0,code_review_severity,code_medium_border,26.0,2.0,0.659517637169433,0.7,"low:2,medium:14,high:3,insufficient:1",benchmark_authored_adjudication,Reliability defect is real but impact is bounded and retries exist.,target,choice,medium,medium,0.3693,0.0566,0.9434522202092821,1,0.3693,0.9961459571236195,0.54833514,"{""high"": 0.15, ""insufficient"": 0.05, ""low"": 0.1, ""medium"": 0.7}","{""high"": 0.1188, ""insufficient"": 0.2039, ""low"": 0.308, ""medium"": 0.3693}",0.36189999999999994,0.0797109063294798,0.29983549899841605,0.17728513999999995,
case_b7d581f4a89d4292,semantic_adjudication,21.934207994490862,221,0,code_review_severity,code_medium_border,27.0,6.0,0.659517637169433,0.7,"low:2,medium:14,high:3,insufficient:1",benchmark_authored_adjudication,Reliability defect is real but impact is bounded and retries exist.,target,choice,medium,medium,0.397,0.0507,0.9493256014960701,1,0.397,0.9238189982949466,0.49219505999999996,"{""high"": 0.15, ""insufficient"": 0.05, ""low"": 0.1, ""medium"": 0.7}","{""high"": 0.1458, ""insufficient"": 0.1911, ""low"": 0.2661, ""medium"": 0.397}",0.3072,0.06278033693786295,0.23635186773714523,0.13932505999999997,
case_5e85c79d08398a86,semantic_adjudication,26.72437485307455,274,0,code_review_severity,code_medium_border,28.0,12.0,0.659517637169433,0.7,"low:2,medium:14,high:3,insufficient:1",benchmark_authored_adjudication,Reliability defect is real but impact is bounded and retries exist.,target,choice,medium,medium,0.3951,0.0462,0.9537607051737772,1,0.3951,0.928616381564792,0.49340994,"{""high"": 0.15, ""insufficient"": 0.05, ""low"": 0.1, ""medium"": 0.7}","{""high"": 0.1604, ""insufficient"": 0.1836, ""low"": 0.2609, ""medium"": 0.3951}",0.30489999999999995,0.06048330682709388,0.22937017188444658,0.13680994,
case_4ff1f8a0273343c4,semantic_adjudication,32.881332794204354,380,0,code_review_severity,code_medium_border,29.0,24.0,0.659517637169433,0.7,"low:2,medium:14,high:3,insufficient:1",benchmark_authored_adjudication,Reliability defect is real but impact is bounded and retries exist.,target,choice,medium,medium,0.4106,0.0533,0.94673222802882,1,0.4106,0.8901357743973038,0.4681484199999999,"{""high"": 0.15, ""insufficient"": 0.05, ""low"": 0.1, ""medium"": 0.7}","{""high"": 0.1726, ""insufficient"": 0.1631, ""low"": 0.2537, ""medium"": 0.4106}",0.28939999999999994,0.052540831927752225,0.20015610536638362,0.12067841999999995,
case_f64a036f853e24c2,semantic_adjudication,17.47445808723569,148,0,code_review_severity,code_low_medium,0.0,0.0,0.5941881858672536,0.6,"low:12,medium:7,high:0,insufficient:1",benchmark_authored_adjudication,"Primarily maintainability risk, with some chance of future correctness drift.",target,choice,low,medium,0.4506,0.0891,0.9109464142766162,0,0.2498,1.3870946812906597,0.81421989,"{""high"": 0.0, ""insufficient"": 0.05, ""low"": 0.6, ""medium"": 0.35}","{""high"": 0.1082, ""insufficient"": 0.1915, ""low"": 0.2498, ""medium"": 0.4506}",0.35025,0.09995449938348433,0.370191788625034,0.16448988999999997,
case_1c7cfb98ad3ce538,semantic_adjudication,18.30645790323615,169,0,code_review_severity,code_low_medium,1.0,2.0,0.5941881858672536,0.6,"low:12,medium:7,high:0,insufficient:1",benchmark_authored_adjudication,"Primarily maintainability risk, with some chance of future correctness drift.",target,choice,low,medium,0.4027,0.0717,0.9282740131659862,0,0.2539,1.3708147902715042,0.78854975,"{""high"": 0.0, ""insufficient"": 0.05, ""low"": 0.6, ""medium"": 0.35}","{""high"": 0.0982, ""insufficient"": 0.2451, ""low"": 0.2539, ""medium"": 0.4027}",0.34604999999999997,0.1062010905589724,0.38742078596712987,0.17026974999999997,
case_1de789e46539c9dd,semantic_adjudication,22.44562515988946,210,0,code_review_severity,code_low_medium,2.0,6.0,0.5941881858672536,0.6,"low:12,medium:7,high:0,insufficient:1",benchmark_authored_adjudication,"Primarily maintainability risk, with some chance of future correctness drift.",target,choice,low,medium,0.4092,0.0621,0.9378485915634179,0,0.2707,1.3067440823618817,0.7523852600000001,"{""high"": 0.0, ""insufficient"": 0.05, ""low"": 0.6, ""medium"": 0.35}","{""high"": 0.1298, ""insufficient"": 0.1903, ""low"": 0.2707, ""medium"": 0.4092}",0.3293,0.09990201527270885,0.35602732885593236,0.14847525999999997,
case_290583736c296134,semantic_adjudication,30.10829188860953,258,0,code_review_severity,code_low_medium,3.0,12.0,0.5941881858672536,0.6,"low:12,medium:7,high:0,insufficient:1",benchmark_authored_adjudication,"Primarily maintainability risk, with some chance of future correctness drift.",target,choice,low,medium,0.432,0.0602,0.939865217851474,0,0.22,1.5141277326297755,0.8560944100000001,"{""high"": 0.0, ""insufficient"": 0.05, ""low"": 0.6, ""medium"": 0.35}","{""high"": 0.1585, ""insufficient"": 0.1896, ""low"": 0.22, ""medium"": 0.432}",0.38005,0.12451081871768709,0.4616642342824043,0.19573441,
case_5c6aa78710beb75a,semantic_adjudication,35.73583299294114,366,0,code_review_severity,code_low_medium,4.0,24.0,0.5941881858672536,0.6,"low:12,medium:7,high:0,insufficient:1",benchmark_authored_adjudication,"Primarily maintainability risk, with some chance of future correctness drift.",target,choice,low,medium,0.3964,0.0407,0.9592705152633406,0,0.2374,1.4380087968065693,0.80576472,"{""high"": 0.0, ""insufficient"": 0.05, ""low"": 0.6, ""medium"": 0.35}","{""high"": 0.1864, ""insufficient"": 0.1798, ""low"": 0.2374, ""medium"": 0.3964}",0.3626,0.1253587460592903,0.4487470712035478,0.18522471999999998,
case_39385d70fb790de9,semantic_adjudication,16.947124851867557,145,0,code_review_severity,code_low_medium,5.0,0.0,0.5941881858672536,0.6,"low:12,medium:7,high:0,insufficient:1",benchmark_authored_adjudication,"Primarily maintainability risk, with some chance of future correctness drift.",target,choice,low,medium,0.4944,0.1042,0.895857272726526,0,0.2061,1.5793937910857236,0.9197768300000001,"{""high"": 0.0, ""insufficient"": 0.05, ""low"": 0.6, ""medium"": 0.35}","{""high"": 0.1401, ""insufficient"": 0.1595, ""low"": 0.2061, ""medium"": 0.4944}",0.39395,0.12004223065684377,0.4622457414709944,0.20762683,
case_1e3fdfa226074f7a,semantic_adjudication,19.09991609863937,178,0,code_review_severity,code_low_medium,6.0,2.0,0.5941881858672536,0.6,"low:12,medium:7,high:0,insufficient:1",benchmark_authored_adjudication,"Primarily maintainability risk, with some chance of future correctness drift.",target,choice,low,medium,0.4534,0.0737,0.9263681210663455,0,0.2138,1.5427142803911922,0.8794768500000001,"{""high"": 0.0, ""insufficient"": 0.05, ""low"": 0.6, ""medium"": 0.35}","{""high"": 0.1526, ""insufficient"": 0.1803, ""low"": 0.2138, ""medium"": 0.4534}",0.38625,0.1235005639942052,0.46440868347957537,0.20010685,
case_1360b6edb83d6a7f,semantic_adjudication,22.023540921509266,203,0,code_review_severity,code_low_medium,7.0,6.0,0.5941881858672536,0.6,"low:12,medium:7,high:0,insufficient:1",benchmark_authored_adjudication,"Primarily maintainability risk, with some chance of future correctness drift.",target,choice,low,medium,0.4216,0.0526,0.947367036092221,0,0.2186,1.5205117032396989,0.8531950199999999,"{""high"": 0.0, ""insufficient"": 0.05, ""low"": 0.6, ""medium"": 0.35}","{""high"": 0.1717, ""insufficient"": 0.1881, ""low"": 0.2186, ""medium"": 0.4216}",0.38139999999999996,0.12869428224453805,0.4744207661799904,0.19914501999999998,
case_35d65520c7860758,semantic_adjudication,27.217291062697768,262,0,code_review_severity,code_low_medium,8.0,12.0,0.5941881858672536,0.6,"low:12,medium:7,high:0,insufficient:1",benchmark_authored_adjudication,"Primarily maintainability risk, with some chance of future correctness drift.",target,choice,low,medium,0.4092,0.0473,0.9526794151474525,0,0.2323,1.4597256392057736,0.8211125900000001,"{""high"": 0.0, ""insufficient"": 0.05, ""low"": 0.6, ""medium"": 0.35}","{""high"": 0.1855, ""insufficient"": 0.1729, ""low"": 0.2323, ""medium"": 0.4092}",0.36765,0.1254220587587131,0.45261068204291044,0.18822258999999997,
case_61f8f5ab63844989,semantic_adjudication,36.47233289666474,364,0,code_review_severity,code_low_medium,9.0,24.0,0.5941881858672536,0.6,"low:12,medium:7,high:0,insufficient:1",benchmark_authored_adjudication,"Primarily maintainability risk, with some chance of future correctness drift.",target,choice,low,medium,0.369,0.0257,0.9743045626920231,0,0.2234,1.4987913923470368,0.82255305,"{""high"": 0.0, ""insufficient"": 0.05, ""low"": 0.6, ""medium"": 0.35}","{""high"": 0.1945, ""insufficient"": 0.2132, ""low"": 0.2234, ""medium"": 0.369}",0.37665000000000004,0.13947033219087845,0.5017668554604768,0.20665305,
case_24d85699fbe10ba8,semantic_adjudication,17.86795794032514,151,0,code_review_severity,code_low_medium,10.0,0.0,0.5941881858672536,0.6,"low:12,medium:7,high:0,insufficient:1",benchmark_authored_adjudication,"Primarily maintainability risk, with some chance of future correctness drift.",target,choice,low,medium,0.478,0.0903,0.9096998117143051,0,0.204,1.5896352851379207,0.912904,"{""high"": 0.0, ""insufficient"": 0.05, ""low"": 0.6, ""medium"": 0.35}","{""high"": 0.148, ""insufficient"": 0.17, ""low"": 0.204, ""medium"": 0.478}",0.396,0.1245036436577368,0.47700987293925334,0.20950400000000002,
case_26e7000026a20ff0,semantic_adjudication,20.035665947943926,170,0,code_review_severity,code_low_medium,11.0,2.0,0.5941881858672536,0.6,"low:12,medium:7,high:0,insufficient:1",benchmark_authored_adjudication,"Primarily maintainability risk, with some chance of future correctness drift.",target,choice,low,medium,0.4429,0.0651,0.9348639060765113,0,0.2116,1.5530575789979928,0.8774201,"{""high"": 0.0, ""insufficient"": 0.05, ""low"": 0.6, ""medium"": 0.35}","{""high"": 0.1728, ""insufficient"": 0.1727, ""low"": 0.2116, ""medium"": 0.4429}",0.3884,0.12892377712075392,0.48096872439698407,0.20440009999999997,
case_ac4c7591a9b15eba,semantic_adjudication,21.69962483458221,209,0,code_review_severity,code_low_medium,12.0,6.0,0.5941881858672536,0.6,"low:12,medium:7,high:0,insufficient:1",benchmark_authored_adjudication,"Primarily maintainability risk, with some chance of future correctness drift.",target,choice,low,medium,0.3937,0.0398,0.9601225061027195,0,0.2401,1.4266997757549296,0.79952391,"{""high"": 0.0, ""insufficient"": 0.05, ""low"": 0.6, ""medium"": 0.35}","{""high"": 0.1775, ""insufficient"": 0.1886, ""low"": 0.2401, ""medium"": 0.3937}",0.35985,0.12343235448004808,0.4419646077416214,0.18215391,
case_6930ae286bd92dc7,semantic_adjudication,27.207791106775403,261,0,code_review_severity,code_low_medium,13.0,12.0,0.5941881858672536,0.6,"low:12,medium:7,high:0,insufficient:1",benchmark_authored_adjudication,"Primarily maintainability risk, with some chance of future correctness drift.",target,choice,low,medium,0.3593,0.0216,0.9783631730784486,0,0.203,1.5945492999403497,0.8601173499999999,"{""high"": 0.0, ""insufficient"": 0.05, ""low"": 0.6, ""medium"": 0.35}","{""high"": 0.2131, ""insufficient"": 0.2245, ""low"": 0.203, ""medium"": 0.3593}",0.39695,0.1551755314946332,0.5659629817443024,0.23355734999999997,
case_3f3926b54ca51572,semantic_adjudication,32.881791004911065,368,0,code_review_severity,code_low_medium,14.0,24.0,0.5941881858672536,0.6,"low:12,medium:7,high:0,insufficient:1",benchmark_authored_adjudication,"Primarily maintainability risk, with some chance of future correctness drift.",target,choice,low,medium,0.3708,0.027,0.9730335401549233,0,0.2294,1.4722880742868667,0.81137814,"{""high"": 0.0, ""insufficient"": 0.05, ""low"": 0.6, ""medium"": 0.35}","{""high"": 0.2083, ""insufficient"": 0.1915, ""low"": 0.2294, ""medium"": 0.3708}",0.37060000000000004,0.13735524531342763,0.48952884243001354,0.20118814000000002,
case_7570e54ffe787bf3,semantic_adjudication,17.009124858304858,146,0,code_review_severity,code_low_medium,15.0,0.0,0.5941881858672536,0.6,"low:12,medium:7,high:0,insufficient:1",benchmark_authored_adjudication,"Primarily maintainability risk, with some chance of future correctness drift.",target,choice,low,medium,0.485,0.1052,0.8947503919466376,0,0.2367,1.4409617624621989,0.85671678,"{""high"": 0.0, ""insufficient"": 0.05, ""low"": 0.6, ""medium"": 0.35}","{""high"": 0.1308, ""insufficient"": 0.1475, ""low"": 0.2367, ""medium"": 0.485}",0.36329999999999996,0.10416954388821034,0.38981591694123,0.17682677999999996,
case_4aa8eac36c243f03,semantic_adjudication,19.88445781171322,173,0,code_review_severity,code_low_medium,16.0,2.0,0.5941881858672536,0.6,"low:12,medium:7,high:0,insufficient:1",benchmark_authored_adjudication,"Primarily maintainability risk, with some chance of future correctness drift.",target,choice,low,medium,0.4265,0.0673,0.9327241535611631,0,0.2338,1.4532892299441689,0.83083058,"{""high"": 0.0, ""insufficient"": 0.05, ""low"": 0.6, ""medium"": 0.35}","{""high"": 0.1242, ""insufficient"": 0.2155, ""low"": 0.2338, ""medium"": 0.4265}",0.36619999999999997,0.11433702665883222,0.42324354414422805,0.18277058,
case_b25af10c2dec7084,semantic_adjudication,21.75741596147418,204,0,code_review_severity,code_low_medium,17.0,6.0,0.5941881858672536,0.6,"low:12,medium:7,high:0,insufficient:1",benchmark_authored_adjudication,"Primarily maintainability risk, with some chance of future correctness drift.",target,choice,low,medium,0.4132,0.0524,0.9475522385356916,0,0.2357,1.4451954690400517,0.81754723,"{""high"": 0.0, ""insufficient"": 0.05, ""low"": 0.6, ""medium"": 0.35}","{""high"": 0.1525, ""insufficient"": 0.1985, ""low"": 0.2357, ""medium"": 0.4132}",0.36425,0.11897397390245937,0.43358409846277307,0.18201722999999997,
case_27cbb711894d5a63,semantic_adjudication,27.284250129014254,268,0,code_review_severity,code_low_medium,18.0,12.0,0.5941881858672536,0.6,"low:12,medium:7,high:0,insufficient:1",benchmark_authored_adjudication,"Primarily maintainability risk, with some chance of future correctness drift.",target,choice,low,medium,0.4042,0.0444,0.955628439617149,0,0.2332,1.4558588245057997,0.8171149400000001,"{""high"": 0.0, ""insufficient"": 0.05, ""low"": 0.6, ""medium"": 0.35}","{""high"": 0.1785, ""insufficient"": 0.1841, ""low"": 0.2332, ""medium"": 0.4042}",0.3668,0.12504705274114902,0.45145528863321965,0.18732494,
case_941f267110198f5a,semantic_adjudication,198.05829180404544,361,0,code_review_severity,code_low_medium,19.0,24.0,0.5941881858672536,0.6,"low:12,medium:7,high:0,insufficient:1",benchmark_authored_adjudication,"Primarily maintainability risk, with some chance of future correctness drift.",target,choice,low,medium,0.3934,0.0395,0.9604606233132573,0,0.2393,1.4300372840678093,0.8009608199999999,"{""high"": 0.0, ""insufficient"": 0.05, ""low"": 0.6, ""medium"": 0.35}","{""high"": 0.1899, ""insufficient"": 0.1774, ""low"": 0.2393, ""medium"": 0.3934}",0.3607,0.1254120553590734,0.44729497994369966,0.18428081999999998,
case_6cc5e6bd9880f0a5,semantic_adjudication,17.253750003874302,148,0,code_review_severity,code_low_medium,20.0,0.0,0.5941881858672536,0.6,"low:12,medium:7,high:0,insufficient:1",benchmark_authored_adjudication,"Primarily maintainability risk, with some chance of future correctness drift.",target,choice,low,medium,0.4784,0.1014,0.8986460821229746,0,0.2368,1.4405393759722864,0.8527952,"{""high"": 0.0, ""insufficient"": 0.05, ""low"": 0.6, ""medium"": 0.35}","{""high"": 0.1212, ""insufficient"": 0.1636, ""low"": 0.2368, ""medium"": 0.4784}",0.36319999999999997,0.10366348065334749,0.38917826353321555,0.1759952,
case_2551ed2f7068fef0,semantic_adjudication,18.514416879042983,171,0,code_review_severity,code_low_medium,21.0,2.0,0.5941881858672536,0.6,"low:12,medium:7,high:0,insufficient:1",benchmark_authored_adjudication,"Primarily maintainability risk, with some chance of future correctness drift.",target,choice,low,medium,0.4561,0.0918,0.908240959685506,0,0.2459,1.4028303297599902,0.824409,"{""high"": 0.0, ""insufficient"": 0.05, ""low"": 0.6, ""medium"": 0.35}","{""high"": 0.1083, ""insufficient"": 0.1897, ""low"": 0.2459, ""medium"": 0.4561}",0.35409999999999997,0.10095862885044207,0.3758591547887902,0.16788899999999998,
case_98e835eb04b0349e,semantic_adjudication,21.769708953797817,210,0,code_review_severity,code_low_medium,22.0,6.0,0.5941881858672536,0.6,"low:12,medium:7,high:0,insufficient:1",benchmark_authored_adjudication,"Primarily maintainability risk, with some chance of future correctness drift.",target,choice,low,medium,0.4405,0.0623,0.9376569376856543,0,0.1968,1.625567294363984,0.9051027800000001,"{""high"": 0.0, ""insufficient"": 0.05, ""low"": 0.6, ""medium"": 0.35}","{""high"": 0.1902, ""insufficient"": 0.1725, ""low"": 0.1968, ""medium"": 0.4405}",0.4032,0.13979453179875106,0.5264342389941613,0.22194278,
case_6d5ef3295b5d4b1c,semantic_adjudication,25.5278751719743,256,0,code_review_severity,code_low_medium,23.0,12.0,0.5941881858672536,0.6,"low:12,medium:7,high:0,insufficient:1",benchmark_authored_adjudication,"Primarily maintainability risk, with some chance of future correctness drift.",target,choice,low,medium,0.3926,0.041,0.9589800273406691,0,0.2465,1.4003932854993923,0.7872498300000002,"{""high"": 0.0, ""insufficient"": 0.05, ""low"": 0.6, ""medium"": 0.35}","{""high"": 0.1689, ""insufficient"": 0.1919, ""low"": 0.2465, ""medium"": 0.3926}",0.35345,0.1194195850467456,0.42629268258514996,0.17543982999999996,
case_8d9ebd2ee33e38a4,semantic_adjudication,33.81033311598003,363,0,code_review_severity,code_low_medium,24.0,24.0,0.5941881858672536,0.6,"low:12,medium:7,high:0,insufficient:1",benchmark_authored_adjudication,"Primarily maintainability risk, with some chance of future correctness drift.",target,choice,low,medium,0.3622,0.026,0.9739915076161961,0,0.235,1.448169764837978,0.79883393,"{""high"": 0.0, ""insufficient"": 0.05, ""low"": 0.6, ""medium"": 0.35}","{""high"": 0.2272, ""insufficient"": 0.1755, ""low"": 0.235, ""medium"": 0.3622}",0.36495,0.13856312707183768,0.4876334959312549,0.20074393,
case_72d2d15f9230bbfc,semantic_adjudication,17.06712506711483,145,0,code_review_severity,code_low_medium,25.0,0.0,0.5941881858672536,0.6,"low:12,medium:7,high:0,insufficient:1",benchmark_authored_adjudication,"Primarily maintainability risk, with some chance of future correctness drift.",target,choice,low,medium,0.4488,0.0923,0.9076871398432708,0,0.2457,1.4036439994550036,0.8230721,"{""high"": 0.0, ""insufficient"": 0.05, ""low"": 0.6, ""medium"": 0.35}","{""high"": 0.0979, ""insufficient"": 0.2076, ""low"": 0.2457, ""medium"": 0.4488}",0.3543,0.10116326665250386,0.37748604821646875,0.16971209999999998,
case_7eec08583b5664e2,semantic_adjudication,20.01487510278821,175,0,code_review_severity,code_low_medium,26.0,2.0,0.5941881858672536,0.6,"low:12,medium:7,high:0,insufficient:1",benchmark_authored_adjudication,"Primarily maintainability risk, with some chance of future correctness drift.",target,choice,low,medium,0.4343,0.0778,0.9221887137196373,0,0.2264,1.4854519326531093,0.8519441000000002,"{""high"": 0.0, ""insufficient"": 0.05, ""low"": 0.6, ""medium"": 0.35}","{""high"": 0.1092, ""insufficient"": 0.2301, ""low"": 0.2264, ""medium"": 0.4343}",0.3736,0.11528507315613024,0.4329204009815515,0.1910441,
case_e18a6ca7fd0d75e3,semantic_adjudication,21.759791066870093,204,0,code_review_severity,code_low_medium,27.0,6.0,0.5941881858672536,0.6,"low:12,medium:7,high:0,insufficient:1",benchmark_authored_adjudication,"Primarily maintainability risk, with some chance of future correctness drift.",target,choice,low,medium,0.3948,0.0457,0.9542720639823717,0,0.2571,1.3582901647102932,0.76899866,"{""high"": 0.0, ""insufficient"": 0.05, ""low"": 0.6, ""medium"": 0.35}","{""high"": 0.1561, ""insufficient"": 0.192, ""low"": 0.2571, ""medium"": 0.3948}",0.3429,0.11227874161597681,0.3990489526600462,0.16411865999999997,
case_baebbfa9bc696cfc,semantic_adjudication,26.254332857206464,260,0,code_review_severity,code_low_medium,28.0,12.0,0.5941881858672536,0.6,"low:12,medium:7,high:0,insufficient:1",benchmark_authored_adjudication,"Primarily maintainability risk, with some chance of future correctness drift.",target,choice,low,medium,0.4037,0.0541,0.9458571022204154,0,0.27,1.3093333199837622,0.7490774099999999,"{""high"": 0.0, ""insufficient"": 0.05, ""low"": 0.6, ""medium"": 0.35}","{""high"": 0.1626, ""insufficient"": 0.1636, ""low"": 0.27, ""medium"": 0.4037}",0.32994999999999997,0.10531618786228869,0.36987594111223526,0.15112740999999996,
case_312ee764ed55f02a,semantic_adjudication,38.889708230271935,358,0,code_review_severity,code_low_medium,29.0,24.0,0.5941881858672536,0.6,"low:12,medium:7,high:0,insufficient:1",benchmark_authored_adjudication,"Primarily maintainability risk, with some chance of future correctness drift.",target,choice,low,medium,0.384,0.0362,0.9638150873728575,0,0.2485,1.3923124334454537,0.7797365,"{""high"": 0.0, ""insufficient"": 0.05, ""low"": 0.6, ""medium"": 0.35}","{""high"": 0.1835, ""insufficient"": 0.184, ""low"": 0.2485, ""medium"": 0.384}",0.35150000000000003,0.12191362022845939,0.4312981588621422,0.1763365,
case_f6cd247d8e57962e,semantic_adjudication,16.94470806978643,149,0,code_review_severity,code_insufficient,0.0,0.0,0.7205767639396528,0.65,"low:1,medium:3,high:3,insufficient:13",benchmark_authored_adjudication,Severity cannot be assessed from an unsupported assertion.,target,choice,insufficient,high,0.3967,0.044,0.9560306126751837,0,0.2457,1.4036439994550036,0.7910246699999999,"{""high"": 0.15, ""insufficient"": 0.65, ""low"": 0.05, ""medium"": 0.15}","{""high"": 0.3967, ""insufficient"": 0.2457, ""low"": 0.16, ""medium"": 0.1977}",0.40435,0.09296166095969277,0.3869030932697215,0.23869467,
case_5461031b7b0d6ade,semantic_adjudication,18.682958092540503,170,0,code_review_severity,code_insufficient,1.0,2.0,0.7205767639396528,0.65,"low:1,medium:3,high:3,insufficient:13",benchmark_authored_adjudication,Severity cannot be assessed from an unsupported assertion.,target,choice,insufficient,high,0.3583,0.0234,0.9765811672426583,0,0.2222,1.5041774017766074,0.82274106,"{""high"": 0.15, ""insufficient"": 0.65, ""low"": 0.05, ""medium"": 0.15}","{""high"": 0.3583, ""insufficient"": 0.2222, ""low"": 0.1833, ""medium"": 0.2362}",0.4278,0.10186808708023509,0.43403451724157505,0.25160106,
case_c415f61a180d4ce6,semantic_adjudication,21.84429205954075,212,0,code_review_severity,code_insufficient,2.0,6.0,0.7205767639396528,0.65,"low:1,medium:3,high:3,insufficient:13",benchmark_authored_adjudication,Severity cannot be assessed from an unsupported assertion.,target,choice,insufficient,high,0.3654,0.0309,0.9691345137912084,0,0.1946,1.6368091092302324,0.88296464,"{""high"": 0.15, ""insufficient"": 0.65, ""low"": 0.05, ""medium"": 0.15}","{""high"": 0.3654, ""insufficient"": 0.1946, ""low"": 0.1754, ""medium"": 0.2646}",0.4554,0.11448313173275493,0.5024735256992215,0.28264464,
case_5c8635acc951a7da,semantic_adjudication,24.233083007857203,255,0,code_review_severity,code_insufficient,3.0,12.0,0.7205767639396528,0.65,"low:1,medium:3,high:3,insufficient:13",benchmark_authored_adjudication,Severity cannot be assessed from an unsupported assertion.,target,choice,insufficient,high,0.4733,0.0904,0.9095824484204985,0,0.1516,1.8865098057738656,1.0167159000000001,"{""high"": 0.15, ""insufficient"": 0.65, ""low"": 0.05, ""medium"": 0.15}","{""high"": 0.4733, ""insufficient"": 0.1516, ""low"": 0.1517, ""medium"": 0.2234}",0.4984,0.14454485215240798,0.6586149739433819,0.36865590000000004,
case_c4d3491f544bc5ba,semantic_adjudication,32.75433415547013,367,0,code_review_severity,code_insufficient,4.0,24.0,0.7205767639396528,0.65,"low:1,medium:3,high:3,insufficient:13",benchmark_authored_adjudication,Severity cannot be assessed from an unsupported assertion.,target,choice,insufficient,high,0.4202,0.0568,0.9431897554372277,0,0.1693,1.7760829898430475,0.9539510999999999,"{""high"": 0.15, ""insufficient"": 0.65, ""low"": 0.05, ""medium"": 0.15}","{""high"": 0.4202, ""insufficient"": 0.1693, ""low"": 0.1661, ""medium"": 0.2444}",0.4807,0.1307244267677211,0.586676733250956,0.3264711,
case_d6eca475e48eb1d1,semantic_adjudication,17.080624820664525,146,0,code_review_severity,code_insufficient,5.0,0.0,0.7205767639396528,0.65,"low:1,medium:3,high:3,insufficient:13",benchmark_authored_adjudication,Severity cannot be assessed from an unsupported assertion.,target,choice,insufficient,high,0.4327,0.0637,0.9363580503350711,0,0.2053,1.5832829549572491,0.8872484999999999,"{""high"": 0.15, ""insufficient"": 0.65, ""low"": 0.05, ""medium"": 0.15}","{""high"": 0.4327, ""insufficient"": 0.2053, ""low"": 0.1426, ""medium"": 0.2194}",0.4447,0.1114012987041269,0.4807734091025957,0.29106849999999995,
case_86f6715735897832,semantic_adjudication,20.67387499846518,179,0,code_review_severity,code_insufficient,6.0,2.0,0.7205767639396528,0.65,"low:1,medium:3,high:3,insufficient:13",benchmark_authored_adjudication,Severity cannot be assessed from an unsupported assertion.,target,choice,insufficient,high,0.2757,0.0048,0.9952147940668691,0,0.2624,1.337885221912203,0.7283817,"{""high"": 0.15, ""insufficient"": 0.65, ""low"": 0.05, ""medium"": 0.15}","{""high"": 0.2757, ""insufficient"": 0.2624, ""low"": 0.2023, ""medium"": 0.2596}",0.3876,0.08397725113460655,0.34615235464548283,0.2012417,
case_4f5b298705a96a0f,semantic_adjudication,22.362207993865013,207,0,code_review_severity,code_insufficient,7.0,6.0,0.7205767639396528,0.65,"low:1,medium:3,high:3,insufficient:13",benchmark_authored_adjudication,Severity cannot be assessed from an unsupported assertion.,target,choice,insufficient,high,0.2956,0.0139,0.986141779788806,0,0.2372,1.4388516118585666,0.78478824,"{""high"": 0.15, ""insufficient"": 0.65, ""low"": 0.05, ""medium"": 0.15}","{""high"": 0.2956, ""insufficient"": 0.2372, ""low"": 0.177, ""medium"": 0.2902}",0.41280000000000006,0.09222514819732508,0.3912922746909455,0.22738824000000005,
case_f39ddcbbc9408719,semantic_adjudication,26.70512511394918,259,0,code_review_severity,code_insufficient,8.0,12.0,0.7205767639396528,0.65,"low:1,medium:3,high:3,insufficient:13",benchmark_authored_adjudication,Severity cannot be assessed from an unsupported assertion.,target,choice,insufficient,high,0.325,0.0261,0.9739628621789717,0,0.1916,1.652345413445377,0.88469413,"{""high"": 0.15, ""insufficient"": 0.65, ""low"": 0.05, ""medium"": 0.15}","{""high"": 0.325, ""insufficient"": 0.1916, ""low"": 0.1759, ""medium"": 0.3076}",0.45845,0.1148803951094518,0.5074177661983242,0.28144413,
case_6ac66d0695af905f,semantic_adjudication,37.732459139078856,363,0,code_review_severity,code_insufficient,9.0,24.0,0.7205767639396528,0.65,"low:1,medium:3,high:3,insufficient:13",benchmark_authored_adjudication,Severity cannot be assessed from an unsupported assertion.,target,choice,insufficient,high,0.4494,0.0712,0.9288522553926113,0,0.1657,1.79757635454962,0.97359786,"{""high"": 0.15, ""insufficient"": 0.65, ""low"": 0.05, ""medium"": 0.15}","{""high"": 0.4494, ""insufficient"": 0.1657, ""low"": 0.165, ""medium"": 0.2199}",0.48430000000000006,0.1355040196169563,0.6067472612056212,0.34229786000000006,
case_062a3c9f3026eeb8,semantic_adjudication,17.12150010280311,152,0,code_review_severity,code_insufficient,10.0,0.0,0.7205767639396528,0.65,"low:1,medium:3,high:3,insufficient:13",benchmark_authored_adjudication,Severity cannot be assessed from an unsupported assertion.,target,choice,insufficient,high,0.4155,0.0536,0.9464130156685192,0,0.2187,1.520054351299415,0.8524387800000001,"{""high"": 0.15, ""insufficient"": 0.65, ""low"": 0.05, ""medium"": 0.15}","{""high"": 0.4155, ""insufficient"": 0.2187, ""low"": 0.1478, ""medium"": 0.218}",0.43129999999999996,0.10420317488125518,0.44492851939641465,0.27069877999999997,
case_053988bdd9b7c03b,semantic_adjudication,20.185625180602074,172,0,code_review_severity,code_insufficient,11.0,2.0,0.7205767639396528,0.65,"low:1,medium:3,high:3,insufficient:13",benchmark_authored_adjudication,Severity cannot be assessed from an unsupported assertion.,target,choice,insufficient,high,0.3676,0.0322,0.9678256543481484,0,0.2055,1.5823092450458478,0.86198482,"{""high"": 0.15, ""insufficient"": 0.65, ""low"": 0.05, ""medium"": 0.15}","{""high"": 0.3676, ""insufficient"": 0.2055, ""low"": 0.166, ""medium"": 0.2609}",0.4445,0.10826363726435517,0.4710145755085304,0.27068482,
case_1a6bcc18e0ebd511,semantic_adjudication,21.837665932253003,208,0,code_review_severity,code_insufficient,12.0,6.0,0.7205767639396528,0.65,"low:1,medium:3,high:3,insufficient:13",benchmark_authored_adjudication,Severity cannot be assessed from an unsupported assertion.,target,choice,insufficient,high,0.3069,0.0121,0.9878852580949643,0,0.2085,1.567816237743281,0.8413914199999999,"{""high"": 0.15, ""insufficient"": 0.65, ""low"": 0.05, ""medium"": 0.15}","{""high"": 0.3069, ""insufficient"": 0.2085, ""low"": 0.2016, ""medium"": 0.283}",0.4415,0.10817196108383421,0.4667537918731213,0.26021141999999997,
case_f2ae64fa0a7a063c,semantic_adjudication,26.57491690479219,261,0,code_review_severity,code_insufficient,13.0,12.0,0.7205767639396528,0.65,"low:1,medium:3,high:3,insufficient:13",benchmark_authored_adjudication,Severity cannot be assessed from an unsupported assertion.,target,choice,insufficient,high,0.4308,0.0655,0.9345595565013518,0,0.1623,1.8183088044615916,0.97424514,"{""high"": 0.15, ""insufficient"": 0.65, ""low"": 0.05, ""medium"": 0.15}","{""high"": 0.4308, ""insufficient"": 0.1623, ""low"": 0.158, ""medium"": 0.2489}",0.4877,0.1347213365661423,0.610149541090508,0.33814514000000007,
case_322a8c3c2c8ea975,semantic_adjudication,32.5072081759572,365,0,code_review_severity,code_insufficient,14.0,24.0,0.7205767639396528,0.65,"low:1,medium:3,high:3,insufficient:13",benchmark_authored_adjudication,Severity cannot be assessed from an unsupported assertion.,target,choice,insufficient,high,0.4223,0.0597,0.9402347837013986,0,0.164,1.8078888511579385,0.96649654,"{""high"": 0.15, ""insufficient"": 0.65, ""low"": 0.05, ""medium"": 0.15}","{""high"": 0.4223, ""insufficient"": 0.164, ""low"": 0.1639, ""medium"": 0.2498}",0.486,0.13362665271643248,0.6039912880606534,0.33327653999999995,
case_4a4e5c20abc8ecb0,semantic_adjudication,16.820625169202685,147,0,code_review_severity,code_insufficient,15.0,0.0,0.7205767639396528,0.65,"low:1,medium:3,high:3,insufficient:13",benchmark_authored_adjudication,Severity cannot be assessed from an unsupported assertion.,target,choice,insufficient,high,0.4403,0.0652,0.934786994784475,0,0.1983,1.6179742434563866,0.90355831,"{""high"": 0.15, ""insufficient"": 0.65, ""low"": 0.05, ""medium"": 0.15}","{""high"": 0.4403, ""insufficient"": 0.1983, ""low"": 0.1522, ""medium"": 0.2093}",0.45175,0.11662490881881202,0.5045225876834116,0.30226831,
case_f36a9a1eade5132f,semantic_adjudication,18.54108297266066,175,0,code_review_severity,code_insufficient,16.0,2.0,0.7205767639396528,0.65,"low:1,medium:3,high:3,insufficient:13",benchmark_authored_adjudication,Severity cannot be assessed from an unsupported assertion.,target,choice,insufficient,high,0.3459,0.0238,0.9762022154417348,0,0.2104,1.5587447981185822,0.8459396599999999,"{""high"": 0.15, ""insufficient"": 0.65, ""low"": 0.05, ""medium"": 0.15}","{""high"": 0.3459, ""insufficient"": 0.2104, ""low"": 0.175, ""medium"": 0.2687}",0.4396,0.10569240147386749,0.45776587838640626,0.26133966,
case_2de73a58468b67a9,semantic_adjudication,21.805708995088935,203,0,code_review_severity,code_insufficient,17.0,6.0,0.7205767639396528,0.65,"low:1,medium:3,high:3,insufficient:13",benchmark_authored_adjudication,Severity cannot be assessed from an unsupported assertion.,target,choice,insufficient,high,0.3355,0.0312,0.9687470142570493,0,0.199,1.6144504542576446,0.8731789799999999,"{""high"": 0.15, ""insufficient"": 0.65, ""low"": 0.05, ""medium"": 0.15}","{""high"": 0.3355, ""insufficient"": 0.199, ""low"": 0.1597, ""medium"": 0.3058}",0.451,0.109936583935204,0.4837277980606048,0.27411898,
case_cd49106cffaa4654,semantic_adjudication,32.55579108372331,263,0,code_review_severity,code_insufficient,18.0,12.0,0.7205767639396528,0.65,"low:1,medium:3,high:3,insufficient:13",benchmark_authored_adjudication,Severity cannot be assessed from an unsupported assertion.,target,choice,insufficient,high,0.3229,0.027,0.9729590125070791,0,0.2038,1.5906161581935125,0.86067434,"{""high"": 0.15, ""insufficient"": 0.65, ""low"": 0.05, ""medium"": 0.15}","{""high"": 0.3229, ""insufficient"": 0.2038, ""low"": 0.1643, ""medium"": 0.309}",0.44620000000000004,0.1075877043774966,0.4709960514145147,0.26733434000000006,
case_babe5eb491e1b12b,semantic_adjudication,36.480417009443045,370,0,code_review_severity,code_insufficient,19.0,24.0,0.7205767639396528,0.65,"low:1,medium:3,high:3,insufficient:13",benchmark_authored_adjudication,Severity cannot be assessed from an unsupported assertion.,target,choice,insufficient,high,0.375,0.0471,0.9528432520475333,0,0.1518,1.8851914140206076,0.9791078600000002,"{""high"": 0.15, ""insufficient"": 0.65, ""low"": 0.05, ""medium"": 0.15}","{""high"": 0.375, ""insufficient"": 0.1518, ""low"": 0.1771, ""medium"": 0.2961}",0.4982,0.13929296292448434,0.6426780457524508,0.33632786000000003,
case_98b3e74d1c8f28fc,semantic_adjudication,17.063083127141,149,0,code_review_severity,code_insufficient,20.0,0.0,0.7205767639396528,0.65,"low:1,medium:3,high:3,insufficient:13",benchmark_authored_adjudication,Severity cannot be assessed from an unsupported assertion.,target,choice,insufficient,high,0.4385,0.0645,0.9355157089683613,0,0.2058,1.5808504555821878,0.88783423,"{""high"": 0.15, ""insufficient"": 0.65, ""low"": 0.05, ""medium"": 0.15}","{""high"": 0.4385, ""insufficient"": 0.2058, ""low"": 0.1505, ""medium"": 0.2053}",0.44425000000000003,0.11282398796283898,0.4844626645835955,0.29370423,
case_b128e2a45c752472,semantic_adjudication,18.61741696484387,170,0,code_review_severity,code_insufficient,21.0,2.0,0.7205767639396528,0.65,"low:1,medium:3,high:3,insufficient:13",benchmark_authored_adjudication,Severity cannot be assessed from an unsupported assertion.,target,choice,insufficient,high,0.3527,0.0291,0.9708740507109513,0,0.2745,1.2928040180325517,0.72126804,"{""high"": 0.15, ""insufficient"": 0.65, ""low"": 0.05, ""medium"": 0.15}","{""high"": 0.3527, ""insufficient"": 0.2745, ""low"": 0.1637, ""medium"": 0.2091}",0.3755,0.07865530536060492,0.3229391139910038,0.19850804,
case_212365788d3b5cc1,semantic_adjudication,21.825124975293875,212,0,code_review_severity,code_insufficient,22.0,6.0,0.7205767639396528,0.65,"low:1,medium:3,high:3,insufficient:13",benchmark_authored_adjudication,Severity cannot be assessed from an unsupported assertion.,target,choice,insufficient,high,0.4325,0.0673,0.9326454218748608,0,0.1701,1.771368779580321,0.9598946199999999,"{""high"": 0.15, ""insufficient"": 0.65, ""low"": 0.05, ""medium"": 0.15}","{""high"": 0.4325, ""insufficient"": 0.1701, ""low"": 0.148, ""medium"": 0.2494}",0.4799,0.1295571583658648,0.5820158821365113,0.32959462,
case_939d8c87c31be461,semantic_adjudication,26.612875051796436,259,0,code_review_severity,code_insufficient,23.0,12.0,0.7205767639396528,0.65,"low:1,medium:3,high:3,insufficient:13",benchmark_authored_adjudication,Severity cannot be assessed from an unsupported assertion.,target,choice,insufficient,high,0.4534,0.087,0.9130019655866429,0,0.1557,1.8598242001421843,1.00274086,"{""high"": 0.15, ""insufficient"": 0.65, ""low"": 0.05, ""medium"": 0.15}","{""high"": 0.4534, ""insufficient"": 0.1557, ""low"": 0.1325, ""medium"": 0.2584}",0.4943,0.13836071247859066,0.6326469143640134,0.35494086,
case_55b3ead92e1603aa,semantic_adjudication,32.826040871441364,369,0,code_review_severity,code_insufficient,24.0,24.0,0.7205767639396528,0.65,"low:1,medium:3,high:3,insufficient:13",benchmark_authored_adjudication,Severity cannot be assessed from an unsupported assertion.,target,choice,insufficient,high,0.4084,0.051,0.9489885495823446,0,0.1563,1.8559780415547062,0.97517101,"{""high"": 0.15, ""insufficient"": 0.65, ""low"": 0.05, ""medium"": 0.15}","{""high"": 0.4084, ""insufficient"": 0.1563, ""low"": 0.188, ""medium"": 0.2474}",0.49375,0.13958751239074174,0.6348584399719157,0.33904101000000003,
case_6a7297360c4ad4c7,semantic_adjudication,17.317499965429306,146,0,code_review_severity,code_insufficient,25.0,0.0,0.7205767639396528,0.65,"low:1,medium:3,high:3,insufficient:13",benchmark_authored_adjudication,Severity cannot be assessed from an unsupported assertion.,target,choice,insufficient,high,0.445,0.0697,0.9302708831499715,0,0.2054,1.5827959814876793,0.8924462400000001,"{""high"": 0.15, ""insufficient"": 0.65, ""low"": 0.05, ""medium"": 0.15}","{""high"": 0.445, ""insufficient"": 0.2054, ""low"": 0.1438, ""medium"": 0.2058}",0.44460000000000005,0.11297319194640418,0.4854321929079046,0.29660624,
case_eacca05df163009c,semantic_adjudication,19.588042050600052,178,0,code_review_severity,code_insufficient,26.0,2.0,0.7205767639396528,0.65,"low:1,medium:3,high:3,insufficient:13",benchmark_authored_adjudication,Severity cannot be assessed from an unsupported assertion.,target,choice,insufficient,high,0.3096,0.0128,0.9871887584729477,0,0.2401,1.4266997757549296,0.77851475,"{""high"": 0.15, ""insufficient"": 0.65, ""low"": 0.05, ""medium"": 0.15}","{""high"": 0.3096, ""insufficient"": 0.2401, ""low"": 0.1817, ""medium"": 0.2687}",0.40995000000000004,0.09157300034276189,0.3866883499102341,0.22492475,
case_be16b8b92e9519cc,semantic_adjudication,21.880416898056865,207,0,code_review_severity,code_insufficient,27.0,6.0,0.7205767639396528,0.65,"low:1,medium:3,high:3,insufficient:13",benchmark_authored_adjudication,Severity cannot be assessed from an unsupported assertion.,target,choice,insufficient,high,0.3859,0.0365,0.9635341038091634,0,0.2027,1.5960282255241827,0.8715978000000001,"{""high"": 0.15, ""insufficient"": 0.65, ""low"": 0.05, ""medium"": 0.15}","{""high"": 0.3859, ""insufficient"": 0.2027, ""low"": 0.1713, ""medium"": 0.2401}",0.44730000000000003,0.11139461467193315,0.4835353035987869,0.2785578,
case_ef406bc0029337b2,semantic_adjudication,26.61241590976715,258,0,code_review_severity,code_insufficient,28.0,12.0,0.7205767639396528,0.65,"low:1,medium:3,high:3,insufficient:13",benchmark_authored_adjudication,Severity cannot be assessed from an unsupported assertion.,target,choice,insufficient,high,0.3478,0.0216,0.9784432134110794,0,0.1862,1.6809339141391704,0.8930833599999999,"{""high"": 0.15, ""insufficient"": 0.65, ""low"": 0.05, ""medium"": 0.15}","{""high"": 0.3478, ""insufficient"": 0.1862, ""low"": 0.2078, ""medium"": 0.2582}",0.4638,0.12149735411267636,0.5337567712474844,0.29084336,
case_b3ddfce303d4b14f,semantic_adjudication,32.315666088834405,365,0,code_review_severity,code_insufficient,29.0,24.0,0.7205767639396528,0.65,"low:1,medium:3,high:3,insufficient:13",benchmark_authored_adjudication,Severity cannot be assessed from an unsupported assertion.,target,choice,insufficient,high,0.3637,0.0452,0.9547384048761604,0,0.1633,1.8121662790057176,0.9545483,"{""high"": 0.15, ""insufficient"": 0.65, ""low"": 0.05, ""medium"": 0.15}","{""high"": 0.3637, ""insufficient"": 0.1633, ""low"": 0.1646, ""medium"": 0.3084}",0.4867,0.13094689995370873,0.5973559609294392,0.32076830000000006,
case_b95351f976706760,semantic_adjudication,13.958666939288378,123,0,policy_compliance,policy_allowed_clear,0.0,0.0,0.0,1.0,"allowed:20,review:0,prohibited:0,insufficient:0",benchmark_authored_adjudication,The action is directly within the stated allowance.,target,choice,allowed,review,0.3808,0.0869,0.9131085056663791,0,0.3519,1.0444082346545975,0.60275301,"{""allowed"": 1.0, ""insufficient"": 0.0, ""prohibited"": 0.0, ""review"": 0.0}","{""allowed"": 0.3519, ""insufficient"": 0.165, ""prohibited"": 0.1024, ""review"": 0.3808}",0.64815,0.30560086393240626,1.0444082346545975,0.60275301,
case_945cb23af941f6f7,semantic_adjudication,16.829124884679914,146,0,policy_compliance,policy_allowed_clear,1.0,2.0,0.0,1.0,"allowed:20,review:0,prohibited:0,insufficient:0",benchmark_authored_adjudication,The action is directly within the stated allowance.,target,choice,allowed,review,0.4296,0.0899,0.9101248332618801,0,0.2717,1.303056762549835,0.76641555,"{""allowed"": 1.0, ""insufficient"": 0.0, ""prohibited"": 0.0, ""review"": 0.0}","{""allowed"": 0.2717, ""insufficient"": 0.2077, ""prohibited"": 0.0911, ""review"": 0.4296}",0.7283499999999999,0.36331842024013966,1.303056762549835,0.76641555,
case_fa73d34ad571b637,semantic_adjudication,18.92450009472668,186,0,policy_compliance,policy_allowed_clear,2.0,6.0,0.0,1.0,"allowed:20,review:0,prohibited:0,insufficient:0",benchmark_authored_adjudication,The action is directly within the stated allowance.,target,choice,allowed,review,0.3948,0.1021,0.8979184266059075,0,0.3534,1.040154719096541,0.6085179000000001,"{""allowed"": 1.0, ""insufficient"": 0.0, ""prohibited"": 0.0, ""review"": 0.0}","{""allowed"": 0.3534, ""insufficient"": 0.1637, ""prohibited"": 0.0881, ""review"": 0.3948}",0.6466000000000001,0.3045689250386074,1.040154719096541,0.6085179000000001,
case_e85be3048d46785e,semantic_adjudication,22.98087510280311,230,0,policy_compliance,policy_allowed_clear,3.0,12.0,0.0,1.0,"allowed:20,review:0,prohibited:0,insufficient:0",benchmark_authored_adjudication,The action is directly within the stated allowance.,target,choice,allowed,review,0.4074,0.0533,0.9466415656928778,0,0.1974,1.6225231519827559,0.89393616,"{""allowed"": 1.0, ""insufficient"": 0.0, ""prohibited"": 0.0, ""review"": 0.0}","{""allowed"": 0.1974, ""insufficient"": 0.251, ""prohibited"": 0.1442, ""review"": 0.4074}",0.8026,0.4251468200551404,1.6225231519827559,0.89393616,
case_f708776e56456a5d,semantic_adjudication,437.9945839755237,338,0,policy_compliance,policy_allowed_clear,4.0,24.0,0.0,1.0,"allowed:20,review:0,prohibited:0,insufficient:0",benchmark_authored_adjudication,The action is directly within the stated allowance.,target,choice,allowed,review,0.3829,0.0559,0.9441110102437963,0,0.2984,1.2093204106525313,0.6912134200000001,"{""allowed"": 1.0, ""insufficient"": 0.0, ""prohibited"": 0.0, ""review"": 0.0}","{""allowed"": 0.2984, ""insufficient"": 0.1874, ""prohibited"": 0.1313, ""review"": 0.3829}",0.7016,0.3431892022885034,1.2093204106525313,0.6912134200000001,
case_02c5315beb82beb9,semantic_adjudication,22.52820786088705,120,0,policy_compliance,policy_allowed_clear,5.0,0.0,0.0,1.0,"allowed:20,review:0,prohibited:0,insufficient:0",benchmark_authored_adjudication,The action is directly within the stated allowance.,target,choice,allowed,review,0.3817,0.0725,0.9275271624323477,0,0.3144,1.1570892184270856,0.66733826,"{""allowed"": 1.0, ""insufficient"": 0.0, ""prohibited"": 0.0, ""review"": 0.0}","{""allowed"": 0.3144, ""insufficient"": 0.204, ""prohibited"": 0.0999, ""review"": 0.3817}",0.6856,0.33158723031987397,1.1570892184270856,0.66733826,
case_7a20c77902b594a2,semantic_adjudication,17.486624885350466,152,0,policy_compliance,policy_allowed_clear,6.0,2.0,0.0,1.0,"allowed:20,review:0,prohibited:0,insufficient:0",benchmark_authored_adjudication,The action is directly within the stated allowance.,target,choice,allowed,review,0.4158,0.1068,0.8932381788518449,0,0.3293,1.1107860895998185,0.6595675800000002,"{""allowed"": 1.0, ""insufficient"": 0.0, ""prohibited"": 0.0, ""review"": 0.0}","{""allowed"": 0.3293, ""insufficient"": 0.1741, ""prohibited"": 0.0808, ""review"": 0.4158}",0.6707000000000001,0.3210619748303053,1.1107860895998185,0.6595675800000002,
case_21b6f51b7c1d4add,semantic_adjudication,24.72124993801117,180,0,policy_compliance,policy_allowed_clear,7.0,6.0,0.0,1.0,"allowed:20,review:0,prohibited:0,insufficient:0",benchmark_authored_adjudication,The action is directly within the stated allowance.,target,choice,allowed,review,0.433,0.1002,0.8998481273971851,0,0.3022,1.1966662291434977,0.7126599699999999,"{""allowed"": 1.0, ""insufficient"": 0.0, ""prohibited"": 0.0, ""review"": 0.0}","{""allowed"": 0.3022, ""insufficient"": 0.1722, ""prohibited"": 0.0927, ""review"": 0.433}",0.69785,0.3404266803700199,1.1966662291434977,0.7126599699999999,
case_39e2de41b0fdc46a,semantic_adjudication,24.983084062114358,232,0,policy_compliance,policy_allowed_clear,8.0,12.0,0.0,1.0,"allowed:20,review:0,prohibited:0,insufficient:0",benchmark_authored_adjudication,The action is directly within the stated allowance.,target,choice,allowed,review,0.394,0.0834,0.9165840682886932,0,0.3239,1.1273204528048533,0.6560182199999999,"{""allowed"": 1.0, ""insufficient"": 0.0, ""prohibited"": 0.0, ""review"": 0.0}","{""allowed"": 0.3239, ""insufficient"": 0.1851, ""prohibited"": 0.097, ""review"": 0.394}",0.6760999999999999,0.3248464273380014,1.1273204528048533,0.6560182199999999,
case_60574ea24be0c1b7,semantic_adjudication,53.793707862496376,333,0,policy_compliance,policy_allowed_clear,9.0,24.0,0.0,1.0,"allowed:20,review:0,prohibited:0,insufficient:0",benchmark_authored_adjudication,The action is directly within the stated allowance.,target,choice,allowed,review,0.3789,0.0653,0.9347584978660458,0,0.3202,1.1388094784195228,0.65289186,"{""allowed"": 1.0, ""insufficient"": 0.0, ""prohibited"": 0.0, ""review"": 0.0}","{""allowed"": 0.3202, ""insufficient"": 0.1815, ""prohibited"": 0.1194, ""review"": 0.3789}",0.6798,0.32745906616108045,1.1388094784195228,0.65289186,
case_0cd86d065cc681af,semantic_adjudication,23.109042085707188,126,0,policy_compliance,policy_allowed_clear,10.0,0.0,0.0,1.0,"allowed:20,review:0,prohibited:0,insufficient:0",benchmark_authored_adjudication,The action is directly within the stated allowance.,target,choice,allowed,allowed,0.3911,0.1013,0.8986658216292172,1,0.3911,0.9387919972206686,0.53356836,"{""allowed"": 1.0, ""insufficient"": 0.0, ""prohibited"": 0.0, ""review"": 0.0}","{""allowed"": 0.3911, ""insufficient"": 0.1513, ""prohibited"": 0.0961, ""review"": 0.3615}",0.6089,0.2799689666098931,0.9387919972206686,0.53356836,
case_ec8f2ab14d90806c,semantic_adjudication,17.421792028471828,147,0,policy_compliance,policy_allowed_clear,11.0,2.0,0.0,1.0,"allowed:20,review:0,prohibited:0,insufficient:0",benchmark_authored_adjudication,The action is directly within the stated allowance.,target,choice,allowed,review,0.3846,0.0796,0.9203207148906877,0,0.29,1.2378743560016174,0.7178880599999999,"{""allowed"": 1.0, ""insufficient"": 0.0, ""prohibited"": 0.0, ""review"": 0.0}","{""allowed"": 0.29, ""insufficient"": 0.2431, ""prohibited"": 0.0823, ""review"": 0.3846}",0.71,0.34941116808875117,1.2378743560016174,0.7178880599999999,
case_c1f0275406ecd5e7,semantic_adjudication,29.16408283635974,184,0,policy_compliance,policy_allowed_clear,12.0,6.0,0.0,1.0,"allowed:20,review:0,prohibited:0,insufficient:0",benchmark_authored_adjudication,The action is directly within the stated allowance.,target,choice,allowed,review,0.3971,0.0832,0.9167662613449096,0,0.3234,1.1288653318391306,0.65755474,"{""allowed"": 1.0, ""insufficient"": 0.0, ""prohibited"": 0.0, ""review"": 0.0}","{""allowed"": 0.3234, ""insufficient"": 0.1786, ""prohibited"": 0.1009, ""review"": 0.3971}",0.6766,0.32519854877790255,1.1288653318391304,0.65755474,
case_460d38e124dd33d2,semantic_adjudication,23.692124988883734,229,0,policy_compliance,policy_allowed_clear,13.0,12.0,0.0,1.0,"allowed:20,review:0,prohibited:0,insufficient:0",benchmark_authored_adjudication,The action is directly within the stated allowance.,target,choice,allowed,review,0.4197,0.0626,0.9373915725018027,0,0.2349,1.44859538731727,0.82519076,"{""allowed"": 1.0, ""insufficient"": 0.0, ""prohibited"": 0.0, ""review"": 0.0}","{""allowed"": 0.2349, ""insufficient"": 0.2175, ""prohibited"": 0.1279, ""review"": 0.4197}",0.7651,0.3927338798193265,1.44859538731727,0.82519076,
case_d8f666016767bbbe,semantic_adjudication,60.43266598135233,345,0,policy_compliance,policy_allowed_clear,14.0,24.0,0.0,1.0,"allowed:20,review:0,prohibited:0,insufficient:0",benchmark_authored_adjudication,The action is directly within the stated allowance.,target,choice,allowed,review,0.4099,0.0527,0.9472657701794804,0,0.2268,1.48368670712854,0.83493082,"{""allowed"": 1.0, ""insufficient"": 0.0, ""prohibited"": 0.0, ""review"": 0.0}","{""allowed"": 0.2268, ""insufficient"": 0.2209, ""prohibited"": 0.1424, ""review"": 0.4099}",0.7732,0.39951253336313663,1.48368670712854,0.83493082,
case_cad13b22a40dcc7a,semantic_adjudication,14.669958967715502,121,0,policy_compliance,policy_allowed_clear,15.0,0.0,0.0,1.0,"allowed:20,review:0,prohibited:0,insufficient:0",benchmark_authored_adjudication,The action is directly within the stated allowance.,target,choice,allowed,review,0.3774,0.075,0.9249826668055169,0,0.3331,1.0993125337825032,0.6322835000000001,"{""allowed"": 1.0, ""insufficient"": 0.0, ""prohibited"": 0.0, ""review"": 0.0}","{""allowed"": 0.3331, ""insufficient"": 0.1847, ""prohibited"": 0.1048, ""review"": 0.3774}",0.6669,0.3184188491234726,1.0993125337825032,0.6322835000000001,
case_5d83d34083aeafc3,semantic_adjudication,17.390375025570393,147,0,policy_compliance,policy_allowed_clear,16.0,2.0,0.0,1.0,"allowed:20,review:0,prohibited:0,insufficient:0",benchmark_authored_adjudication,The action is directly within the stated allowance.,target,choice,allowed,review,0.4286,0.1154,0.8846189488533209,0,0.3227,1.131032179924221,0.6782497000000001,"{""allowed"": 1.0, ""insufficient"": 0.0, ""prohibited"": 0.0, ""review"": 0.0}","{""allowed"": 0.3227, ""insufficient"": 0.1738, ""prohibited"": 0.0749, ""review"": 0.4286}",0.6773,0.3256920095884943,1.1310321799242211,0.6782497000000001,
case_c3dc90fdeaa4710a,semantic_adjudication,24.025333113968372,178,0,policy_compliance,policy_allowed_clear,17.0,6.0,0.0,1.0,"allowed:20,review:0,prohibited:0,insufficient:0",benchmark_authored_adjudication,The action is directly within the stated allowance.,target,choice,allowed,review,0.3982,0.1061,0.8937987441901022,0,0.3522,1.0435560829200312,0.61286961,"{""allowed"": 1.0, ""insufficient"": 0.0, ""prohibited"": 0.0, ""review"": 0.0}","{""allowed"": 0.3522, ""insufficient"": 0.1668, ""prohibited"": 0.0827, ""review"": 0.3982}",0.6477499999999999,0.3053516513352987,1.0435560829200312,0.61286961,
case_22b6f5e692f5a209,semantic_adjudication,30.835584038868546,240,0,policy_compliance,policy_allowed_clear,18.0,12.0,0.0,1.0,"allowed:20,review:0,prohibited:0,insufficient:0",benchmark_authored_adjudication,The action is directly within the stated allowance.,target,choice,allowed,review,0.4299,0.0757,0.9242630311834479,0,0.2569,1.359068374866299,0.78960356,"{""allowed"": 1.0, ""insufficient"": 0.0, ""prohibited"": 0.0, ""review"": 0.0}","{""allowed"": 0.2569, ""insufficient"": 0.1987, ""prohibited"": 0.1145, ""review"": 0.4299}",0.7431,0.3748807784572372,1.359068374866299,0.78960356,
case_fee3cc5139969ec9,semantic_adjudication,34.895958146080375,335,0,policy_compliance,policy_allowed_clear,19.0,24.0,0.0,1.0,"allowed:20,review:0,prohibited:0,insufficient:0",benchmark_authored_adjudication,The action is directly within the stated allowance.,target,choice,allowed,review,0.3528,0.0464,0.9535802001497922,0,0.2852,1.2545645904419962,0.70879146,"{""allowed"": 1.0, ""insufficient"": 0.0, ""prohibited"": 0.0, ""review"": 0.0}","{""allowed"": 0.2852, ""insufficient"": 0.2437, ""prohibited"": 0.1183, ""review"": 0.3528}",0.7148,0.35300870977131926,1.2545645904419962,0.70879146,
case_3007610773498101,semantic_adjudication,14.390624826774001,123,0,policy_compliance,policy_allowed_clear,20.0,0.0,0.0,1.0,"allowed:20,review:0,prohibited:0,insufficient:0",benchmark_authored_adjudication,The action is directly within the stated allowance.,target,choice,allowed,review,0.3796,0.0663,0.9336527168230581,0,0.3065,1.182537523605871,0.67957866,"{""allowed"": 1.0, ""insufficient"": 0.0, ""prohibited"": 0.0, ""review"": 0.0}","{""allowed"": 0.3065, ""insufficient"": 0.2083, ""prohibited"": 0.1056, ""review"": 0.3796}",0.6935,0.3372757378118708,1.182537523605871,0.67957866,
case_4710cd30df6db030,semantic_adjudication,17.363667022436857,145,0,policy_compliance,policy_allowed_clear,21.0,2.0,0.0,1.0,"allowed:20,review:0,prohibited:0,insufficient:0",benchmark_authored_adjudication,The action is directly within the stated allowance.,target,choice,allowed,review,0.3789,0.105,0.8950407060823394,0,0.3592,1.0238759425540924,0.59534186,"{""allowed"": 1.0, ""insufficient"": 0.0, ""prohibited"": 0.0, ""review"": 0.0}","{""allowed"": 0.3592, ""insufficient"": 0.1895, ""prohibited"": 0.0724, ""review"": 0.3789}",0.6408,0.30069234165838254,1.0238759425540924,0.59534186,
case_1c3f74112a836e52,semantic_adjudication,20.62045899219811,186,0,policy_compliance,policy_allowed_clear,22.0,6.0,0.0,1.0,"allowed:20,review:0,prohibited:0,insufficient:0",benchmark_authored_adjudication,The action is directly within the stated allowance.,target,choice,allowed,review,0.3969,0.1024,0.8976310826038529,0,0.3505,1.0483945725074924,0.61438796,"{""allowed"": 1.0, ""insufficient"": 0.0, ""prohibited"": 0.0, ""review"": 0.0}","{""allowed"": 0.3505, ""insufficient"": 0.1657, ""prohibited"": 0.0869, ""review"": 0.3969}",0.6495,0.30652035938533473,1.0483945725074924,0.61438796,
case_bb0fd6bb3f69b14f,semantic_adjudication,22.73366693407297,233,0,policy_compliance,policy_allowed_clear,23.0,12.0,0.0,1.0,"allowed:20,review:0,prohibited:0,insufficient:0",benchmark_authored_adjudication,The action is directly within the stated allowance.,target,choice,allowed,review,0.3659,0.0506,0.9494064798877276,0,0.2694,1.3115580150058734,0.74331526,"{""allowed"": 1.0, ""insufficient"": 0.0, ""prohibited"": 0.0, ""review"": 0.0}","{""allowed"": 0.2694, ""insufficient"": 0.25, ""prohibited"": 0.1147, ""review"": 0.3659}",0.7306,0.36507621833272347,1.3115580150058737,0.74331526,
case_ea6581cf4e0260a9,semantic_adjudication,31.055583152920008,333,0,policy_compliance,policy_allowed_clear,24.0,24.0,0.0,1.0,"allowed:20,review:0,prohibited:0,insufficient:0",benchmark_authored_adjudication,The action is directly within the stated allowance.,target,choice,allowed,review,0.4211,0.0584,0.9416286457320967,0,0.2127,1.5478725567759455,0.86776254,"{""allowed"": 1.0, ""insufficient"": 0.0, ""prohibited"": 0.0, ""review"": 0.0}","{""allowed"": 0.2127, ""insufficient"": 0.2252, ""prohibited"": 0.141, ""review"": 0.4211}",0.7873,0.4115967740188362,1.5478725567759455,0.86776254,
case_e2f369a3e4a66751,semantic_adjudication,13.496834086254239,120,0,policy_compliance,policy_allowed_clear,25.0,0.0,0.0,1.0,"allowed:20,review:0,prohibited:0,insufficient:0",benchmark_authored_adjudication,The action is directly within the stated allowance.,target,choice,allowed,review,0.3828,0.0807,0.9193501002849207,0,0.3341,1.0963149296194261,0.6336722699999998,"{""allowed"": 1.0, ""insufficient"": 0.0, ""prohibited"": 0.0, ""review"": 0.0}","{""allowed"": 0.3341, ""insufficient"": 0.1841, ""prohibited"": 0.0991, ""review"": 0.3828}",0.6659499999999999,0.31774912920332676,1.0963149296194261,0.6336722699999998,
case_8059c3fef1d643b1,semantic_adjudication,17.7407911978662,151,0,policy_compliance,policy_allowed_clear,26.0,2.0,0.0,1.0,"allowed:20,review:0,prohibited:0,insufficient:0",benchmark_authored_adjudication,The action is directly within the stated allowance.,target,choice,allowed,allowed,0.3955,0.1008,0.8992511641311174,1,0.3955,0.9276044917744285,0.52435242,"{""allowed"": 1.0, ""insufficient"": 0.0, ""prohibited"": 0.0, ""review"": 0.0}","{""allowed"": 0.3955, ""insufficient"": 0.1546, ""prohibited"": 0.0949, ""review"": 0.355}",0.6045,0.27718626925707124,0.9276044917744285,0.52435242,
case_f2731ee0e2e4c552,semantic_adjudication,18.77037505619228,183,0,policy_compliance,policy_allowed_clear,27.0,6.0,0.0,1.0,"allowed:20,review:0,prohibited:0,insufficient:0",benchmark_authored_adjudication,The action is directly within the stated allowance.,target,choice,allowed,review,0.3609,0.072,0.9279866664578529,0,0.3432,1.0694419113683298,0.6094365,"{""allowed"": 1.0, ""insufficient"": 0.0, ""prohibited"": 0.0, ""review"": 0.0}","{""allowed"": 0.3432, ""insufficient"": 0.1928, ""prohibited"": 0.1031, ""review"": 0.3609}",0.6568,0.31147212690289006,1.0694419113683298,0.6094365,
case_18f0663638b740f4,semantic_adjudication,24.030042113736272,238,0,policy_compliance,policy_allowed_clear,28.0,12.0,0.0,1.0,"allowed:20,review:0,prohibited:0,insufficient:0",benchmark_authored_adjudication,The action is directly within the stated allowance.,target,choice,allowed,review,0.366,0.0604,0.9395639949552715,0,0.3226,1.1313421132910286,0.64417621,"{""allowed"": 1.0, ""insufficient"": 0.0, ""prohibited"": 0.0, ""review"": 0.0}","{""allowed"": 0.3226, ""insufficient"": 0.1937, ""prohibited"": 0.1176, ""review"": 0.366}",0.67735,0.325739790656048,1.1313421132910286,0.64417621,
case_6e3b792c4a26f528,semantic_adjudication,32.946832943707705,330,0,policy_compliance,policy_allowed_clear,29.0,24.0,0.0,1.0,"allowed:20,review:0,prohibited:0,insufficient:0",benchmark_authored_adjudication,The action is directly within the stated allowance.,target,choice,allowed,review,0.395,0.0513,0.9487154714988003,0,0.2683,1.3156495215505586,0.74963346,"{""allowed"": 1.0, ""insufficient"": 0.0, ""prohibited"": 0.0, ""review"": 0.0}","{""allowed"": 0.2683, ""insufficient"": 0.1961, ""prohibited"": 0.1406, ""review"": 0.395}",0.7317,0.36592966065892374,1.3156495215505586,0.74963346,
case_421c11ef14d08544,semantic_adjudication,16.998833045363426,135,0,policy_compliance,policy_review_border,0.0,0.0,0.30492015235820025,0.85,"allowed:0,review:17,prohibited:3,insufficient:0",benchmark_authored_adjudication,"The policy provides an exception path, but approval is required before proceeding.",target,choice,review,review,0.4334,0.0656,0.9344201607723218,1,0.4334,0.8360941898798784,0.43210134,"{""allowed"": 0.0, ""insufficient"": 0.0, ""prohibited"": 0.15, ""review"": 0.85}","{""allowed"": 0.2161, ""insufficient"": 0.2136, ""prohibited"": 0.1369, ""review"": 0.4334}",0.42969999999999997,0.18350028387195544,0.5862466555950658,0.26605133999999997,
case_3c905274fe4aab88,semantic_adjudication,18.296667141839862,159,0,policy_compliance,policy_review_border,1.0,2.0,0.30492015235820025,0.85,"allowed:0,review:17,prohibited:3,insufficient:0",benchmark_authored_adjudication,"The policy provides an exception path, but approval is required before proceeding.",target,choice,review,review,0.41,0.0566,0.9434502679054163,1,0.41,0.8915981192837836,0.47062894000000005,"{""allowed"": 0.0, ""insufficient"": 0.0, ""prohibited"": 0.15, ""review"": 0.85}","{""allowed"": 0.2057, ""insufficient"": 0.2486, ""prohibited"": 0.1357, ""review"": 0.41}",0.4543,0.19686157460618425,0.6347456204064222,0.29791893999999997,
case_aff336b57cb218b2,semantic_adjudication,22.94208388775587,200,0,policy_compliance,policy_review_border,2.0,6.0,0.30492015235820025,0.85,"allowed:0,review:17,prohibited:3,insufficient:0",benchmark_authored_adjudication,"The policy provides an exception path, but approval is required before proceeding.",target,choice,review,review,0.3544,0.0248,0.9751887571454725,1,0.3544,1.0373290602512113,0.55889603,"{""allowed"": 0.0, ""insufficient"": 0.0, ""prohibited"": 0.15, ""review"": 0.85}","{""allowed"": 0.2357, ""insufficient"": 0.2403, ""prohibited"": 0.1697, ""review"": 0.3544}",0.49565,0.21779500065758828,0.7250790794188321,0.35930603,
case_9ff344f690af7f9f,semantic_adjudication,29.021000023931265,244,0,policy_compliance,policy_review_border,3.0,12.0,0.30492015235820025,0.85,"allowed:0,review:17,prohibited:3,insufficient:0",benchmark_authored_adjudication,"The policy provides an exception path, but approval is required before proceeding.",target,choice,review,review,0.4121,0.0509,0.9490475911481172,1,0.4121,0.8864892406373653,0.46389924,"{""allowed"": 0.0, ""insufficient"": 0.0, ""prohibited"": 0.15, ""review"": 0.85}","{""allowed"": 0.1579, ""insufficient"": 0.2361, ""prohibited"": 0.1939, ""review"": 0.4121}",0.43789999999999996,0.1767397696755426,0.5768686742457992,0.27435923999999995,
case_f8e88bf3c163bf6e,semantic_adjudication,51.275541074573994,350,0,policy_compliance,policy_review_border,4.0,24.0,0.30492015235820025,0.85,"allowed:0,review:17,prohibited:3,insufficient:0",benchmark_authored_adjudication,"The policy provides an exception path, but approval is required before proceeding.",target,choice,review,review,0.3574,0.0302,0.9698044512768933,1,0.3574,1.0288996762568094,0.5560897400000001,"{""allowed"": 0.0, ""insufficient"": 0.0, ""prohibited"": 0.15, ""review"": 0.85}","{""allowed"": 0.1556, ""insufficient"": 0.2569, ""prohibited"": 0.2301, ""review"": 0.3574}",0.4926,0.19895248384381387,0.6722418293034196,0.33927974,
case_7ef4980857ccc605,semantic_adjudication,17.146625090390444,132,0,policy_compliance,policy_review_border,5.0,0.0,0.30492015235820025,0.85,"allowed:0,review:17,prohibited:3,insufficient:0",benchmark_authored_adjudication,"The policy provides an exception path, but approval is required before proceeding.",target,choice,review,review,0.4422,0.0703,0.9296944694058563,1,0.4422,0.8159930105587911,0.4186157400000001,"{""allowed"": 0.0, ""insufficient"": 0.0, ""prohibited"": 0.15, ""review"": 0.85}","{""allowed"": 0.2247, ""insufficient"": 0.194, ""prohibited"": 0.1391, ""review"": 0.4422}",0.4187,0.17794364681752775,0.5667692981768926,0.25454574,
case_5b0258ff38d55ccc,semantic_adjudication,20.259207813069224,164,0,policy_compliance,policy_review_border,6.0,2.0,0.30492015235820025,0.85,"allowed:0,review:17,prohibited:3,insufficient:0",benchmark_authored_adjudication,"The policy provides an exception path, but approval is required before proceeding.",target,choice,review,review,0.4589,0.0776,0.9224018002458451,1,0.4589,0.7789229575813493,0.39234762,"{""allowed"": 0.0, ""insufficient"": 0.0, ""prohibited"": 0.15, ""review"": 0.85}","{""allowed"": 0.1828, ""insufficient"": 0.2104, ""prohibited"": 0.1479, ""review"": 0.4589}",0.3932,0.16594270036916536,0.5260582625279634,0.23064762,
case_03509ed2162ada75,semantic_adjudication,18.67912500165403,190,0,policy_compliance,policy_review_border,7.0,6.0,0.30492015235820025,0.85,"allowed:0,review:17,prohibited:3,insufficient:0",benchmark_authored_adjudication,"The policy provides an exception path, but approval is required before proceeding.",target,choice,review,review,0.4024,0.0495,0.9505448809757399,1,0.4024,0.9103086601966076,0.48118675,"{""allowed"": 0.0, ""insufficient"": 0.0, ""prohibited"": 0.15, ""review"": 0.85}","{""allowed"": 0.2457, ""insufficient"": 0.2055, ""prohibited"": 0.1465, ""review"": 0.4024}",0.45115,0.19726815555762817,0.639162750939878,0.30295675,
case_4bd0a6e48d8bcfef,semantic_adjudication,25.89845797047019,248,0,policy_compliance,policy_review_border,8.0,12.0,0.30492015235820025,0.85,"allowed:0,review:17,prohibited:3,insufficient:0",benchmark_authored_adjudication,"The policy provides an exception path, but approval is required before proceeding.",target,choice,review,review,0.4092,0.0453,0.9546195449405432,1,0.4092,0.8935512449046656,0.46619529,"{""allowed"": 0.0, ""insufficient"": 0.0, ""prohibited"": 0.15, ""review"": 0.85}","{""allowed"": 0.1735, ""insufficient"": 0.2118, ""prohibited"": 0.2054, ""review"": 0.4092}",0.44075,0.17511487692427594,0.5742288675861268,0.27233528999999995,
case_3b95bbd7a1b1296a,semantic_adjudication,32.75541705079377,349,0,policy_compliance,policy_review_border,9.0,24.0,0.30492015235820025,0.85,"allowed:0,review:17,prohibited:3,insufficient:0",benchmark_authored_adjudication,"The policy provides an exception path, but approval is required before proceeding.",target,choice,review,review,0.3689,0.0256,0.9744136253486234,1,0.3689,0.997229674379507,0.53135429,"{""allowed"": 0.0, ""insufficient"": 0.0, ""prohibited"": 0.15, ""review"": 0.85}","{""allowed"": 0.2242, ""insufficient"": 0.198, ""prohibited"": 0.2088, ""review"": 0.3689}",0.48105,0.19753934559657826,0.659892898862638,0.32438428999999996,
case_678e34b6af52db82,semantic_adjudication,17.971083987504244,138,0,policy_compliance,policy_review_border,10.0,0.0,0.30492015235820025,0.85,"allowed:0,review:17,prohibited:3,insufficient:0",benchmark_authored_adjudication,"The policy provides an exception path, but approval is required before proceeding.",target,choice,review,review,0.4335,0.0637,0.9363367517168206,1,0.4335,0.8358634827615405,0.43100934,"{""allowed"": 0.0, ""insufficient"": 0.0, ""prohibited"": 0.15, ""review"": 0.85}","{""allowed"": 0.2048, ""insufficient"": 0.2178, ""prohibited"": 0.1439, ""review"": 0.4335}",0.4226,0.18090205623396283,0.5785703723046407,0.26288933999999997,
case_442e5f49795ac4eb,semantic_adjudication,17.41349999792874,159,0,policy_compliance,policy_review_border,11.0,2.0,0.30492015235820025,0.85,"allowed:0,review:17,prohibited:3,insufficient:0",benchmark_authored_adjudication,"The policy provides an exception path, but approval is required before proceeding.",target,choice,review,review,0.4514,0.0718,0.928245426151253,1,0.4514,0.7954014145987017,0.40288645,"{""allowed"": 0.0, ""insufficient"": 0.0, ""prohibited"": 0.15, ""review"": 0.85}","{""allowed"": 0.2078, ""insufficient"": 0.1883, ""prohibited"": 0.1526, ""review"": 0.4514}",0.39865,0.16829526866539676,0.5353723886226727,0.23752644999999997,
case_4761527fb3d22fd0,semantic_adjudication,22.653082851320505,196,0,policy_compliance,policy_review_border,12.0,6.0,0.30492015235820025,0.85,"allowed:0,review:17,prohibited:3,insufficient:0",benchmark_authored_adjudication,"The policy provides an exception path, but approval is required before proceeding.",target,choice,review,review,0.415,0.0539,0.9461560026763537,1,0.415,0.8794767587514388,0.45998998999999996,"{""allowed"": 0.0, ""insufficient"": 0.0, ""prohibited"": 0.15, ""review"": 0.85}","{""allowed"": 0.2297, ""insufficient"": 0.2081, ""prohibited"": 0.1473, ""review"": 0.415}",0.43775,0.18990018983351264,0.612138750459765,0.28529999,
case_21b264daf60cee36,semantic_adjudication,24.123167153447866,243,0,policy_compliance,policy_review_border,13.0,12.0,0.30492015235820025,0.85,"allowed:0,review:17,prohibited:3,insufficient:0",benchmark_authored_adjudication,"The policy provides an exception path, but approval is required before proceeding.",target,choice,review,review,0.4208,0.0517,0.9483002942694734,1,0.4208,0.865597617558637,0.4481791799999999,"{""allowed"": 0.0, ""insufficient"": 0.0, ""prohibited"": 0.15, ""review"": 0.85}","{""allowed"": 0.1801, ""insufficient"": 0.2173, ""prohibited"": 0.1818, ""review"": 0.4208}",0.42919999999999997,0.17545342068020606,0.5687761017046643,0.26487918,
case_c30482551261afee,semantic_adjudication,33.29804097302258,349,0,policy_compliance,policy_review_border,14.0,24.0,0.30492015235820025,0.85,"allowed:0,review:17,prohibited:3,insufficient:0",benchmark_authored_adjudication,"The policy provides an exception path, but approval is required before proceeding.",target,choice,review,review,0.3846,0.0427,0.9572518092841465,1,0.3846,0.9555514458274577,0.5109997,"{""allowed"": 0.0, ""insufficient"": 0.0, ""prohibited"": 0.15, ""review"": 0.85}","{""allowed"": 0.1453, ""insufficient"": 0.2167, ""prohibited"": 0.2534, ""review"": 0.3846}",0.46540000000000004,0.17712259979936282,0.5954275428116128,0.2953597,
case_08ed27f89f4dc754,semantic_adjudication,17.23258406855166,133,0,policy_compliance,policy_review_border,15.0,0.0,0.30492015235820025,0.85,"allowed:0,review:17,prohibited:3,insufficient:0",benchmark_authored_adjudication,"The policy provides an exception path, but approval is required before proceeding.",target,choice,review,review,0.4289,0.0654,0.9345478392104007,1,0.4289,0.8465314874593023,0.4405096399999999,"{""allowed"": 0.0, ""insufficient"": 0.0, ""prohibited"": 0.15, ""review"": 0.85}","{""allowed"": 0.2451, ""insufficient"": 0.1869, ""prohibited"": 0.1391, ""review"": 0.4289}",0.432,0.18514138548016243,0.5927270035423271,0.27244964,
case_eafbcc7ec0d39d2a,semantic_adjudication,17.46250013820827,159,0,policy_compliance,policy_review_border,16.0,2.0,0.30492015235820025,0.85,"allowed:0,review:17,prohibited:3,insufficient:0",benchmark_authored_adjudication,"The policy provides an exception path, but approval is required before proceeding.",target,choice,review,review,0.4109,0.0637,0.9363089787401571,1,0.4109,0.889405403092773,0.47219822,"{""allowed"": 0.0, ""insufficient"": 0.0, ""prohibited"": 0.15, ""review"": 0.85}","{""allowed"": 0.24, ""insufficient"": 0.2321, ""prohibited"": 0.117, ""review"": 0.4109}",0.47209999999999996,0.2036808766470342,0.6551227064505233,0.30536821999999997,
case_2dd8448f43cdc943,semantic_adjudication,18.62658280879259,190,0,policy_compliance,policy_review_border,17.0,6.0,0.30492015235820025,0.85,"allowed:0,review:17,prohibited:3,insufficient:0",benchmark_authored_adjudication,"The policy provides an exception path, but approval is required before proceeding.",target,choice,review,review,0.4189,0.0639,0.9361293254414309,1,0.4189,0.8701230510291479,0.45776789999999995,"{""allowed"": 0.0, ""insufficient"": 0.0, ""prohibited"": 0.15, ""review"": 0.85}","{""allowed"": 0.2101, ""insufficient"": 0.2452, ""prohibited"": 0.1258, ""review"": 0.4189}",0.4553,0.1956813945125908,0.6278547957761543,0.2906979,
case_0be9f9017b732eba,semantic_adjudication,24.151416961103678,251,0,policy_compliance,policy_review_border,18.0,12.0,0.30492015235820025,0.85,"allowed:0,review:17,prohibited:3,insufficient:0",benchmark_authored_adjudication,"The policy provides an exception path, but approval is required before proceeding.",target,choice,review,review,0.3743,0.0291,0.9708602437923808,1,0.3743,0.9826976640717537,0.5231406799999999,"{""allowed"": 0.0, ""insufficient"": 0.0, ""prohibited"": 0.15, ""review"": 0.85}","{""allowed"": 0.2037, ""insufficient"": 0.2345, ""prohibited"": 0.1875, ""review"": 0.3743}",0.47569999999999996,0.20035966396993687,0.6636803916907505,0.32418067999999994,
case_1b6b306601738f47,semantic_adjudication,34.33462488465011,345,0,policy_compliance,policy_review_border,19.0,24.0,0.30492015235820025,0.85,"allowed:0,review:17,prohibited:3,insufficient:0",benchmark_authored_adjudication,"The policy provides an exception path, but approval is required before proceeding.",target,choice,review,review,0.3869,0.033,0.9670090885608016,1,0.3869,0.9495890172756697,0.5013278999999999,"{""allowed"": 0.0, ""insufficient"": 0.0, ""prohibited"": 0.15, ""review"": 0.85}","{""allowed"": 0.2053, ""insufficient"": 0.2122, ""prohibited"": 0.1956, ""review"": 0.3869}",0.46309999999999996,0.19062379725979062,0.6291941050855415,0.3037179,
case_48b8c4684a48eee3,semantic_adjudication,16.883540898561478,135,0,policy_compliance,policy_review_border,20.0,0.0,0.30492015235820025,0.85,"allowed:0,review:17,prohibited:3,insufficient:0",benchmark_authored_adjudication,"The policy provides an exception path, but approval is required before proceeding.",target,choice,review,review,0.44,0.0623,0.9377198798332972,1,0.44,0.8209805520698302,0.41851345000000006,"{""allowed"": 0.0, ""insufficient"": 0.0, ""prohibited"": 0.15, ""review"": 0.85}","{""allowed"": 0.1991, ""insufficient"": 0.19, ""prohibited"": 0.1708, ""review"": 0.44}",0.40995,0.16834422053944503,0.5402136810975149,0.24427344999999998,
case_cb80775d17406067,semantic_adjudication,17.050041118636727,158,0,policy_compliance,policy_review_border,21.0,2.0,0.30492015235820025,0.85,"allowed:0,review:17,prohibited:3,insufficient:0",benchmark_authored_adjudication,"The policy provides an exception path, but approval is required before proceeding.",target,choice,review,review,0.4316,0.0642,0.9358236092275211,1,0.4316,0.8402560455981575,0.43472696,"{""allowed"": 0.0, ""insufficient"": 0.0, ""prohibited"": 0.15, ""review"": 0.85}","{""allowed"": 0.203, ""insufficient"": 0.2256, ""prohibited"": 0.1398, ""review"": 0.4316}",0.4286,0.1834136867826432,0.5866399183298071,0.26726696,
case_c2c928021522a2ab,semantic_adjudication,22.240750025957823,202,0,policy_compliance,policy_review_border,22.0,6.0,0.30492015235820025,0.85,"allowed:0,review:17,prohibited:3,insufficient:0",benchmark_authored_adjudication,"The policy provides an exception path, but approval is required before proceeding.",target,choice,review,review,0.3747,0.0301,0.9699226139386448,1,0.3747,0.9816295731824954,0.52294418,"{""allowed"": 0.0, ""insufficient"": 0.0, ""prohibited"": 0.15, ""review"": 0.85}","{""allowed"": 0.2412, ""insufficient"": 0.1917, ""prohibited"": 0.1924, ""review"": 0.3747}",0.4753,0.19869668573391946,0.6589028605117098,0.32263418,
case_345982504e9d64c8,semantic_adjudication,22.8064579423517,248,0,policy_compliance,policy_review_border,23.0,12.0,0.30492015235820025,0.85,"allowed:0,review:17,prohibited:3,insufficient:0",benchmark_authored_adjudication,"The policy provides an exception path, but approval is required before proceeding.",target,choice,review,review,0.3733,0.0268,0.9732048589850423,1,0.3733,0.9853728930615988,0.5236875,"{""allowed"": 0.0, ""insufficient"": 0.0, ""prohibited"": 0.15, ""review"": 0.85}","{""allowed"": 0.2082, ""insufficient"": 0.2121, ""prohibited"": 0.2064, ""review"": 0.3733}",0.4767,0.19559932090410914,0.6515487581025776,0.31875749999999997,
case_ffc31081f1e26a70,semantic_adjudication,34.49149988591671,349,0,policy_compliance,policy_review_border,24.0,24.0,0.30492015235820025,0.85,"allowed:0,review:17,prohibited:3,insufficient:0",benchmark_authored_adjudication,"The policy provides an exception path, but approval is required before proceeding.",target,choice,review,review,0.3701,0.0279,0.9720901990526495,1,0.3701,0.9939820395900268,0.5304349,"{""allowed"": 0.0, ""insufficient"": 0.0, ""prohibited"": 0.15, ""review"": 0.85}","{""allowed"": 0.1798, ""insufficient"": 0.2207, ""prohibited"": 0.2294, ""review"": 0.3701}",0.4799,0.1914763024984875,0.643018856988562,0.3176449,
case_463c447e3e42cc0b,semantic_adjudication,16.829874832183123,132,0,policy_compliance,policy_review_border,25.0,0.0,0.30492015235820025,0.85,"allowed:0,review:17,prohibited:3,insufficient:0",benchmark_authored_adjudication,"The policy provides an exception path, but approval is required before proceeding.",target,choice,review,review,0.4092,0.0462,0.9537101893165013,1,0.4092,0.8935512449046656,0.46669401000000005,"{""allowed"": 0.0, ""insufficient"": 0.0, ""prohibited"": 0.15, ""review"": 0.85}","{""allowed"": 0.2, ""insufficient"": 0.2211, ""prohibited"": 0.1696, ""review"": 0.4092}",0.44075,0.18565538138587104,0.6029563537066251,0.28357401,
case_5ce6e2d247d0d105,semantic_adjudication,18.21958413347602,163,0,policy_compliance,policy_review_border,26.0,2.0,0.30492015235820025,0.85,"allowed:0,review:17,prohibited:3,insufficient:0",benchmark_authored_adjudication,"The policy provides an exception path, but approval is required before proceeding.",target,choice,review,review,0.4519,0.0705,0.9296037650173802,1,0.4519,0.794294362564903,0.40131411000000006,"{""allowed"": 0.0, ""insufficient"": 0.0, ""prohibited"": 0.15, ""review"": 0.85}","{""allowed"": 0.196, ""insufficient"": 0.1609, ""prohibited"": 0.1913, ""review"": 0.4519}",0.39815,0.15586546349619518,0.5005279807545661,0.22449410999999997,
case_6732b8f7c7ce060a,semantic_adjudication,22.9137500282377,197,0,policy_compliance,policy_review_border,27.0,6.0,0.30492015235820025,0.85,"allowed:0,review:17,prohibited:3,insufficient:0",benchmark_authored_adjudication,"The policy provides an exception path, but approval is required before proceeding.",target,choice,review,review,0.398,0.0383,0.9617059325718732,1,0.398,0.9213032736976993,0.48334641999999994,"{""allowed"": 0.0, ""insufficient"": 0.0, ""prohibited"": 0.15, ""review"": 0.85}","{""allowed"": 0.1979, ""insufficient"": 0.194, ""prohibited"": 0.2101, ""review"": 0.398}",0.45199999999999996,0.18021317486603355,0.5944244455067308,0.28471641999999997,
case_dce50f0714765e8e,semantic_adjudication,22.61604112572968,248,0,policy_compliance,policy_review_border,28.0,12.0,0.30492015235820025,0.85,"allowed:0,review:17,prohibited:3,insufficient:0",benchmark_authored_adjudication,"The policy provides an exception path, but approval is required before proceeding.",target,choice,review,review,0.3834,0.0327,0.9672665131466125,1,0.3834,0.9586764483705928,0.50782026,"{""allowed"": 0.0, ""insufficient"": 0.0, ""prohibited"": 0.15, ""review"": 0.85}","{""allowed"": 0.2249, ""insufficient"": 0.2087, ""prohibited"": 0.183, ""review"": 0.3834}",0.46659999999999996,0.19634028014035362,0.6469062622301204,0.31294025999999997,
case_e49a2def4dd4c278,semantic_adjudication,33.98208296857774,350,0,policy_compliance,policy_review_border,29.0,24.0,0.30492015235820025,0.85,"allowed:0,review:17,prohibited:3,insufficient:0",benchmark_authored_adjudication,"The policy provides an exception path, but approval is required before proceeding.",target,choice,review,review,0.3947,0.0375,0.9624291667050441,1,0.3947,0.9296292963133357,0.48908130999999994,"{""allowed"": 0.0, ""insufficient"": 0.0, ""prohibited"": 0.15, ""review"": 0.85}","{""allowed"": 0.2128, ""insufficient"": 0.2107, ""prohibited"": 0.1817, ""review"": 0.3947}",0.45525,0.19015721858760204,0.6232855595973462,0.29798131,
case_17bc90354cdb8575,semantic_adjudication,15.89899999089539,128,0,policy_compliance,policy_prohibited_clear,0.0,0.0,0.0,1.0,"allowed:0,review:0,prohibited:20,insufficient:0",benchmark_authored_adjudication,The proposal directly violates an explicit prohibition.,target,choice,prohibited,review,0.391,0.0382,0.9618198117717999,0,0.1969,1.6250592933370573,0.8847769500000001,"{""allowed"": 0.0, ""insufficient"": 0.0, ""prohibited"": 1.0, ""review"": 0.0}","{""allowed"": 0.2375, ""insufficient"": 0.1747, ""prohibited"": 0.1969, ""review"": 0.391}",0.80315,0.42561552049119766,1.6250592933370571,0.8847769500000001,
case_0c1a40f85694ba23,semantic_adjudication,17.166749807074666,151,0,policy_compliance,policy_prohibited_clear,1.0,2.0,0.0,1.0,"allowed:0,review:0,prohibited:20,insufficient:0",benchmark_authored_adjudication,The proposal directly violates an explicit prohibition.,target,choice,prohibited,review,0.3453,0.018,0.9820255286443543,0,0.2435,1.4126383364594925,0.77615684,"{""allowed"": 0.0, ""insufficient"": 0.0, ""prohibited"": 1.0, ""review"": 0.0}","{""allowed"": 0.2123, ""insufficient"": 0.1989, ""prohibited"": 0.2435, ""review"": 0.3453}",0.7565,0.3856604953815249,1.4126383364594928,0.77615684,
case_a3f52fee6273eb82,semantic_adjudication,18.68241699412465,189,0,policy_compliance,policy_prohibited_clear,2.0,6.0,0.0,1.0,"allowed:0,review:0,prohibited:20,insufficient:0",benchmark_authored_adjudication,The proposal directly violates an explicit prohibition.,target,choice,prohibited,review,0.3764,0.0298,0.9701952950269241,0,0.2185,1.5209692644464923,0.8352762199999999,"{""allowed"": 0.0, ""insufficient"": 0.0, ""prohibited"": 1.0, ""review"": 0.0}","{""allowed"": 0.1825, ""insufficient"": 0.2226, ""prohibited"": 0.2185, ""review"": 0.3764}",0.7815,0.4065809414740229,1.5209692644464923,0.8352762199999999,
case_12c9348a637e349d,semantic_adjudication,23.246000055223703,235,0,policy_compliance,policy_prohibited_clear,3.0,12.0,0.0,1.0,"allowed:0,review:0,prohibited:20,insufficient:0",benchmark_authored_adjudication,The proposal directly violates an explicit prohibition.,target,choice,prohibited,review,0.3109,0.0114,0.9885630217056566,0,0.2742,1.293897511853923,0.7095770600000001,"{""allowed"": 0.0, ""insufficient"": 0.0, ""prohibited"": 1.0, ""review"": 0.0}","{""allowed"": 0.2019, ""insufficient"": 0.213, ""prohibited"": 0.2742, ""review"": 0.3109}",0.7258,0.3613726957756427,1.293897511853923,0.7095770600000001,
case_dc1d9c379f8cca8b,semantic_adjudication,39.32600002735853,343,0,policy_compliance,policy_prohibited_clear,4.0,24.0,0.0,1.0,"allowed:0,review:0,prohibited:20,insufficient:0",benchmark_authored_adjudication,The proposal directly violates an explicit prohibition.,target,choice,prohibited,review,0.3144,0.0139,0.9861021615457699,0,0.2803,1.2718948208113945,0.69898339,"{""allowed"": 0.0, ""insufficient"": 0.0, ""prohibited"": 1.0, ""review"": 0.0}","{""allowed"": 0.1965, ""insufficient"": 0.2087, ""prohibited"": 0.2803, ""review"": 0.3144}",0.71965,0.35669233474266715,1.2718948208113945,0.69898339,
case_8931b45c95ae0785,semantic_adjudication,13.949082931503654,125,0,policy_compliance,policy_prohibited_clear,5.0,0.0,0.0,1.0,"allowed:0,review:0,prohibited:20,insufficient:0",benchmark_authored_adjudication,The proposal directly violates an explicit prohibition.,target,choice,prohibited,review,0.3298,0.0313,0.9687366274264121,0,0.3151,1.1548652302189082,0.6411685500000001,"{""allowed"": 0.0, ""insufficient"": 0.0, ""prohibited"": 1.0, ""review"": 0.0}","{""allowed"": 0.1669, ""insufficient"": 0.1883, ""prohibited"": 0.3151, ""review"": 0.3298}",0.6849500000000001,0.33110937089755305,1.1548652302189082,0.6411685500000001,
case_2bc167904fa0ebcd,semantic_adjudication,17.325832974165678,156,0,policy_compliance,policy_prohibited_clear,6.0,2.0,0.0,1.0,"allowed:0,review:0,prohibited:20,insufficient:0",benchmark_authored_adjudication,The proposal directly violates an explicit prohibition.,target,choice,prohibited,review,0.4056,0.0423,0.9576546846977987,0,0.2042,1.5886553732515718,0.8740691300000001,"{""allowed"": 0.0, ""insufficient"": 0.0, ""prohibited"": 1.0, ""review"": 0.0}","{""allowed"": 0.1858, ""insufficient"": 0.2043, ""prohibited"": 0.2042, ""review"": 0.4056}",0.7957500000000001,0.41904786815035266,1.5886553732515718,0.8740691300000001,
case_735a837602771c6c,semantic_adjudication,18.05045921355486,184,0,policy_compliance,policy_prohibited_clear,7.0,6.0,0.0,1.0,"allowed:0,review:0,prohibited:20,insufficient:0",benchmark_authored_adjudication,The proposal directly violates an explicit prohibition.,target,choice,prohibited,prohibited,0.3306,0.0161,0.9838634586726989,1,0.3306,1.1068460935952131,0.60009202,"{""allowed"": 0.0, ""insufficient"": 0.0, ""prohibited"": 1.0, ""review"": 0.0}","{""allowed"": 0.2491, ""insufficient"": 0.1817, ""prohibited"": 0.3306, ""review"": 0.2386}",0.6694,0.32015590336160155,1.1068460935952134,0.60009202,
case_39f5b86cb035af73,semantic_adjudication,22.426584037020802,244,0,policy_compliance,policy_prohibited_clear,8.0,12.0,0.0,1.0,"allowed:0,review:0,prohibited:20,insufficient:0",benchmark_authored_adjudication,The proposal directly violates an explicit prohibition.,target,choice,prohibited,allowed,0.3023,0.0149,0.9850872182790723,0,0.2052,1.5837701656855225,0.8498514999999999,"{""allowed"": 0.0, ""insufficient"": 0.0, ""prohibited"": 1.0, ""review"": 0.0}","{""allowed"": 0.3023, ""insufficient"": 0.1939, ""prohibited"": 0.2052, ""review"": 0.2986}",0.7948,0.4181797662226927,1.5837701656855225,0.8498514999999999,
case_8b68f679d529dd27,semantic_adjudication,31.781499972566962,344,0,policy_compliance,policy_prohibited_clear,9.0,24.0,0.0,1.0,"allowed:0,review:0,prohibited:20,insufficient:0",benchmark_authored_adjudication,The proposal directly violates an explicit prohibition.,target,choice,prohibited,review,0.349,0.0308,0.9692092809457513,0,0.2682,1.316022308134559,0.73419993,"{""allowed"": 0.0, ""insufficient"": 0.0, ""prohibited"": 1.0, ""review"": 0.0}","{""allowed"": 0.1487, ""insufficient"": 0.234, ""prohibited"": 0.2682, ""review"": 0.349}",0.73175,0.36598649874311323,1.316022308134559,0.73419993,
case_6aba944c7573c99e,semantic_adjudication,17.0801249332726,131,0,policy_compliance,policy_prohibited_clear,10.0,0.0,0.0,1.0,"allowed:0,review:0,prohibited:20,insufficient:0",benchmark_authored_adjudication,The proposal directly violates an explicit prohibition.,target,choice,prohibited,review,0.3487,0.0219,0.9781556915949446,0,0.2599,1.3474583373346924,0.7459382999999999,"{""allowed"": 0.0, ""insufficient"": 0.0, ""prohibited"": 1.0, ""review"": 0.0}","{""allowed"": 0.1948, ""insufficient"": 0.1966, ""prohibited"": 0.2599, ""review"": 0.3487}",0.7401,0.3725061390182371,1.3474583373346924,0.7459382999999999,
case_6574fbe28b537019,semantic_adjudication,17.15645892545581,152,0,policy_compliance,policy_prohibited_clear,11.0,2.0,0.0,1.0,"allowed:0,review:0,prohibited:20,insufficient:0",benchmark_authored_adjudication,The proposal directly violates an explicit prohibition.,target,choice,prohibited,review,0.3777,0.0348,0.9652483269298663,0,0.2547,1.367668896996726,0.7659978300000001,"{""allowed"": 0.0, ""insufficient"": 0.0, ""prohibited"": 1.0, ""review"": 0.0}","{""allowed"": 0.1723, ""insufficient"": 0.1954, ""prohibited"": 0.2547, ""review"": 0.3777}",0.7453500000000001,0.3766513324045506,1.3676688969967257,0.7659978300000001,
case_b07716a0cdbffaf4,semantic_adjudication,18.3465420268476,190,0,policy_compliance,policy_prohibited_clear,12.0,6.0,0.0,1.0,"allowed:0,review:0,prohibited:20,insufficient:0",benchmark_authored_adjudication,The proposal directly violates an explicit prohibition.,target,choice,prohibited,review,0.3489,0.0361,0.963925636437932,0,0.3054,1.186132886197605,0.66400974,"{""allowed"": 0.0, ""insufficient"": 0.0, ""prohibited"": 1.0, ""review"": 0.0}","{""allowed"": 0.1676, ""insufficient"": 0.1781, ""prohibited"": 0.3054, ""review"": 0.3489}",0.6946,0.3380739334757427,1.186132886197605,0.66400974,
case_26863f3105dd4ebd,semantic_adjudication,23.119958816096187,234,0,policy_compliance,policy_prohibited_clear,13.0,12.0,0.0,1.0,"allowed:0,review:0,prohibited:20,insufficient:0",benchmark_authored_adjudication,The proposal directly violates an explicit prohibition.,target,choice,prohibited,review,0.3086,0.0092,0.9907570490977988,0,0.219,1.5186835491656363,0.8184928200000001,"{""allowed"": 0.0, ""insufficient"": 0.0, ""prohibited"": 1.0, ""review"": 0.0}","{""allowed"": 0.2655, ""insufficient"": 0.2069, ""prohibited"": 0.219, ""review"": 0.3086}",0.781,0.4061515285470856,1.5186835491656363,0.8184928200000001,
case_7745c974a8b563ac,semantic_adjudication,34.590458031743765,351,0,policy_compliance,policy_prohibited_clear,14.0,24.0,0.0,1.0,"allowed:0,review:0,prohibited:20,insufficient:0",benchmark_authored_adjudication,The proposal directly violates an explicit prohibition.,target,choice,prohibited,review,0.3384,0.0215,0.9784731322475952,0,0.2702,1.3085928534560385,0.7245932,"{""allowed"": 0.0, ""insufficient"": 0.0, ""prohibited"": 1.0, ""review"": 0.0}","{""allowed"": 0.1748, ""insufficient"": 0.2166, ""prohibited"": 0.2702, ""review"": 0.3384}",0.7298,0.3644566446956175,1.3085928534560387,0.7245932,
case_770a76549fed1e60,semantic_adjudication,13.67829111404717,126,0,policy_compliance,policy_prohibited_clear,15.0,0.0,0.0,1.0,"allowed:0,review:0,prohibited:20,insufficient:0",benchmark_authored_adjudication,The proposal directly violates an explicit prohibition.,target,choice,prohibited,review,0.3491,0.0202,0.9798040034366611,0,0.2482,1.3935204062116302,0.76824543,"{""allowed"": 0.0, ""insufficient"": 0.0, ""prohibited"": 1.0, ""review"": 0.0}","{""allowed"": 0.2093, ""insufficient"": 0.1933, ""prohibited"": 0.2482, ""review"": 0.3491}",0.75175,0.381826713038689,1.3935204062116302,0.76824543,
case_030a6e868d2abc4d,semantic_adjudication,17.545250011608005,153,0,policy_compliance,policy_prohibited_clear,16.0,2.0,0.0,1.0,"allowed:0,review:0,prohibited:20,insufficient:0",benchmark_authored_adjudication,The proposal directly violates an explicit prohibition.,target,choice,prohibited,review,0.4183,0.0523,0.9477273889234606,0,0.2282,1.4775328415541618,0.83332138,"{""allowed"": 0.0, ""insufficient"": 0.0, ""prohibited"": 1.0, ""review"": 0.0}","{""allowed"": 0.1865, ""insufficient"": 0.167, ""prohibited"": 0.2282, ""review"": 0.4183}",0.7718,0.39833262306164274,1.4775328415541618,0.83332138,
case_31b698238ee49954,semantic_adjudication,18.24908284470439,184,0,policy_compliance,policy_prohibited_clear,17.0,6.0,0.0,1.0,"allowed:0,review:0,prohibited:20,insufficient:0",benchmark_authored_adjudication,The proposal directly violates an explicit prohibition.,target,choice,prohibited,review,0.3389,0.0147,0.9853338117991622,0,0.2259,1.4876628555081794,0.80908019,"{""allowed"": 0.0, ""insufficient"": 0.0, ""prohibited"": 1.0, ""review"": 0.0}","{""allowed"": 0.2064, ""insufficient"": 0.2289, ""prohibited"": 0.2259, ""review"": 0.3389}",0.77415,0.40029200765140993,1.4876628555081794,0.80908019,
case_e3f52128569d9943,semantic_adjudication,22.729374933987856,245,0,policy_compliance,policy_prohibited_clear,18.0,12.0,0.0,1.0,"allowed:0,review:0,prohibited:20,insufficient:0",benchmark_authored_adjudication,The proposal directly violates an explicit prohibition.,target,choice,prohibited,review,0.3511,0.0195,0.9805129919223934,0,0.1939,1.640412716733531,0.8766312300000001,"{""allowed"": 0.0, ""insufficient"": 0.0, ""prohibited"": 1.0, ""review"": 0.0}","{""allowed"": 0.226, ""insufficient"": 0.2291, ""prohibited"": 0.1939, ""review"": 0.3511}",0.80615,0.42833216973629357,1.640412716733531,0.8766312300000001,
case_c71e7376540a2c01,semantic_adjudication,51.07508413493633,340,0,policy_compliance,policy_prohibited_clear,19.0,24.0,0.0,1.0,"allowed:0,review:0,prohibited:20,insufficient:0",benchmark_authored_adjudication,The proposal directly violates an explicit prohibition.,target,choice,prohibited,review,0.3623,0.0278,0.9722354719798497,0,0.2152,1.5361874506945077,0.8396357899999999,"{""allowed"": 0.0, ""insufficient"": 0.0, ""prohibited"": 1.0, ""review"": 0.0}","{""allowed"": 0.1715, ""insufficient"": 0.2511, ""prohibited"": 0.2152, ""review"": 0.3623}",0.7848499999999999,0.40944552675054957,1.5361874506945077,0.8396357899999999,
case_875dfea922b32407,semantic_adjudication,13.463916024193168,128,0,policy_compliance,policy_prohibited_clear,20.0,0.0,0.0,1.0,"allowed:0,review:0,prohibited:20,insufficient:0",benchmark_authored_adjudication,The proposal directly violates an explicit prohibition.,target,choice,prohibited,review,0.3834,0.0361,0.9638858790429922,0,0.2077,1.5716605481000705,0.8611245000000001,"{""allowed"": 0.0, ""insufficient"": 0.0, ""prohibited"": 1.0, ""review"": 0.0}","{""allowed"": 0.2418, ""insufficient"": 0.1671, ""prohibited"": 0.2077, ""review"": 0.3834}",0.7923,0.4159730348216856,1.5716605481000705,0.8611245000000001,
case_b294f6e384da29f2,semantic_adjudication,16.91383309662342,149,0,policy_compliance,policy_prohibited_clear,21.0,2.0,0.0,1.0,"allowed:0,review:0,prohibited:20,insufficient:0",benchmark_authored_adjudication,The proposal directly violates an explicit prohibition.,target,choice,prohibited,review,0.3922,0.0438,0.9561842112323221,0,0.2592,1.3501553145040175,0.7635394400000001,"{""allowed"": 0.0, ""insufficient"": 0.0, ""prohibited"": 1.0, ""review"": 0.0}","{""allowed"": 0.165, ""insufficient"": 0.1836, ""prohibited"": 0.2592, ""review"": 0.3922}",0.7408,0.37305898527066605,1.3501553145040175,0.7635394400000001,
case_a3276d7307b81226,semantic_adjudication,21.779875038191676,194,0,policy_compliance,policy_prohibited_clear,22.0,6.0,0.0,1.0,"allowed:0,review:0,prohibited:20,insufficient:0",benchmark_authored_adjudication,The proposal directly violates an explicit prohibition.,target,choice,prohibited,review,0.3251,0.0157,0.9843263927892797,0,0.271,1.305636458102436,0.71897474,"{""allowed"": 0.0, ""insufficient"": 0.0, ""prohibited"": 1.0, ""review"": 0.0}","{""allowed"": 0.2137, ""insufficient"": 0.1902, ""prohibited"": 0.271, ""review"": 0.3251}",0.729,0.3638380034393153,1.305636458102436,0.71897474,
case_eb2930a2a388fea3,semantic_adjudication,22.601958829909563,237,0,policy_compliance,policy_prohibited_clear,23.0,12.0,0.0,1.0,"allowed:0,review:0,prohibited:20,insufficient:0",benchmark_authored_adjudication,The proposal directly violates an explicit prohibition.,target,choice,prohibited,review,0.3639,0.0232,0.9767732657890471,0,0.2208,1.5104979645791967,0.82585074,"{""allowed"": 0.0, ""insufficient"": 0.0, ""prohibited"": 1.0, ""review"": 0.0}","{""allowed"": 0.212, ""insufficient"": 0.2033, ""prohibited"": 0.2208, ""review"": 0.3639}",0.7792,0.40460950997346884,1.510497964579197,0.82585074,
case_601411a607de7c0d,semantic_adjudication,32.5075420551002,341,0,policy_compliance,policy_prohibited_clear,24.0,24.0,0.0,1.0,"allowed:0,review:0,prohibited:20,insufficient:0",benchmark_authored_adjudication,The proposal directly violates an explicit prohibition.,target,choice,prohibited,review,0.3672,0.0287,0.9713610022242349,0,0.2382,1.4346446220609372,0.7944577700000001,"{""allowed"": 0.0, ""insufficient"": 0.0, ""prohibited"": 1.0, ""review"": 0.0}","{""allowed"": 0.171, ""insufficient"": 0.2237, ""prohibited"": 0.2382, ""review"": 0.3672}",0.76185,0.39002452722016356,1.4346446220609375,0.7944577700000001,
case_c37201f59e5ef8a9,semantic_adjudication,13.679542113095522,125,0,policy_compliance,policy_prohibited_clear,25.0,0.0,0.0,1.0,"allowed:0,review:0,prohibited:20,insufficient:0",benchmark_authored_adjudication,The proposal directly violates an explicit prohibition.,target,choice,prohibited,review,0.3783,0.0316,0.9683536115182017,0,0.2399,1.4275331091364882,0.7937631,"{""allowed"": 0.0, ""insufficient"": 0.0, ""prohibited"": 1.0, ""review"": 0.0}","{""allowed"": 0.1936, ""insufficient"": 0.1882, ""prohibited"": 0.2399, ""review"": 0.3783}",0.7601,0.38860628230931493,1.4275331091364882,0.7937631,
case_e41db4ea65b9ee7a,semantic_adjudication,17.369583947584033,156,0,policy_compliance,policy_prohibited_clear,26.0,2.0,0.0,1.0,"allowed:0,review:0,prohibited:20,insufficient:0",benchmark_authored_adjudication,The proposal directly violates an explicit prohibition.,target,choice,prohibited,review,0.347,0.0249,0.9751737769458183,0,0.2755,1.2891676503891678,0.7166181299999999,"{""allowed"": 0.0, ""insufficient"": 0.0, ""prohibited"": 1.0, ""review"": 0.0}","{""allowed"": 0.1918, ""insufficient"": 0.1858, ""prohibited"": 0.2755, ""review"": 0.347}",0.7245499999999999,0.36039647099483896,1.2891676503891678,0.7166181299999999,
case_5f00d0e9893dcb7c,semantic_adjudication,18.02395796403289,183,0,policy_compliance,policy_prohibited_clear,27.0,6.0,0.0,1.0,"allowed:0,review:0,prohibited:20,insufficient:0",benchmark_authored_adjudication,The proposal directly violates an explicit prohibition.,target,choice,prohibited,review,0.2737,0.0071,0.9929177348017143,0,0.2624,1.337885221912203,0.72983946,"{""allowed"": 0.0, ""insufficient"": 0.0, ""prohibited"": 1.0, ""review"": 0.0}","{""allowed"": 0.2724, ""insufficient"": 0.1915, ""prohibited"": 0.2624, ""review"": 0.2737}",0.7376,0.3705377790407651,1.337885221912203,0.72983946,
case_8ac489efdd46fa6d,semantic_adjudication,22.757374914363027,243,0,policy_compliance,policy_prohibited_clear,28.0,12.0,0.0,1.0,"allowed:0,review:0,prohibited:20,insufficient:0",benchmark_authored_adjudication,The proposal directly violates an explicit prohibition.,target,choice,prohibited,review,0.3685,0.0256,0.9744480969263519,0,0.2232,1.4996870484749811,0.8227629399999999,"{""allowed"": 0.0, ""insufficient"": 0.0, ""prohibited"": 1.0, ""review"": 0.0}","{""allowed"": 0.2141, ""insufficient"": 0.1942, ""prohibited"": 0.2232, ""review"": 0.3685}",0.7767999999999999,0.4025628242131686,1.4996870484749811,0.8227629399999999,
case_f8192495072f9581,semantic_adjudication,32.07241580821574,344,0,policy_compliance,policy_prohibited_clear,29.0,24.0,0.0,1.0,"allowed:0,review:0,prohibited:20,insufficient:0",benchmark_authored_adjudication,The proposal directly violates an explicit prohibition.,target,choice,prohibited,review,0.3239,0.0151,0.984911304823047,0,0.2708,1.3063747379440172,0.7189799000000001,"{""allowed"": 0.0, ""insufficient"": 0.0, ""prohibited"": 1.0, ""review"": 0.0}","{""allowed"": 0.1926, ""insufficient"": 0.2127, ""prohibited"": 0.2708, ""review"": 0.3239}",0.7292000000000001,0.3639925765255629,1.3063747379440172,0.7189799000000001,
case_192a3c1e9866730b,semantic_adjudication,16.76975004374981,129,0,policy_compliance,policy_insufficient,0.0,0.0,0.745234285366414,0.6,"allowed:2,review:5,prohibited:1,insufficient:12",benchmark_authored_adjudication,Both classification of the data and safeguards are unspecified.,target,choice,insufficient,review,0.3648,0.0531,0.9469312253693252,0,0.309,1.1744140020843916,0.6668522400000001,"{""allowed"": 0.1, ""insufficient"": 0.6, ""prohibited"": 0.05, ""review"": 0.25}","{""allowed"": 0.2024, ""insufficient"": 0.309, ""prohibited"": 0.1238, ""review"": 0.3648}",0.291,0.04602649963149916,0.18784114902291865,0.11379223999999999,
case_251b82659f7d48d2,semantic_adjudication,17.19462499022484,150,0,policy_compliance,policy_insufficient,1.0,2.0,0.745234285366414,0.6,"allowed:2,review:5,prohibited:1,insufficient:12",benchmark_authored_adjudication,Both classification of the data and safeguards are unspecified.,target,choice,insufficient,allowed,0.3301,0.0522,0.9478578420927418,0,0.2433,1.4134600291926602,0.7949419600000001,"{""allowed"": 0.1, ""insufficient"": 0.6, ""prohibited"": 0.05, ""review"": 0.25}","{""allowed"": 0.3301, ""insufficient"": 0.2433, ""prohibited"": 0.1075, ""review"": 0.3191}",0.3567,0.07885032873256168,0.3228738020064296,0.18826196,
case_d44fce88a0b22b5b,semantic_adjudication,21.894332952797413,193,0,policy_compliance,policy_insufficient,2.0,6.0,0.745234285366414,0.6,"allowed:2,review:5,prohibited:1,insufficient:12",benchmark_authored_adjudication,Both classification of the data and safeguards are unspecified.,target,choice,insufficient,review,0.3817,0.0497,0.9502743044002013,0,0.2817,1.2669126040998102,0.72057111,"{""allowed"": 0.1, ""insufficient"": 0.6, ""prohibited"": 0.05, ""review"": 0.25}","{""allowed"": 0.2022, ""insufficient"": 0.2817, ""prohibited"": 0.1343, ""review"": 0.3817}",0.31825,0.05512504574187309,0.22804731076317702,0.13621110999999997,
case_80210e9cc319e5d5,semantic_adjudication,22.80262508429587,238,0,policy_compliance,policy_insufficient,3.0,12.0,0.745234285366414,0.6,"allowed:2,review:5,prohibited:1,insufficient:12",benchmark_authored_adjudication,Both classification of the data and safeguards are unspecified.,target,choice,insufficient,review,0.4106,0.0493,0.9507325231833587,0,0.2377,1.436745904615989,0.8116481400000001,"{""allowed"": 0.1, ""insufficient"": 0.6, ""prohibited"": 0.05, ""review"": 0.25}","{""allowed"": 0.1832, ""insufficient"": 0.2377, ""prohibited"": 0.1685, ""review"": 0.4106}",0.3623,0.07352224768152785,0.3102260579859448,0.17801814,
case_ce2a17db76c1ab3d,semantic_adjudication,32.048166962340474,345,0,policy_compliance,policy_insufficient,4.0,24.0,0.745234285366414,0.6,"allowed:2,review:5,prohibited:1,insufficient:12",benchmark_authored_adjudication,Both classification of the data and safeguards are unspecified.,target,choice,insufficient,review,0.3437,0.0244,0.9756657534130158,0,0.279,1.2765434971607714,0.70919119,"{""allowed"": 0.1, ""insufficient"": 0.6, ""prohibited"": 0.05, ""review"": 0.25}","{""allowed"": 0.1903, ""insufficient"": 0.279, ""prohibited"": 0.1871, ""review"": 0.3437}",0.32104999999999995,0.06194951114514373,0.24952948731448685,0.13877118999999996,
case_4b647d2d23f77719,semantic_adjudication,13.35662486962974,126,0,policy_compliance,policy_insufficient,5.0,0.0,0.745234285366414,0.6,"allowed:2,review:5,prohibited:1,insufficient:12",benchmark_authored_adjudication,Both classification of the data and safeguards are unspecified.,target,choice,insufficient,insufficient,0.362,0.0565,0.9435043376561502,1,0.362,1.016111067156366,0.56325738,"{""allowed"": 0.1, ""insufficient"": 0.6, ""prohibited"": 0.05, ""review"": 0.25}","{""allowed"": 0.1897, ""insufficient"": 0.362, ""prohibited"": 0.1248, ""review"": 0.3235}",0.238,0.03256082461756378,0.12897487539390118,0.07568738,
case_5d5bbe646c4c5b0b,semantic_adjudication,16.88504102639854,158,0,policy_compliance,policy_insufficient,6.0,2.0,0.745234285366414,0.6,"allowed:2,review:5,prohibited:1,insufficient:12",benchmark_authored_adjudication,Both classification of the data and safeguards are unspecified.,target,choice,insufficient,review,0.3787,0.0609,0.9391668429795097,0,0.242,1.4188175528254507,0.80444706,"{""allowed"": 0.1, ""insufficient"": 0.6, ""prohibited"": 0.05, ""review"": 0.25}","{""allowed"": 0.2749, ""insufficient"": 0.242, ""prohibited"": 0.1044, ""review"": 0.3787}",0.358,0.07203319352314513,0.3030402487549698,0.17827706,
case_790d34f464b43065,semantic_adjudication,18.04908295162022,190,0,policy_compliance,policy_insufficient,7.0,6.0,0.745234285366414,0.6,"allowed:2,review:5,prohibited:1,insufficient:12",benchmark_authored_adjudication,Both classification of the data and safeguards are unspecified.,target,choice,insufficient,review,0.3959,0.052,0.9479642256419668,0,0.2225,1.502828177375842,0.8412523399999999,"{""allowed"": 0.1, ""insufficient"": 0.6, ""prohibited"": 0.05, ""review"": 0.25}","{""allowed"": 0.2508, ""insufficient"": 0.2225, ""prohibited"": 0.1308, ""review"": 0.3959}",0.37749999999999995,0.07939254941929597,0.34024546414663626,0.19306233999999997,
case_632fe6c8e5213cd4,semantic_adjudication,22.68216689117253,245,0,policy_compliance,policy_insufficient,8.0,12.0,0.745234285366414,0.6,"allowed:2,review:5,prohibited:1,insufficient:12",benchmark_authored_adjudication,Both classification of the data and safeguards are unspecified.,target,choice,insufficient,review,0.4022,0.0483,0.9517062268459723,0,0.2504,1.3846956397561936,0.7846349600000001,"{""allowed"": 0.1, ""insufficient"": 0.6, ""prohibited"": 0.05, ""review"": 0.25}","{""allowed"": 0.1914, ""insufficient"": 0.2504, ""prohibited"": 0.156, ""review"": 0.4022}",0.34959999999999997,0.06758125528546638,0.2836386903308996,0.16497495999999998,
case_a4a0e746b337573c,semantic_adjudication,32.78975002467632,342,0,policy_compliance,policy_insufficient,9.0,24.0,0.745234285366414,0.6,"allowed:2,review:5,prohibited:1,insufficient:12",benchmark_authored_adjudication,Both classification of the data and safeguards are unspecified.,target,choice,insufficient,review,0.4066,0.0521,0.9479146018259201,0,0.2585,1.3528595850336531,0.77123322,"{""allowed"": 0.1, ""insufficient"": 0.6, ""prohibited"": 0.05, ""review"": 0.25}","{""allowed"": 0.1654, ""insufficient"": 0.2585, ""prohibited"": 0.1695, ""review"": 0.4066}",0.34149999999999997,0.06559926912353951,0.27226697519782966,0.15970321999999998,
case_26c83c17e4c6b32e,semantic_adjudication,16.66404097341001,132,0,policy_compliance,policy_insufficient,10.0,0.0,0.745234285366414,0.6,"allowed:2,review:5,prohibited:1,insufficient:12",benchmark_authored_adjudication,Both classification of the data and safeguards are unspecified.,target,choice,insufficient,review,0.3604,0.0427,0.957339618920395,0,0.2861,1.2514138789260725,0.70603617,"{""allowed"": 0.1, ""insufficient"": 0.6, ""prohibited"": 0.05, ""review"": 0.25}","{""allowed"": 0.2214, ""insufficient"": 0.2861, ""prohibited"": 0.1322, ""review"": 0.3604}",0.31395,0.05479699229166322,0.22481982159994846,0.13221616999999997,
case_4e2752093ebc791b,semantic_adjudication,17.166875069960952,152,0,policy_compliance,policy_insufficient,11.0,2.0,0.745234285366414,0.6,"allowed:2,review:5,prohibited:1,insufficient:12",benchmark_authored_adjudication,Both classification of the data and safeguards are unspecified.,target,choice,insufficient,review,0.4163,0.0688,0.9311582572393553,0,0.2252,1.4907663827166018,0.8469538999999999,"{""allowed"": 0.1, ""insufficient"": 0.6, ""prohibited"": 0.05, ""review"": 0.25}","{""allowed"": 0.2466, ""insufficient"": 0.2252, ""prohibited"": 0.1119, ""review"": 0.4163}",0.37479999999999997,0.07671477182678899,0.3299392753169938,0.19345389999999998,
case_41d838ae3baa9338,semantic_adjudication,18.7135839369148,189,0,policy_compliance,policy_insufficient,12.0,6.0,0.745234285366414,0.6,"allowed:2,review:5,prohibited:1,insufficient:12",benchmark_authored_adjudication,Both classification of the data and safeguards are unspecified.,target,choice,insufficient,review,0.3833,0.047,0.9530087477761261,0,0.2799,1.2733228824607292,0.7230579899999999,"{""allowed"": 0.1, ""insufficient"": 0.6, ""prohibited"": 0.05, ""review"": 0.25}","{""allowed"": 0.1897, ""insufficient"": 0.2799, ""prohibited"": 0.147, ""review"": 0.3833}",0.32005,0.056396841426429055,0.23271124342296015,0.13768798999999998,
case_9cd2ccbf640f060b,semantic_adjudication,24.3734170217067,239,0,policy_compliance,policy_insufficient,13.0,12.0,0.745234285366414,0.6,"allowed:2,review:5,prohibited:1,insufficient:12",benchmark_authored_adjudication,Both classification of the data and safeguards are unspecified.,target,choice,insufficient,review,0.3665,0.045,0.9549873320573885,0,0.2145,1.5394455406140655,0.8510900299999999,"{""allowed"": 0.1, ""insufficient"": 0.6, ""prohibited"": 0.05, ""review"": 0.25}","{""allowed"": 0.2868, ""insufficient"": 0.2145, ""prohibited"": 0.1323, ""review"": 0.3665}",0.38554999999999995,0.08618016670561779,0.3675236036843543,0.20385002999999996,
case_da70205ae3b599cb,semantic_adjudication,31.70891711488366,346,0,policy_compliance,policy_insufficient,14.0,24.0,0.745234285366414,0.6,"allowed:2,review:5,prohibited:1,insufficient:12",benchmark_authored_adjudication,Both classification of the data and safeguards are unspecified.,target,choice,insufficient,review,0.3499,0.0261,0.9738618090676008,0,0.2655,1.3261404383001434,0.7372412599999999,"{""allowed"": 0.1, ""insufficient"": 0.6, ""prohibited"": 0.05, ""review"": 0.25}","{""allowed"": 0.2184, ""insufficient"": 0.2655, ""prohibited"": 0.1662, ""review"": 0.3499}",0.33449999999999996,0.06509917993462958,0.26696801870471665,0.14939125999999997,
case_152292a9b5cd756f,semantic_adjudication,13.83625017479062,127,0,policy_compliance,policy_insufficient,15.0,0.0,0.745234285366414,0.6,"allowed:2,review:5,prohibited:1,insufficient:12",benchmark_authored_adjudication,Both classification of the data and safeguards are unspecified.,target,choice,insufficient,insufficient,0.3356,0.0433,0.9567061912786214,1,0.3356,1.0918353043890858,0.60742065,"{""allowed"": 0.1, ""insufficient"": 0.6, ""prohibited"": 0.05, ""review"": 0.25}","{""allowed"": 0.1964, ""insufficient"": 0.3356, ""prohibited"": 0.1392, ""review"": 0.3287}",0.26435,0.04054774895244316,0.16149190955503925,0.09335064999999998,
case_6c58855df7ae04bb,semantic_adjudication,16.93808287382126,155,0,policy_compliance,policy_insufficient,16.0,2.0,0.745234285366414,0.6,"allowed:2,review:5,prohibited:1,insufficient:12",benchmark_authored_adjudication,Both classification of the data and safeguards are unspecified.,target,choice,insufficient,review,0.4061,0.0667,0.9332407027325615,0,0.273,1.2982834837971773,0.7492456499999999,"{""allowed"": 0.1, ""insufficient"": 0.6, ""prohibited"": 0.05, ""review"": 0.25}","{""allowed"": 0.207, ""insufficient"": 0.273, ""prohibited"": 0.1138, ""review"": 0.4061}",0.32694999999999996,0.05665993285830659,0.23731425027027853,0.14681564999999996,
case_128b83c5c2706715,semantic_adjudication,18.642792012542486,185,0,policy_compliance,policy_insufficient,17.0,6.0,0.745234285366414,0.6,"allowed:2,review:5,prohibited:1,insufficient:12",benchmark_authored_adjudication,Both classification of the data and safeguards are unspecified.,target,choice,insufficient,review,0.3673,0.0515,0.9484768300653157,0,0.2091,1.564942672547549,0.8655786299999999,"{""allowed"": 0.1, ""insufficient"": 0.6, ""prohibited"": 0.05, ""review"": 0.25}","{""allowed"": 0.2997, ""insufficient"": 0.2091, ""prohibited"": 0.1238, ""review"": 0.3673}",0.39085,0.08904836480354039,0.381197323953521,0.21188863,
case_d21e1c450c0d98d2,semantic_adjudication,22.772124968469143,246,0,policy_compliance,policy_insufficient,18.0,12.0,0.745234285366414,0.6,"allowed:2,review:5,prohibited:1,insufficient:12",benchmark_authored_adjudication,Both classification of the data and safeguards are unspecified.,target,choice,insufficient,review,0.3603,0.0362,0.9638176909971969,0,0.2887,1.2423671923132475,0.69775628,"{""allowed"": 0.1, ""insufficient"": 0.6, ""prohibited"": 0.05, ""review"": 0.25}","{""allowed"": 0.1895, ""insufficient"": 0.2887, ""prohibited"": 0.1615, ""review"": 0.3603}",0.31129999999999997,0.05535635829106753,0.22500992544023668,0.12951627999999998,
case_1b40465df78850db,semantic_adjudication,31.919458182528615,340,0,policy_compliance,policy_insufficient,19.0,24.0,0.745234285366414,0.6,"allowed:2,review:5,prohibited:1,insufficient:12",benchmark_authored_adjudication,Both classification of the data and safeguards are unspecified.,target,choice,insufficient,review,0.3564,0.0261,0.9738450984675112,0,0.2216,1.5068813241090084,0.8253974399999999,"{""allowed"": 0.1, ""insufficient"": 0.6, ""prohibited"": 0.05, ""review"": 0.25}","{""allowed"": 0.2524, ""insufficient"": 0.2216, ""prohibited"": 0.1696, ""review"": 0.3564}",0.37839999999999996,0.08418593750010304,0.355329745407829,0.19203743999999998,
case_ac5fbd1d17325d9c,semantic_adjudication,16.824417049065232,129,0,policy_compliance,policy_insufficient,20.0,0.0,0.745234285366414,0.6,"allowed:2,review:5,prohibited:1,insufficient:12",benchmark_authored_adjudication,Both classification of the data and safeguards are unspecified.,target,choice,insufficient,review,0.3514,0.0447,0.9552700219950886,0,0.3102,1.1705380282396987,0.659098,"{""allowed"": 0.1, ""insufficient"": 0.6, ""prohibited"": 0.05, ""review"": 0.25}","{""allowed"": 0.2048, ""insufficient"": 0.3102, ""prohibited"": 0.1336, ""review"": 0.3514}",0.2898,0.04683961413654855,0.189883644710091,0.11223799999999999,
case_a2fbcccc900e6465,semantic_adjudication,16.970125027000904,152,0,policy_compliance,policy_insufficient,21.0,2.0,0.745234285366414,0.6,"allowed:2,review:5,prohibited:1,insufficient:12",benchmark_authored_adjudication,Both classification of the data and safeguards are unspecified.,target,choice,insufficient,review,0.4172,0.0734,0.9266063846209851,0,0.2702,1.3085928534560385,0.7598106400000001,"{""allowed"": 0.1, ""insufficient"": 0.6, ""prohibited"": 0.05, ""review"": 0.25}","{""allowed"": 0.2026, ""insufficient"": 0.2702, ""prohibited"": 0.11, ""review"": 0.4172}",0.3298,0.05726681984111329,0.24060492789707322,0.15085063999999998,
case_84cda92736c35dde,semantic_adjudication,18.16358300857246,191,0,policy_compliance,policy_insufficient,22.0,6.0,0.745234285366414,0.6,"allowed:2,review:5,prohibited:1,insufficient:12",benchmark_authored_adjudication,Both classification of the data and safeguards are unspecified.,target,choice,insufficient,review,0.4231,0.0653,0.9346651618618811,0,0.2374,1.4380087968065693,0.8221186199999999,"{""allowed"": 0.1, ""insufficient"": 0.6, ""prohibited"": 0.05, ""review"": 0.25}","{""allowed"": 0.214, ""insufficient"": 0.2374, ""prohibited"": 0.1255, ""review"": 0.4231}",0.3626,0.07081458876647184,0.3026782732978428,0.18013861999999997,
case_fb3de1acfcb63be4,semantic_adjudication,22.57162518799305,243,0,policy_compliance,policy_insufficient,23.0,12.0,0.745234285366414,0.6,"allowed:2,review:5,prohibited:1,insufficient:12",benchmark_authored_adjudication,Both classification of the data and safeguards are unspecified.,target,choice,insufficient,review,0.3855,0.0462,0.9537505140833085,0,0.274,1.2946271725940668,0.73462878,"{""allowed"": 0.1, ""insufficient"": 0.6, ""prohibited"": 0.05, ""review"": 0.25}","{""allowed"": 0.1923, ""insufficient"": 0.274, ""prohibited"": 0.1482, ""review"": 0.3855}",0.32599999999999996,0.05855541157049643,0.24229522847920482,0.14279877999999996,
case_ddf10e6bd4914366,semantic_adjudication,32.627916894853115,342,0,policy_compliance,policy_insufficient,24.0,24.0,0.745234285366414,0.6,"allowed:2,review:5,prohibited:1,insufficient:12",benchmark_authored_adjudication,Both classification of the data and safeguards are unspecified.,target,choice,insufficient,review,0.341,0.0256,0.9744795723376949,0,0.2688,1.3137876703331426,0.7297586900000002,"{""allowed"": 0.1, ""insufficient"": 0.6, ""prohibited"": 0.05, ""review"": 0.25}","{""allowed"": 0.2316, ""insufficient"": 0.2688, ""prohibited"": 0.1587, ""review"": 0.341}",0.33125,0.06418982283444932,0.2624380510086877,0.14710869,
case_d973b88666706479,semantic_adjudication,13.426958117634058,126,0,policy_compliance,policy_insufficient,25.0,0.0,0.745234285366414,0.6,"allowed:2,review:5,prohibited:1,insufficient:12",benchmark_authored_adjudication,Both classification of the data and safeguards are unspecified.,target,choice,insufficient,review,0.3582,0.038,0.9620127681850853,0,0.2836,1.2601904843241645,0.7083112099999999,"{""allowed"": 0.1, ""insufficient"": 0.6, ""prohibited"": 0.05, ""review"": 0.25}","{""allowed"": 0.2155, ""insufficient"": 0.2836, ""prohibited"": 0.1426, ""review"": 0.3582}",0.31634999999999996,0.056228562792899076,0.2305311759106395,0.13373120999999996,
case_e635bc738c25d455,semantic_adjudication,17.21891714259982,158,0,policy_compliance,policy_insufficient,26.0,2.0,0.745234285366414,0.6,"allowed:2,review:5,prohibited:1,insufficient:12",benchmark_authored_adjudication,Both classification of the data and safeguards are unspecified.,target,choice,insufficient,review,0.377,0.0504,0.9495385533969327,0,0.2898,1.238564249095555,0.70444785,"{""allowed"": 0.1, ""insufficient"": 0.6, ""prohibited"": 0.05, ""review"": 0.25}","{""allowed"": 0.2016, ""insufficient"": 0.2898, ""prohibited"": 0.1315, ""review"": 0.377}",0.31015,0.052300373867395236,0.21548638047090166,0.12931784999999998,
case_afaa41469a39c001,semantic_adjudication,18.10400001704693,183,0,policy_compliance,policy_insufficient,27.0,6.0,0.745234285366414,0.6,"allowed:2,review:5,prohibited:1,insufficient:12",benchmark_authored_adjudication,Both classification of the data and safeguards are unspecified.,target,choice,insufficient,review,0.3496,0.0404,0.9596151662919282,0,0.3127,1.1625110145183415,0.65206314,"{""allowed"": 0.1, ""insufficient"": 0.6, ""prohibited"": 0.05, ""review"": 0.25}","{""allowed"": 0.154, ""insufficient"": 0.3127, ""prohibited"": 0.1837, ""review"": 0.3496}",0.2873,0.050378027338536836,0.1989367619894265,0.11325314,
case_8a47c0a648df5002,semantic_adjudication,23.346707923337817,241,0,policy_compliance,policy_insufficient,28.0,12.0,0.745234285366414,0.6,"allowed:2,review:5,prohibited:1,insufficient:12",benchmark_authored_adjudication,Both classification of the data and safeguards are unspecified.,target,choice,insufficient,review,0.422,0.0571,0.9429276577331924,0,0.2396,1.4287844127408427,0.81370786,"{""allowed"": 0.1, ""insufficient"": 0.6, ""prohibited"": 0.05, ""review"": 0.25}","{""allowed"": 0.1781, ""insufficient"": 0.2396, ""prohibited"": 0.1603, ""review"": 0.422}",0.36039999999999994,0.0718596153210559,0.3039204712013493,0.17773785999999994,
case_6d0aad05a9b20045,semantic_adjudication,32.28724980726838,339,0,policy_compliance,policy_insufficient,29.0,24.0,0.745234285366414,0.6,"allowed:2,review:5,prohibited:1,insufficient:12",benchmark_authored_adjudication,Both classification of the data and safeguards are unspecified.,target,choice,insufficient,review,0.3787,0.0334,0.9665802789029934,0,0.2369,1.4401171678173972,0.80072148,"{""allowed"": 0.1, ""insufficient"": 0.6, ""prohibited"": 0.05, ""review"": 0.25}","{""allowed"": 0.2157, ""insufficient"": 0.2369, ""prohibited"": 0.1687, ""review"": 0.3787}",0.3631,0.07521636299158202,0.31607728622257736,0.17588147999999998,
case_44c7a6fe0b020379,semantic_repeatability,17.132916022092104,159,0,incident_triage,inc_border_12,,,0.5941881858672536,0.6,"sev1:7,sev2:12,sev3:1,insufficient:0",benchmark_authored_adjudication,,target,choice,sev2,sev2,0.5159,0.1209,0.8790890617847549,1,0.5159,0.6618423307315328,0.31437434,"{""insufficient"": 0.0, ""sev1"": 0.35, ""sev2"": 0.6, ""sev3"": 0.05}","{""insufficient"": 0.1538, ""sev1"": 0.135, ""sev2"": 0.5159, ""sev3"": 0.1953}",0.2990999999999999,0.1025596969909669,0.35591476417236123,0.09806433999999997,0.0
case_9ca31cbd523883de,semantic_repeatability,17.04620779491961,159,0,incident_triage,inc_border_12,,,0.5941881858672536,0.6,"sev1:7,sev2:12,sev3:1,insufficient:0",benchmark_authored_adjudication,,target,choice,sev2,sev2,0.5159,0.1209,0.8790890617847549,1,0.5159,0.6618423307315328,0.31437434,"{""insufficient"": 0.0, ""sev1"": 0.35, ""sev2"": 0.6, ""sev3"": 0.05}","{""insufficient"": 0.1538, ""sev1"": 0.135, ""sev2"": 0.5159, ""sev3"": 0.1953}",0.2990999999999999,0.1025596969909669,0.35591476417236123,0.09806433999999997,1.0
case_81fdf1486c2e6746,semantic_repeatability,16.93512499332428,159,0,incident_triage,inc_border_12,,,0.5941881858672536,0.6,"sev1:7,sev2:12,sev3:1,insufficient:0",benchmark_authored_adjudication,,target,choice,sev2,sev2,0.5159,0.1209,0.8790890617847549,1,0.5159,0.6618423307315328,0.31437434,"{""insufficient"": 0.0, ""sev1"": 0.35, ""sev2"": 0.6, ""sev3"": 0.05}","{""insufficient"": 0.1538, ""sev1"": 0.135, ""sev2"": 0.5159, ""sev3"": 0.1953}",0.2990999999999999,0.1025596969909669,0.35591476417236123,0.09806433999999997,2.0
case_3f33dbef18507f9e,semantic_repeatability,16.931167105212808,159,0,incident_triage,inc_border_12,,,0.5941881858672536,0.6,"sev1:7,sev2:12,sev3:1,insufficient:0",benchmark_authored_adjudication,,target,choice,sev2,sev2,0.5159,0.1209,0.8790890617847549,1,0.5159,0.6618423307315328,0.31437434,"{""insufficient"": 0.0, ""sev1"": 0.35, ""sev2"": 0.6, ""sev3"": 0.05}","{""insufficient"": 0.1538, ""sev1"": 0.135, ""sev2"": 0.5159, ""sev3"": 0.1953}",0.2990999999999999,0.1025596969909669,0.35591476417236123,0.09806433999999997,3.0
case_780e38c758908271,semantic_repeatability,16.919749788939953,159,0,incident_triage,inc_border_12,,,0.5941881858672536,0.6,"sev1:7,sev2:12,sev3:1,insufficient:0",benchmark_authored_adjudication,,target,choice,sev2,sev2,0.5159,0.1209,0.8790890617847549,1,0.5159,0.6618423307315328,0.31437434,"{""insufficient"": 0.0, ""sev1"": 0.35, ""sev2"": 0.6, ""sev3"": 0.05}","{""insufficient"": 0.1538, ""sev1"": 0.135, ""sev2"": 0.5159, ""sev3"": 0.1953}",0.2990999999999999,0.1025596969909669,0.35591476417236123,0.09806433999999997,4.0
case_d1e4098267cc8920,semantic_repeatability,16.91862498410046,159,0,incident_triage,inc_border_12,,,0.5941881858672536,0.6,"sev1:7,sev2:12,sev3:1,insufficient:0",benchmark_authored_adjudication,,target,choice,sev2,sev2,0.5159,0.1209,0.8790890617847549,1,0.5159,0.6618423307315328,0.31437434,"{""insufficient"": 0.0, ""sev1"": 0.35, ""sev2"": 0.6, ""sev3"": 0.05}","{""insufficient"": 0.1538, ""sev1"": 0.135, ""sev2"": 0.5159, ""sev3"": 0.1953}",0.2990999999999999,0.1025596969909669,0.35591476417236123,0.09806433999999997,5.0
case_04d42cbee9e6185f,semantic_repeatability,16.629625111818314,159,0,incident_triage,inc_border_12,,,0.5941881858672536,0.6,"sev1:7,sev2:12,sev3:1,insufficient:0",benchmark_authored_adjudication,,target,choice,sev2,sev2,0.5159,0.1209,0.8790890617847549,1,0.5159,0.6618423307315328,0.31437434,"{""insufficient"": 0.0, ""sev1"": 0.35, ""sev2"": 0.6, ""sev3"": 0.05}","{""insufficient"": 0.1538, ""sev1"": 0.135, ""sev2"": 0.5159, ""sev3"": 0.1953}",0.2990999999999999,0.1025596969909669,0.35591476417236123,0.09806433999999997,6.0
case_89b0685bfa9e6857,semantic_repeatability,17.361250007525086,159,0,incident_triage,inc_border_12,,,0.5941881858672536,0.6,"sev1:7,sev2:12,sev3:1,insufficient:0",benchmark_authored_adjudication,,target,choice,sev2,sev2,0.5159,0.1209,0.8790890617847549,1,0.5159,0.6618423307315328,0.31437434,"{""insufficient"": 0.0, ""sev1"": 0.35, ""sev2"": 0.6, ""sev3"": 0.05}","{""insufficient"": 0.1538, ""sev1"": 0.135, ""sev2"": 0.5159, ""sev3"": 0.1953}",0.2990999999999999,0.1025596969909669,0.35591476417236123,0.09806433999999997,7.0
case_f7747d8c470d317d,semantic_repeatability,16.977000050246716,159,0,incident_triage,inc_border_12,,,0.5941881858672536,0.6,"sev1:7,sev2:12,sev3:1,insufficient:0",benchmark_authored_adjudication,,target,choice,sev2,sev2,0.5159,0.1209,0.8790890617847549,1,0.5159,0.6618423307315328,0.31437434,"{""insufficient"": 0.0, ""sev1"": 0.35, ""sev2"": 0.6, ""sev3"": 0.05}","{""insufficient"": 0.1538, ""sev1"": 0.135, ""sev2"": 0.5159, ""sev3"": 0.1953}",0.2990999999999999,0.1025596969909669,0.35591476417236123,0.09806433999999997,8.0
case_8e78617edd03d0f5,semantic_repeatability,16.700749984011054,159,0,incident_triage,inc_border_12,,,0.5941881858672536,0.6,"sev1:7,sev2:12,sev3:1,insufficient:0",benchmark_authored_adjudication,,target,choice,sev2,sev2,0.5159,0.1209,0.8790890617847549,1,0.5159,0.6618423307315328,0.31437434,"{""insufficient"": 0.0, ""sev1"": 0.35, ""sev2"": 0.6, ""sev3"": 0.05}","{""insufficient"": 0.1538, ""sev1"": 0.135, ""sev2"": 0.5159, ""sev3"": 0.1953}",0.2990999999999999,0.1025596969909669,0.35591476417236123,0.09806433999999997,9.0
case_535f2f8d3beec4e4,semantic_repeatability,16.753959003835917,159,0,incident_triage,inc_border_12,,,0.5941881858672536,0.6,"sev1:7,sev2:12,sev3:1,insufficient:0",benchmark_authored_adjudication,,target,choice,sev2,sev2,0.5159,0.1209,0.8790890617847549,1,0.5159,0.6618423307315328,0.31437434,"{""insufficient"": 0.0, ""sev1"": 0.35, ""sev2"": 0.6, ""sev3"": 0.05}","{""insufficient"": 0.1538, ""sev1"": 0.135, ""sev2"": 0.5159, ""sev3"": 0.1953}",0.2990999999999999,0.1025596969909669,0.35591476417236123,0.09806433999999997,10.0
case_a4b7cd361ad829c7,semantic_repeatability,16.891042003408074,159,0,incident_triage,inc_border_12,,,0.5941881858672536,0.6,"sev1:7,sev2:12,sev3:1,insufficient:0",benchmark_authored_adjudication,,target,choice,sev2,sev2,0.5159,0.1209,0.8790890617847549,1,0.5159,0.6618423307315328,0.31437434,"{""insufficient"": 0.0, ""sev1"": 0.35, ""sev2"": 0.6, ""sev3"": 0.05}","{""insufficient"": 0.1538, ""sev1"": 0.135, ""sev2"": 0.5159, ""sev3"": 0.1953}",0.2990999999999999,0.1025596969909669,0.35591476417236123,0.09806433999999997,11.0
case_089d7b5b02568193,semantic_repeatability,16.86795800924301,159,0,incident_triage,inc_border_12,,,0.5941881858672536,0.6,"sev1:7,sev2:12,sev3:1,insufficient:0",benchmark_authored_adjudication,,target,choice,sev2,sev2,0.5159,0.1209,0.8790890617847549,1,0.5159,0.6618423307315328,0.31437434,"{""insufficient"": 0.0, ""sev1"": 0.35, ""sev2"": 0.6, ""sev3"": 0.05}","{""insufficient"": 0.1538, ""sev1"": 0.135, ""sev2"": 0.5159, ""sev3"": 0.1953}",0.2990999999999999,0.1025596969909669,0.35591476417236123,0.09806433999999997,12.0
case_972c5841b6b30088,semantic_repeatability,16.740209190174937,159,0,incident_triage,inc_border_12,,,0.5941881858672536,0.6,"sev1:7,sev2:12,sev3:1,insufficient:0",benchmark_authored_adjudication,,target,choice,sev2,sev2,0.5159,0.1209,0.8790890617847549,1,0.5159,0.6618423307315328,0.31437434,"{""insufficient"": 0.0, ""sev1"": 0.35, ""sev2"": 0.6, ""sev3"": 0.05}","{""insufficient"": 0.1538, ""sev1"": 0.135, ""sev2"": 0.5159, ""sev3"": 0.1953}",0.2990999999999999,0.1025596969909669,0.35591476417236123,0.09806433999999997,13.0
case_6a9dc451b5f8983f,semantic_repeatability,16.770791029557586,159,0,incident_triage,inc_border_12,,,0.5941881858672536,0.6,"sev1:7,sev2:12,sev3:1,insufficient:0",benchmark_authored_adjudication,,target,choice,sev2,sev2,0.5159,0.1209,0.8790890617847549,1,0.5159,0.6618423307315328,0.31437434,"{""insufficient"": 0.0, ""sev1"": 0.35, ""sev2"": 0.6, ""sev3"": 0.05}","{""insufficient"": 0.1538, ""sev1"": 0.135, ""sev2"": 0.5159, ""sev3"": 0.1953}",0.2990999999999999,0.1025596969909669,0.35591476417236123,0.09806433999999997,14.0
case_865635671f14307f,semantic_repeatability,16.88970811665058,159,0,incident_triage,inc_border_12,,,0.5941881858672536,0.6,"sev1:7,sev2:12,sev3:1,insufficient:0",benchmark_authored_adjudication,,target,choice,sev2,sev2,0.5159,0.1209,0.8790890617847549,1,0.5159,0.6618423307315328,0.31437434,"{""insufficient"": 0.0, ""sev1"": 0.35, ""sev2"": 0.6, ""sev3"": 0.05}","{""insufficient"": 0.1538, ""sev1"": 0.135, ""sev2"": 0.5159, ""sev3"": 0.1953}",0.2990999999999999,0.1025596969909669,0.35591476417236123,0.09806433999999997,15.0
case_76eff36ec01f931d,semantic_repeatability,16.93062507547438,159,0,incident_triage,inc_border_12,,,0.5941881858672536,0.6,"sev1:7,sev2:12,sev3:1,insufficient:0",benchmark_authored_adjudication,,target,choice,sev2,sev2,0.5159,0.1209,0.8790890617847549,1,0.5159,0.6618423307315328,0.31437434,"{""insufficient"": 0.0, ""sev1"": 0.35, ""sev2"": 0.6, ""sev3"": 0.05}","{""insufficient"": 0.1538, ""sev1"": 0.135, ""sev2"": 0.5159, ""sev3"": 0.1953}",0.2990999999999999,0.1025596969909669,0.35591476417236123,0.09806433999999997,16.0
case_b735b39ec4baefdb,semantic_repeatability,16.742374980822206,159,0,incident_triage,inc_border_12,,,0.5941881858672536,0.6,"sev1:7,sev2:12,sev3:1,insufficient:0",benchmark_authored_adjudication,,target,choice,sev2,sev2,0.5159,0.1209,0.8790890617847549,1,0.5159,0.6618423307315328,0.31437434,"{""insufficient"": 0.0, ""sev1"": 0.35, ""sev2"": 0.6, ""sev3"": 0.05}","{""insufficient"": 0.1538, ""sev1"": 0.135, ""sev2"": 0.5159, ""sev3"": 0.1953}",0.2990999999999999,0.1025596969909669,0.35591476417236123,0.09806433999999997,17.0
case_ef97b473a2afd1d8,semantic_repeatability,16.884792130440474,159,0,incident_triage,inc_border_12,,,0.5941881858672536,0.6,"sev1:7,sev2:12,sev3:1,insufficient:0",benchmark_authored_adjudication,,target,choice,sev2,sev2,0.5159,0.1209,0.8790890617847549,1,0.5159,0.6618423307315328,0.31437434,"{""insufficient"": 0.0, ""sev1"": 0.35, ""sev2"": 0.6, ""sev3"": 0.05}","{""insufficient"": 0.1538, ""sev1"": 0.135, ""sev2"": 0.5159, ""sev3"": 0.1953}",0.2990999999999999,0.1025596969909669,0.35591476417236123,0.09806433999999997,18.0
case_d34324ced66f14d1,semantic_repeatability,16.844583908095956,159,0,incident_triage,inc_border_12,,,0.5941881858672536,0.6,"sev1:7,sev2:12,sev3:1,insufficient:0",benchmark_authored_adjudication,,target,choice,sev2,sev2,0.5159,0.1209,0.8790890617847549,1,0.5159,0.6618423307315328,0.31437434,"{""insufficient"": 0.0, ""sev1"": 0.35, ""sev2"": 0.6, ""sev3"": 0.05}","{""insufficient"": 0.1538, ""sev1"": 0.135, ""sev2"": 0.5159, ""sev3"": 0.1953}",0.2990999999999999,0.1025596969909669,0.35591476417236123,0.09806433999999997,19.0
case_7c8c1d2a30726e11,semantic_repeatability,16.716917045414448,159,0,incident_triage,inc_border_12,,,0.5941881858672536,0.6,"sev1:7,sev2:12,sev3:1,insufficient:0",benchmark_authored_adjudication,,target,choice,sev2,sev2,0.5159,0.1209,0.8790890617847549,1,0.5159,0.6618423307315328,0.31437434,"{""insufficient"": 0.0, ""sev1"": 0.35, ""sev2"": 0.6, ""sev3"": 0.05}","{""insufficient"": 0.1538, ""sev1"": 0.135, ""sev2"": 0.5159, ""sev3"": 0.1953}",0.2990999999999999,0.1025596969909669,0.35591476417236123,0.09806433999999997,20.0
case_789bc878d226887e,semantic_repeatability,16.855667112395167,159,0,incident_triage,inc_border_12,,,0.5941881858672536,0.6,"sev1:7,sev2:12,sev3:1,insufficient:0",benchmark_authored_adjudication,,target,choice,sev2,sev2,0.5159,0.1209,0.8790890617847549,1,0.5159,0.6618423307315328,0.31437434,"{""insufficient"": 0.0, ""sev1"": 0.35, ""sev2"": 0.6, ""sev3"": 0.05}","{""insufficient"": 0.1538, ""sev1"": 0.135, ""sev2"": 0.5159, ""sev3"": 0.1953}",0.2990999999999999,0.1025596969909669,0.35591476417236123,0.09806433999999997,21.0
case_6ea1a87d7bf00d78,semantic_repeatability,16.824332997202873,159,0,incident_triage,inc_border_12,,,0.5941881858672536,0.6,"sev1:7,sev2:12,sev3:1,insufficient:0",benchmark_authored_adjudication,,target,choice,sev2,sev2,0.5159,0.1209,0.8790890617847549,1,0.5159,0.6618423307315328,0.31437434,"{""insufficient"": 0.0, ""sev1"": 0.35, ""sev2"": 0.6, ""sev3"": 0.05}","{""insufficient"": 0.1538, ""sev1"": 0.135, ""sev2"": 0.5159, ""sev3"": 0.1953}",0.2990999999999999,0.1025596969909669,0.35591476417236123,0.09806433999999997,22.0
case_826a3f42767dd22f,semantic_repeatability,16.843541990965605,159,0,incident_triage,inc_border_12,,,0.5941881858672536,0.6,"sev1:7,sev2:12,sev3:1,insufficient:0",benchmark_authored_adjudication,,target,choice,sev2,sev2,0.5159,0.1209,0.8790890617847549,1,0.5159,0.6618423307315328,0.31437434,"{""insufficient"": 0.0, ""sev1"": 0.35, ""sev2"": 0.6, ""sev3"": 0.05}","{""insufficient"": 0.1538, ""sev1"": 0.135, ""sev2"": 0.5159, ""sev3"": 0.1953}",0.2990999999999999,0.1025596969909669,0.35591476417236123,0.09806433999999997,23.0
case_8b1febb219e7acf0,semantic_repeatability,16.915583983063698,159,0,incident_triage,inc_border_12,,,0.5941881858672536,0.6,"sev1:7,sev2:12,sev3:1,insufficient:0",benchmark_authored_adjudication,,target,choice,sev2,sev2,0.5159,0.1209,0.8790890617847549,1,0.5159,0.6618423307315328,0.31437434,"{""insufficient"": 0.0, ""sev1"": 0.35, ""sev2"": 0.6, ""sev3"": 0.05}","{""insufficient"": 0.1538, ""sev1"": 0.135, ""sev2"": 0.5159, ""sev3"": 0.1953}",0.2990999999999999,0.1025596969909669,0.35591476417236123,0.09806433999999997,24.0
case_382726aefa457866,semantic_repeatability,16.88750018365681,159,0,incident_triage,inc_border_12,,,0.5941881858672536,0.6,"sev1:7,sev2:12,sev3:1,insufficient:0",benchmark_authored_adjudication,,target,choice,sev2,sev2,0.5159,0.1209,0.8790890617847549,1,0.5159,0.6618423307315328,0.31437434,"{""insufficient"": 0.0, ""sev1"": 0.35, ""sev2"": 0.6, ""sev3"": 0.05}","{""insufficient"": 0.1538, ""sev1"": 0.135, ""sev2"": 0.5159, ""sev3"": 0.1953}",0.2990999999999999,0.1025596969909669,0.35591476417236123,0.09806433999999997,25.0
case_437a7adaa90fae17,semantic_repeatability,16.820667078718543,159,0,incident_triage,inc_border_12,,,0.5941881858672536,0.6,"sev1:7,sev2:12,sev3:1,insufficient:0",benchmark_authored_adjudication,,target,choice,sev2,sev2,0.5159,0.1209,0.8790890617847549,1,0.5159,0.6618423307315328,0.31437434,"{""insufficient"": 0.0, ""sev1"": 0.35, ""sev2"": 0.6, ""sev3"": 0.05}","{""insufficient"": 0.1538, ""sev1"": 0.135, ""sev2"": 0.5159, ""sev3"": 0.1953}",0.2990999999999999,0.1025596969909669,0.35591476417236123,0.09806433999999997,26.0
case_1f3ec27d84d366e2,semantic_repeatability,16.94333297200501,159,0,incident_triage,inc_border_12,,,0.5941881858672536,0.6,"sev1:7,sev2:12,sev3:1,insufficient:0",benchmark_authored_adjudication,,target,choice,sev2,sev2,0.5159,0.1209,0.8790890617847549,1,0.5159,0.6618423307315328,0.31437434,"{""insufficient"": 0.0, ""sev1"": 0.35, ""sev2"": 0.6, ""sev3"": 0.05}","{""insufficient"": 0.1538, ""sev1"": 0.135, ""sev2"": 0.5159, ""sev3"": 0.1953}",0.2990999999999999,0.1025596969909669,0.35591476417236123,0.09806433999999997,27.0
case_3e9d5d406cdc65b0,semantic_repeatability,16.962917055934668,159,0,incident_triage,inc_border_12,,,0.5941881858672536,0.6,"sev1:7,sev2:12,sev3:1,insufficient:0",benchmark_authored_adjudication,,target,choice,sev2,sev2,0.5159,0.1209,0.8790890617847549,1,0.5159,0.6618423307315328,0.31437434,"{""insufficient"": 0.0, ""sev1"": 0.35, ""sev2"": 0.6, ""sev3"": 0.05}","{""insufficient"": 0.1538, ""sev1"": 0.135, ""sev2"": 0.5159, ""sev3"": 0.1953}",0.2990999999999999,0.1025596969909669,0.35591476417236123,0.09806433999999997,28.0
case_e96a8e98efa9792b,semantic_repeatability,16.892707906663418,159,0,incident_triage,inc_border_12,,,0.5941881858672536,0.6,"sev1:7,sev2:12,sev3:1,insufficient:0",benchmark_authored_adjudication,,target,choice,sev2,sev2,0.5159,0.1209,0.8790890617847549,1,0.5159,0.6618423307315328,0.31437434,"{""insufficient"": 0.0, ""sev1"": 0.35, ""sev2"": 0.6, ""sev3"": 0.05}","{""insufficient"": 0.1538, ""sev1"": 0.135, ""sev2"": 0.5159, ""sev3"": 0.1953}",0.2990999999999999,0.1025596969909669,0.35591476417236123,0.09806433999999997,29.0
case_0de974508348f949,semantic_repeatability,17.174999928101897,153,0,incident_triage,inc_border_23,,,0.46703402768774555,0.65,"sev1:0,sev2:7,sev3:13,insufficient:0",benchmark_authored_adjudication,,target,choice,sev3,sev2,0.4728,0.1313,0.8686836360531625,0,0.3053,1.1864603792413049,0.73077386,"{""insufficient"": 0.0, ""sev1"": 0.0, ""sev2"": 0.35, ""sev3"": 0.65}","{""insufficient"": 0.1127, ""sev1"": 0.1092, ""sev2"": 0.4728, ""sev3"": 0.3053}",0.3447,0.11331069951469529,0.3859315919838028,0.15852386000000002,0.0
case_b756d382d3ea2d69,semantic_repeatability,17.09383400157094,153,0,incident_triage,inc_border_23,,,0.46703402768774555,0.65,"sev1:0,sev2:7,sev3:13,insufficient:0",benchmark_authored_adjudication,,target,choice,sev3,sev2,0.4728,0.1313,0.8686836360531625,0,0.3053,1.1864603792413049,0.73077386,"{""insufficient"": 0.0, ""sev1"": 0.0, ""sev2"": 0.35, ""sev3"": 0.65}","{""insufficient"": 0.1127, ""sev1"": 0.1092, ""sev2"": 0.4728, ""sev3"": 0.3053}",0.3447,0.11331069951469529,0.3859315919838028,0.15852386000000002,1.0
case_df15ec390e3d2064,semantic_repeatability,17.025541979819536,153,0,incident_triage,inc_border_23,,,0.46703402768774555,0.65,"sev1:0,sev2:7,sev3:13,insufficient:0",benchmark_authored_adjudication,,target,choice,sev3,sev2,0.4728,0.1313,0.8686836360531625,0,0.3053,1.1864603792413049,0.73077386,"{""insufficient"": 0.0, ""sev1"": 0.0, ""sev2"": 0.35, ""sev3"": 0.65}","{""insufficient"": 0.1127, ""sev1"": 0.1092, ""sev2"": 0.4728, ""sev3"": 0.3053}",0.3447,0.11331069951469529,0.3859315919838028,0.15852386000000002,2.0
case_839a32b29e05bb86,semantic_repeatability,16.974583035334945,153,0,incident_triage,inc_border_23,,,0.46703402768774555,0.65,"sev1:0,sev2:7,sev3:13,insufficient:0",benchmark_authored_adjudication,,target,choice,sev3,sev2,0.4728,0.1313,0.8686836360531625,0,0.3053,1.1864603792413049,0.73077386,"{""insufficient"": 0.0, ""sev1"": 0.0, ""sev2"": 0.35, ""sev3"": 0.65}","{""insufficient"": 0.1127, ""sev1"": 0.1092, ""sev2"": 0.4728, ""sev3"": 0.3053}",0.3447,0.11331069951469529,0.3859315919838028,0.15852386000000002,3.0
case_1a94bfe98bf4d444,semantic_repeatability,16.902375034987926,153,0,incident_triage,inc_border_23,,,0.46703402768774555,0.65,"sev1:0,sev2:7,sev3:13,insufficient:0",benchmark_authored_adjudication,,target,choice,sev3,sev2,0.4728,0.1313,0.8686836360531625,0,0.3053,1.1864603792413049,0.73077386,"{""insufficient"": 0.0, ""sev1"": 0.0, ""sev2"": 0.35, ""sev3"": 0.65}","{""insufficient"": 0.1127, ""sev1"": 0.1092, ""sev2"": 0.4728, ""sev3"": 0.3053}",0.3447,0.11331069951469529,0.3859315919838028,0.15852386000000002,4.0
case_007648ee456ff767,semantic_repeatability,16.857208218425512,153,0,incident_triage,inc_border_23,,,0.46703402768774555,0.65,"sev1:0,sev2:7,sev3:13,insufficient:0",benchmark_authored_adjudication,,target,choice,sev3,sev2,0.4728,0.1313,0.8686836360531625,0,0.3053,1.1864603792413049,0.73077386,"{""insufficient"": 0.0, ""sev1"": 0.0, ""sev2"": 0.35, ""sev3"": 0.65}","{""insufficient"": 0.1127, ""sev1"": 0.1092, ""sev2"": 0.4728, ""sev3"": 0.3053}",0.3447,0.11331069951469529,0.3859315919838028,0.15852386000000002,5.0
case_cc72b4c1d1a5f7b2,semantic_repeatability,16.725625144317746,153,0,incident_triage,inc_border_23,,,0.46703402768774555,0.65,"sev1:0,sev2:7,sev3:13,insufficient:0",benchmark_authored_adjudication,,target,choice,sev3,sev2,0.4728,0.1313,0.8686836360531625,0,0.3053,1.1864603792413049,0.73077386,"{""insufficient"": 0.0, ""sev1"": 0.0, ""sev2"": 0.35, ""sev3"": 0.65}","{""insufficient"": 0.1127, ""sev1"": 0.1092, ""sev2"": 0.4728, ""sev3"": 0.3053}",0.3447,0.11331069951469529,0.3859315919838028,0.15852386000000002,6.0
case_3ae045a3d4265d99,semantic_repeatability,16.936375061050057,153,0,incident_triage,inc_border_23,,,0.46703402768774555,0.65,"sev1:0,sev2:7,sev3:13,insufficient:0",benchmark_authored_adjudication,,target,choice,sev3,sev2,0.4728,0.1313,0.8686836360531625,0,0.3053,1.1864603792413049,0.73077386,"{""insufficient"": 0.0, ""sev1"": 0.0, ""sev2"": 0.35, ""sev3"": 0.65}","{""insufficient"": 0.1127, ""sev1"": 0.1092, ""sev2"": 0.4728, ""sev3"": 0.3053}",0.3447,0.11331069951469529,0.3859315919838028,0.15852386000000002,7.0
case_6b1e65b119f49c9b,semantic_repeatability,16.89616683870554,153,0,incident_triage,inc_border_23,,,0.46703402768774555,0.65,"sev1:0,sev2:7,sev3:13,insufficient:0",benchmark_authored_adjudication,,target,choice,sev3,sev2,0.4728,0.1313,0.8686836360531625,0,0.3053,1.1864603792413049,0.73077386,"{""insufficient"": 0.0, ""sev1"": 0.0, ""sev2"": 0.35, ""sev3"": 0.65}","{""insufficient"": 0.1127, ""sev1"": 0.1092, ""sev2"": 0.4728, ""sev3"": 0.3053}",0.3447,0.11331069951469529,0.3859315919838028,0.15852386000000002,8.0
case_06c9f0aaabe9196a,semantic_repeatability,16.994290985167027,153,0,incident_triage,inc_border_23,,,0.46703402768774555,0.65,"sev1:0,sev2:7,sev3:13,insufficient:0",benchmark_authored_adjudication,,target,choice,sev3,sev2,0.4728,0.1313,0.8686836360531625,0,0.3053,1.1864603792413049,0.73077386,"{""insufficient"": 0.0, ""sev1"": 0.0, ""sev2"": 0.35, ""sev3"": 0.65}","{""insufficient"": 0.1127, ""sev1"": 0.1092, ""sev2"": 0.4728, ""sev3"": 0.3053}",0.3447,0.11331069951469529,0.3859315919838028,0.15852386000000002,9.0
case_2f7c8db245a64a27,semantic_repeatability,16.706541879102588,153,0,incident_triage,inc_border_23,,,0.46703402768774555,0.65,"sev1:0,sev2:7,sev3:13,insufficient:0",benchmark_authored_adjudication,,target,choice,sev3,sev2,0.4728,0.1313,0.8686836360531625,0,0.3053,1.1864603792413049,0.73077386,"{""insufficient"": 0.0, ""sev1"": 0.0, ""sev2"": 0.35, ""sev3"": 0.65}","{""insufficient"": 0.1127, ""sev1"": 0.1092, ""sev2"": 0.4728, ""sev3"": 0.3053}",0.3447,0.11331069951469529,0.3859315919838028,0.15852386000000002,10.0
case_391a5825fa58036c,semantic_repeatability,16.577249858528376,153,0,incident_triage,inc_border_23,,,0.46703402768774555,0.65,"sev1:0,sev2:7,sev3:13,insufficient:0",benchmark_authored_adjudication,,target,choice,sev3,sev2,0.4728,0.1313,0.8686836360531625,0,0.3053,1.1864603792413049,0.73077386,"{""insufficient"": 0.0, ""sev1"": 0.0, ""sev2"": 0.35, ""sev3"": 0.65}","{""insufficient"": 0.1127, ""sev1"": 0.1092, ""sev2"": 0.4728, ""sev3"": 0.3053}",0.3447,0.11331069951469529,0.3859315919838028,0.15852386000000002,11.0
case_63216279c28a6661,semantic_repeatability,16.97674999013543,153,0,incident_triage,inc_border_23,,,0.46703402768774555,0.65,"sev1:0,sev2:7,sev3:13,insufficient:0",benchmark_authored_adjudication,,target,choice,sev3,sev2,0.4728,0.1313,0.8686836360531625,0,0.3053,1.1864603792413049,0.73077386,"{""insufficient"": 0.0, ""sev1"": 0.0, ""sev2"": 0.35, ""sev3"": 0.65}","{""insufficient"": 0.1127, ""sev1"": 0.1092, ""sev2"": 0.4728, ""sev3"": 0.3053}",0.3447,0.11331069951469529,0.3859315919838028,0.15852386000000002,12.0
case_5f305bf451f1fa90,semantic_repeatability,17.11375010199845,153,0,incident_triage,inc_border_23,,,0.46703402768774555,0.65,"sev1:0,sev2:7,sev3:13,insufficient:0",benchmark_authored_adjudication,,target,choice,sev3,sev2,0.4728,0.1313,0.8686836360531625,0,0.3053,1.1864603792413049,0.73077386,"{""insufficient"": 0.0, ""sev1"": 0.0, ""sev2"": 0.35, ""sev3"": 0.65}","{""insufficient"": 0.1127, ""sev1"": 0.1092, ""sev2"": 0.4728, ""sev3"": 0.3053}",0.3447,0.11331069951469529,0.3859315919838028,0.15852386000000002,13.0
case_db548d7afcd39b9a,semantic_repeatability,16.907542012631893,153,0,incident_triage,inc_border_23,,,0.46703402768774555,0.65,"sev1:0,sev2:7,sev3:13,insufficient:0",benchmark_authored_adjudication,,target,choice,sev3,sev2,0.4728,0.1313,0.8686836360531625,0,0.3053,1.1864603792413049,0.73077386,"{""insufficient"": 0.0, ""sev1"": 0.0, ""sev2"": 0.35, ""sev3"": 0.65}","{""insufficient"": 0.1127, ""sev1"": 0.1092, ""sev2"": 0.4728, ""sev3"": 0.3053}",0.3447,0.11331069951469529,0.3859315919838028,0.15852386000000002,14.0
case_fb0a8c780a4b3a87,semantic_repeatability,16.7858749628067,153,0,incident_triage,inc_border_23,,,0.46703402768774555,0.65,"sev1:0,sev2:7,sev3:13,insufficient:0",benchmark_authored_adjudication,,target,choice,sev3,sev2,0.4728,0.1313,0.8686836360531625,0,0.3053,1.1864603792413049,0.73077386,"{""insufficient"": 0.0, ""sev1"": 0.0, ""sev2"": 0.35, ""sev3"": 0.65}","{""insufficient"": 0.1127, ""sev1"": 0.1092, ""sev2"": 0.4728, ""sev3"": 0.3053}",0.3447,0.11331069951469529,0.3859315919838028,0.15852386000000002,15.0
case_00ac43bd9b20178f,semantic_repeatability,17.079124925658107,153,0,incident_triage,inc_border_23,,,0.46703402768774555,0.65,"sev1:0,sev2:7,sev3:13,insufficient:0",benchmark_authored_adjudication,,target,choice,sev3,sev2,0.4728,0.1313,0.8686836360531625,0,0.3053,1.1864603792413049,0.73077386,"{""insufficient"": 0.0, ""sev1"": 0.0, ""sev2"": 0.35, ""sev3"": 0.65}","{""insufficient"": 0.1127, ""sev1"": 0.1092, ""sev2"": 0.4728, ""sev3"": 0.3053}",0.3447,0.11331069951469529,0.3859315919838028,0.15852386000000002,16.0
case_085d1d4663c04f1b,semantic_repeatability,16.934040933847427,153,0,incident_triage,inc_border_23,,,0.46703402768774555,0.65,"sev1:0,sev2:7,sev3:13,insufficient:0",benchmark_authored_adjudication,,target,choice,sev3,sev2,0.4728,0.1313,0.8686836360531625,0,0.3053,1.1864603792413049,0.73077386,"{""insufficient"": 0.0, ""sev1"": 0.0, ""sev2"": 0.35, ""sev3"": 0.65}","{""insufficient"": 0.1127, ""sev1"": 0.1092, ""sev2"": 0.4728, ""sev3"": 0.3053}",0.3447,0.11331069951469529,0.3859315919838028,0.15852386000000002,17.0
case_5b4e139b99c7ccc4,semantic_repeatability,17.028415808454156,153,0,incident_triage,inc_border_23,,,0.46703402768774555,0.65,"sev1:0,sev2:7,sev3:13,insufficient:0",benchmark_authored_adjudication,,target,choice,sev3,sev2,0.4728,0.1313,0.8686836360531625,0,0.3053,1.1864603792413049,0.73077386,"{""insufficient"": 0.0, ""sev1"": 0.0, ""sev2"": 0.35, ""sev3"": 0.65}","{""insufficient"": 0.1127, ""sev1"": 0.1092, ""sev2"": 0.4728, ""sev3"": 0.3053}",0.3447,0.11331069951469529,0.3859315919838028,0.15852386000000002,18.0
case_921c1bf17894434b,semantic_repeatability,16.78654202260077,153,0,incident_triage,inc_border_23,,,0.46703402768774555,0.65,"sev1:0,sev2:7,sev3:13,insufficient:0",benchmark_authored_adjudication,,target,choice,sev3,sev2,0.4728,0.1313,0.8686836360531625,0,0.3053,1.1864603792413049,0.73077386,"{""insufficient"": 0.0, ""sev1"": 0.0, ""sev2"": 0.35, ""sev3"": 0.65}","{""insufficient"": 0.1127, ""sev1"": 0.1092, ""sev2"": 0.4728, ""sev3"": 0.3053}",0.3447,0.11331069951469529,0.3859315919838028,0.15852386000000002,19.0
case_fd03b09d30d4bba3,semantic_repeatability,16.743542160838842,153,0,incident_triage,inc_border_23,,,0.46703402768774555,0.65,"sev1:0,sev2:7,sev3:13,insufficient:0",benchmark_authored_adjudication,,target,choice,sev3,sev2,0.4728,0.1313,0.8686836360531625,0,0.3053,1.1864603792413049,0.73077386,"{""insufficient"": 0.0, ""sev1"": 0.0, ""sev2"": 0.35, ""sev3"": 0.65}","{""insufficient"": 0.1127, ""sev1"": 0.1092, ""sev2"": 0.4728, ""sev3"": 0.3053}",0.3447,0.11331069951469529,0.3859315919838028,0.15852386000000002,20.0
case_6a2882075497c432,semantic_repeatability,16.708082985132933,153,0,incident_triage,inc_border_23,,,0.46703402768774555,0.65,"sev1:0,sev2:7,sev3:13,insufficient:0",benchmark_authored_adjudication,,target,choice,sev3,sev2,0.4728,0.1313,0.8686836360531625,0,0.3053,1.1864603792413049,0.73077386,"{""insufficient"": 0.0, ""sev1"": 0.0, ""sev2"": 0.35, ""sev3"": 0.65}","{""insufficient"": 0.1127, ""sev1"": 0.1092, ""sev2"": 0.4728, ""sev3"": 0.3053}",0.3447,0.11331069951469529,0.3859315919838028,0.15852386000000002,21.0
case_7ab3ae157d2bf7ff,semantic_repeatability,16.79825014434755,153,0,incident_triage,inc_border_23,,,0.46703402768774555,0.65,"sev1:0,sev2:7,sev3:13,insufficient:0",benchmark_authored_adjudication,,target,choice,sev3,sev2,0.4728,0.1313,0.8686836360531625,0,0.3053,1.1864603792413049,0.73077386,"{""insufficient"": 0.0, ""sev1"": 0.0, ""sev2"": 0.35, ""sev3"": 0.65}","{""insufficient"": 0.1127, ""sev1"": 0.1092, ""sev2"": 0.4728, ""sev3"": 0.3053}",0.3447,0.11331069951469529,0.3859315919838028,0.15852386000000002,22.0
case_d3bf7bfe26b926d9,semantic_repeatability,17.23195891827345,153,0,incident_triage,inc_border_23,,,0.46703402768774555,0.65,"sev1:0,sev2:7,sev3:13,insufficient:0",benchmark_authored_adjudication,,target,choice,sev3,sev2,0.4728,0.1313,0.8686836360531625,0,0.3053,1.1864603792413049,0.73077386,"{""insufficient"": 0.0, ""sev1"": 0.0, ""sev2"": 0.35, ""sev3"": 0.65}","{""insufficient"": 0.1127, ""sev1"": 0.1092, ""sev2"": 0.4728, ""sev3"": 0.3053}",0.3447,0.11331069951469529,0.3859315919838028,0.15852386000000002,23.0
case_d2a8e941052c25c1,semantic_repeatability,17.247792100533843,153,0,incident_triage,inc_border_23,,,0.46703402768774555,0.65,"sev1:0,sev2:7,sev3:13,insufficient:0",benchmark_authored_adjudication,,target,choice,sev3,sev2,0.4728,0.1313,0.8686836360531625,0,0.3053,1.1864603792413049,0.73077386,"{""insufficient"": 0.0, ""sev1"": 0.0, ""sev2"": 0.35, ""sev3"": 0.65}","{""insufficient"": 0.1127, ""sev1"": 0.1092, ""sev2"": 0.4728, ""sev3"": 0.3053}",0.3447,0.11331069951469529,0.3859315919838028,0.15852386000000002,24.0
case_93945a2d6657babb,semantic_repeatability,16.80058310739696,153,0,incident_triage,inc_border_23,,,0.46703402768774555,0.65,"sev1:0,sev2:7,sev3:13,insufficient:0",benchmark_authored_adjudication,,target,choice,sev3,sev2,0.4728,0.1313,0.8686836360531625,0,0.3053,1.1864603792413049,0.73077386,"{""insufficient"": 0.0, ""sev1"": 0.0, ""sev2"": 0.35, ""sev3"": 0.65}","{""insufficient"": 0.1127, ""sev1"": 0.1092, ""sev2"": 0.4728, ""sev3"": 0.3053}",0.3447,0.11331069951469529,0.3859315919838028,0.15852386000000002,25.0
case_c30e1bbc74b25674,semantic_repeatability,17.203666968271136,153,0,incident_triage,inc_border_23,,,0.46703402768774555,0.65,"sev1:0,sev2:7,sev3:13,insufficient:0",benchmark_authored_adjudication,,target,choice,sev3,sev2,0.4728,0.1313,0.8686836360531625,0,0.3053,1.1864603792413049,0.73077386,"{""insufficient"": 0.0, ""sev1"": 0.0, ""sev2"": 0.35, ""sev3"": 0.65}","{""insufficient"": 0.1127, ""sev1"": 0.1092, ""sev2"": 0.4728, ""sev3"": 0.3053}",0.3447,0.11331069951469529,0.3859315919838028,0.15852386000000002,26.0
case_9d4cfaaad286e8ad,semantic_repeatability,16.996209044009447,153,0,incident_triage,inc_border_23,,,0.46703402768774555,0.65,"sev1:0,sev2:7,sev3:13,insufficient:0",benchmark_authored_adjudication,,target,choice,sev3,sev2,0.4728,0.1313,0.8686836360531625,0,0.3053,1.1864603792413049,0.73077386,"{""insufficient"": 0.0, ""sev1"": 0.0, ""sev2"": 0.35, ""sev3"": 0.65}","{""insufficient"": 0.1127, ""sev1"": 0.1092, ""sev2"": 0.4728, ""sev3"": 0.3053}",0.3447,0.11331069951469529,0.3859315919838028,0.15852386000000002,27.0
case_4d9ceab2eb39bef0,semantic_repeatability,16.907792072743177,153,0,incident_triage,inc_border_23,,,0.46703402768774555,0.65,"sev1:0,sev2:7,sev3:13,insufficient:0",benchmark_authored_adjudication,,target,choice,sev3,sev2,0.4728,0.1313,0.8686836360531625,0,0.3053,1.1864603792413049,0.73077386,"{""insufficient"": 0.0, ""sev1"": 0.0, ""sev2"": 0.35, ""sev3"": 0.65}","{""insufficient"": 0.1127, ""sev1"": 0.1092, ""sev2"": 0.4728, ""sev3"": 0.3053}",0.3447,0.11331069951469529,0.3859315919838028,0.15852386000000002,28.0
case_169cbed66ca9f89d,semantic_repeatability,16.97512506507337,153,0,incident_triage,inc_border_23,,,0.46703402768774555,0.65,"sev1:0,sev2:7,sev3:13,insufficient:0",benchmark_authored_adjudication,,target,choice,sev3,sev2,0.4728,0.1313,0.8686836360531625,0,0.3053,1.1864603792413049,0.73077386,"{""insufficient"": 0.0, ""sev1"": 0.0, ""sev2"": 0.35, ""sev3"": 0.65}","{""insufficient"": 0.1127, ""sev1"": 0.1092, ""sev2"": 0.4728, ""sev3"": 0.3053}",0.3447,0.11331069951469529,0.3859315919838028,0.15852386000000002,29.0
case_6b3b59f99653bcfa,semantic_repeatability,16.799625009298325,154,0,incident_triage,inc_insufficient,,,0.7083211390478262,0.65,"sev1:1,sev2:2,sev3:4,insufficient:13",benchmark_authored_adjudication,,target,choice,insufficient,sev2,0.4228,0.063,0.9369571616463217,0,0.1902,1.659679128870847,0.9156699999999999,"{""insufficient"": 0.65, ""sev1"": 0.05, ""sev2"": 0.1, ""sev3"": 0.2}","{""insufficient"": 0.1902, ""sev1"": 0.1376, ""sev2"": 0.4228, ""sev3"": 0.2494}",0.4598,0.1320990827187501,0.5598451021620214,0.32572999999999996,0.0
case_57035d9195880e1f,semantic_repeatability,17.23541598767042,154,0,incident_triage,inc_insufficient,,,0.7083211390478262,0.65,"sev1:1,sev2:2,sev3:4,insufficient:13",benchmark_authored_adjudication,,target,choice,insufficient,sev2,0.4228,0.063,0.9369571616463217,0,0.1902,1.659679128870847,0.9156699999999999,"{""insufficient"": 0.65, ""sev1"": 0.05, ""sev2"": 0.1, ""sev3"": 0.2}","{""insufficient"": 0.1902, ""sev1"": 0.1376, ""sev2"": 0.4228, ""sev3"": 0.2494}",0.4598,0.1320990827187501,0.5598451021620214,0.32572999999999996,1.0
case_9ea96a93349c95b5,semantic_repeatability,16.963416943326592,154,0,incident_triage,inc_insufficient,,,0.7083211390478262,0.65,"sev1:1,sev2:2,sev3:4,insufficient:13",benchmark_authored_adjudication,,target,choice,insufficient,sev2,0.4228,0.063,0.9369571616463217,0,0.1902,1.659679128870847,0.9156699999999999,"{""insufficient"": 0.65, ""sev1"": 0.05, ""sev2"": 0.1, ""sev3"": 0.2}","{""insufficient"": 0.1902, ""sev1"": 0.1376, ""sev2"": 0.4228, ""sev3"": 0.2494}",0.4598,0.1320990827187501,0.5598451021620214,0.32572999999999996,2.0
case_22334411c62b1e05,semantic_repeatability,17.06420793198049,154,0,incident_triage,inc_insufficient,,,0.7083211390478262,0.65,"sev1:1,sev2:2,sev3:4,insufficient:13",benchmark_authored_adjudication,,target,choice,insufficient,sev2,0.4228,0.063,0.9369571616463217,0,0.1902,1.659679128870847,0.9156699999999999,"{""insufficient"": 0.65, ""sev1"": 0.05, ""sev2"": 0.1, ""sev3"": 0.2}","{""insufficient"": 0.1902, ""sev1"": 0.1376, ""sev2"": 0.4228, ""sev3"": 0.2494}",0.4598,0.1320990827187501,0.5598451021620214,0.32572999999999996,3.0
case_5da8fbd9a3cf7b9e,semantic_repeatability,16.9385839253664,154,0,incident_triage,inc_insufficient,,,0.7083211390478262,0.65,"sev1:1,sev2:2,sev3:4,insufficient:13",benchmark_authored_adjudication,,target,choice,insufficient,sev2,0.4228,0.063,0.9369571616463217,0,0.1902,1.659679128870847,0.9156699999999999,"{""insufficient"": 0.65, ""sev1"": 0.05, ""sev2"": 0.1, ""sev3"": 0.2}","{""insufficient"": 0.1902, ""sev1"": 0.1376, ""sev2"": 0.4228, ""sev3"": 0.2494}",0.4598,0.1320990827187501,0.5598451021620214,0.32572999999999996,4.0
case_9967038af969ce35,semantic_repeatability,16.833834117278457,154,0,incident_triage,inc_insufficient,,,0.7083211390478262,0.65,"sev1:1,sev2:2,sev3:4,insufficient:13",benchmark_authored_adjudication,,target,choice,insufficient,sev2,0.4228,0.063,0.9369571616463217,0,0.1902,1.659679128870847,0.9156699999999999,"{""insufficient"": 0.65, ""sev1"": 0.05, ""sev2"": 0.1, ""sev3"": 0.2}","{""insufficient"": 0.1902, ""sev1"": 0.1376, ""sev2"": 0.4228, ""sev3"": 0.2494}",0.4598,0.1320990827187501,0.5598451021620214,0.32572999999999996,5.0
case_dc6b7a37bd90830b,semantic_repeatability,16.77179103717208,154,0,incident_triage,inc_insufficient,,,0.7083211390478262,0.65,"sev1:1,sev2:2,sev3:4,insufficient:13",benchmark_authored_adjudication,,target,choice,insufficient,sev2,0.4228,0.063,0.9369571616463217,0,0.1902,1.659679128870847,0.9156699999999999,"{""insufficient"": 0.65, ""sev1"": 0.05, ""sev2"": 0.1, ""sev3"": 0.2}","{""insufficient"": 0.1902, ""sev1"": 0.1376, ""sev2"": 0.4228, ""sev3"": 0.2494}",0.4598,0.1320990827187501,0.5598451021620214,0.32572999999999996,6.0
case_997d86887056c520,semantic_repeatability,16.58049994148314,154,0,incident_triage,inc_insufficient,,,0.7083211390478262,0.65,"sev1:1,sev2:2,sev3:4,insufficient:13",benchmark_authored_adjudication,,target,choice,insufficient,sev2,0.4228,0.063,0.9369571616463217,0,0.1902,1.659679128870847,0.9156699999999999,"{""insufficient"": 0.65, ""sev1"": 0.05, ""sev2"": 0.1, ""sev3"": 0.2}","{""insufficient"": 0.1902, ""sev1"": 0.1376, ""sev2"": 0.4228, ""sev3"": 0.2494}",0.4598,0.1320990827187501,0.5598451021620214,0.32572999999999996,7.0
case_4b5599b7de4803fa,semantic_repeatability,17.114999936893582,154,0,incident_triage,inc_insufficient,,,0.7083211390478262,0.65,"sev1:1,sev2:2,sev3:4,insufficient:13",benchmark_authored_adjudication,,target,choice,insufficient,sev2,0.4228,0.063,0.9369571616463217,0,0.1902,1.659679128870847,0.9156699999999999,"{""insufficient"": 0.65, ""sev1"": 0.05, ""sev2"": 0.1, ""sev3"": 0.2}","{""insufficient"": 0.1902, ""sev1"": 0.1376, ""sev2"": 0.4228, ""sev3"": 0.2494}",0.4598,0.1320990827187501,0.5598451021620214,0.32572999999999996,8.0
case_3b36297820af47d3,semantic_repeatability,16.884875018149614,154,0,incident_triage,inc_insufficient,,,0.7083211390478262,0.65,"sev1:1,sev2:2,sev3:4,insufficient:13",benchmark_authored_adjudication,,target,choice,insufficient,sev2,0.4228,0.063,0.9369571616463217,0,0.1902,1.659679128870847,0.9156699999999999,"{""insufficient"": 0.65, ""sev1"": 0.05, ""sev2"": 0.1, ""sev3"": 0.2}","{""insufficient"": 0.1902, ""sev1"": 0.1376, ""sev2"": 0.4228, ""sev3"": 0.2494}",0.4598,0.1320990827187501,0.5598451021620214,0.32572999999999996,9.0
case_5ca54e1af84c6feb,semantic_repeatability,16.968917101621628,154,0,incident_triage,inc_insufficient,,,0.7083211390478262,0.65,"sev1:1,sev2:2,sev3:4,insufficient:13",benchmark_authored_adjudication,,target,choice,insufficient,sev2,0.4228,0.063,0.9369571616463217,0,0.1902,1.659679128870847,0.9156699999999999,"{""insufficient"": 0.65, ""sev1"": 0.05, ""sev2"": 0.1, ""sev3"": 0.2}","{""insufficient"": 0.1902, ""sev1"": 0.1376, ""sev2"": 0.4228, ""sev3"": 0.2494}",0.4598,0.1320990827187501,0.5598451021620214,0.32572999999999996,10.0
case_304e10c4be178a79,semantic_repeatability,16.876457957550883,154,0,incident_triage,inc_insufficient,,,0.7083211390478262,0.65,"sev1:1,sev2:2,sev3:4,insufficient:13",benchmark_authored_adjudication,,target,choice,insufficient,sev2,0.4228,0.063,0.9369571616463217,0,0.1902,1.659679128870847,0.9156699999999999,"{""insufficient"": 0.65, ""sev1"": 0.05, ""sev2"": 0.1, ""sev3"": 0.2}","{""insufficient"": 0.1902, ""sev1"": 0.1376, ""sev2"": 0.4228, ""sev3"": 0.2494}",0.4598,0.1320990827187501,0.5598451021620214,0.32572999999999996,11.0
case_d0b911108f875172,semantic_repeatability,16.986999893561006,154,0,incident_triage,inc_insufficient,,,0.7083211390478262,0.65,"sev1:1,sev2:2,sev3:4,insufficient:13",benchmark_authored_adjudication,,target,choice,insufficient,sev2,0.4228,0.063,0.9369571616463217,0,0.1902,1.659679128870847,0.9156699999999999,"{""insufficient"": 0.65, ""sev1"": 0.05, ""sev2"": 0.1, ""sev3"": 0.2}","{""insufficient"": 0.1902, ""sev1"": 0.1376, ""sev2"": 0.4228, ""sev3"": 0.2494}",0.4598,0.1320990827187501,0.5598451021620214,0.32572999999999996,12.0
case_884ff7394a1047d9,semantic_repeatability,16.815667040646076,154,0,incident_triage,inc_insufficient,,,0.7083211390478262,0.65,"sev1:1,sev2:2,sev3:4,insufficient:13",benchmark_authored_adjudication,,target,choice,insufficient,sev2,0.4228,0.063,0.9369571616463217,0,0.1902,1.659679128870847,0.9156699999999999,"{""insufficient"": 0.65, ""sev1"": 0.05, ""sev2"": 0.1, ""sev3"": 0.2}","{""insufficient"": 0.1902, ""sev1"": 0.1376, ""sev2"": 0.4228, ""sev3"": 0.2494}",0.4598,0.1320990827187501,0.5598451021620214,0.32572999999999996,13.0
case_590c757fbae6e85a,semantic_repeatability,16.870291903614998,154,0,incident_triage,inc_insufficient,,,0.7083211390478262,0.65,"sev1:1,sev2:2,sev3:4,insufficient:13",benchmark_authored_adjudication,,target,choice,insufficient,sev2,0.4228,0.063,0.9369571616463217,0,0.1902,1.659679128870847,0.9156699999999999,"{""insufficient"": 0.65, ""sev1"": 0.05, ""sev2"": 0.1, ""sev3"": 0.2}","{""insufficient"": 0.1902, ""sev1"": 0.1376, ""sev2"": 0.4228, ""sev3"": 0.2494}",0.4598,0.1320990827187501,0.5598451021620214,0.32572999999999996,14.0
case_833cb457b11dc271,semantic_repeatability,16.916624968871474,154,0,incident_triage,inc_insufficient,,,0.7083211390478262,0.65,"sev1:1,sev2:2,sev3:4,insufficient:13",benchmark_authored_adjudication,,target,choice,insufficient,sev2,0.4228,0.063,0.9369571616463217,0,0.1902,1.659679128870847,0.9156699999999999,"{""insufficient"": 0.65, ""sev1"": 0.05, ""sev2"": 0.1, ""sev3"": 0.2}","{""insufficient"": 0.1902, ""sev1"": 0.1376, ""sev2"": 0.4228, ""sev3"": 0.2494}",0.4598,0.1320990827187501,0.5598451021620214,0.32572999999999996,15.0
case_77fde57c9e8448eb,semantic_repeatability,16.8869998306036,154,0,incident_triage,inc_insufficient,,,0.7083211390478262,0.65,"sev1:1,sev2:2,sev3:4,insufficient:13",benchmark_authored_adjudication,,target,choice,insufficient,sev2,0.4228,0.063,0.9369571616463217,0,0.1902,1.659679128870847,0.9156699999999999,"{""insufficient"": 0.65, ""sev1"": 0.05, ""sev2"": 0.1, ""sev3"": 0.2}","{""insufficient"": 0.1902, ""sev1"": 0.1376, ""sev2"": 0.4228, ""sev3"": 0.2494}",0.4598,0.1320990827187501,0.5598451021620214,0.32572999999999996,16.0
case_b3c60eef86e4891c,semantic_repeatability,16.97891717776656,154,0,incident_triage,inc_insufficient,,,0.7083211390478262,0.65,"sev1:1,sev2:2,sev3:4,insufficient:13",benchmark_authored_adjudication,,target,choice,insufficient,sev2,0.4228,0.063,0.9369571616463217,0,0.1902,1.659679128870847,0.9156699999999999,"{""insufficient"": 0.65, ""sev1"": 0.05, ""sev2"": 0.1, ""sev3"": 0.2}","{""insufficient"": 0.1902, ""sev1"": 0.1376, ""sev2"": 0.4228, ""sev3"": 0.2494}",0.4598,0.1320990827187501,0.5598451021620214,0.32572999999999996,17.0
case_57d44f8856bc820f,semantic_repeatability,16.802749829366803,154,0,incident_triage,inc_insufficient,,,0.7083211390478262,0.65,"sev1:1,sev2:2,sev3:4,insufficient:13",benchmark_authored_adjudication,,target,choice,insufficient,sev2,0.4228,0.063,0.9369571616463217,0,0.1902,1.659679128870847,0.9156699999999999,"{""insufficient"": 0.65, ""sev1"": 0.05, ""sev2"": 0.1, ""sev3"": 0.2}","{""insufficient"": 0.1902, ""sev1"": 0.1376, ""sev2"": 0.4228, ""sev3"": 0.2494}",0.4598,0.1320990827187501,0.5598451021620214,0.32572999999999996,18.0
case_45d59751ea271339,semantic_repeatability,16.892874846234918,154,0,incident_triage,inc_insufficient,,,0.7083211390478262,0.65,"sev1:1,sev2:2,sev3:4,insufficient:13",benchmark_authored_adjudication,,target,choice,insufficient,sev2,0.4228,0.063,0.9369571616463217,0,0.1902,1.659679128870847,0.9156699999999999,"{""insufficient"": 0.65, ""sev1"": 0.05, ""sev2"": 0.1, ""sev3"": 0.2}","{""insufficient"": 0.1902, ""sev1"": 0.1376, ""sev2"": 0.4228, ""sev3"": 0.2494}",0.4598,0.1320990827187501,0.5598451021620214,0.32572999999999996,19.0
case_69fbc2ecbfe5bce7,semantic_repeatability,16.822208184748888,154,0,incident_triage,inc_insufficient,,,0.7083211390478262,0.65,"sev1:1,sev2:2,sev3:4,insufficient:13",benchmark_authored_adjudication,,target,choice,insufficient,sev2,0.4228,0.063,0.9369571616463217,0,0.1902,1.659679128870847,0.9156699999999999,"{""insufficient"": 0.65, ""sev1"": 0.05, ""sev2"": 0.1, ""sev3"": 0.2}","{""insufficient"": 0.1902, ""sev1"": 0.1376, ""sev2"": 0.4228, ""sev3"": 0.2494}",0.4598,0.1320990827187501,0.5598451021620214,0.32572999999999996,20.0
case_c5d5af8f49712be9,semantic_repeatability,17.213250044733286,154,0,incident_triage,inc_insufficient,,,0.7083211390478262,0.65,"sev1:1,sev2:2,sev3:4,insufficient:13",benchmark_authored_adjudication,,target,choice,insufficient,sev2,0.4228,0.063,0.9369571616463217,0,0.1902,1.659679128870847,0.9156699999999999,"{""insufficient"": 0.65, ""sev1"": 0.05, ""sev2"": 0.1, ""sev3"": 0.2}","{""insufficient"": 0.1902, ""sev1"": 0.1376, ""sev2"": 0.4228, ""sev3"": 0.2494}",0.4598,0.1320990827187501,0.5598451021620214,0.32572999999999996,21.0
case_9535edb3f06141d0,semantic_repeatability,16.96916692890227,154,0,incident_triage,inc_insufficient,,,0.7083211390478262,0.65,"sev1:1,sev2:2,sev3:4,insufficient:13",benchmark_authored_adjudication,,target,choice,insufficient,sev2,0.4228,0.063,0.9369571616463217,0,0.1902,1.659679128870847,0.9156699999999999,"{""insufficient"": 0.65, ""sev1"": 0.05, ""sev2"": 0.1, ""sev3"": 0.2}","{""insufficient"": 0.1902, ""sev1"": 0.1376, ""sev2"": 0.4228, ""sev3"": 0.2494}",0.4598,0.1320990827187501,0.5598451021620214,0.32572999999999996,22.0
case_1ce79cc3675a91e0,semantic_repeatability,16.946749994531274,154,0,incident_triage,inc_insufficient,,,0.7083211390478262,0.65,"sev1:1,sev2:2,sev3:4,insufficient:13",benchmark_authored_adjudication,,target,choice,insufficient,sev2,0.4228,0.063,0.9369571616463217,0,0.1902,1.659679128870847,0.9156699999999999,"{""insufficient"": 0.65, ""sev1"": 0.05, ""sev2"": 0.1, ""sev3"": 0.2}","{""insufficient"": 0.1902, ""sev1"": 0.1376, ""sev2"": 0.4228, ""sev3"": 0.2494}",0.4598,0.1320990827187501,0.5598451021620214,0.32572999999999996,23.0
case_bf54c16db27b662c,semantic_repeatability,16.74954197369516,154,0,incident_triage,inc_insufficient,,,0.7083211390478262,0.65,"sev1:1,sev2:2,sev3:4,insufficient:13",benchmark_authored_adjudication,,target,choice,insufficient,sev2,0.4228,0.063,0.9369571616463217,0,0.1902,1.659679128870847,0.9156699999999999,"{""insufficient"": 0.65, ""sev1"": 0.05, ""sev2"": 0.1, ""sev3"": 0.2}","{""insufficient"": 0.1902, ""sev1"": 0.1376, ""sev2"": 0.4228, ""sev3"": 0.2494}",0.4598,0.1320990827187501,0.5598451021620214,0.32572999999999996,24.0
case_332a19e721108f1c,semantic_repeatability,16.981207998469472,154,0,incident_triage,inc_insufficient,,,0.7083211390478262,0.65,"sev1:1,sev2:2,sev3:4,insufficient:13",benchmark_authored_adjudication,,target,choice,insufficient,sev2,0.4228,0.063,0.9369571616463217,0,0.1902,1.659679128870847,0.9156699999999999,"{""insufficient"": 0.65, ""sev1"": 0.05, ""sev2"": 0.1, ""sev3"": 0.2}","{""insufficient"": 0.1902, ""sev1"": 0.1376, ""sev2"": 0.4228, ""sev3"": 0.2494}",0.4598,0.1320990827187501,0.5598451021620214,0.32572999999999996,25.0
case_e3a8b6b64b183235,semantic_repeatability,16.948041040450335,154,0,incident_triage,inc_insufficient,,,0.7083211390478262,0.65,"sev1:1,sev2:2,sev3:4,insufficient:13",benchmark_authored_adjudication,,target,choice,insufficient,sev2,0.4228,0.063,0.9369571616463217,0,0.1902,1.659679128870847,0.9156699999999999,"{""insufficient"": 0.65, ""sev1"": 0.05, ""sev2"": 0.1, ""sev3"": 0.2}","{""insufficient"": 0.1902, ""sev1"": 0.1376, ""sev2"": 0.4228, ""sev3"": 0.2494}",0.4598,0.1320990827187501,0.5598451021620214,0.32572999999999996,26.0
case_1ae8c55a91335ef0,semantic_repeatability,16.92270883359015,154,0,incident_triage,inc_insufficient,,,0.7083211390478262,0.65,"sev1:1,sev2:2,sev3:4,insufficient:13",benchmark_authored_adjudication,,target,choice,insufficient,sev2,0.4228,0.063,0.9369571616463217,0,0.1902,1.659679128870847,0.9156699999999999,"{""insufficient"": 0.65, ""sev1"": 0.05, ""sev2"": 0.1, ""sev3"": 0.2}","{""insufficient"": 0.1902, ""sev1"": 0.1376, ""sev2"": 0.4228, ""sev3"": 0.2494}",0.4598,0.1320990827187501,0.5598451021620214,0.32572999999999996,27.0
case_86c43265ff8ff8a6,semantic_repeatability,16.922916984185576,154,0,incident_triage,inc_insufficient,,,0.7083211390478262,0.65,"sev1:1,sev2:2,sev3:4,insufficient:13",benchmark_authored_adjudication,,target,choice,insufficient,sev2,0.4228,0.063,0.9369571616463217,0,0.1902,1.659679128870847,0.9156699999999999,"{""insufficient"": 0.65, ""sev1"": 0.05, ""sev2"": 0.1, ""sev3"": 0.2}","{""insufficient"": 0.1902, ""sev1"": 0.1376, ""sev2"": 0.4228, ""sev3"": 0.2494}",0.4598,0.1320990827187501,0.5598451021620214,0.32572999999999996,28.0
case_453e15594c06f662,semantic_repeatability,16.926290933042765,154,0,incident_triage,inc_insufficient,,,0.7083211390478262,0.65,"sev1:1,sev2:2,sev3:4,insufficient:13",benchmark_authored_adjudication,,target,choice,insufficient,sev2,0.4228,0.063,0.9369571616463217,0,0.1902,1.659679128870847,0.9156699999999999,"{""insufficient"": 0.65, ""sev1"": 0.05, ""sev2"": 0.1, ""sev3"": 0.2}","{""insufficient"": 0.1902, ""sev1"": 0.1376, ""sev2"": 0.4228, ""sev3"": 0.2494}",0.4598,0.1320990827187501,0.5598451021620214,0.32572999999999996,29.0
case_4d134c561cf366f3,semantic_repeatability,16.95712492801249,153,0,hardware_fault,hw_insufficient,,,0.7854752972273344,0.6,"pcie_transport:2,power_delivery:4,device_fault:2,insufficient:12",benchmark_authored_adjudication,,target,choice,insufficient,device_fault,0.36,0.0313,0.9686514805193177,0,0.2494,1.388697245736201,0.7727987299999999,"{""device_fault"": 0.1, ""insufficient"": 0.6, ""pcie_transport"": 0.1, ""power_delivery"": 0.2}","{""device_fault"": 0.36, ""insufficient"": 0.2494, ""pcie_transport"": 0.2374, ""power_delivery"": 0.1531}",0.39744999999999997,0.09225164840130018,0.36561717179405173,0.21159872999999998,0.0
case_a96e1582b2fa050b,semantic_repeatability,16.932708909735084,153,0,hardware_fault,hw_insufficient,,,0.7854752972273344,0.6,"pcie_transport:2,power_delivery:4,device_fault:2,insufficient:12",benchmark_authored_adjudication,,target,choice,insufficient,device_fault,0.36,0.0313,0.9686514805193177,0,0.2494,1.388697245736201,0.7727987299999999,"{""device_fault"": 0.1, ""insufficient"": 0.6, ""pcie_transport"": 0.1, ""power_delivery"": 0.2}","{""device_fault"": 0.36, ""insufficient"": 0.2494, ""pcie_transport"": 0.2374, ""power_delivery"": 0.1531}",0.39744999999999997,0.09225164840130018,0.36561717179405173,0.21159872999999998,1.0
case_91768a572050a575,semantic_repeatability,16.950666904449463,153,0,hardware_fault,hw_insufficient,,,0.7854752972273344,0.6,"pcie_transport:2,power_delivery:4,device_fault:2,insufficient:12",benchmark_authored_adjudication,,target,choice,insufficient,device_fault,0.36,0.0313,0.9686514805193177,0,0.2494,1.388697245736201,0.7727987299999999,"{""device_fault"": 0.1, ""insufficient"": 0.6, ""pcie_transport"": 0.1, ""power_delivery"": 0.2}","{""device_fault"": 0.36, ""insufficient"": 0.2494, ""pcie_transport"": 0.2374, ""power_delivery"": 0.1531}",0.39744999999999997,0.09225164840130018,0.36561717179405173,0.21159872999999998,2.0
case_be1b8d412900659f,semantic_repeatability,16.928832978010178,153,0,hardware_fault,hw_insufficient,,,0.7854752972273344,0.6,"pcie_transport:2,power_delivery:4,device_fault:2,insufficient:12",benchmark_authored_adjudication,,target,choice,insufficient,device_fault,0.36,0.0313,0.9686514805193177,0,0.2494,1.388697245736201,0.7727987299999999,"{""device_fault"": 0.1, ""insufficient"": 0.6, ""pcie_transport"": 0.1, ""power_delivery"": 0.2}","{""device_fault"": 0.36, ""insufficient"": 0.2494, ""pcie_transport"": 0.2374, ""power_delivery"": 0.1531}",0.39744999999999997,0.09225164840130018,0.36561717179405173,0.21159872999999998,3.0
case_ef6e910280cee007,semantic_repeatability,16.909125028178096,153,0,hardware_fault,hw_insufficient,,,0.7854752972273344,0.6,"pcie_transport:2,power_delivery:4,device_fault:2,insufficient:12",benchmark_authored_adjudication,,target,choice,insufficient,device_fault,0.36,0.0313,0.9686514805193177,0,0.2494,1.388697245736201,0.7727987299999999,"{""device_fault"": 0.1, ""insufficient"": 0.6, ""pcie_transport"": 0.1, ""power_delivery"": 0.2}","{""device_fault"": 0.36, ""insufficient"": 0.2494, ""pcie_transport"": 0.2374, ""power_delivery"": 0.1531}",0.39744999999999997,0.09225164840130018,0.36561717179405173,0.21159872999999998,4.0
case_928afe8cd91f4dd3,semantic_repeatability,16.69170893728733,153,0,hardware_fault,hw_insufficient,,,0.7854752972273344,0.6,"pcie_transport:2,power_delivery:4,device_fault:2,insufficient:12",benchmark_authored_adjudication,,target,choice,insufficient,device_fault,0.36,0.0313,0.9686514805193177,0,0.2494,1.388697245736201,0.7727987299999999,"{""device_fault"": 0.1, ""insufficient"": 0.6, ""pcie_transport"": 0.1, ""power_delivery"": 0.2}","{""device_fault"": 0.36, ""insufficient"": 0.2494, ""pcie_transport"": 0.2374, ""power_delivery"": 0.1531}",0.39744999999999997,0.09225164840130018,0.36561717179405173,0.21159872999999998,5.0
case_2f261e7f401535e7,semantic_repeatability,16.864500008523464,153,0,hardware_fault,hw_insufficient,,,0.7854752972273344,0.6,"pcie_transport:2,power_delivery:4,device_fault:2,insufficient:12",benchmark_authored_adjudication,,target,choice,insufficient,device_fault,0.36,0.0313,0.9686514805193177,0,0.2494,1.388697245736201,0.7727987299999999,"{""device_fault"": 0.1, ""insufficient"": 0.6, ""pcie_transport"": 0.1, ""power_delivery"": 0.2}","{""device_fault"": 0.36, ""insufficient"": 0.2494, ""pcie_transport"": 0.2374, ""power_delivery"": 0.1531}",0.39744999999999997,0.09225164840130018,0.36561717179405173,0.21159872999999998,6.0
case_63b84947d9117828,semantic_repeatability,16.941749956458807,153,0,hardware_fault,hw_insufficient,,,0.7854752972273344,0.6,"pcie_transport:2,power_delivery:4,device_fault:2,insufficient:12",benchmark_authored_adjudication,,target,choice,insufficient,device_fault,0.36,0.0313,0.9686514805193177,0,0.2494,1.388697245736201,0.7727987299999999,"{""device_fault"": 0.1, ""insufficient"": 0.6, ""pcie_transport"": 0.1, ""power_delivery"": 0.2}","{""device_fault"": 0.36, ""insufficient"": 0.2494, ""pcie_transport"": 0.2374, ""power_delivery"": 0.1531}",0.39744999999999997,0.09225164840130018,0.36561717179405173,0.21159872999999998,7.0
case_b9f2f0656f0107da,semantic_repeatability,16.8867080938071,153,0,hardware_fault,hw_insufficient,,,0.7854752972273344,0.6,"pcie_transport:2,power_delivery:4,device_fault:2,insufficient:12",benchmark_authored_adjudication,,target,choice,insufficient,device_fault,0.36,0.0313,0.9686514805193177,0,0.2494,1.388697245736201,0.7727987299999999,"{""device_fault"": 0.1, ""insufficient"": 0.6, ""pcie_transport"": 0.1, ""power_delivery"": 0.2}","{""device_fault"": 0.36, ""insufficient"": 0.2494, ""pcie_transport"": 0.2374, ""power_delivery"": 0.1531}",0.39744999999999997,0.09225164840130018,0.36561717179405173,0.21159872999999998,8.0
case_d48f7bb42a3bd4e4,semantic_repeatability,16.761915991082788,153,0,hardware_fault,hw_insufficient,,,0.7854752972273344,0.6,"pcie_transport:2,power_delivery:4,device_fault:2,insufficient:12",benchmark_authored_adjudication,,target,choice,insufficient,device_fault,0.36,0.0313,0.9686514805193177,0,0.2494,1.388697245736201,0.7727987299999999,"{""device_fault"": 0.1, ""insufficient"": 0.6, ""pcie_transport"": 0.1, ""power_delivery"": 0.2}","{""device_fault"": 0.36, ""insufficient"": 0.2494, ""pcie_transport"": 0.2374, ""power_delivery"": 0.1531}",0.39744999999999997,0.09225164840130018,0.36561717179405173,0.21159872999999998,9.0
case_db990595da0e164a,semantic_repeatability,16.851749969646335,153,0,hardware_fault,hw_insufficient,,,0.7854752972273344,0.6,"pcie_transport:2,power_delivery:4,device_fault:2,insufficient:12",benchmark_authored_adjudication,,target,choice,insufficient,device_fault,0.36,0.0313,0.9686514805193177,0,0.2494,1.388697245736201,0.7727987299999999,"{""device_fault"": 0.1, ""insufficient"": 0.6, ""pcie_transport"": 0.1, ""power_delivery"": 0.2}","{""device_fault"": 0.36, ""insufficient"": 0.2494, ""pcie_transport"": 0.2374, ""power_delivery"": 0.1531}",0.39744999999999997,0.09225164840130018,0.36561717179405173,0.21159872999999998,10.0
case_aeb30a737788dba8,semantic_repeatability,16.548624960705638,153,0,hardware_fault,hw_insufficient,,,0.7854752972273344,0.6,"pcie_transport:2,power_delivery:4,device_fault:2,insufficient:12",benchmark_authored_adjudication,,target,choice,insufficient,device_fault,0.36,0.0313,0.9686514805193177,0,0.2494,1.388697245736201,0.7727987299999999,"{""device_fault"": 0.1, ""insufficient"": 0.6, ""pcie_transport"": 0.1, ""power_delivery"": 0.2}","{""device_fault"": 0.36, ""insufficient"": 0.2494, ""pcie_transport"": 0.2374, ""power_delivery"": 0.1531}",0.39744999999999997,0.09225164840130018,0.36561717179405173,0.21159872999999998,11.0
case_cbb31f1eb8f73cfb,semantic_repeatability,16.739999875426292,153,0,hardware_fault,hw_insufficient,,,0.7854752972273344,0.6,"pcie_transport:2,power_delivery:4,device_fault:2,insufficient:12",benchmark_authored_adjudication,,target,choice,insufficient,device_fault,0.36,0.0313,0.9686514805193177,0,0.2494,1.388697245736201,0.7727987299999999,"{""device_fault"": 0.1, ""insufficient"": 0.6, ""pcie_transport"": 0.1, ""power_delivery"": 0.2}","{""device_fault"": 0.36, ""insufficient"": 0.2494, ""pcie_transport"": 0.2374, ""power_delivery"": 0.1531}",0.39744999999999997,0.09225164840130018,0.36561717179405173,0.21159872999999998,12.0
case_3903c05ce14e1422,semantic_repeatability,17.084999941289425,153,0,hardware_fault,hw_insufficient,,,0.7854752972273344,0.6,"pcie_transport:2,power_delivery:4,device_fault:2,insufficient:12",benchmark_authored_adjudication,,target,choice,insufficient,device_fault,0.36,0.0313,0.9686514805193177,0,0.2494,1.388697245736201,0.7727987299999999,"{""device_fault"": 0.1, ""insufficient"": 0.6, ""pcie_transport"": 0.1, ""power_delivery"": 0.2}","{""device_fault"": 0.36, ""insufficient"": 0.2494, ""pcie_transport"": 0.2374, ""power_delivery"": 0.1531}",0.39744999999999997,0.09225164840130018,0.36561717179405173,0.21159872999999998,13.0
case_2a47e2ae91c0b3ff,semantic_repeatability,16.956290928646922,153,0,hardware_fault,hw_insufficient,,,0.7854752972273344,0.6,"pcie_transport:2,power_delivery:4,device_fault:2,insufficient:12",benchmark_authored_adjudication,,target,choice,insufficient,device_fault,0.36,0.0313,0.9686514805193177,0,0.2494,1.388697245736201,0.7727987299999999,"{""device_fault"": 0.1, ""insufficient"": 0.6, ""pcie_transport"": 0.1, ""power_delivery"": 0.2}","{""device_fault"": 0.36, ""insufficient"": 0.2494, ""pcie_transport"": 0.2374, ""power_delivery"": 0.1531}",0.39744999999999997,0.09225164840130018,0.36561717179405173,0.21159872999999998,14.0
case_832d6c2eea6b9c4a,semantic_repeatability,16.94666617549956,153,0,hardware_fault,hw_insufficient,,,0.7854752972273344,0.6,"pcie_transport:2,power_delivery:4,device_fault:2,insufficient:12",benchmark_authored_adjudication,,target,choice,insufficient,device_fault,0.36,0.0313,0.9686514805193177,0,0.2494,1.388697245736201,0.7727987299999999,"{""device_fault"": 0.1, ""insufficient"": 0.6, ""pcie_transport"": 0.1, ""power_delivery"": 0.2}","{""device_fault"": 0.36, ""insufficient"": 0.2494, ""pcie_transport"": 0.2374, ""power_delivery"": 0.1531}",0.39744999999999997,0.09225164840130018,0.36561717179405173,0.21159872999999998,15.0
case_357d3d7f64fc3b2f,semantic_repeatability,16.69245888479054,153,0,hardware_fault,hw_insufficient,,,0.7854752972273344,0.6,"pcie_transport:2,power_delivery:4,device_fault:2,insufficient:12",benchmark_authored_adjudication,,target,choice,insufficient,device_fault,0.36,0.0313,0.9686514805193177,0,0.2494,1.388697245736201,0.7727987299999999,"{""device_fault"": 0.1, ""insufficient"": 0.6, ""pcie_transport"": 0.1, ""power_delivery"": 0.2}","{""device_fault"": 0.36, ""insufficient"": 0.2494, ""pcie_transport"": 0.2374, ""power_delivery"": 0.1531}",0.39744999999999997,0.09225164840130018,0.36561717179405173,0.21159872999999998,16.0
case_35dee8a90eaf12e7,semantic_repeatability,17.125583020970225,153,0,hardware_fault,hw_insufficient,,,0.7854752972273344,0.6,"pcie_transport:2,power_delivery:4,device_fault:2,insufficient:12",benchmark_authored_adjudication,,target,choice,insufficient,device_fault,0.36,0.0313,0.9686514805193177,0,0.2494,1.388697245736201,0.7727987299999999,"{""device_fault"": 0.1, ""insufficient"": 0.6, ""pcie_transport"": 0.1, ""power_delivery"": 0.2}","{""device_fault"": 0.36, ""insufficient"": 0.2494, ""pcie_transport"": 0.2374, ""power_delivery"": 0.1531}",0.39744999999999997,0.09225164840130018,0.36561717179405173,0.21159872999999998,17.0
case_6552fd39e28f4ec3,semantic_repeatability,16.944500152021646,153,0,hardware_fault,hw_insufficient,,,0.7854752972273344,0.6,"pcie_transport:2,power_delivery:4,device_fault:2,insufficient:12",benchmark_authored_adjudication,,target,choice,insufficient,device_fault,0.36,0.0313,0.9686514805193177,0,0.2494,1.388697245736201,0.7727987299999999,"{""device_fault"": 0.1, ""insufficient"": 0.6, ""pcie_transport"": 0.1, ""power_delivery"": 0.2}","{""device_fault"": 0.36, ""insufficient"": 0.2494, ""pcie_transport"": 0.2374, ""power_delivery"": 0.1531}",0.39744999999999997,0.09225164840130018,0.36561717179405173,0.21159872999999998,18.0
case_c9e79efba379d37f,semantic_repeatability,16.8611251283437,153,0,hardware_fault,hw_insufficient,,,0.7854752972273344,0.6,"pcie_transport:2,power_delivery:4,device_fault:2,insufficient:12",benchmark_authored_adjudication,,target,choice,insufficient,device_fault,0.36,0.0313,0.9686514805193177,0,0.2494,1.388697245736201,0.7727987299999999,"{""device_fault"": 0.1, ""insufficient"": 0.6, ""pcie_transport"": 0.1, ""power_delivery"": 0.2}","{""device_fault"": 0.36, ""insufficient"": 0.2494, ""pcie_transport"": 0.2374, ""power_delivery"": 0.1531}",0.39744999999999997,0.09225164840130018,0.36561717179405173,0.21159872999999998,19.0
case_bc753ad9e4424ea2,semantic_repeatability,16.86620805412531,153,0,hardware_fault,hw_insufficient,,,0.7854752972273344,0.6,"pcie_transport:2,power_delivery:4,device_fault:2,insufficient:12",benchmark_authored_adjudication,,target,choice,insufficient,device_fault,0.36,0.0313,0.9686514805193177,0,0.2494,1.388697245736201,0.7727987299999999,"{""device_fault"": 0.1, ""insufficient"": 0.6, ""pcie_transport"": 0.1, ""power_delivery"": 0.2}","{""device_fault"": 0.36, ""insufficient"": 0.2494, ""pcie_transport"": 0.2374, ""power_delivery"": 0.1531}",0.39744999999999997,0.09225164840130018,0.36561717179405173,0.21159872999999998,20.0
case_6ef3307ed11b3881,semantic_repeatability,16.905833035707474,153,0,hardware_fault,hw_insufficient,,,0.7854752972273344,0.6,"pcie_transport:2,power_delivery:4,device_fault:2,insufficient:12",benchmark_authored_adjudication,,target,choice,insufficient,device_fault,0.36,0.0313,0.9686514805193177,0,0.2494,1.388697245736201,0.7727987299999999,"{""device_fault"": 0.1, ""insufficient"": 0.6, ""pcie_transport"": 0.1, ""power_delivery"": 0.2}","{""device_fault"": 0.36, ""insufficient"": 0.2494, ""pcie_transport"": 0.2374, ""power_delivery"": 0.1531}",0.39744999999999997,0.09225164840130018,0.36561717179405173,0.21159872999999998,21.0
case_6d42f21cc873838d,semantic_repeatability,16.931874910369515,153,0,hardware_fault,hw_insufficient,,,0.7854752972273344,0.6,"pcie_transport:2,power_delivery:4,device_fault:2,insufficient:12",benchmark_authored_adjudication,,target,choice,insufficient,device_fault,0.36,0.0313,0.9686514805193177,0,0.2494,1.388697245736201,0.7727987299999999,"{""device_fault"": 0.1, ""insufficient"": 0.6, ""pcie_transport"": 0.1, ""power_delivery"": 0.2}","{""device_fault"": 0.36, ""insufficient"": 0.2494, ""pcie_transport"": 0.2374, ""power_delivery"": 0.1531}",0.39744999999999997,0.09225164840130018,0.36561717179405173,0.21159872999999998,22.0
case_93c5376e1fb3a995,semantic_repeatability,17.16704200953245,153,0,hardware_fault,hw_insufficient,,,0.7854752972273344,0.6,"pcie_transport:2,power_delivery:4,device_fault:2,insufficient:12",benchmark_authored_adjudication,,target,choice,insufficient,device_fault,0.36,0.0313,0.9686514805193177,0,0.2494,1.388697245736201,0.7727987299999999,"{""device_fault"": 0.1, ""insufficient"": 0.6, ""pcie_transport"": 0.1, ""power_delivery"": 0.2}","{""device_fault"": 0.36, ""insufficient"": 0.2494, ""pcie_transport"": 0.2374, ""power_delivery"": 0.1531}",0.39744999999999997,0.09225164840130018,0.36561717179405173,0.21159872999999998,23.0
case_6685645ec06b5f08,semantic_repeatability,17.02412497252226,153,0,hardware_fault,hw_insufficient,,,0.7854752972273344,0.6,"pcie_transport:2,power_delivery:4,device_fault:2,insufficient:12",benchmark_authored_adjudication,,target,choice,insufficient,device_fault,0.36,0.0313,0.9686514805193177,0,0.2494,1.388697245736201,0.7727987299999999,"{""device_fault"": 0.1, ""insufficient"": 0.6, ""pcie_transport"": 0.1, ""power_delivery"": 0.2}","{""device_fault"": 0.36, ""insufficient"": 0.2494, ""pcie_transport"": 0.2374, ""power_delivery"": 0.1531}",0.39744999999999997,0.09225164840130018,0.36561717179405173,0.21159872999999998,24.0
case_abcda03a4a4c1cdc,semantic_repeatability,16.954957973212004,153,0,hardware_fault,hw_insufficient,,,0.7854752972273344,0.6,"pcie_transport:2,power_delivery:4,device_fault:2,insufficient:12",benchmark_authored_adjudication,,target,choice,insufficient,device_fault,0.36,0.0313,0.9686514805193177,0,0.2494,1.388697245736201,0.7727987299999999,"{""device_fault"": 0.1, ""insufficient"": 0.6, ""pcie_transport"": 0.1, ""power_delivery"": 0.2}","{""device_fault"": 0.36, ""insufficient"": 0.2494, ""pcie_transport"": 0.2374, ""power_delivery"": 0.1531}",0.39744999999999997,0.09225164840130018,0.36561717179405173,0.21159872999999998,25.0
case_28470d9653a44172,semantic_repeatability,16.89500012435019,153,0,hardware_fault,hw_insufficient,,,0.7854752972273344,0.6,"pcie_transport:2,power_delivery:4,device_fault:2,insufficient:12",benchmark_authored_adjudication,,target,choice,insufficient,device_fault,0.36,0.0313,0.9686514805193177,0,0.2494,1.388697245736201,0.7727987299999999,"{""device_fault"": 0.1, ""insufficient"": 0.6, ""pcie_transport"": 0.1, ""power_delivery"": 0.2}","{""device_fault"": 0.36, ""insufficient"": 0.2494, ""pcie_transport"": 0.2374, ""power_delivery"": 0.1531}",0.39744999999999997,0.09225164840130018,0.36561717179405173,0.21159872999999998,26.0
case_8271dc41a50c62fb,semantic_repeatability,16.804999904707074,153,0,hardware_fault,hw_insufficient,,,0.7854752972273344,0.6,"pcie_transport:2,power_delivery:4,device_fault:2,insufficient:12",benchmark_authored_adjudication,,target,choice,insufficient,device_fault,0.36,0.0313,0.9686514805193177,0,0.2494,1.388697245736201,0.7727987299999999,"{""device_fault"": 0.1, ""insufficient"": 0.6, ""pcie_transport"": 0.1, ""power_delivery"": 0.2}","{""device_fault"": 0.36, ""insufficient"": 0.2494, ""pcie_transport"": 0.2374, ""power_delivery"": 0.1531}",0.39744999999999997,0.09225164840130018,0.36561717179405173,0.21159872999999998,27.0
case_11f0de843e20d1fe,semantic_repeatability,16.72179182060063,153,0,hardware_fault,hw_insufficient,,,0.7854752972273344,0.6,"pcie_transport:2,power_delivery:4,device_fault:2,insufficient:12",benchmark_authored_adjudication,,target,choice,insufficient,device_fault,0.36,0.0313,0.9686514805193177,0,0.2494,1.388697245736201,0.7727987299999999,"{""device_fault"": 0.1, ""insufficient"": 0.6, ""pcie_transport"": 0.1, ""power_delivery"": 0.2}","{""device_fault"": 0.36, ""insufficient"": 0.2494, ""pcie_transport"": 0.2374, ""power_delivery"": 0.1531}",0.39744999999999997,0.09225164840130018,0.36561717179405173,0.21159872999999998,28.0
case_fb06669168f1c4f6,semantic_repeatability,16.954709077253938,153,0,hardware_fault,hw_insufficient,,,0.7854752972273344,0.6,"pcie_transport:2,power_delivery:4,device_fault:2,insufficient:12",benchmark_authored_adjudication,,target,choice,insufficient,device_fault,0.36,0.0313,0.9686514805193177,0,0.2494,1.388697245736201,0.7727987299999999,"{""device_fault"": 0.1, ""insufficient"": 0.6, ""pcie_transport"": 0.1, ""power_delivery"": 0.2}","{""device_fault"": 0.36, ""insufficient"": 0.2494, ""pcie_transport"": 0.2374, ""power_delivery"": 0.1531}",0.39744999999999997,0.09225164840130018,0.36561717179405173,0.21159872999999998,29.0
case_38ae035646b6700d,semantic_repeatability,17.129375133663416,137,0,security_classification,sec_exfil_border,,,0.6804820237218406,0.5,"credential_attack:2,malware:0,data_exfiltration:8,insufficient:10",benchmark_authored_adjudication,,target,choice,insufficient,insufficient,0.3561,0.0402,0.9598394566642714,1,0.3561,1.032543688698405,0.5637864199999999,"{""credential_attack"": 0.1, ""data_exfiltration"": 0.4, ""insufficient"": 0.5, ""malware"": 0.0}","{""credential_attack"": 0.2562, ""data_exfiltration"": 0.2586, ""insufficient"": 0.3561, ""malware"": 0.1291}",0.2853,0.07618749082486537,0.25009226602986556,0.08176641999999999,0.0
case_2803b53894acd857,semantic_repeatability,17.11566699668765,137,0,security_classification,sec_exfil_border,,,0.6804820237218406,0.5,"credential_attack:2,malware:0,data_exfiltration:8,insufficient:10",benchmark_authored_adjudication,,target,choice,insufficient,insufficient,0.3561,0.0402,0.9598394566642714,1,0.3561,1.032543688698405,0.5637864199999999,"{""credential_attack"": 0.1, ""data_exfiltration"": 0.4, ""insufficient"": 0.5, ""malware"": 0.0}","{""credential_attack"": 0.2562, ""data_exfiltration"": 0.2586, ""insufficient"": 0.3561, ""malware"": 0.1291}",0.2853,0.07618749082486537,0.25009226602986556,0.08176641999999999,1.0
case_d8631e5b9a51acd2,semantic_repeatability,17.137750051915646,137,0,security_classification,sec_exfil_border,,,0.6804820237218406,0.5,"credential_attack:2,malware:0,data_exfiltration:8,insufficient:10",benchmark_authored_adjudication,,target,choice,insufficient,insufficient,0.3561,0.0402,0.9598394566642714,1,0.3561,1.032543688698405,0.5637864199999999,"{""credential_attack"": 0.1, ""data_exfiltration"": 0.4, ""insufficient"": 0.5, ""malware"": 0.0}","{""credential_attack"": 0.2562, ""data_exfiltration"": 0.2586, ""insufficient"": 0.3561, ""malware"": 0.1291}",0.2853,0.07618749082486537,0.25009226602986556,0.08176641999999999,2.0
case_f39e0fb5317629ca,semantic_repeatability,16.754916170611978,137,0,security_classification,sec_exfil_border,,,0.6804820237218406,0.5,"credential_attack:2,malware:0,data_exfiltration:8,insufficient:10",benchmark_authored_adjudication,,target,choice,insufficient,insufficient,0.3561,0.0402,0.9598394566642714,1,0.3561,1.032543688698405,0.5637864199999999,"{""credential_attack"": 0.1, ""data_exfiltration"": 0.4, ""insufficient"": 0.5, ""malware"": 0.0}","{""credential_attack"": 0.2562, ""data_exfiltration"": 0.2586, ""insufficient"": 0.3561, ""malware"": 0.1291}",0.2853,0.07618749082486537,0.25009226602986556,0.08176641999999999,3.0
case_c46b144769505841,semantic_repeatability,16.609041020274162,137,0,security_classification,sec_exfil_border,,,0.6804820237218406,0.5,"credential_attack:2,malware:0,data_exfiltration:8,insufficient:10",benchmark_authored_adjudication,,target,choice,insufficient,insufficient,0.3561,0.0402,0.9598394566642714,1,0.3561,1.032543688698405,0.5637864199999999,"{""credential_attack"": 0.1, ""data_exfiltration"": 0.4, ""insufficient"": 0.5, ""malware"": 0.0}","{""credential_attack"": 0.2562, ""data_exfiltration"": 0.2586, ""insufficient"": 0.3561, ""malware"": 0.1291}",0.2853,0.07618749082486537,0.25009226602986556,0.08176641999999999,4.0
case_12e1f2aa7cf15389,semantic_repeatability,16.604000004008412,137,0,security_classification,sec_exfil_border,,,0.6804820237218406,0.5,"credential_attack:2,malware:0,data_exfiltration:8,insufficient:10",benchmark_authored_adjudication,,target,choice,insufficient,insufficient,0.3561,0.0402,0.9598394566642714,1,0.3561,1.032543688698405,0.5637864199999999,"{""credential_attack"": 0.1, ""data_exfiltration"": 0.4, ""insufficient"": 0.5, ""malware"": 0.0}","{""credential_attack"": 0.2562, ""data_exfiltration"": 0.2586, ""insufficient"": 0.3561, ""malware"": 0.1291}",0.2853,0.07618749082486537,0.25009226602986556,0.08176641999999999,5.0
case_04803ed4dad7c963,semantic_repeatability,17.10854098200798,137,0,security_classification,sec_exfil_border,,,0.6804820237218406,0.5,"credential_attack:2,malware:0,data_exfiltration:8,insufficient:10",benchmark_authored_adjudication,,target,choice,insufficient,insufficient,0.3561,0.0402,0.9598394566642714,1,0.3561,1.032543688698405,0.5637864199999999,"{""credential_attack"": 0.1, ""data_exfiltration"": 0.4, ""insufficient"": 0.5, ""malware"": 0.0}","{""credential_attack"": 0.2562, ""data_exfiltration"": 0.2586, ""insufficient"": 0.3561, ""malware"": 0.1291}",0.2853,0.07618749082486537,0.25009226602986556,0.08176641999999999,6.0
case_c416636272cb4e15,semantic_repeatability,16.829125117510557,137,0,security_classification,sec_exfil_border,,,0.6804820237218406,0.5,"credential_attack:2,malware:0,data_exfiltration:8,insufficient:10",benchmark_authored_adjudication,,target,choice,insufficient,insufficient,0.3561,0.0402,0.9598394566642714,1,0.3561,1.032543688698405,0.5637864199999999,"{""credential_attack"": 0.1, ""data_exfiltration"": 0.4, ""insufficient"": 0.5, ""malware"": 0.0}","{""credential_attack"": 0.2562, ""data_exfiltration"": 0.2586, ""insufficient"": 0.3561, ""malware"": 0.1291}",0.2853,0.07618749082486537,0.25009226602986556,0.08176641999999999,7.0
case_da2af062145dbbcb,semantic_repeatability,16.868750099092722,137,0,security_classification,sec_exfil_border,,,0.6804820237218406,0.5,"credential_attack:2,malware:0,data_exfiltration:8,insufficient:10",benchmark_authored_adjudication,,target,choice,insufficient,insufficient,0.3561,0.0402,0.9598394566642714,1,0.3561,1.032543688698405,0.5637864199999999,"{""credential_attack"": 0.1, ""data_exfiltration"": 0.4, ""insufficient"": 0.5, ""malware"": 0.0}","{""credential_attack"": 0.2562, ""data_exfiltration"": 0.2586, ""insufficient"": 0.3561, ""malware"": 0.1291}",0.2853,0.07618749082486537,0.25009226602986556,0.08176641999999999,8.0
case_7e7c6eaa656287be,semantic_repeatability,16.94954209960997,137,0,security_classification,sec_exfil_border,,,0.6804820237218406,0.5,"credential_attack:2,malware:0,data_exfiltration:8,insufficient:10",benchmark_authored_adjudication,,target,choice,insufficient,insufficient,0.3561,0.0402,0.9598394566642714,1,0.3561,1.032543688698405,0.5637864199999999,"{""credential_attack"": 0.1, ""data_exfiltration"": 0.4, ""insufficient"": 0.5, ""malware"": 0.0}","{""credential_attack"": 0.2562, ""data_exfiltration"": 0.2586, ""insufficient"": 0.3561, ""malware"": 0.1291}",0.2853,0.07618749082486537,0.25009226602986556,0.08176641999999999,9.0
case_afebfb976394b231,semantic_repeatability,16.954416874796152,137,0,security_classification,sec_exfil_border,,,0.6804820237218406,0.5,"credential_attack:2,malware:0,data_exfiltration:8,insufficient:10",benchmark_authored_adjudication,,target,choice,insufficient,insufficient,0.3561,0.0402,0.9598394566642714,1,0.3561,1.032543688698405,0.5637864199999999,"{""credential_attack"": 0.1, ""data_exfiltration"": 0.4, ""insufficient"": 0.5, ""malware"": 0.0}","{""credential_attack"": 0.2562, ""data_exfiltration"": 0.2586, ""insufficient"": 0.3561, ""malware"": 0.1291}",0.2853,0.07618749082486537,0.25009226602986556,0.08176641999999999,10.0
case_0d52ad653c72e77f,semantic_repeatability,16.8508340138942,137,0,security_classification,sec_exfil_border,,,0.6804820237218406,0.5,"credential_attack:2,malware:0,data_exfiltration:8,insufficient:10",benchmark_authored_adjudication,,target,choice,insufficient,insufficient,0.3561,0.0402,0.9598394566642714,1,0.3561,1.032543688698405,0.5637864199999999,"{""credential_attack"": 0.1, ""data_exfiltration"": 0.4, ""insufficient"": 0.5, ""malware"": 0.0}","{""credential_attack"": 0.2562, ""data_exfiltration"": 0.2586, ""insufficient"": 0.3561, ""malware"": 0.1291}",0.2853,0.07618749082486537,0.25009226602986556,0.08176641999999999,11.0
case_b71187d5741e0e84,semantic_repeatability,17.178500071167946,137,0,security_classification,sec_exfil_border,,,0.6804820237218406,0.5,"credential_attack:2,malware:0,data_exfiltration:8,insufficient:10",benchmark_authored_adjudication,,target,choice,insufficient,insufficient,0.3561,0.0402,0.9598394566642714,1,0.3561,1.032543688698405,0.5637864199999999,"{""credential_attack"": 0.1, ""data_exfiltration"": 0.4, ""insufficient"": 0.5, ""malware"": 0.0}","{""credential_attack"": 0.2562, ""data_exfiltration"": 0.2586, ""insufficient"": 0.3561, ""malware"": 0.1291}",0.2853,0.07618749082486537,0.25009226602986556,0.08176641999999999,12.0
case_50b61e6755fd94f1,semantic_repeatability,16.768166096881032,137,0,security_classification,sec_exfil_border,,,0.6804820237218406,0.5,"credential_attack:2,malware:0,data_exfiltration:8,insufficient:10",benchmark_authored_adjudication,,target,choice,insufficient,insufficient,0.3561,0.0402,0.9598394566642714,1,0.3561,1.032543688698405,0.5637864199999999,"{""credential_attack"": 0.1, ""data_exfiltration"": 0.4, ""insufficient"": 0.5, ""malware"": 0.0}","{""credential_attack"": 0.2562, ""data_exfiltration"": 0.2586, ""insufficient"": 0.3561, ""malware"": 0.1291}",0.2853,0.07618749082486537,0.25009226602986556,0.08176641999999999,13.0
case_271df5592e3322b1,semantic_repeatability,16.930292127653956,137,0,security_classification,sec_exfil_border,,,0.6804820237218406,0.5,"credential_attack:2,malware:0,data_exfiltration:8,insufficient:10",benchmark_authored_adjudication,,target,choice,insufficient,insufficient,0.3561,0.0402,0.9598394566642714,1,0.3561,1.032543688698405,0.5637864199999999,"{""credential_attack"": 0.1, ""data_exfiltration"": 0.4, ""insufficient"": 0.5, ""malware"": 0.0}","{""credential_attack"": 0.2562, ""data_exfiltration"": 0.2586, ""insufficient"": 0.3561, ""malware"": 0.1291}",0.2853,0.07618749082486537,0.25009226602986556,0.08176641999999999,14.0
case_02761e28afb050b9,semantic_repeatability,16.79199980571866,137,0,security_classification,sec_exfil_border,,,0.6804820237218406,0.5,"credential_attack:2,malware:0,data_exfiltration:8,insufficient:10",benchmark_authored_adjudication,,target,choice,insufficient,insufficient,0.3561,0.0402,0.9598394566642714,1,0.3561,1.032543688698405,0.5637864199999999,"{""credential_attack"": 0.1, ""data_exfiltration"": 0.4, ""insufficient"": 0.5, ""malware"": 0.0}","{""credential_attack"": 0.2562, ""data_exfiltration"": 0.2586, ""insufficient"": 0.3561, ""malware"": 0.1291}",0.2853,0.07618749082486537,0.25009226602986556,0.08176641999999999,15.0
case_42f1bc9b91cc86c9,semantic_repeatability,16.835208982229233,137,0,security_classification,sec_exfil_border,,,0.6804820237218406,0.5,"credential_attack:2,malware:0,data_exfiltration:8,insufficient:10",benchmark_authored_adjudication,,target,choice,insufficient,insufficient,0.3561,0.0402,0.9598394566642714,1,0.3561,1.032543688698405,0.5637864199999999,"{""credential_attack"": 0.1, ""data_exfiltration"": 0.4, ""insufficient"": 0.5, ""malware"": 0.0}","{""credential_attack"": 0.2562, ""data_exfiltration"": 0.2586, ""insufficient"": 0.3561, ""malware"": 0.1291}",0.2853,0.07618749082486537,0.25009226602986556,0.08176641999999999,16.0
case_f204700dd9f5f485,semantic_repeatability,16.694208839908242,137,0,security_classification,sec_exfil_border,,,0.6804820237218406,0.5,"credential_attack:2,malware:0,data_exfiltration:8,insufficient:10",benchmark_authored_adjudication,,target,choice,insufficient,insufficient,0.3561,0.0402,0.9598394566642714,1,0.3561,1.032543688698405,0.5637864199999999,"{""credential_attack"": 0.1, ""data_exfiltration"": 0.4, ""insufficient"": 0.5, ""malware"": 0.0}","{""credential_attack"": 0.2562, ""data_exfiltration"": 0.2586, ""insufficient"": 0.3561, ""malware"": 0.1291}",0.2853,0.07618749082486537,0.25009226602986556,0.08176641999999999,17.0
case_083e12770dadf6ba,semantic_repeatability,16.817874973639846,137,0,security_classification,sec_exfil_border,,,0.6804820237218406,0.5,"credential_attack:2,malware:0,data_exfiltration:8,insufficient:10",benchmark_authored_adjudication,,target,choice,insufficient,insufficient,0.3561,0.0402,0.9598394566642714,1,0.3561,1.032543688698405,0.5637864199999999,"{""credential_attack"": 0.1, ""data_exfiltration"": 0.4, ""insufficient"": 0.5, ""malware"": 0.0}","{""credential_attack"": 0.2562, ""data_exfiltration"": 0.2586, ""insufficient"": 0.3561, ""malware"": 0.1291}",0.2853,0.07618749082486537,0.25009226602986556,0.08176641999999999,18.0
case_0adf20b4b45ee7c1,semantic_repeatability,16.80075004696846,137,0,security_classification,sec_exfil_border,,,0.6804820237218406,0.5,"credential_attack:2,malware:0,data_exfiltration:8,insufficient:10",benchmark_authored_adjudication,,target,choice,insufficient,insufficient,0.3561,0.0402,0.9598394566642714,1,0.3561,1.032543688698405,0.5637864199999999,"{""credential_attack"": 0.1, ""data_exfiltration"": 0.4, ""insufficient"": 0.5, ""malware"": 0.0}","{""credential_attack"": 0.2562, ""data_exfiltration"": 0.2586, ""insufficient"": 0.3561, ""malware"": 0.1291}",0.2853,0.07618749082486537,0.25009226602986556,0.08176641999999999,19.0
case_4b0fb3ff5399b14c,semantic_repeatability,16.806709114462137,137,0,security_classification,sec_exfil_border,,,0.6804820237218406,0.5,"credential_attack:2,malware:0,data_exfiltration:8,insufficient:10",benchmark_authored_adjudication,,target,choice,insufficient,insufficient,0.3561,0.0402,0.9598394566642714,1,0.3561,1.032543688698405,0.5637864199999999,"{""credential_attack"": 0.1, ""data_exfiltration"": 0.4, ""insufficient"": 0.5, ""malware"": 0.0}","{""credential_attack"": 0.2562, ""data_exfiltration"": 0.2586, ""insufficient"": 0.3561, ""malware"": 0.1291}",0.2853,0.07618749082486537,0.25009226602986556,0.08176641999999999,20.0
case_fa9c15092a2b881d,semantic_repeatability,16.65583299472928,137,0,security_classification,sec_exfil_border,,,0.6804820237218406,0.5,"credential_attack:2,malware:0,data_exfiltration:8,insufficient:10",benchmark_authored_adjudication,,target,choice,insufficient,insufficient,0.3561,0.0402,0.9598394566642714,1,0.3561,1.032543688698405,0.5637864199999999,"{""credential_attack"": 0.1, ""data_exfiltration"": 0.4, ""insufficient"": 0.5, ""malware"": 0.0}","{""credential_attack"": 0.2562, ""data_exfiltration"": 0.2586, ""insufficient"": 0.3561, ""malware"": 0.1291}",0.2853,0.07618749082486537,0.25009226602986556,0.08176641999999999,21.0
case_0cdcd0641e2a10d2,semantic_repeatability,16.84129098430276,137,0,security_classification,sec_exfil_border,,,0.6804820237218406,0.5,"credential_attack:2,malware:0,data_exfiltration:8,insufficient:10",benchmark_authored_adjudication,,target,choice,insufficient,insufficient,0.3561,0.0402,0.9598394566642714,1,0.3561,1.032543688698405,0.5637864199999999,"{""credential_attack"": 0.1, ""data_exfiltration"": 0.4, ""insufficient"": 0.5, ""malware"": 0.0}","{""credential_attack"": 0.2562, ""data_exfiltration"": 0.2586, ""insufficient"": 0.3561, ""malware"": 0.1291}",0.2853,0.07618749082486537,0.25009226602986556,0.08176641999999999,22.0
case_e43b92163d3c5c3e,semantic_repeatability,16.472832998260856,137,0,security_classification,sec_exfil_border,,,0.6804820237218406,0.5,"credential_attack:2,malware:0,data_exfiltration:8,insufficient:10",benchmark_authored_adjudication,,target,choice,insufficient,insufficient,0.3561,0.0402,0.9598394566642714,1,0.3561,1.032543688698405,0.5637864199999999,"{""credential_attack"": 0.1, ""data_exfiltration"": 0.4, ""insufficient"": 0.5, ""malware"": 0.0}","{""credential_attack"": 0.2562, ""data_exfiltration"": 0.2586, ""insufficient"": 0.3561, ""malware"": 0.1291}",0.2853,0.07618749082486537,0.25009226602986556,0.08176641999999999,23.0
case_57207728b68aa142,semantic_repeatability,17.471374943852425,137,0,security_classification,sec_exfil_border,,,0.6804820237218406,0.5,"credential_attack:2,malware:0,data_exfiltration:8,insufficient:10",benchmark_authored_adjudication,,target,choice,insufficient,insufficient,0.3561,0.0402,0.9598394566642714,1,0.3561,1.032543688698405,0.5637864199999999,"{""credential_attack"": 0.1, ""data_exfiltration"": 0.4, ""insufficient"": 0.5, ""malware"": 0.0}","{""credential_attack"": 0.2562, ""data_exfiltration"": 0.2586, ""insufficient"": 0.3561, ""malware"": 0.1291}",0.2853,0.07618749082486537,0.25009226602986556,0.08176641999999999,24.0
case_6bc4e308e6ba98f2,semantic_repeatability,17.5265830475837,137,0,security_classification,sec_exfil_border,,,0.6804820237218406,0.5,"credential_attack:2,malware:0,data_exfiltration:8,insufficient:10",benchmark_authored_adjudication,,target,choice,insufficient,insufficient,0.3561,0.0402,0.9598394566642714,1,0.3561,1.032543688698405,0.5637864199999999,"{""credential_attack"": 0.1, ""data_exfiltration"": 0.4, ""insufficient"": 0.5, ""malware"": 0.0}","{""credential_attack"": 0.2562, ""data_exfiltration"": 0.2586, ""insufficient"": 0.3561, ""malware"": 0.1291}",0.2853,0.07618749082486537,0.25009226602986556,0.08176641999999999,25.0
case_87ce3cb92aa272b3,semantic_repeatability,16.818000003695488,137,0,security_classification,sec_exfil_border,,,0.6804820237218406,0.5,"credential_attack:2,malware:0,data_exfiltration:8,insufficient:10",benchmark_authored_adjudication,,target,choice,insufficient,insufficient,0.3561,0.0402,0.9598394566642714,1,0.3561,1.032543688698405,0.5637864199999999,"{""credential_attack"": 0.1, ""data_exfiltration"": 0.4, ""insufficient"": 0.5, ""malware"": 0.0}","{""credential_attack"": 0.2562, ""data_exfiltration"": 0.2586, ""insufficient"": 0.3561, ""malware"": 0.1291}",0.2853,0.07618749082486537,0.25009226602986556,0.08176641999999999,26.0
case_3d3b92162d9fdba7,semantic_repeatability,16.853958135470748,137,0,security_classification,sec_exfil_border,,,0.6804820237218406,0.5,"credential_attack:2,malware:0,data_exfiltration:8,insufficient:10",benchmark_authored_adjudication,,target,choice,insufficient,insufficient,0.3561,0.0402,0.9598394566642714,1,0.3561,1.032543688698405,0.5637864199999999,"{""credential_attack"": 0.1, ""data_exfiltration"": 0.4, ""insufficient"": 0.5, ""malware"": 0.0}","{""credential_attack"": 0.2562, ""data_exfiltration"": 0.2586, ""insufficient"": 0.3561, ""malware"": 0.1291}",0.2853,0.07618749082486537,0.25009226602986556,0.08176641999999999,27.0
case_590080963f08d6a9,semantic_repeatability,17.612915951758623,137,0,security_classification,sec_exfil_border,,,0.6804820237218406,0.5,"credential_attack:2,malware:0,data_exfiltration:8,insufficient:10",benchmark_authored_adjudication,,target,choice,insufficient,insufficient,0.3561,0.0402,0.9598394566642714,1,0.3561,1.032543688698405,0.5637864199999999,"{""credential_attack"": 0.1, ""data_exfiltration"": 0.4, ""insufficient"": 0.5, ""malware"": 0.0}","{""credential_attack"": 0.2562, ""data_exfiltration"": 0.2586, ""insufficient"": 0.3561, ""malware"": 0.1291}",0.2853,0.07618749082486537,0.25009226602986556,0.08176641999999999,28.0
case_10b5f7ed6732d4f9,semantic_repeatability,16.95241592824459,137,0,security_classification,sec_exfil_border,,,0.6804820237218406,0.5,"credential_attack:2,malware:0,data_exfiltration:8,insufficient:10",benchmark_authored_adjudication,,target,choice,insufficient,insufficient,0.3561,0.0402,0.9598394566642714,1,0.3561,1.032543688698405,0.5637864199999999,"{""credential_attack"": 0.1, ""data_exfiltration"": 0.4, ""insufficient"": 0.5, ""malware"": 0.0}","{""credential_attack"": 0.2562, ""data_exfiltration"": 0.2586, ""insufficient"": 0.3561, ""malware"": 0.1291}",0.2853,0.07618749082486537,0.25009226602986556,0.08176641999999999,29.0
case_dc79eb2015cd0fcd,semantic_repeatability,17.464915988966823,134,0,security_classification,sec_insufficient,,,0.5783898247235197,0.7,"credential_attack:2,malware:4,data_exfiltration:0,insufficient:14",benchmark_authored_adjudication,,target,choice,insufficient,insufficient,0.4741,0.0931,0.906967465474342,1,0.4741,0.7463370090740643,0.37286943000000006,"{""credential_attack"": 0.1, ""data_exfiltration"": 0.0, ""insufficient"": 0.7, ""malware"": 0.2}","{""credential_attack"": 0.2059, ""data_exfiltration"": 0.1235, ""insufficient"": 0.4741, ""malware"": 0.1966}",0.22934999999999997,0.06309881659345148,0.2039706345571612,0.07750942999999996,0.0
case_dd0d3c88369aff3b,semantic_repeatability,16.94283401593566,134,0,security_classification,sec_insufficient,,,0.5783898247235197,0.7,"credential_attack:2,malware:4,data_exfiltration:0,insufficient:14",benchmark_authored_adjudication,,target,choice,insufficient,insufficient,0.4741,0.0931,0.906967465474342,1,0.4741,0.7463370090740643,0.37286943000000006,"{""credential_attack"": 0.1, ""data_exfiltration"": 0.0, ""insufficient"": 0.7, ""malware"": 0.2}","{""credential_attack"": 0.2059, ""data_exfiltration"": 0.1235, ""insufficient"": 0.4741, ""malware"": 0.1966}",0.22934999999999997,0.06309881659345148,0.2039706345571612,0.07750942999999996,1.0
case_6fa416b0fb1436c6,semantic_repeatability,17.088333144783974,134,0,security_classification,sec_insufficient,,,0.5783898247235197,0.7,"credential_attack:2,malware:4,data_exfiltration:0,insufficient:14",benchmark_authored_adjudication,,target,choice,insufficient,insufficient,0.4741,0.0931,0.906967465474342,1,0.4741,0.7463370090740643,0.37286943000000006,"{""credential_attack"": 0.1, ""data_exfiltration"": 0.0, ""insufficient"": 0.7, ""malware"": 0.2}","{""credential_attack"": 0.2059, ""data_exfiltration"": 0.1235, ""insufficient"": 0.4741, ""malware"": 0.1966}",0.22934999999999997,0.06309881659345148,0.2039706345571612,0.07750942999999996,2.0
case_1198d808fe158b31,semantic_repeatability,16.943916911259294,134,0,security_classification,sec_insufficient,,,0.5783898247235197,0.7,"credential_attack:2,malware:4,data_exfiltration:0,insufficient:14",benchmark_authored_adjudication,,target,choice,insufficient,insufficient,0.4741,0.0931,0.906967465474342,1,0.4741,0.7463370090740643,0.37286943000000006,"{""credential_attack"": 0.1, ""data_exfiltration"": 0.0, ""insufficient"": 0.7, ""malware"": 0.2}","{""credential_attack"": 0.2059, ""data_exfiltration"": 0.1235, ""insufficient"": 0.4741, ""malware"": 0.1966}",0.22934999999999997,0.06309881659345148,0.2039706345571612,0.07750942999999996,3.0
case_da851b96adaac23d,semantic_repeatability,16.95258286781609,134,0,security_classification,sec_insufficient,,,0.5783898247235197,0.7,"credential_attack:2,malware:4,data_exfiltration:0,insufficient:14",benchmark_authored_adjudication,,target,choice,insufficient,insufficient,0.4741,0.0931,0.906967465474342,1,0.4741,0.7463370090740643,0.37286943000000006,"{""credential_attack"": 0.1, ""data_exfiltration"": 0.0, ""insufficient"": 0.7, ""malware"": 0.2}","{""credential_attack"": 0.2059, ""data_exfiltration"": 0.1235, ""insufficient"": 0.4741, ""malware"": 0.1966}",0.22934999999999997,0.06309881659345148,0.2039706345571612,0.07750942999999996,4.0
case_37a759b8c82579e4,semantic_repeatability,16.8294170871377,134,0,security_classification,sec_insufficient,,,0.5783898247235197,0.7,"credential_attack:2,malware:4,data_exfiltration:0,insufficient:14",benchmark_authored_adjudication,,target,choice,insufficient,insufficient,0.4741,0.0931,0.906967465474342,1,0.4741,0.7463370090740643,0.37286943000000006,"{""credential_attack"": 0.1, ""data_exfiltration"": 0.0, ""insufficient"": 0.7, ""malware"": 0.2}","{""credential_attack"": 0.2059, ""data_exfiltration"": 0.1235, ""insufficient"": 0.4741, ""malware"": 0.1966}",0.22934999999999997,0.06309881659345148,0.2039706345571612,0.07750942999999996,5.0
case_e5e8a1d4c667f2a3,semantic_repeatability,16.83770795352757,134,0,security_classification,sec_insufficient,,,0.5783898247235197,0.7,"credential_attack:2,malware:4,data_exfiltration:0,insufficient:14",benchmark_authored_adjudication,,target,choice,insufficient,insufficient,0.4741,0.0931,0.906967465474342,1,0.4741,0.7463370090740643,0.37286943000000006,"{""credential_attack"": 0.1, ""data_exfiltration"": 0.0, ""insufficient"": 0.7, ""malware"": 0.2}","{""credential_attack"": 0.2059, ""data_exfiltration"": 0.1235, ""insufficient"": 0.4741, ""malware"": 0.1966}",0.22934999999999997,0.06309881659345148,0.2039706345571612,0.07750942999999996,6.0
case_9200d157631a2d12,semantic_repeatability,16.854749992489815,134,0,security_classification,sec_insufficient,,,0.5783898247235197,0.7,"credential_attack:2,malware:4,data_exfiltration:0,insufficient:14",benchmark_authored_adjudication,,target,choice,insufficient,insufficient,0.4741,0.0931,0.906967465474342,1,0.4741,0.7463370090740643,0.37286943000000006,"{""credential_attack"": 0.1, ""data_exfiltration"": 0.0, ""insufficient"": 0.7, ""malware"": 0.2}","{""credential_attack"": 0.2059, ""data_exfiltration"": 0.1235, ""insufficient"": 0.4741, ""malware"": 0.1966}",0.22934999999999997,0.06309881659345148,0.2039706345571612,0.07750942999999996,7.0
case_658a77c1f65bb79b,semantic_repeatability,16.873124986886978,134,0,security_classification,sec_insufficient,,,0.5783898247235197,0.7,"credential_attack:2,malware:4,data_exfiltration:0,insufficient:14",benchmark_authored_adjudication,,target,choice,insufficient,insufficient,0.4741,0.0931,0.906967465474342,1,0.4741,0.7463370090740643,0.37286943000000006,"{""credential_attack"": 0.1, ""data_exfiltration"": 0.0, ""insufficient"": 0.7, ""malware"": 0.2}","{""credential_attack"": 0.2059, ""data_exfiltration"": 0.1235, ""insufficient"": 0.4741, ""malware"": 0.1966}",0.22934999999999997,0.06309881659345148,0.2039706345571612,0.07750942999999996,8.0
case_3e51c0ac28a41bf0,semantic_repeatability,16.991666983813047,134,0,security_classification,sec_insufficient,,,0.5783898247235197,0.7,"credential_attack:2,malware:4,data_exfiltration:0,insufficient:14",benchmark_authored_adjudication,,target,choice,insufficient,insufficient,0.4741,0.0931,0.906967465474342,1,0.4741,0.7463370090740643,0.37286943000000006,"{""credential_attack"": 0.1, ""data_exfiltration"": 0.0, ""insufficient"": 0.7, ""malware"": 0.2}","{""credential_attack"": 0.2059, ""data_exfiltration"": 0.1235, ""insufficient"": 0.4741, ""malware"": 0.1966}",0.22934999999999997,0.06309881659345148,0.2039706345571612,0.07750942999999996,9.0
case_dd518a6e460337cc,semantic_repeatability,16.77641598507762,134,0,security_classification,sec_insufficient,,,0.5783898247235197,0.7,"credential_attack:2,malware:4,data_exfiltration:0,insufficient:14",benchmark_authored_adjudication,,target,choice,insufficient,insufficient,0.4741,0.0931,0.906967465474342,1,0.4741,0.7463370090740643,0.37286943000000006,"{""credential_attack"": 0.1, ""data_exfiltration"": 0.0, ""insufficient"": 0.7, ""malware"": 0.2}","{""credential_attack"": 0.2059, ""data_exfiltration"": 0.1235, ""insufficient"": 0.4741, ""malware"": 0.1966}",0.22934999999999997,0.06309881659345148,0.2039706345571612,0.07750942999999996,10.0
case_a2cc351e14af99eb,semantic_repeatability,16.71716687269509,134,0,security_classification,sec_insufficient,,,0.5783898247235197,0.7,"credential_attack:2,malware:4,data_exfiltration:0,insufficient:14",benchmark_authored_adjudication,,target,choice,insufficient,insufficient,0.4741,0.0931,0.906967465474342,1,0.4741,0.7463370090740643,0.37286943000000006,"{""credential_attack"": 0.1, ""data_exfiltration"": 0.0, ""insufficient"": 0.7, ""malware"": 0.2}","{""credential_attack"": 0.2059, ""data_exfiltration"": 0.1235, ""insufficient"": 0.4741, ""malware"": 0.1966}",0.22934999999999997,0.06309881659345148,0.2039706345571612,0.07750942999999996,11.0
case_98d2e7c550907897,semantic_repeatability,16.81358297355473,134,0,security_classification,sec_insufficient,,,0.5783898247235197,0.7,"credential_attack:2,malware:4,data_exfiltration:0,insufficient:14",benchmark_authored_adjudication,,target,choice,insufficient,insufficient,0.4741,0.0931,0.906967465474342,1,0.4741,0.7463370090740643,0.37286943000000006,"{""credential_attack"": 0.1, ""data_exfiltration"": 0.0, ""insufficient"": 0.7, ""malware"": 0.2}","{""credential_attack"": 0.2059, ""data_exfiltration"": 0.1235, ""insufficient"": 0.4741, ""malware"": 0.1966}",0.22934999999999997,0.06309881659345148,0.2039706345571612,0.07750942999999996,12.0
case_e26e308513415b49,semantic_repeatability,17.24275015294552,134,0,security_classification,sec_insufficient,,,0.5783898247235197,0.7,"credential_attack:2,malware:4,data_exfiltration:0,insufficient:14",benchmark_authored_adjudication,,target,choice,insufficient,insufficient,0.4741,0.0931,0.906967465474342,1,0.4741,0.7463370090740643,0.37286943000000006,"{""credential_attack"": 0.1, ""data_exfiltration"": 0.0, ""insufficient"": 0.7, ""malware"": 0.2}","{""credential_attack"": 0.2059, ""data_exfiltration"": 0.1235, ""insufficient"": 0.4741, ""malware"": 0.1966}",0.22934999999999997,0.06309881659345148,0.2039706345571612,0.07750942999999996,13.0
case_0c998aeaa216ef8d,semantic_repeatability,16.82479097507894,134,0,security_classification,sec_insufficient,,,0.5783898247235197,0.7,"credential_attack:2,malware:4,data_exfiltration:0,insufficient:14",benchmark_authored_adjudication,,target,choice,insufficient,insufficient,0.4741,0.0931,0.906967465474342,1,0.4741,0.7463370090740643,0.37286943000000006,"{""credential_attack"": 0.1, ""data_exfiltration"": 0.0, ""insufficient"": 0.7, ""malware"": 0.2}","{""credential_attack"": 0.2059, ""data_exfiltration"": 0.1235, ""insufficient"": 0.4741, ""malware"": 0.1966}",0.22934999999999997,0.06309881659345148,0.2039706345571612,0.07750942999999996,14.0
case_30bf58120dd5e852,semantic_repeatability,16.954333055764437,134,0,security_classification,sec_insufficient,,,0.5783898247235197,0.7,"credential_attack:2,malware:4,data_exfiltration:0,insufficient:14",benchmark_authored_adjudication,,target,choice,insufficient,insufficient,0.4741,0.0931,0.906967465474342,1,0.4741,0.7463370090740643,0.37286943000000006,"{""credential_attack"": 0.1, ""data_exfiltration"": 0.0, ""insufficient"": 0.7, ""malware"": 0.2}","{""credential_attack"": 0.2059, ""data_exfiltration"": 0.1235, ""insufficient"": 0.4741, ""malware"": 0.1966}",0.22934999999999997,0.06309881659345148,0.2039706345571612,0.07750942999999996,15.0
case_d2b4c848e786a4bc,semantic_repeatability,17.171583138406277,134,0,security_classification,sec_insufficient,,,0.5783898247235197,0.7,"credential_attack:2,malware:4,data_exfiltration:0,insufficient:14",benchmark_authored_adjudication,,target,choice,insufficient,insufficient,0.4741,0.0931,0.906967465474342,1,0.4741,0.7463370090740643,0.37286943000000006,"{""credential_attack"": 0.1, ""data_exfiltration"": 0.0, ""insufficient"": 0.7, ""malware"": 0.2}","{""credential_attack"": 0.2059, ""data_exfiltration"": 0.1235, ""insufficient"": 0.4741, ""malware"": 0.1966}",0.22934999999999997,0.06309881659345148,0.2039706345571612,0.07750942999999996,16.0
case_41b59aa649a24feb,semantic_repeatability,17.650916939601302,134,0,security_classification,sec_insufficient,,,0.5783898247235197,0.7,"credential_attack:2,malware:4,data_exfiltration:0,insufficient:14",benchmark_authored_adjudication,,target,choice,insufficient,insufficient,0.4741,0.0931,0.906967465474342,1,0.4741,0.7463370090740643,0.37286943000000006,"{""credential_attack"": 0.1, ""data_exfiltration"": 0.0, ""insufficient"": 0.7, ""malware"": 0.2}","{""credential_attack"": 0.2059, ""data_exfiltration"": 0.1235, ""insufficient"": 0.4741, ""malware"": 0.1966}",0.22934999999999997,0.06309881659345148,0.2039706345571612,0.07750942999999996,17.0
case_da4ebc4efa9b9a03,semantic_repeatability,17.036791890859604,134,0,security_classification,sec_insufficient,,,0.5783898247235197,0.7,"credential_attack:2,malware:4,data_exfiltration:0,insufficient:14",benchmark_authored_adjudication,,target,choice,insufficient,insufficient,0.4741,0.0931,0.906967465474342,1,0.4741,0.7463370090740643,0.37286943000000006,"{""credential_attack"": 0.1, ""data_exfiltration"": 0.0, ""insufficient"": 0.7, ""malware"": 0.2}","{""credential_attack"": 0.2059, ""data_exfiltration"": 0.1235, ""insufficient"": 0.4741, ""malware"": 0.1966}",0.22934999999999997,0.06309881659345148,0.2039706345571612,0.07750942999999996,18.0
case_0e457d1a0220114b,semantic_repeatability,16.97816699743271,134,0,security_classification,sec_insufficient,,,0.5783898247235197,0.7,"credential_attack:2,malware:4,data_exfiltration:0,insufficient:14",benchmark_authored_adjudication,,target,choice,insufficient,insufficient,0.4741,0.0931,0.906967465474342,1,0.4741,0.7463370090740643,0.37286943000000006,"{""credential_attack"": 0.1, ""data_exfiltration"": 0.0, ""insufficient"": 0.7, ""malware"": 0.2}","{""credential_attack"": 0.2059, ""data_exfiltration"": 0.1235, ""insufficient"": 0.4741, ""malware"": 0.1966}",0.22934999999999997,0.06309881659345148,0.2039706345571612,0.07750942999999996,19.0
case_2bc5c9b40752a7d4,semantic_repeatability,16.79895888082683,134,0,security_classification,sec_insufficient,,,0.5783898247235197,0.7,"credential_attack:2,malware:4,data_exfiltration:0,insufficient:14",benchmark_authored_adjudication,,target,choice,insufficient,insufficient,0.4741,0.0931,0.906967465474342,1,0.4741,0.7463370090740643,0.37286943000000006,"{""credential_attack"": 0.1, ""data_exfiltration"": 0.0, ""insufficient"": 0.7, ""malware"": 0.2}","{""credential_attack"": 0.2059, ""data_exfiltration"": 0.1235, ""insufficient"": 0.4741, ""malware"": 0.1966}",0.22934999999999997,0.06309881659345148,0.2039706345571612,0.07750942999999996,20.0
case_2950134b5de51dc4,semantic_repeatability,45.8142498973757,134,0,security_classification,sec_insufficient,,,0.5783898247235197,0.7,"credential_attack:2,malware:4,data_exfiltration:0,insufficient:14",benchmark_authored_adjudication,,target,choice,insufficient,insufficient,0.4741,0.0931,0.906967465474342,1,0.4741,0.7463370090740643,0.37286943000000006,"{""credential_attack"": 0.1, ""data_exfiltration"": 0.0, ""insufficient"": 0.7, ""malware"": 0.2}","{""credential_attack"": 0.2059, ""data_exfiltration"": 0.1235, ""insufficient"": 0.4741, ""malware"": 0.1966}",0.22934999999999997,0.06309881659345148,0.2039706345571612,0.07750942999999996,21.0
case_2a1023a32d1906cb,semantic_repeatability,17.223791917786002,134,0,security_classification,sec_insufficient,,,0.5783898247235197,0.7,"credential_attack:2,malware:4,data_exfiltration:0,insufficient:14",benchmark_authored_adjudication,,target,choice,insufficient,insufficient,0.4741,0.0931,0.906967465474342,1,0.4741,0.7463370090740643,0.37286943000000006,"{""credential_attack"": 0.1, ""data_exfiltration"": 0.0, ""insufficient"": 0.7, ""malware"": 0.2}","{""credential_attack"": 0.2059, ""data_exfiltration"": 0.1235, ""insufficient"": 0.4741, ""malware"": 0.1966}",0.22934999999999997,0.06309881659345148,0.2039706345571612,0.07750942999999996,22.0
case_6fae10471229a37d,semantic_repeatability,17.291666939854622,134,0,security_classification,sec_insufficient,,,0.5783898247235197,0.7,"credential_attack:2,malware:4,data_exfiltration:0,insufficient:14",benchmark_authored_adjudication,,target,choice,insufficient,insufficient,0.4741,0.0931,0.906967465474342,1,0.4741,0.7463370090740643,0.37286943000000006,"{""credential_attack"": 0.1, ""data_exfiltration"": 0.0, ""insufficient"": 0.7, ""malware"": 0.2}","{""credential_attack"": 0.2059, ""data_exfiltration"": 0.1235, ""insufficient"": 0.4741, ""malware"": 0.1966}",0.22934999999999997,0.06309881659345148,0.2039706345571612,0.07750942999999996,23.0
case_92817a9772731aa2,semantic_repeatability,17.014750046655536,134,0,security_classification,sec_insufficient,,,0.5783898247235197,0.7,"credential_attack:2,malware:4,data_exfiltration:0,insufficient:14",benchmark_authored_adjudication,,target,choice,insufficient,insufficient,0.4741,0.0931,0.906967465474342,1,0.4741,0.7463370090740643,0.37286943000000006,"{""credential_attack"": 0.1, ""data_exfiltration"": 0.0, ""insufficient"": 0.7, ""malware"": 0.2}","{""credential_attack"": 0.2059, ""data_exfiltration"": 0.1235, ""insufficient"": 0.4741, ""malware"": 0.1966}",0.22934999999999997,0.06309881659345148,0.2039706345571612,0.07750942999999996,24.0
case_521334dbb2eca1ed,semantic_repeatability,16.873833956196904,134,0,security_classification,sec_insufficient,,,0.5783898247235197,0.7,"credential_attack:2,malware:4,data_exfiltration:0,insufficient:14",benchmark_authored_adjudication,,target,choice,insufficient,insufficient,0.4741,0.0931,0.906967465474342,1,0.4741,0.7463370090740643,0.37286943000000006,"{""credential_attack"": 0.1, ""data_exfiltration"": 0.0, ""insufficient"": 0.7, ""malware"": 0.2}","{""credential_attack"": 0.2059, ""data_exfiltration"": 0.1235, ""insufficient"": 0.4741, ""malware"": 0.1966}",0.22934999999999997,0.06309881659345148,0.2039706345571612,0.07750942999999996,25.0
case_d0faf4e97c9b6bb9,semantic_repeatability,17.03016716055572,134,0,security_classification,sec_insufficient,,,0.5783898247235197,0.7,"credential_attack:2,malware:4,data_exfiltration:0,insufficient:14",benchmark_authored_adjudication,,target,choice,insufficient,insufficient,0.4741,0.0931,0.906967465474342,1,0.4741,0.7463370090740643,0.37286943000000006,"{""credential_attack"": 0.1, ""data_exfiltration"": 0.0, ""insufficient"": 0.7, ""malware"": 0.2}","{""credential_attack"": 0.2059, ""data_exfiltration"": 0.1235, ""insufficient"": 0.4741, ""malware"": 0.1966}",0.22934999999999997,0.06309881659345148,0.2039706345571612,0.07750942999999996,26.0
case_7ea778dec8b0b3c9,semantic_repeatability,17.392083071172237,134,0,security_classification,sec_insufficient,,,0.5783898247235197,0.7,"credential_attack:2,malware:4,data_exfiltration:0,insufficient:14",benchmark_authored_adjudication,,target,choice,insufficient,insufficient,0.4741,0.0931,0.906967465474342,1,0.4741,0.7463370090740643,0.37286943000000006,"{""credential_attack"": 0.1, ""data_exfiltration"": 0.0, ""insufficient"": 0.7, ""malware"": 0.2}","{""credential_attack"": 0.2059, ""data_exfiltration"": 0.1235, ""insufficient"": 0.4741, ""malware"": 0.1966}",0.22934999999999997,0.06309881659345148,0.2039706345571612,0.07750942999999996,27.0
case_85ec0094e20119fb,semantic_repeatability,17.036208882927895,134,0,security_classification,sec_insufficient,,,0.5783898247235197,0.7,"credential_attack:2,malware:4,data_exfiltration:0,insufficient:14",benchmark_authored_adjudication,,target,choice,insufficient,insufficient,0.4741,0.0931,0.906967465474342,1,0.4741,0.7463370090740643,0.37286943000000006,"{""credential_attack"": 0.1, ""data_exfiltration"": 0.0, ""insufficient"": 0.7, ""malware"": 0.2}","{""credential_attack"": 0.2059, ""data_exfiltration"": 0.1235, ""insufficient"": 0.4741, ""malware"": 0.1966}",0.22934999999999997,0.06309881659345148,0.2039706345571612,0.07750942999999996,28.0
case_2b691662be3201a3,semantic_repeatability,17.153792083263397,134,0,security_classification,sec_insufficient,,,0.5783898247235197,0.7,"credential_attack:2,malware:4,data_exfiltration:0,insufficient:14",benchmark_authored_adjudication,,target,choice,insufficient,insufficient,0.4741,0.0931,0.906967465474342,1,0.4741,0.7463370090740643,0.37286943000000006,"{""credential_attack"": 0.1, ""data_exfiltration"": 0.0, ""insufficient"": 0.7, ""malware"": 0.2}","{""credential_attack"": 0.2059, ""data_exfiltration"": 0.1235, ""insufficient"": 0.4741, ""malware"": 0.1966}",0.22934999999999997,0.06309881659345148,0.2039706345571612,0.07750942999999996,29.0
case_49e78081011b9f5a,semantic_repeatability,183.7362078949809,123,0,support_routing,sup_account_technical_border,,,0.6172488983973203,0.5,"billing:0,technical:9,account:10,insufficient:1",benchmark_authored_adjudication,,target,choice,account,account,0.4065,0.1116,0.8884822300522691,1,0.4065,0.9001713499942718,0.50591186,"{""account"": 0.5, ""billing"": 0.0, ""insufficient"": 0.05, ""technical"": 0.45}","{""account"": 0.4065, ""billing"": 0.0714, ""insufficient"": 0.1827, ""technical"": 0.3394}",0.20410000000000003,0.05115386659767713,0.16565166530328024,0.04368186000000001,0.0
case_7e25257c8b3ee62c,semantic_repeatability,67.90399993769825,123,0,support_routing,sup_account_technical_border,,,0.6172488983973203,0.5,"billing:0,technical:9,account:10,insufficient:1",benchmark_authored_adjudication,,target,choice,account,account,0.4065,0.1116,0.8884822300522691,1,0.4065,0.9001713499942718,0.50591186,"{""account"": 0.5, ""billing"": 0.0, ""insufficient"": 0.05, ""technical"": 0.45}","{""account"": 0.4065, ""billing"": 0.0714, ""insufficient"": 0.1827, ""technical"": 0.3394}",0.20410000000000003,0.05115386659767713,0.16565166530328024,0.04368186000000001,1.0
case_b0225f5eb5aeba61,semantic_repeatability,14.934292063117027,123,0,support_routing,sup_account_technical_border,,,0.6172488983973203,0.5,"billing:0,technical:9,account:10,insufficient:1",benchmark_authored_adjudication,,target,choice,account,account,0.4065,0.1116,0.8884822300522691,1,0.4065,0.9001713499942718,0.50591186,"{""account"": 0.5, ""billing"": 0.0, ""insufficient"": 0.05, ""technical"": 0.45}","{""account"": 0.4065, ""billing"": 0.0714, ""insufficient"": 0.1827, ""technical"": 0.3394}",0.20410000000000003,0.05115386659767713,0.16565166530328024,0.04368186000000001,2.0
case_e1a303ec0a877c41,semantic_repeatability,15.152624808251858,123,0,support_routing,sup_account_technical_border,,,0.6172488983973203,0.5,"billing:0,technical:9,account:10,insufficient:1",benchmark_authored_adjudication,,target,choice,account,account,0.4065,0.1116,0.8884822300522691,1,0.4065,0.9001713499942718,0.50591186,"{""account"": 0.5, ""billing"": 0.0, ""insufficient"": 0.05, ""technical"": 0.45}","{""account"": 0.4065, ""billing"": 0.0714, ""insufficient"": 0.1827, ""technical"": 0.3394}",0.20410000000000003,0.05115386659767713,0.16565166530328024,0.04368186000000001,3.0
case_3d9e5c082972b958,semantic_repeatability,14.320540940389037,123,0,support_routing,sup_account_technical_border,,,0.6172488983973203,0.5,"billing:0,technical:9,account:10,insufficient:1",benchmark_authored_adjudication,,target,choice,account,account,0.4065,0.1116,0.8884822300522691,1,0.4065,0.9001713499942718,0.50591186,"{""account"": 0.5, ""billing"": 0.0, ""insufficient"": 0.05, ""technical"": 0.45}","{""account"": 0.4065, ""billing"": 0.0714, ""insufficient"": 0.1827, ""technical"": 0.3394}",0.20410000000000003,0.05115386659767713,0.16565166530328024,0.04368186000000001,4.0
case_a8c38d9e164ee872,semantic_repeatability,13.82604194805026,123,0,support_routing,sup_account_technical_border,,,0.6172488983973203,0.5,"billing:0,technical:9,account:10,insufficient:1",benchmark_authored_adjudication,,target,choice,account,account,0.4065,0.1116,0.8884822300522691,1,0.4065,0.9001713499942718,0.50591186,"{""account"": 0.5, ""billing"": 0.0, ""insufficient"": 0.05, ""technical"": 0.45}","{""account"": 0.4065, ""billing"": 0.0714, ""insufficient"": 0.1827, ""technical"": 0.3394}",0.20410000000000003,0.05115386659767713,0.16565166530328024,0.04368186000000001,5.0
case_032641f88aac8faf,semantic_repeatability,13.714041095227003,123,0,support_routing,sup_account_technical_border,,,0.6172488983973203,0.5,"billing:0,technical:9,account:10,insufficient:1",benchmark_authored_adjudication,,target,choice,account,account,0.4065,0.1116,0.8884822300522691,1,0.4065,0.9001713499942718,0.50591186,"{""account"": 0.5, ""billing"": 0.0, ""insufficient"": 0.05, ""technical"": 0.45}","{""account"": 0.4065, ""billing"": 0.0714, ""insufficient"": 0.1827, ""technical"": 0.3394}",0.20410000000000003,0.05115386659767713,0.16565166530328024,0.04368186000000001,6.0
case_9bdfa7bce468b258,semantic_repeatability,13.430374907329679,123,0,support_routing,sup_account_technical_border,,,0.6172488983973203,0.5,"billing:0,technical:9,account:10,insufficient:1",benchmark_authored_adjudication,,target,choice,account,account,0.4065,0.1116,0.8884822300522691,1,0.4065,0.9001713499942718,0.50591186,"{""account"": 0.5, ""billing"": 0.0, ""insufficient"": 0.05, ""technical"": 0.45}","{""account"": 0.4065, ""billing"": 0.0714, ""insufficient"": 0.1827, ""technical"": 0.3394}",0.20410000000000003,0.05115386659767713,0.16565166530328024,0.04368186000000001,7.0
case_789f11098c4045ca,semantic_repeatability,13.70708318427205,123,0,support_routing,sup_account_technical_border,,,0.6172488983973203,0.5,"billing:0,technical:9,account:10,insufficient:1",benchmark_authored_adjudication,,target,choice,account,account,0.4065,0.1116,0.8884822300522691,1,0.4065,0.9001713499942718,0.50591186,"{""account"": 0.5, ""billing"": 0.0, ""insufficient"": 0.05, ""technical"": 0.45}","{""account"": 0.4065, ""billing"": 0.0714, ""insufficient"": 0.1827, ""technical"": 0.3394}",0.20410000000000003,0.05115386659767713,0.16565166530328024,0.04368186000000001,8.0
case_7e6cd8769c0c133a,semantic_repeatability,13.761958107352257,123,0,support_routing,sup_account_technical_border,,,0.6172488983973203,0.5,"billing:0,technical:9,account:10,insufficient:1",benchmark_authored_adjudication,,target,choice,account,account,0.4065,0.1116,0.8884822300522691,1,0.4065,0.9001713499942718,0.50591186,"{""account"": 0.5, ""billing"": 0.0, ""insufficient"": 0.05, ""technical"": 0.45}","{""account"": 0.4065, ""billing"": 0.0714, ""insufficient"": 0.1827, ""technical"": 0.3394}",0.20410000000000003,0.05115386659767713,0.16565166530328024,0.04368186000000001,9.0
case_f33790c54024a6c6,semantic_repeatability,20.162916975095868,123,0,support_routing,sup_account_technical_border,,,0.6172488983973203,0.5,"billing:0,technical:9,account:10,insufficient:1",benchmark_authored_adjudication,,target,choice,account,account,0.4065,0.1116,0.8884822300522691,1,0.4065,0.9001713499942718,0.50591186,"{""account"": 0.5, ""billing"": 0.0, ""insufficient"": 0.05, ""technical"": 0.45}","{""account"": 0.4065, ""billing"": 0.0714, ""insufficient"": 0.1827, ""technical"": 0.3394}",0.20410000000000003,0.05115386659767713,0.16565166530328024,0.04368186000000001,10.0
case_e4553c02747a82bb,semantic_repeatability,13.352292124181986,123,0,support_routing,sup_account_technical_border,,,0.6172488983973203,0.5,"billing:0,technical:9,account:10,insufficient:1",benchmark_authored_adjudication,,target,choice,account,account,0.4065,0.1116,0.8884822300522691,1,0.4065,0.9001713499942718,0.50591186,"{""account"": 0.5, ""billing"": 0.0, ""insufficient"": 0.05, ""technical"": 0.45}","{""account"": 0.4065, ""billing"": 0.0714, ""insufficient"": 0.1827, ""technical"": 0.3394}",0.20410000000000003,0.05115386659767713,0.16565166530328024,0.04368186000000001,11.0
case_1f8aa27d713e39ec,semantic_repeatability,13.251957949250937,123,0,support_routing,sup_account_technical_border,,,0.6172488983973203,0.5,"billing:0,technical:9,account:10,insufficient:1",benchmark_authored_adjudication,,target,choice,account,account,0.4065,0.1116,0.8884822300522691,1,0.4065,0.9001713499942718,0.50591186,"{""account"": 0.5, ""billing"": 0.0, ""insufficient"": 0.05, ""technical"": 0.45}","{""account"": 0.4065, ""billing"": 0.0714, ""insufficient"": 0.1827, ""technical"": 0.3394}",0.20410000000000003,0.05115386659767713,0.16565166530328024,0.04368186000000001,12.0
case_5d6785fde3cfd75b,semantic_repeatability,13.242624932900071,123,0,support_routing,sup_account_technical_border,,,0.6172488983973203,0.5,"billing:0,technical:9,account:10,insufficient:1",benchmark_authored_adjudication,,target,choice,account,account,0.4065,0.1116,0.8884822300522691,1,0.4065,0.9001713499942718,0.50591186,"{""account"": 0.5, ""billing"": 0.0, ""insufficient"": 0.05, ""technical"": 0.45}","{""account"": 0.4065, ""billing"": 0.0714, ""insufficient"": 0.1827, ""technical"": 0.3394}",0.20410000000000003,0.05115386659767713,0.16565166530328024,0.04368186000000001,13.0
case_0621ea41e9ff636b,semantic_repeatability,13.269457966089249,123,0,support_routing,sup_account_technical_border,,,0.6172488983973203,0.5,"billing:0,technical:9,account:10,insufficient:1",benchmark_authored_adjudication,,target,choice,account,account,0.4065,0.1116,0.8884822300522691,1,0.4065,0.9001713499942718,0.50591186,"{""account"": 0.5, ""billing"": 0.0, ""insufficient"": 0.05, ""technical"": 0.45}","{""account"": 0.4065, ""billing"": 0.0714, ""insufficient"": 0.1827, ""technical"": 0.3394}",0.20410000000000003,0.05115386659767713,0.16565166530328024,0.04368186000000001,14.0
case_642e3760ae984d9f,semantic_repeatability,13.343458995223045,123,0,support_routing,sup_account_technical_border,,,0.6172488983973203,0.5,"billing:0,technical:9,account:10,insufficient:1",benchmark_authored_adjudication,,target,choice,account,account,0.4065,0.1116,0.8884822300522691,1,0.4065,0.9001713499942718,0.50591186,"{""account"": 0.5, ""billing"": 0.0, ""insufficient"": 0.05, ""technical"": 0.45}","{""account"": 0.4065, ""billing"": 0.0714, ""insufficient"": 0.1827, ""technical"": 0.3394}",0.20410000000000003,0.05115386659767713,0.16565166530328024,0.04368186000000001,15.0
case_a063c138dc236835,semantic_repeatability,13.254584046080709,123,0,support_routing,sup_account_technical_border,,,0.6172488983973203,0.5,"billing:0,technical:9,account:10,insufficient:1",benchmark_authored_adjudication,,target,choice,account,account,0.4065,0.1116,0.8884822300522691,1,0.4065,0.9001713499942718,0.50591186,"{""account"": 0.5, ""billing"": 0.0, ""insufficient"": 0.05, ""technical"": 0.45}","{""account"": 0.4065, ""billing"": 0.0714, ""insufficient"": 0.1827, ""technical"": 0.3394}",0.20410000000000003,0.05115386659767713,0.16565166530328024,0.04368186000000001,16.0
case_f7442c338e5ef4bc,semantic_repeatability,13.194791972637177,123,0,support_routing,sup_account_technical_border,,,0.6172488983973203,0.5,"billing:0,technical:9,account:10,insufficient:1",benchmark_authored_adjudication,,target,choice,account,account,0.4065,0.1116,0.8884822300522691,1,0.4065,0.9001713499942718,0.50591186,"{""account"": 0.5, ""billing"": 0.0, ""insufficient"": 0.05, ""technical"": 0.45}","{""account"": 0.4065, ""billing"": 0.0714, ""insufficient"": 0.1827, ""technical"": 0.3394}",0.20410000000000003,0.05115386659767713,0.16565166530328024,0.04368186000000001,17.0
case_13767d9e9234e25f,semantic_repeatability,13.421916868537664,123,0,support_routing,sup_account_technical_border,,,0.6172488983973203,0.5,"billing:0,technical:9,account:10,insufficient:1",benchmark_authored_adjudication,,target,choice,account,account,0.4065,0.1116,0.8884822300522691,1,0.4065,0.9001713499942718,0.50591186,"{""account"": 0.5, ""billing"": 0.0, ""insufficient"": 0.05, ""technical"": 0.45}","{""account"": 0.4065, ""billing"": 0.0714, ""insufficient"": 0.1827, ""technical"": 0.3394}",0.20410000000000003,0.05115386659767713,0.16565166530328024,0.04368186000000001,18.0
case_b26a9172be99093e,semantic_repeatability,13.15658399835229,123,0,support_routing,sup_account_technical_border,,,0.6172488983973203,0.5,"billing:0,technical:9,account:10,insufficient:1",benchmark_authored_adjudication,,target,choice,account,account,0.4065,0.1116,0.8884822300522691,1,0.4065,0.9001713499942718,0.50591186,"{""account"": 0.5, ""billing"": 0.0, ""insufficient"": 0.05, ""technical"": 0.45}","{""account"": 0.4065, ""billing"": 0.0714, ""insufficient"": 0.1827, ""technical"": 0.3394}",0.20410000000000003,0.05115386659767713,0.16565166530328024,0.04368186000000001,19.0
case_00b2d20f44595354,semantic_repeatability,13.181749964132905,123,0,support_routing,sup_account_technical_border,,,0.6172488983973203,0.5,"billing:0,technical:9,account:10,insufficient:1",benchmark_authored_adjudication,,target,choice,account,account,0.4065,0.1116,0.8884822300522691,1,0.4065,0.9001713499942718,0.50591186,"{""account"": 0.5, ""billing"": 0.0, ""insufficient"": 0.05, ""technical"": 0.45}","{""account"": 0.4065, ""billing"": 0.0714, ""insufficient"": 0.1827, ""technical"": 0.3394}",0.20410000000000003,0.05115386659767713,0.16565166530328024,0.04368186000000001,20.0
case_954b32b24224fe5d,semantic_repeatability,13.24141607619822,123,0,support_routing,sup_account_technical_border,,,0.6172488983973203,0.5,"billing:0,technical:9,account:10,insufficient:1",benchmark_authored_adjudication,,target,choice,account,account,0.4065,0.1116,0.8884822300522691,1,0.4065,0.9001713499942718,0.50591186,"{""account"": 0.5, ""billing"": 0.0, ""insufficient"": 0.05, ""technical"": 0.45}","{""account"": 0.4065, ""billing"": 0.0714, ""insufficient"": 0.1827, ""technical"": 0.3394}",0.20410000000000003,0.05115386659767713,0.16565166530328024,0.04368186000000001,21.0
case_18977820a0458dcc,semantic_repeatability,13.332624919712543,123,0,support_routing,sup_account_technical_border,,,0.6172488983973203,0.5,"billing:0,technical:9,account:10,insufficient:1",benchmark_authored_adjudication,,target,choice,account,account,0.4065,0.1116,0.8884822300522691,1,0.4065,0.9001713499942718,0.50591186,"{""account"": 0.5, ""billing"": 0.0, ""insufficient"": 0.05, ""technical"": 0.45}","{""account"": 0.4065, ""billing"": 0.0714, ""insufficient"": 0.1827, ""technical"": 0.3394}",0.20410000000000003,0.05115386659767713,0.16565166530328024,0.04368186000000001,22.0
case_b2db7fbe4c676346,semantic_repeatability,13.338834047317505,123,0,support_routing,sup_account_technical_border,,,0.6172488983973203,0.5,"billing:0,technical:9,account:10,insufficient:1",benchmark_authored_adjudication,,target,choice,account,account,0.4065,0.1116,0.8884822300522691,1,0.4065,0.9001713499942718,0.50591186,"{""account"": 0.5, ""billing"": 0.0, ""insufficient"": 0.05, ""technical"": 0.45}","{""account"": 0.4065, ""billing"": 0.0714, ""insufficient"": 0.1827, ""technical"": 0.3394}",0.20410000000000003,0.05115386659767713,0.16565166530328024,0.04368186000000001,23.0
case_7dbfaa7978ffb5c9,semantic_repeatability,13.261167099699378,123,0,support_routing,sup_account_technical_border,,,0.6172488983973203,0.5,"billing:0,technical:9,account:10,insufficient:1",benchmark_authored_adjudication,,target,choice,account,account,0.4065,0.1116,0.8884822300522691,1,0.4065,0.9001713499942718,0.50591186,"{""account"": 0.5, ""billing"": 0.0, ""insufficient"": 0.05, ""technical"": 0.45}","{""account"": 0.4065, ""billing"": 0.0714, ""insufficient"": 0.1827, ""technical"": 0.3394}",0.20410000000000003,0.05115386659767713,0.16565166530328024,0.04368186000000001,24.0
case_b0a5c4f237d56110,semantic_repeatability,13.283833162859082,123,0,support_routing,sup_account_technical_border,,,0.6172488983973203,0.5,"billing:0,technical:9,account:10,insufficient:1",benchmark_authored_adjudication,,target,choice,account,account,0.4065,0.1116,0.8884822300522691,1,0.4065,0.9001713499942718,0.50591186,"{""account"": 0.5, ""billing"": 0.0, ""insufficient"": 0.05, ""technical"": 0.45}","{""account"": 0.4065, ""billing"": 0.0714, ""insufficient"": 0.1827, ""technical"": 0.3394}",0.20410000000000003,0.05115386659767713,0.16565166530328024,0.04368186000000001,25.0
case_dc833553810689a2,semantic_repeatability,13.540416024625301,123,0,support_routing,sup_account_technical_border,,,0.6172488983973203,0.5,"billing:0,technical:9,account:10,insufficient:1",benchmark_authored_adjudication,,target,choice,account,account,0.4065,0.1116,0.8884822300522691,1,0.4065,0.9001713499942718,0.50591186,"{""account"": 0.5, ""billing"": 0.0, ""insufficient"": 0.05, ""technical"": 0.45}","{""account"": 0.4065, ""billing"": 0.0714, ""insufficient"": 0.1827, ""technical"": 0.3394}",0.20410000000000003,0.05115386659767713,0.16565166530328024,0.04368186000000001,26.0
case_fa438958ed2aa6b2,semantic_repeatability,13.669083826243877,123,0,support_routing,sup_account_technical_border,,,0.6172488983973203,0.5,"billing:0,technical:9,account:10,insufficient:1",benchmark_authored_adjudication,,target,choice,account,account,0.4065,0.1116,0.8884822300522691,1,0.4065,0.9001713499942718,0.50591186,"{""account"": 0.5, ""billing"": 0.0, ""insufficient"": 0.05, ""technical"": 0.45}","{""account"": 0.4065, ""billing"": 0.0714, ""insufficient"": 0.1827, ""technical"": 0.3394}",0.20410000000000003,0.05115386659767713,0.16565166530328024,0.04368186000000001,27.0
case_782073e767fe456e,semantic_repeatability,13.368250103667378,123,0,support_routing,sup_account_technical_border,,,0.6172488983973203,0.5,"billing:0,technical:9,account:10,insufficient:1",benchmark_authored_adjudication,,target,choice,account,account,0.4065,0.1116,0.8884822300522691,1,0.4065,0.9001713499942718,0.50591186,"{""account"": 0.5, ""billing"": 0.0, ""insufficient"": 0.05, ""technical"": 0.45}","{""account"": 0.4065, ""billing"": 0.0714, ""insufficient"": 0.1827, ""technical"": 0.3394}",0.20410000000000003,0.05115386659767713,0.16565166530328024,0.04368186000000001,28.0
case_dcf9265ccda96b95,semantic_repeatability,13.340165838599205,123,0,support_routing,sup_account_technical_border,,,0.6172488983973203,0.5,"billing:0,technical:9,account:10,insufficient:1",benchmark_authored_adjudication,,target,choice,account,account,0.4065,0.1116,0.8884822300522691,1,0.4065,0.9001713499942718,0.50591186,"{""account"": 0.5, ""billing"": 0.0, ""insufficient"": 0.05, ""technical"": 0.45}","{""account"": 0.4065, ""billing"": 0.0714, ""insufficient"": 0.1827, ""technical"": 0.3394}",0.20410000000000003,0.05115386659767713,0.16565166530328024,0.04368186000000001,29.0
case_dbef5b55d7b36368,semantic_repeatability,14.588624937459826,122,0,support_routing,sup_billing_account_border,,,0.6172488983973203,0.5,"billing:9,technical:0,account:10,insufficient:1",benchmark_authored_adjudication,,target,choice,account,billing,0.5702,0.1943,0.8057014274330123,0,0.1928,1.6461018968056917,1.01076856,"{""account"": 0.5, ""billing"": 0.45, ""insufficient"": 0.05, ""technical"": 0.0}","{""account"": 0.1928, ""billing"": 0.5702, ""insufficient"": 0.1732, ""technical"": 0.0638}",0.30720000000000003,0.07891940787250892,0.30782334141647105,0.12806856000000003,0.0
case_fc3196c26d6da959,semantic_repeatability,14.943709131330252,122,0,support_routing,sup_billing_account_border,,,0.6172488983973203,0.5,"billing:9,technical:0,account:10,insufficient:1",benchmark_authored_adjudication,,target,choice,account,billing,0.5702,0.1943,0.8057014274330123,0,0.1928,1.6461018968056917,1.01076856,"{""account"": 0.5, ""billing"": 0.45, ""insufficient"": 0.05, ""technical"": 0.0}","{""account"": 0.1928, ""billing"": 0.5702, ""insufficient"": 0.1732, ""technical"": 0.0638}",0.30720000000000003,0.07891940787250892,0.30782334141647105,0.12806856000000003,1.0
case_cd55ed9a02e11dc1,semantic_repeatability,14.41375003196299,122,0,support_routing,sup_billing_account_border,,,0.6172488983973203,0.5,"billing:9,technical:0,account:10,insufficient:1",benchmark_authored_adjudication,,target,choice,account,billing,0.5702,0.1943,0.8057014274330123,0,0.1928,1.6461018968056917,1.01076856,"{""account"": 0.5, ""billing"": 0.45, ""insufficient"": 0.05, ""technical"": 0.0}","{""account"": 0.1928, ""billing"": 0.5702, ""insufficient"": 0.1732, ""technical"": 0.0638}",0.30720000000000003,0.07891940787250892,0.30782334141647105,0.12806856000000003,2.0
case_625a69af13eaabf9,semantic_repeatability,13.338625198230147,122,0,support_routing,sup_billing_account_border,,,0.6172488983973203,0.5,"billing:9,technical:0,account:10,insufficient:1",benchmark_authored_adjudication,,target,choice,account,billing,0.5702,0.1943,0.8057014274330123,0,0.1928,1.6461018968056917,1.01076856,"{""account"": 0.5, ""billing"": 0.45, ""insufficient"": 0.05, ""technical"": 0.0}","{""account"": 0.1928, ""billing"": 0.5702, ""insufficient"": 0.1732, ""technical"": 0.0638}",0.30720000000000003,0.07891940787250892,0.30782334141647105,0.12806856000000003,3.0
case_a99e2a7168fdfd88,semantic_repeatability,13.34275002591312,122,0,support_routing,sup_billing_account_border,,,0.6172488983973203,0.5,"billing:9,technical:0,account:10,insufficient:1",benchmark_authored_adjudication,,target,choice,account,billing,0.5702,0.1943,0.8057014274330123,0,0.1928,1.6461018968056917,1.01076856,"{""account"": 0.5, ""billing"": 0.45, ""insufficient"": 0.05, ""technical"": 0.0}","{""account"": 0.1928, ""billing"": 0.5702, ""insufficient"": 0.1732, ""technical"": 0.0638}",0.30720000000000003,0.07891940787250892,0.30782334141647105,0.12806856000000003,4.0
case_f6c46ce809a72612,semantic_repeatability,13.25133303180337,122,0,support_routing,sup_billing_account_border,,,0.6172488983973203,0.5,"billing:9,technical:0,account:10,insufficient:1",benchmark_authored_adjudication,,target,choice,account,billing,0.5702,0.1943,0.8057014274330123,0,0.1928,1.6461018968056917,1.01076856,"{""account"": 0.5, ""billing"": 0.45, ""insufficient"": 0.05, ""technical"": 0.0}","{""account"": 0.1928, ""billing"": 0.5702, ""insufficient"": 0.1732, ""technical"": 0.0638}",0.30720000000000003,0.07891940787250892,0.30782334141647105,0.12806856000000003,5.0
case_841bbee97525e45a,semantic_repeatability,13.22729210369289,122,0,support_routing,sup_billing_account_border,,,0.6172488983973203,0.5,"billing:9,technical:0,account:10,insufficient:1",benchmark_authored_adjudication,,target,choice,account,billing,0.5702,0.1943,0.8057014274330123,0,0.1928,1.6461018968056917,1.01076856,"{""account"": 0.5, ""billing"": 0.45, ""insufficient"": 0.05, ""technical"": 0.0}","{""account"": 0.1928, ""billing"": 0.5702, ""insufficient"": 0.1732, ""technical"": 0.0638}",0.30720000000000003,0.07891940787250892,0.30782334141647105,0.12806856000000003,6.0
case_3d1c0af53e9b81c7,semantic_repeatability,13.23183299973607,122,0,support_routing,sup_billing_account_border,,,0.6172488983973203,0.5,"billing:9,technical:0,account:10,insufficient:1",benchmark_authored_adjudication,,target,choice,account,billing,0.5702,0.1943,0.8057014274330123,0,0.1928,1.6461018968056917,1.01076856,"{""account"": 0.5, ""billing"": 0.45, ""insufficient"": 0.05, ""technical"": 0.0}","{""account"": 0.1928, ""billing"": 0.5702, ""insufficient"": 0.1732, ""technical"": 0.0638}",0.30720000000000003,0.07891940787250892,0.30782334141647105,0.12806856000000003,7.0
case_93f3cad526902149,semantic_repeatability,13.216332998126745,122,0,support_routing,sup_billing_account_border,,,0.6172488983973203,0.5,"billing:9,technical:0,account:10,insufficient:1",benchmark_authored_adjudication,,target,choice,account,billing,0.5702,0.1943,0.8057014274330123,0,0.1928,1.6461018968056917,1.01076856,"{""account"": 0.5, ""billing"": 0.45, ""insufficient"": 0.05, ""technical"": 0.0}","{""account"": 0.1928, ""billing"": 0.5702, ""insufficient"": 0.1732, ""technical"": 0.0638}",0.30720000000000003,0.07891940787250892,0.30782334141647105,0.12806856000000003,8.0
case_4ab84dd3ab23f324,semantic_repeatability,13.264874927699566,122,0,support_routing,sup_billing_account_border,,,0.6172488983973203,0.5,"billing:9,technical:0,account:10,insufficient:1",benchmark_authored_adjudication,,target,choice,account,billing,0.5702,0.1943,0.8057014274330123,0,0.1928,1.6461018968056917,1.01076856,"{""account"": 0.5, ""billing"": 0.45, ""insufficient"": 0.05, ""technical"": 0.0}","{""account"": 0.1928, ""billing"": 0.5702, ""insufficient"": 0.1732, ""technical"": 0.0638}",0.30720000000000003,0.07891940787250892,0.30782334141647105,0.12806856000000003,9.0
case_472bcaaf2346a06e,semantic_repeatability,13.401916017755866,122,0,support_routing,sup_billing_account_border,,,0.6172488983973203,0.5,"billing:9,technical:0,account:10,insufficient:1",benchmark_authored_adjudication,,target,choice,account,billing,0.5702,0.1943,0.8057014274330123,0,0.1928,1.6461018968056917,1.01076856,"{""account"": 0.5, ""billing"": 0.45, ""insufficient"": 0.05, ""technical"": 0.0}","{""account"": 0.1928, ""billing"": 0.5702, ""insufficient"": 0.1732, ""technical"": 0.0638}",0.30720000000000003,0.07891940787250892,0.30782334141647105,0.12806856000000003,10.0
case_976eb8a2821dadfe,semantic_repeatability,13.283250154927373,122,0,support_routing,sup_billing_account_border,,,0.6172488983973203,0.5,"billing:9,technical:0,account:10,insufficient:1",benchmark_authored_adjudication,,target,choice,account,billing,0.5702,0.1943,0.8057014274330123,0,0.1928,1.6461018968056917,1.01076856,"{""account"": 0.5, ""billing"": 0.45, ""insufficient"": 0.05, ""technical"": 0.0}","{""account"": 0.1928, ""billing"": 0.5702, ""insufficient"": 0.1732, ""technical"": 0.0638}",0.30720000000000003,0.07891940787250892,0.30782334141647105,0.12806856000000003,11.0
case_2c1ee90d310767df,semantic_repeatability,13.278458034619689,122,0,support_routing,sup_billing_account_border,,,0.6172488983973203,0.5,"billing:9,technical:0,account:10,insufficient:1",benchmark_authored_adjudication,,target,choice,account,billing,0.5702,0.1943,0.8057014274330123,0,0.1928,1.6461018968056917,1.01076856,"{""account"": 0.5, ""billing"": 0.45, ""insufficient"": 0.05, ""technical"": 0.0}","{""account"": 0.1928, ""billing"": 0.5702, ""insufficient"": 0.1732, ""technical"": 0.0638}",0.30720000000000003,0.07891940787250892,0.30782334141647105,0.12806856000000003,12.0
case_e91c5246d2e6a00a,semantic_repeatability,13.150166952982545,122,0,support_routing,sup_billing_account_border,,,0.6172488983973203,0.5,"billing:9,technical:0,account:10,insufficient:1",benchmark_authored_adjudication,,target,choice,account,billing,0.5702,0.1943,0.8057014274330123,0,0.1928,1.6461018968056917,1.01076856,"{""account"": 0.5, ""billing"": 0.45, ""insufficient"": 0.05, ""technical"": 0.0}","{""account"": 0.1928, ""billing"": 0.5702, ""insufficient"": 0.1732, ""technical"": 0.0638}",0.30720000000000003,0.07891940787250892,0.30782334141647105,0.12806856000000003,13.0
case_f66d57c3e94a51c3,semantic_repeatability,13.410457875579596,122,0,support_routing,sup_billing_account_border,,,0.6172488983973203,0.5,"billing:9,technical:0,account:10,insufficient:1",benchmark_authored_adjudication,,target,choice,account,billing,0.5702,0.1943,0.8057014274330123,0,0.1928,1.6461018968056917,1.01076856,"{""account"": 0.5, ""billing"": 0.45, ""insufficient"": 0.05, ""technical"": 0.0}","{""account"": 0.1928, ""billing"": 0.5702, ""insufficient"": 0.1732, ""technical"": 0.0638}",0.30720000000000003,0.07891940787250892,0.30782334141647105,0.12806856000000003,14.0
case_0c77034e470a97ab,semantic_repeatability,13.43266712501645,122,0,support_routing,sup_billing_account_border,,,0.6172488983973203,0.5,"billing:9,technical:0,account:10,insufficient:1",benchmark_authored_adjudication,,target,choice,account,billing,0.5702,0.1943,0.8057014274330123,0,0.1928,1.6461018968056917,1.01076856,"{""account"": 0.5, ""billing"": 0.45, ""insufficient"": 0.05, ""technical"": 0.0}","{""account"": 0.1928, ""billing"": 0.5702, ""insufficient"": 0.1732, ""technical"": 0.0638}",0.30720000000000003,0.07891940787250892,0.30782334141647105,0.12806856000000003,15.0
case_1004b639ee2e6c3b,semantic_repeatability,13.391334097832441,122,0,support_routing,sup_billing_account_border,,,0.6172488983973203,0.5,"billing:9,technical:0,account:10,insufficient:1",benchmark_authored_adjudication,,target,choice,account,billing,0.5702,0.1943,0.8057014274330123,0,0.1928,1.6461018968056917,1.01076856,"{""account"": 0.5, ""billing"": 0.45, ""insufficient"": 0.05, ""technical"": 0.0}","{""account"": 0.1928, ""billing"": 0.5702, ""insufficient"": 0.1732, ""technical"": 0.0638}",0.30720000000000003,0.07891940787250892,0.30782334141647105,0.12806856000000003,16.0
case_ba3504a6f21fcb8f,semantic_repeatability,13.314499985426664,122,0,support_routing,sup_billing_account_border,,,0.6172488983973203,0.5,"billing:9,technical:0,account:10,insufficient:1",benchmark_authored_adjudication,,target,choice,account,billing,0.5702,0.1943,0.8057014274330123,0,0.1928,1.6461018968056917,1.01076856,"{""account"": 0.5, ""billing"": 0.45, ""insufficient"": 0.05, ""technical"": 0.0}","{""account"": 0.1928, ""billing"": 0.5702, ""insufficient"": 0.1732, ""technical"": 0.0638}",0.30720000000000003,0.07891940787250892,0.30782334141647105,0.12806856000000003,17.0
case_97210a6a0d0aff8d,semantic_repeatability,13.306709006428719,122,0,support_routing,sup_billing_account_border,,,0.6172488983973203,0.5,"billing:9,technical:0,account:10,insufficient:1",benchmark_authored_adjudication,,target,choice,account,billing,0.5702,0.1943,0.8057014274330123,0,0.1928,1.6461018968056917,1.01076856,"{""account"": 0.5, ""billing"": 0.45, ""insufficient"": 0.05, ""technical"": 0.0}","{""account"": 0.1928, ""billing"": 0.5702, ""insufficient"": 0.1732, ""technical"": 0.0638}",0.30720000000000003,0.07891940787250892,0.30782334141647105,0.12806856000000003,18.0
case_7793ad338bea2866,semantic_repeatability,13.352666981518269,122,0,support_routing,sup_billing_account_border,,,0.6172488983973203,0.5,"billing:9,technical:0,account:10,insufficient:1",benchmark_authored_adjudication,,target,choice,account,billing,0.5702,0.1943,0.8057014274330123,0,0.1928,1.6461018968056917,1.01076856,"{""account"": 0.5, ""billing"": 0.45, ""insufficient"": 0.05, ""technical"": 0.0}","{""account"": 0.1928, ""billing"": 0.5702, ""insufficient"": 0.1732, ""technical"": 0.0638}",0.30720000000000003,0.07891940787250892,0.30782334141647105,0.12806856000000003,19.0
case_00ac971a0605cb57,semantic_repeatability,13.360874960198998,122,0,support_routing,sup_billing_account_border,,,0.6172488983973203,0.5,"billing:9,technical:0,account:10,insufficient:1",benchmark_authored_adjudication,,target,choice,account,billing,0.5702,0.1943,0.8057014274330123,0,0.1928,1.6461018968056917,1.01076856,"{""account"": 0.5, ""billing"": 0.45, ""insufficient"": 0.05, ""technical"": 0.0}","{""account"": 0.1928, ""billing"": 0.5702, ""insufficient"": 0.1732, ""technical"": 0.0638}",0.30720000000000003,0.07891940787250892,0.30782334141647105,0.12806856000000003,20.0
case_cec362d80c358c3a,semantic_repeatability,13.769124867394567,122,0,support_routing,sup_billing_account_border,,,0.6172488983973203,0.5,"billing:9,technical:0,account:10,insufficient:1",benchmark_authored_adjudication,,target,choice,account,billing,0.5702,0.1943,0.8057014274330123,0,0.1928,1.6461018968056917,1.01076856,"{""account"": 0.5, ""billing"": 0.45, ""insufficient"": 0.05, ""technical"": 0.0}","{""account"": 0.1928, ""billing"": 0.5702, ""insufficient"": 0.1732, ""technical"": 0.0638}",0.30720000000000003,0.07891940787250892,0.30782334141647105,0.12806856000000003,21.0
case_32f89a32daacd59e,semantic_repeatability,13.694999972358346,122,0,support_routing,sup_billing_account_border,,,0.6172488983973203,0.5,"billing:9,technical:0,account:10,insufficient:1",benchmark_authored_adjudication,,target,choice,account,billing,0.5702,0.1943,0.8057014274330123,0,0.1928,1.6461018968056917,1.01076856,"{""account"": 0.5, ""billing"": 0.45, ""insufficient"": 0.05, ""technical"": 0.0}","{""account"": 0.1928, ""billing"": 0.5702, ""insufficient"": 0.1732, ""technical"": 0.0638}",0.30720000000000003,0.07891940787250892,0.30782334141647105,0.12806856000000003,22.0
case_6689c2c488684738,semantic_repeatability,13.410165905952454,122,0,support_routing,sup_billing_account_border,,,0.6172488983973203,0.5,"billing:9,technical:0,account:10,insufficient:1",benchmark_authored_adjudication,,target,choice,account,billing,0.5702,0.1943,0.8057014274330123,0,0.1928,1.6461018968056917,1.01076856,"{""account"": 0.5, ""billing"": 0.45, ""insufficient"": 0.05, ""technical"": 0.0}","{""account"": 0.1928, ""billing"": 0.5702, ""insufficient"": 0.1732, ""technical"": 0.0638}",0.30720000000000003,0.07891940787250892,0.30782334141647105,0.12806856000000003,23.0
case_30b32c86fd112694,semantic_repeatability,13.290207833051682,122,0,support_routing,sup_billing_account_border,,,0.6172488983973203,0.5,"billing:9,technical:0,account:10,insufficient:1",benchmark_authored_adjudication,,target,choice,account,billing,0.5702,0.1943,0.8057014274330123,0,0.1928,1.6461018968056917,1.01076856,"{""account"": 0.5, ""billing"": 0.45, ""insufficient"": 0.05, ""technical"": 0.0}","{""account"": 0.1928, ""billing"": 0.5702, ""insufficient"": 0.1732, ""technical"": 0.0638}",0.30720000000000003,0.07891940787250892,0.30782334141647105,0.12806856000000003,24.0
case_21984e19f03aa70c,semantic_repeatability,13.271332951262593,122,0,support_routing,sup_billing_account_border,,,0.6172488983973203,0.5,"billing:9,technical:0,account:10,insufficient:1",benchmark_authored_adjudication,,target,choice,account,billing,0.5702,0.1943,0.8057014274330123,0,0.1928,1.6461018968056917,1.01076856,"{""account"": 0.5, ""billing"": 0.45, ""insufficient"": 0.05, ""technical"": 0.0}","{""account"": 0.1928, ""billing"": 0.5702, ""insufficient"": 0.1732, ""technical"": 0.0638}",0.30720000000000003,0.07891940787250892,0.30782334141647105,0.12806856000000003,25.0
case_d9518542975ed902,semantic_repeatability,13.205874944105744,122,0,support_routing,sup_billing_account_border,,,0.6172488983973203,0.5,"billing:9,technical:0,account:10,insufficient:1",benchmark_authored_adjudication,,target,choice,account,billing,0.5702,0.1943,0.8057014274330123,0,0.1928,1.6461018968056917,1.01076856,"{""account"": 0.5, ""billing"": 0.45, ""insufficient"": 0.05, ""technical"": 0.0}","{""account"": 0.1928, ""billing"": 0.5702, ""insufficient"": 0.1732, ""technical"": 0.0638}",0.30720000000000003,0.07891940787250892,0.30782334141647105,0.12806856000000003,26.0
case_5b6eef671269aa72,semantic_repeatability,13.199541950598359,122,0,support_routing,sup_billing_account_border,,,0.6172488983973203,0.5,"billing:9,technical:0,account:10,insufficient:1",benchmark_authored_adjudication,,target,choice,account,billing,0.5702,0.1943,0.8057014274330123,0,0.1928,1.6461018968056917,1.01076856,"{""account"": 0.5, ""billing"": 0.45, ""insufficient"": 0.05, ""technical"": 0.0}","{""account"": 0.1928, ""billing"": 0.5702, ""insufficient"": 0.1732, ""technical"": 0.0638}",0.30720000000000003,0.07891940787250892,0.30782334141647105,0.12806856000000003,27.0
case_92120ca7bd755be6,semantic_repeatability,13.412917032837868,122,0,support_routing,sup_billing_account_border,,,0.6172488983973203,0.5,"billing:9,technical:0,account:10,insufficient:1",benchmark_authored_adjudication,,target,choice,account,billing,0.5702,0.1943,0.8057014274330123,0,0.1928,1.6461018968056917,1.01076856,"{""account"": 0.5, ""billing"": 0.45, ""insufficient"": 0.05, ""technical"": 0.0}","{""account"": 0.1928, ""billing"": 0.5702, ""insufficient"": 0.1732, ""technical"": 0.0638}",0.30720000000000003,0.07891940787250892,0.30782334141647105,0.12806856000000003,28.0
case_6ec3a067195d0be4,semantic_repeatability,13.103292090818286,122,0,support_routing,sup_billing_account_border,,,0.6172488983973203,0.5,"billing:9,technical:0,account:10,insufficient:1",benchmark_authored_adjudication,,target,choice,account,billing,0.5702,0.1943,0.8057014274330123,0,0.1928,1.6461018968056917,1.01076856,"{""account"": 0.5, ""billing"": 0.45, ""insufficient"": 0.05, ""technical"": 0.0}","{""account"": 0.1928, ""billing"": 0.5702, ""insufficient"": 0.1732, ""technical"": 0.0638}",0.30720000000000003,0.07891940787250892,0.30782334141647105,0.12806856000000003,29.0
case_906db8134107cef0,semantic_repeatability,16.692582983523607,103,0,support_routing,sup_insufficient,,,0.8713688243068336,0.5,"billing:2,technical:3,account:5,insufficient:10",benchmark_authored_adjudication,,target,choice,insufficient,technical,0.4599,0.1241,0.8759206945618377,0,0.1552,1.8630406712330188,1.02337573,"{""account"": 0.25, ""billing"": 0.1, ""insufficient"": 0.5, ""technical"": 0.15}","{""account"": 0.3022, ""billing"": 0.0828, ""insufficient"": 0.1552, ""technical"": 0.4599}",0.36205,0.09063054211805918,0.3883578577346829,0.21794572999999998,0.0
case_cdf71aade30e98bf,semantic_repeatability,14.00629198178649,103,0,support_routing,sup_insufficient,,,0.8713688243068336,0.5,"billing:2,technical:3,account:5,insufficient:10",benchmark_authored_adjudication,,target,choice,insufficient,technical,0.4599,0.1241,0.8759206945618377,0,0.1552,1.8630406712330188,1.02337573,"{""account"": 0.25, ""billing"": 0.1, ""insufficient"": 0.5, ""technical"": 0.15}","{""account"": 0.3022, ""billing"": 0.0828, ""insufficient"": 0.1552, ""technical"": 0.4599}",0.36205,0.09063054211805918,0.3883578577346829,0.21794572999999998,1.0
case_3a29aba08821297b,semantic_repeatability,13.421500101685524,103,0,support_routing,sup_insufficient,,,0.8713688243068336,0.5,"billing:2,technical:3,account:5,insufficient:10",benchmark_authored_adjudication,,target,choice,insufficient,technical,0.4599,0.1241,0.8759206945618377,0,0.1552,1.8630406712330188,1.02337573,"{""account"": 0.25, ""billing"": 0.1, ""insufficient"": 0.5, ""technical"": 0.15}","{""account"": 0.3022, ""billing"": 0.0828, ""insufficient"": 0.1552, ""technical"": 0.4599}",0.36205,0.09063054211805918,0.3883578577346829,0.21794572999999998,2.0
case_debcf84bec9bc79b,semantic_repeatability,13.448958052322268,103,0,support_routing,sup_insufficient,,,0.8713688243068336,0.5,"billing:2,technical:3,account:5,insufficient:10",benchmark_authored_adjudication,,target,choice,insufficient,technical,0.4599,0.1241,0.8759206945618377,0,0.1552,1.8630406712330188,1.02337573,"{""account"": 0.25, ""billing"": 0.1, ""insufficient"": 0.5, ""technical"": 0.15}","{""account"": 0.3022, ""billing"": 0.0828, ""insufficient"": 0.1552, ""technical"": 0.4599}",0.36205,0.09063054211805918,0.3883578577346829,0.21794572999999998,3.0
case_890c56c9473dd8d6,semantic_repeatability,13.378707924857736,103,0,support_routing,sup_insufficient,,,0.8713688243068336,0.5,"billing:2,technical:3,account:5,insufficient:10",benchmark_authored_adjudication,,target,choice,insufficient,technical,0.4599,0.1241,0.8759206945618377,0,0.1552,1.8630406712330188,1.02337573,"{""account"": 0.25, ""billing"": 0.1, ""insufficient"": 0.5, ""technical"": 0.15}","{""account"": 0.3022, ""billing"": 0.0828, ""insufficient"": 0.1552, ""technical"": 0.4599}",0.36205,0.09063054211805918,0.3883578577346829,0.21794572999999998,4.0
case_1dec2144dfc87b96,semantic_repeatability,13.168084202334285,103,0,support_routing,sup_insufficient,,,0.8713688243068336,0.5,"billing:2,technical:3,account:5,insufficient:10",benchmark_authored_adjudication,,target,choice,insufficient,technical,0.4599,0.1241,0.8759206945618377,0,0.1552,1.8630406712330188,1.02337573,"{""account"": 0.25, ""billing"": 0.1, ""insufficient"": 0.5, ""technical"": 0.15}","{""account"": 0.3022, ""billing"": 0.0828, ""insufficient"": 0.1552, ""technical"": 0.4599}",0.36205,0.09063054211805918,0.3883578577346829,0.21794572999999998,5.0
case_b555e92c23555754,semantic_repeatability,13.129084138199687,103,0,support_routing,sup_insufficient,,,0.8713688243068336,0.5,"billing:2,technical:3,account:5,insufficient:10",benchmark_authored_adjudication,,target,choice,insufficient,technical,0.4599,0.1241,0.8759206945618377,0,0.1552,1.8630406712330188,1.02337573,"{""account"": 0.25, ""billing"": 0.1, ""insufficient"": 0.5, ""technical"": 0.15}","{""account"": 0.3022, ""billing"": 0.0828, ""insufficient"": 0.1552, ""technical"": 0.4599}",0.36205,0.09063054211805918,0.3883578577346829,0.21794572999999998,6.0
case_aff099a5a9530bec,semantic_repeatability,13.022665865719318,103,0,support_routing,sup_insufficient,,,0.8713688243068336,0.5,"billing:2,technical:3,account:5,insufficient:10",benchmark_authored_adjudication,,target,choice,insufficient,technical,0.4599,0.1241,0.8759206945618377,0,0.1552,1.8630406712330188,1.02337573,"{""account"": 0.25, ""billing"": 0.1, ""insufficient"": 0.5, ""technical"": 0.15}","{""account"": 0.3022, ""billing"": 0.0828, ""insufficient"": 0.1552, ""technical"": 0.4599}",0.36205,0.09063054211805918,0.3883578577346829,0.21794572999999998,7.0
case_b9e36005a29bd837,semantic_repeatability,13.023082865402102,103,0,support_routing,sup_insufficient,,,0.8713688243068336,0.5,"billing:2,technical:3,account:5,insufficient:10",benchmark_authored_adjudication,,target,choice,insufficient,technical,0.4599,0.1241,0.8759206945618377,0,0.1552,1.8630406712330188,1.02337573,"{""account"": 0.25, ""billing"": 0.1, ""insufficient"": 0.5, ""technical"": 0.15}","{""account"": 0.3022, ""billing"": 0.0828, ""insufficient"": 0.1552, ""technical"": 0.4599}",0.36205,0.09063054211805918,0.3883578577346829,0.21794572999999998,8.0
case_13252e3a5783199b,semantic_repeatability,13.19620804861188,103,0,support_routing,sup_insufficient,,,0.8713688243068336,0.5,"billing:2,technical:3,account:5,insufficient:10",benchmark_authored_adjudication,,target,choice,insufficient,technical,0.4599,0.1241,0.8759206945618377,0,0.1552,1.8630406712330188,1.02337573,"{""account"": 0.25, ""billing"": 0.1, ""insufficient"": 0.5, ""technical"": 0.15}","{""account"": 0.3022, ""billing"": 0.0828, ""insufficient"": 0.1552, ""technical"": 0.4599}",0.36205,0.09063054211805918,0.3883578577346829,0.21794572999999998,9.0
case_802b8bdd58970cff,semantic_repeatability,13.272499898448586,103,0,support_routing,sup_insufficient,,,0.8713688243068336,0.5,"billing:2,technical:3,account:5,insufficient:10",benchmark_authored_adjudication,,target,choice,insufficient,technical,0.4599,0.1241,0.8759206945618377,0,0.1552,1.8630406712330188,1.02337573,"{""account"": 0.25, ""billing"": 0.1, ""insufficient"": 0.5, ""technical"": 0.15}","{""account"": 0.3022, ""billing"": 0.0828, ""insufficient"": 0.1552, ""technical"": 0.4599}",0.36205,0.09063054211805918,0.3883578577346829,0.21794572999999998,10.0
case_47fa0299446221b4,semantic_repeatability,13.099458068609238,103,0,support_routing,sup_insufficient,,,0.8713688243068336,0.5,"billing:2,technical:3,account:5,insufficient:10",benchmark_authored_adjudication,,target,choice,insufficient,technical,0.4599,0.1241,0.8759206945618377,0,0.1552,1.8630406712330188,1.02337573,"{""account"": 0.25, ""billing"": 0.1, ""insufficient"": 0.5, ""technical"": 0.15}","{""account"": 0.3022, ""billing"": 0.0828, ""insufficient"": 0.1552, ""technical"": 0.4599}",0.36205,0.09063054211805918,0.3883578577346829,0.21794572999999998,11.0
case_5b46c9f0ab1c23dc,semantic_repeatability,13.29141715541482,103,0,support_routing,sup_insufficient,,,0.8713688243068336,0.5,"billing:2,technical:3,account:5,insufficient:10",benchmark_authored_adjudication,,target,choice,insufficient,technical,0.4599,0.1241,0.8759206945618377,0,0.1552,1.8630406712330188,1.02337573,"{""account"": 0.25, ""billing"": 0.1, ""insufficient"": 0.5, ""technical"": 0.15}","{""account"": 0.3022, ""billing"": 0.0828, ""insufficient"": 0.1552, ""technical"": 0.4599}",0.36205,0.09063054211805918,0.3883578577346829,0.21794572999999998,12.0
case_daef16f47d361ad5,semantic_repeatability,13.20099993608892,103,0,support_routing,sup_insufficient,,,0.8713688243068336,0.5,"billing:2,technical:3,account:5,insufficient:10",benchmark_authored_adjudication,,target,choice,insufficient,technical,0.4599,0.1241,0.8759206945618377,0,0.1552,1.8630406712330188,1.02337573,"{""account"": 0.25, ""billing"": 0.1, ""insufficient"": 0.5, ""technical"": 0.15}","{""account"": 0.3022, ""billing"": 0.0828, ""insufficient"": 0.1552, ""technical"": 0.4599}",0.36205,0.09063054211805918,0.3883578577346829,0.21794572999999998,13.0
case_878f707b14b96c49,semantic_repeatability,13.16608302295208,103,0,support_routing,sup_insufficient,,,0.8713688243068336,0.5,"billing:2,technical:3,account:5,insufficient:10",benchmark_authored_adjudication,,target,choice,insufficient,technical,0.4599,0.1241,0.8759206945618377,0,0.1552,1.8630406712330188,1.02337573,"{""account"": 0.25, ""billing"": 0.1, ""insufficient"": 0.5, ""technical"": 0.15}","{""account"": 0.3022, ""billing"": 0.0828, ""insufficient"": 0.1552, ""technical"": 0.4599}",0.36205,0.09063054211805918,0.3883578577346829,0.21794572999999998,14.0
case_b85f359759d2483b,semantic_repeatability,13.145959004759789,103,0,support_routing,sup_insufficient,,,0.8713688243068336,0.5,"billing:2,technical:3,account:5,insufficient:10",benchmark_authored_adjudication,,target,choice,insufficient,technical,0.4599,0.1241,0.8759206945618377,0,0.1552,1.8630406712330188,1.02337573,"{""account"": 0.25, ""billing"": 0.1, ""insufficient"": 0.5, ""technical"": 0.15}","{""account"": 0.3022, ""billing"": 0.0828, ""insufficient"": 0.1552, ""technical"": 0.4599}",0.36205,0.09063054211805918,0.3883578577346829,0.21794572999999998,15.0
case_585003539026df75,semantic_repeatability,13.10500013642013,103,0,support_routing,sup_insufficient,,,0.8713688243068336,0.5,"billing:2,technical:3,account:5,insufficient:10",benchmark_authored_adjudication,,target,choice,insufficient,technical,0.4599,0.1241,0.8759206945618377,0,0.1552,1.8630406712330188,1.02337573,"{""account"": 0.25, ""billing"": 0.1, ""insufficient"": 0.5, ""technical"": 0.15}","{""account"": 0.3022, ""billing"": 0.0828, ""insufficient"": 0.1552, ""technical"": 0.4599}",0.36205,0.09063054211805918,0.3883578577346829,0.21794572999999998,16.0
case_4f18a5c3cde8b14e,semantic_repeatability,13.540583895519376,103,0,support_routing,sup_insufficient,,,0.8713688243068336,0.5,"billing:2,technical:3,account:5,insufficient:10",benchmark_authored_adjudication,,target,choice,insufficient,technical,0.4599,0.1241,0.8759206945618377,0,0.1552,1.8630406712330188,1.02337573,"{""account"": 0.25, ""billing"": 0.1, ""insufficient"": 0.5, ""technical"": 0.15}","{""account"": 0.3022, ""billing"": 0.0828, ""insufficient"": 0.1552, ""technical"": 0.4599}",0.36205,0.09063054211805918,0.3883578577346829,0.21794572999999998,17.0
case_76503c211dbbe03f,semantic_repeatability,13.22295912541449,103,0,support_routing,sup_insufficient,,,0.8713688243068336,0.5,"billing:2,technical:3,account:5,insufficient:10",benchmark_authored_adjudication,,target,choice,insufficient,technical,0.4599,0.1241,0.8759206945618377,0,0.1552,1.8630406712330188,1.02337573,"{""account"": 0.25, ""billing"": 0.1, ""insufficient"": 0.5, ""technical"": 0.15}","{""account"": 0.3022, ""billing"": 0.0828, ""insufficient"": 0.1552, ""technical"": 0.4599}",0.36205,0.09063054211805918,0.3883578577346829,0.21794572999999998,18.0
case_85c43a7af617d686,semantic_repeatability,13.176833977922797,103,0,support_routing,sup_insufficient,,,0.8713688243068336,0.5,"billing:2,technical:3,account:5,insufficient:10",benchmark_authored_adjudication,,target,choice,insufficient,technical,0.4599,0.1241,0.8759206945618377,0,0.1552,1.8630406712330188,1.02337573,"{""account"": 0.25, ""billing"": 0.1, ""insufficient"": 0.5, ""technical"": 0.15}","{""account"": 0.3022, ""billing"": 0.0828, ""insufficient"": 0.1552, ""technical"": 0.4599}",0.36205,0.09063054211805918,0.3883578577346829,0.21794572999999998,19.0
case_131037e4b0542a12,semantic_repeatability,13.398875016719103,103,0,support_routing,sup_insufficient,,,0.8713688243068336,0.5,"billing:2,technical:3,account:5,insufficient:10",benchmark_authored_adjudication,,target,choice,insufficient,technical,0.4599,0.1241,0.8759206945618377,0,0.1552,1.8630406712330188,1.02337573,"{""account"": 0.25, ""billing"": 0.1, ""insufficient"": 0.5, ""technical"": 0.15}","{""account"": 0.3022, ""billing"": 0.0828, ""insufficient"": 0.1552, ""technical"": 0.4599}",0.36205,0.09063054211805918,0.3883578577346829,0.21794572999999998,20.0
case_8cb1d68fb7f77fcd,semantic_repeatability,13.25279101729393,103,0,support_routing,sup_insufficient,,,0.8713688243068336,0.5,"billing:2,technical:3,account:5,insufficient:10",benchmark_authored_adjudication,,target,choice,insufficient,technical,0.4599,0.1241,0.8759206945618377,0,0.1552,1.8630406712330188,1.02337573,"{""account"": 0.25, ""billing"": 0.1, ""insufficient"": 0.5, ""technical"": 0.15}","{""account"": 0.3022, ""billing"": 0.0828, ""insufficient"": 0.1552, ""technical"": 0.4599}",0.36205,0.09063054211805918,0.3883578577346829,0.21794572999999998,21.0
case_1b85e24fb039943e,semantic_repeatability,13.308041030541062,103,0,support_routing,sup_insufficient,,,0.8713688243068336,0.5,"billing:2,technical:3,account:5,insufficient:10",benchmark_authored_adjudication,,target,choice,insufficient,technical,0.4599,0.1241,0.8759206945618377,0,0.1552,1.8630406712330188,1.02337573,"{""account"": 0.25, ""billing"": 0.1, ""insufficient"": 0.5, ""technical"": 0.15}","{""account"": 0.3022, ""billing"": 0.0828, ""insufficient"": 0.1552, ""technical"": 0.4599}",0.36205,0.09063054211805918,0.3883578577346829,0.21794572999999998,22.0
case_4abf6ed4ce59b7d7,semantic_repeatability,13.296500081196427,103,0,support_routing,sup_insufficient,,,0.8713688243068336,0.5,"billing:2,technical:3,account:5,insufficient:10",benchmark_authored_adjudication,,target,choice,insufficient,technical,0.4599,0.1241,0.8759206945618377,0,0.1552,1.8630406712330188,1.02337573,"{""account"": 0.25, ""billing"": 0.1, ""insufficient"": 0.5, ""technical"": 0.15}","{""account"": 0.3022, ""billing"": 0.0828, ""insufficient"": 0.1552, ""technical"": 0.4599}",0.36205,0.09063054211805918,0.3883578577346829,0.21794572999999998,23.0
case_2fc4efdc8bb57f41,semantic_repeatability,13.490667100995779,103,0,support_routing,sup_insufficient,,,0.8713688243068336,0.5,"billing:2,technical:3,account:5,insufficient:10",benchmark_authored_adjudication,,target,choice,insufficient,technical,0.4599,0.1241,0.8759206945618377,0,0.1552,1.8630406712330188,1.02337573,"{""account"": 0.25, ""billing"": 0.1, ""insufficient"": 0.5, ""technical"": 0.15}","{""account"": 0.3022, ""billing"": 0.0828, ""insufficient"": 0.1552, ""technical"": 0.4599}",0.36205,0.09063054211805918,0.3883578577346829,0.21794572999999998,24.0
case_0dfea1f55677663a,semantic_repeatability,13.236582977697253,103,0,support_routing,sup_insufficient,,,0.8713688243068336,0.5,"billing:2,technical:3,account:5,insufficient:10",benchmark_authored_adjudication,,target,choice,insufficient,technical,0.4599,0.1241,0.8759206945618377,0,0.1552,1.8630406712330188,1.02337573,"{""account"": 0.25, ""billing"": 0.1, ""insufficient"": 0.5, ""technical"": 0.15}","{""account"": 0.3022, ""billing"": 0.0828, ""insufficient"": 0.1552, ""technical"": 0.4599}",0.36205,0.09063054211805918,0.3883578577346829,0.21794572999999998,25.0
case_36fbce2f6af9e22f,semantic_repeatability,13.298999983817339,103,0,support_routing,sup_insufficient,,,0.8713688243068336,0.5,"billing:2,technical:3,account:5,insufficient:10",benchmark_authored_adjudication,,target,choice,insufficient,technical,0.4599,0.1241,0.8759206945618377,0,0.1552,1.8630406712330188,1.02337573,"{""account"": 0.25, ""billing"": 0.1, ""insufficient"": 0.5, ""technical"": 0.15}","{""account"": 0.3022, ""billing"": 0.0828, ""insufficient"": 0.1552, ""technical"": 0.4599}",0.36205,0.09063054211805918,0.3883578577346829,0.21794572999999998,26.0
case_0a1494add10f4015,semantic_repeatability,13.20529100485146,103,0,support_routing,sup_insufficient,,,0.8713688243068336,0.5,"billing:2,technical:3,account:5,insufficient:10",benchmark_authored_adjudication,,target,choice,insufficient,technical,0.4599,0.1241,0.8759206945618377,0,0.1552,1.8630406712330188,1.02337573,"{""account"": 0.25, ""billing"": 0.1, ""insufficient"": 0.5, ""technical"": 0.15}","{""account"": 0.3022, ""billing"": 0.0828, ""insufficient"": 0.1552, ""technical"": 0.4599}",0.36205,0.09063054211805918,0.3883578577346829,0.21794572999999998,27.0
case_0d5e0e4af733ef1b,semantic_repeatability,13.656750088557601,103,0,support_routing,sup_insufficient,,,0.8713688243068336,0.5,"billing:2,technical:3,account:5,insufficient:10",benchmark_authored_adjudication,,target,choice,insufficient,technical,0.4599,0.1241,0.8759206945618377,0,0.1552,1.8630406712330188,1.02337573,"{""account"": 0.25, ""billing"": 0.1, ""insufficient"": 0.5, ""technical"": 0.15}","{""account"": 0.3022, ""billing"": 0.0828, ""insufficient"": 0.1552, ""technical"": 0.4599}",0.36205,0.09063054211805918,0.3883578577346829,0.21794572999999998,28.0
case_7f73dad715760a6f,semantic_repeatability,13.419583905488253,103,0,support_routing,sup_insufficient,,,0.8713688243068336,0.5,"billing:2,technical:3,account:5,insufficient:10",benchmark_authored_adjudication,,target,choice,insufficient,technical,0.4599,0.1241,0.8759206945618377,0,0.1552,1.8630406712330188,1.02337573,"{""account"": 0.25, ""billing"": 0.1, ""insufficient"": 0.5, ""technical"": 0.15}","{""account"": 0.3022, ""billing"": 0.0828, ""insufficient"": 0.1552, ""technical"": 0.4599}",0.36205,0.09063054211805918,0.3883578577346829,0.21794572999999998,29.0
case_f0ddb8a6111948e8,semantic_repeatability,30.094499932602048,154,0,code_review_severity,code_medium_border,,,0.659517637169433,0.7,"low:2,medium:14,high:3,insufficient:1",benchmark_authored_adjudication,,target,choice,medium,medium,0.4601,0.0813,0.9187461749923782,1,0.4601,0.7763114218207141,0.39225039,"{""high"": 0.15, ""insufficient"": 0.05, ""low"": 0.1, ""medium"": 0.7}","{""high"": 0.1563, ""insufficient"": 0.155, ""low"": 0.2287, ""medium"": 0.4601}",0.23994999999999997,0.039569291335094466,0.1482800459390915,0.08518038999999997,0.0
case_bc35c083ff83bbae,semantic_repeatability,20.494250115007162,154,0,code_review_severity,code_medium_border,,,0.659517637169433,0.7,"low:2,medium:14,high:3,insufficient:1",benchmark_authored_adjudication,,target,choice,medium,medium,0.4601,0.0813,0.9187461749923782,1,0.4601,0.7763114218207141,0.39225039,"{""high"": 0.15, ""insufficient"": 0.05, ""low"": 0.1, ""medium"": 0.7}","{""high"": 0.1563, ""insufficient"": 0.155, ""low"": 0.2287, ""medium"": 0.4601}",0.23994999999999997,0.039569291335094466,0.1482800459390915,0.08518038999999997,1.0
case_6c0542183c4f0369,semantic_repeatability,17.751083010807633,154,0,code_review_severity,code_medium_border,,,0.659517637169433,0.7,"low:2,medium:14,high:3,insufficient:1",benchmark_authored_adjudication,,target,choice,medium,medium,0.4601,0.0813,0.9187461749923782,1,0.4601,0.7763114218207141,0.39225039,"{""high"": 0.15, ""insufficient"": 0.05, ""low"": 0.1, ""medium"": 0.7}","{""high"": 0.1563, ""insufficient"": 0.155, ""low"": 0.2287, ""medium"": 0.4601}",0.23994999999999997,0.039569291335094466,0.1482800459390915,0.08518038999999997,2.0
case_91b9f7aa4f7a3f0a,semantic_repeatability,17.38708303309977,154,0,code_review_severity,code_medium_border,,,0.659517637169433,0.7,"low:2,medium:14,high:3,insufficient:1",benchmark_authored_adjudication,,target,choice,medium,medium,0.4601,0.0813,0.9187461749923782,1,0.4601,0.7763114218207141,0.39225039,"{""high"": 0.15, ""insufficient"": 0.05, ""low"": 0.1, ""medium"": 0.7}","{""high"": 0.1563, ""insufficient"": 0.155, ""low"": 0.2287, ""medium"": 0.4601}",0.23994999999999997,0.039569291335094466,0.1482800459390915,0.08518038999999997,3.0
case_d3a80cc9a45a632f,semantic_repeatability,17.404999816790223,154,0,code_review_severity,code_medium_border,,,0.659517637169433,0.7,"low:2,medium:14,high:3,insufficient:1",benchmark_authored_adjudication,,target,choice,medium,medium,0.4601,0.0813,0.9187461749923782,1,0.4601,0.7763114218207141,0.39225039,"{""high"": 0.15, ""insufficient"": 0.05, ""low"": 0.1, ""medium"": 0.7}","{""high"": 0.1563, ""insufficient"": 0.155, ""low"": 0.2287, ""medium"": 0.4601}",0.23994999999999997,0.039569291335094466,0.1482800459390915,0.08518038999999997,4.0
case_dc3de9ebd661446a,semantic_repeatability,17.547709168866277,154,0,code_review_severity,code_medium_border,,,0.659517637169433,0.7,"low:2,medium:14,high:3,insufficient:1",benchmark_authored_adjudication,,target,choice,medium,medium,0.4601,0.0813,0.9187461749923782,1,0.4601,0.7763114218207141,0.39225039,"{""high"": 0.15, ""insufficient"": 0.05, ""low"": 0.1, ""medium"": 0.7}","{""high"": 0.1563, ""insufficient"": 0.155, ""low"": 0.2287, ""medium"": 0.4601}",0.23994999999999997,0.039569291335094466,0.1482800459390915,0.08518038999999997,5.0
case_d49e1fb600750da6,semantic_repeatability,17.066749976947904,154,0,code_review_severity,code_medium_border,,,0.659517637169433,0.7,"low:2,medium:14,high:3,insufficient:1",benchmark_authored_adjudication,,target,choice,medium,medium,0.4601,0.0813,0.9187461749923782,1,0.4601,0.7763114218207141,0.39225039,"{""high"": 0.15, ""insufficient"": 0.05, ""low"": 0.1, ""medium"": 0.7}","{""high"": 0.1563, ""insufficient"": 0.155, ""low"": 0.2287, ""medium"": 0.4601}",0.23994999999999997,0.039569291335094466,0.1482800459390915,0.08518038999999997,6.0
case_2b011af3e8d4e2e9,semantic_repeatability,16.921125119552016,154,0,code_review_severity,code_medium_border,,,0.659517637169433,0.7,"low:2,medium:14,high:3,insufficient:1",benchmark_authored_adjudication,,target,choice,medium,medium,0.4601,0.0813,0.9187461749923782,1,0.4601,0.7763114218207141,0.39225039,"{""high"": 0.15, ""insufficient"": 0.05, ""low"": 0.1, ""medium"": 0.7}","{""high"": 0.1563, ""insufficient"": 0.155, ""low"": 0.2287, ""medium"": 0.4601}",0.23994999999999997,0.039569291335094466,0.1482800459390915,0.08518038999999997,7.0
case_eeeb84b4923b11df,semantic_repeatability,16.86820900067687,154,0,code_review_severity,code_medium_border,,,0.659517637169433,0.7,"low:2,medium:14,high:3,insufficient:1",benchmark_authored_adjudication,,target,choice,medium,medium,0.4601,0.0813,0.9187461749923782,1,0.4601,0.7763114218207141,0.39225039,"{""high"": 0.15, ""insufficient"": 0.05, ""low"": 0.1, ""medium"": 0.7}","{""high"": 0.1563, ""insufficient"": 0.155, ""low"": 0.2287, ""medium"": 0.4601}",0.23994999999999997,0.039569291335094466,0.1482800459390915,0.08518038999999997,8.0
case_b9527c0fa136b4cb,semantic_repeatability,16.87820814549923,154,0,code_review_severity,code_medium_border,,,0.659517637169433,0.7,"low:2,medium:14,high:3,insufficient:1",benchmark_authored_adjudication,,target,choice,medium,medium,0.4601,0.0813,0.9187461749923782,1,0.4601,0.7763114218207141,0.39225039,"{""high"": 0.15, ""insufficient"": 0.05, ""low"": 0.1, ""medium"": 0.7}","{""high"": 0.1563, ""insufficient"": 0.155, ""low"": 0.2287, ""medium"": 0.4601}",0.23994999999999997,0.039569291335094466,0.1482800459390915,0.08518038999999997,9.0
case_05508022207be7e6,semantic_repeatability,16.857458977028728,154,0,code_review_severity,code_medium_border,,,0.659517637169433,0.7,"low:2,medium:14,high:3,insufficient:1",benchmark_authored_adjudication,,target,choice,medium,medium,0.4601,0.0813,0.9187461749923782,1,0.4601,0.7763114218207141,0.39225039,"{""high"": 0.15, ""insufficient"": 0.05, ""low"": 0.1, ""medium"": 0.7}","{""high"": 0.1563, ""insufficient"": 0.155, ""low"": 0.2287, ""medium"": 0.4601}",0.23994999999999997,0.039569291335094466,0.1482800459390915,0.08518038999999997,10.0
case_4d1785ea80b2694f,semantic_repeatability,17.048583133146167,154,0,code_review_severity,code_medium_border,,,0.659517637169433,0.7,"low:2,medium:14,high:3,insufficient:1",benchmark_authored_adjudication,,target,choice,medium,medium,0.4601,0.0813,0.9187461749923782,1,0.4601,0.7763114218207141,0.39225039,"{""high"": 0.15, ""insufficient"": 0.05, ""low"": 0.1, ""medium"": 0.7}","{""high"": 0.1563, ""insufficient"": 0.155, ""low"": 0.2287, ""medium"": 0.4601}",0.23994999999999997,0.039569291335094466,0.1482800459390915,0.08518038999999997,11.0
case_4175b529c4fa08e8,semantic_repeatability,17.09837489761412,154,0,code_review_severity,code_medium_border,,,0.659517637169433,0.7,"low:2,medium:14,high:3,insufficient:1",benchmark_authored_adjudication,,target,choice,medium,medium,0.4601,0.0813,0.9187461749923782,1,0.4601,0.7763114218207141,0.39225039,"{""high"": 0.15, ""insufficient"": 0.05, ""low"": 0.1, ""medium"": 0.7}","{""high"": 0.1563, ""insufficient"": 0.155, ""low"": 0.2287, ""medium"": 0.4601}",0.23994999999999997,0.039569291335094466,0.1482800459390915,0.08518038999999997,12.0
case_66f48d906ea243ae,semantic_repeatability,17.047165893018246,154,0,code_review_severity,code_medium_border,,,0.659517637169433,0.7,"low:2,medium:14,high:3,insufficient:1",benchmark_authored_adjudication,,target,choice,medium,medium,0.4601,0.0813,0.9187461749923782,1,0.4601,0.7763114218207141,0.39225039,"{""high"": 0.15, ""insufficient"": 0.05, ""low"": 0.1, ""medium"": 0.7}","{""high"": 0.1563, ""insufficient"": 0.155, ""low"": 0.2287, ""medium"": 0.4601}",0.23994999999999997,0.039569291335094466,0.1482800459390915,0.08518038999999997,13.0
case_352b22f181766710,semantic_repeatability,16.890708124265075,154,0,code_review_severity,code_medium_border,,,0.659517637169433,0.7,"low:2,medium:14,high:3,insufficient:1",benchmark_authored_adjudication,,target,choice,medium,medium,0.4601,0.0813,0.9187461749923782,1,0.4601,0.7763114218207141,0.39225039,"{""high"": 0.15, ""insufficient"": 0.05, ""low"": 0.1, ""medium"": 0.7}","{""high"": 0.1563, ""insufficient"": 0.155, ""low"": 0.2287, ""medium"": 0.4601}",0.23994999999999997,0.039569291335094466,0.1482800459390915,0.08518038999999997,14.0
case_3da4700faa515f9e,semantic_repeatability,16.897000139579177,154,0,code_review_severity,code_medium_border,,,0.659517637169433,0.7,"low:2,medium:14,high:3,insufficient:1",benchmark_authored_adjudication,,target,choice,medium,medium,0.4601,0.0813,0.9187461749923782,1,0.4601,0.7763114218207141,0.39225039,"{""high"": 0.15, ""insufficient"": 0.05, ""low"": 0.1, ""medium"": 0.7}","{""high"": 0.1563, ""insufficient"": 0.155, ""low"": 0.2287, ""medium"": 0.4601}",0.23994999999999997,0.039569291335094466,0.1482800459390915,0.08518038999999997,15.0
case_3c9aae11e536712c,semantic_repeatability,16.82700007222593,154,0,code_review_severity,code_medium_border,,,0.659517637169433,0.7,"low:2,medium:14,high:3,insufficient:1",benchmark_authored_adjudication,,target,choice,medium,medium,0.4601,0.0813,0.9187461749923782,1,0.4601,0.7763114218207141,0.39225039,"{""high"": 0.15, ""insufficient"": 0.05, ""low"": 0.1, ""medium"": 0.7}","{""high"": 0.1563, ""insufficient"": 0.155, ""low"": 0.2287, ""medium"": 0.4601}",0.23994999999999997,0.039569291335094466,0.1482800459390915,0.08518038999999997,16.0
case_77bec4683d0834d1,semantic_repeatability,16.892375191673636,154,0,code_review_severity,code_medium_border,,,0.659517637169433,0.7,"low:2,medium:14,high:3,insufficient:1",benchmark_authored_adjudication,,target,choice,medium,medium,0.4601,0.0813,0.9187461749923782,1,0.4601,0.7763114218207141,0.39225039,"{""high"": 0.15, ""insufficient"": 0.05, ""low"": 0.1, ""medium"": 0.7}","{""high"": 0.1563, ""insufficient"": 0.155, ""low"": 0.2287, ""medium"": 0.4601}",0.23994999999999997,0.039569291335094466,0.1482800459390915,0.08518038999999997,17.0
case_ca36e67216705e16,semantic_repeatability,16.82358398102224,154,0,code_review_severity,code_medium_border,,,0.659517637169433,0.7,"low:2,medium:14,high:3,insufficient:1",benchmark_authored_adjudication,,target,choice,medium,medium,0.4601,0.0813,0.9187461749923782,1,0.4601,0.7763114218207141,0.39225039,"{""high"": 0.15, ""insufficient"": 0.05, ""low"": 0.1, ""medium"": 0.7}","{""high"": 0.1563, ""insufficient"": 0.155, ""low"": 0.2287, ""medium"": 0.4601}",0.23994999999999997,0.039569291335094466,0.1482800459390915,0.08518038999999997,18.0
case_e4f147eab42ad446,semantic_repeatability,16.87333406880498,154,0,code_review_severity,code_medium_border,,,0.659517637169433,0.7,"low:2,medium:14,high:3,insufficient:1",benchmark_authored_adjudication,,target,choice,medium,medium,0.4601,0.0813,0.9187461749923782,1,0.4601,0.7763114218207141,0.39225039,"{""high"": 0.15, ""insufficient"": 0.05, ""low"": 0.1, ""medium"": 0.7}","{""high"": 0.1563, ""insufficient"": 0.155, ""low"": 0.2287, ""medium"": 0.4601}",0.23994999999999997,0.039569291335094466,0.1482800459390915,0.08518038999999997,19.0
case_c9e4c6218f29769c,semantic_repeatability,16.91825012676418,154,0,code_review_severity,code_medium_border,,,0.659517637169433,0.7,"low:2,medium:14,high:3,insufficient:1",benchmark_authored_adjudication,,target,choice,medium,medium,0.4601,0.0813,0.9187461749923782,1,0.4601,0.7763114218207141,0.39225039,"{""high"": 0.15, ""insufficient"": 0.05, ""low"": 0.1, ""medium"": 0.7}","{""high"": 0.1563, ""insufficient"": 0.155, ""low"": 0.2287, ""medium"": 0.4601}",0.23994999999999997,0.039569291335094466,0.1482800459390915,0.08518038999999997,20.0
case_7ee060dbaf2774b1,semantic_repeatability,16.8915840331465,154,0,code_review_severity,code_medium_border,,,0.659517637169433,0.7,"low:2,medium:14,high:3,insufficient:1",benchmark_authored_adjudication,,target,choice,medium,medium,0.4601,0.0813,0.9187461749923782,1,0.4601,0.7763114218207141,0.39225039,"{""high"": 0.15, ""insufficient"": 0.05, ""low"": 0.1, ""medium"": 0.7}","{""high"": 0.1563, ""insufficient"": 0.155, ""low"": 0.2287, ""medium"": 0.4601}",0.23994999999999997,0.039569291335094466,0.1482800459390915,0.08518038999999997,21.0
case_1bb98d524a608e55,semantic_repeatability,16.63445890881121,154,0,code_review_severity,code_medium_border,,,0.659517637169433,0.7,"low:2,medium:14,high:3,insufficient:1",benchmark_authored_adjudication,,target,choice,medium,medium,0.4601,0.0813,0.9187461749923782,1,0.4601,0.7763114218207141,0.39225039,"{""high"": 0.15, ""insufficient"": 0.05, ""low"": 0.1, ""medium"": 0.7}","{""high"": 0.1563, ""insufficient"": 0.155, ""low"": 0.2287, ""medium"": 0.4601}",0.23994999999999997,0.039569291335094466,0.1482800459390915,0.08518038999999997,22.0
case_5706c6490196ebff,semantic_repeatability,16.766541870310903,154,0,code_review_severity,code_medium_border,,,0.659517637169433,0.7,"low:2,medium:14,high:3,insufficient:1",benchmark_authored_adjudication,,target,choice,medium,medium,0.4601,0.0813,0.9187461749923782,1,0.4601,0.7763114218207141,0.39225039,"{""high"": 0.15, ""insufficient"": 0.05, ""low"": 0.1, ""medium"": 0.7}","{""high"": 0.1563, ""insufficient"": 0.155, ""low"": 0.2287, ""medium"": 0.4601}",0.23994999999999997,0.039569291335094466,0.1482800459390915,0.08518038999999997,23.0
case_5fd048612337611f,semantic_repeatability,17.2008341178298,154,0,code_review_severity,code_medium_border,,,0.659517637169433,0.7,"low:2,medium:14,high:3,insufficient:1",benchmark_authored_adjudication,,target,choice,medium,medium,0.4601,0.0813,0.9187461749923782,1,0.4601,0.7763114218207141,0.39225039,"{""high"": 0.15, ""insufficient"": 0.05, ""low"": 0.1, ""medium"": 0.7}","{""high"": 0.1563, ""insufficient"": 0.155, ""low"": 0.2287, ""medium"": 0.4601}",0.23994999999999997,0.039569291335094466,0.1482800459390915,0.08518038999999997,24.0
case_7ff230a7c692bd2d,semantic_repeatability,16.98554214090109,154,0,code_review_severity,code_medium_border,,,0.659517637169433,0.7,"low:2,medium:14,high:3,insufficient:1",benchmark_authored_adjudication,,target,choice,medium,medium,0.4601,0.0813,0.9187461749923782,1,0.4601,0.7763114218207141,0.39225039,"{""high"": 0.15, ""insufficient"": 0.05, ""low"": 0.1, ""medium"": 0.7}","{""high"": 0.1563, ""insufficient"": 0.155, ""low"": 0.2287, ""medium"": 0.4601}",0.23994999999999997,0.039569291335094466,0.1482800459390915,0.08518038999999997,25.0
case_b92298e1ff55ab52,semantic_repeatability,16.99999999254942,154,0,code_review_severity,code_medium_border,,,0.659517637169433,0.7,"low:2,medium:14,high:3,insufficient:1",benchmark_authored_adjudication,,target,choice,medium,medium,0.4601,0.0813,0.9187461749923782,1,0.4601,0.7763114218207141,0.39225039,"{""high"": 0.15, ""insufficient"": 0.05, ""low"": 0.1, ""medium"": 0.7}","{""high"": 0.1563, ""insufficient"": 0.155, ""low"": 0.2287, ""medium"": 0.4601}",0.23994999999999997,0.039569291335094466,0.1482800459390915,0.08518038999999997,26.0
case_b18dcc0c63735f38,semantic_repeatability,16.875874949619174,154,0,code_review_severity,code_medium_border,,,0.659517637169433,0.7,"low:2,medium:14,high:3,insufficient:1",benchmark_authored_adjudication,,target,choice,medium,medium,0.4601,0.0813,0.9187461749923782,1,0.4601,0.7763114218207141,0.39225039,"{""high"": 0.15, ""insufficient"": 0.05, ""low"": 0.1, ""medium"": 0.7}","{""high"": 0.1563, ""insufficient"": 0.155, ""low"": 0.2287, ""medium"": 0.4601}",0.23994999999999997,0.039569291335094466,0.1482800459390915,0.08518038999999997,27.0
case_56fefbfb14de8a17,semantic_repeatability,16.87529101036489,154,0,code_review_severity,code_medium_border,,,0.659517637169433,0.7,"low:2,medium:14,high:3,insufficient:1",benchmark_authored_adjudication,,target,choice,medium,medium,0.4601,0.0813,0.9187461749923782,1,0.4601,0.7763114218207141,0.39225039,"{""high"": 0.15, ""insufficient"": 0.05, ""low"": 0.1, ""medium"": 0.7}","{""high"": 0.1563, ""insufficient"": 0.155, ""low"": 0.2287, ""medium"": 0.4601}",0.23994999999999997,0.039569291335094466,0.1482800459390915,0.08518038999999997,28.0
case_df1b2e3cd61645a4,semantic_repeatability,16.96345885284245,154,0,code_review_severity,code_medium_border,,,0.659517637169433,0.7,"low:2,medium:14,high:3,insufficient:1",benchmark_authored_adjudication,,target,choice,medium,medium,0.4601,0.0813,0.9187461749923782,1,0.4601,0.7763114218207141,0.39225039,"{""high"": 0.15, ""insufficient"": 0.05, ""low"": 0.1, ""medium"": 0.7}","{""high"": 0.1563, ""insufficient"": 0.155, ""low"": 0.2287, ""medium"": 0.4601}",0.23994999999999997,0.039569291335094466,0.1482800459390915,0.08518038999999997,29.0
case_3e97300aa2f4cdc2,semantic_repeatability,19.65212495997548,139,0,code_review_severity,code_low_medium,,,0.5941881858672536,0.6,"low:12,medium:7,high:0,insufficient:1",benchmark_authored_adjudication,,target,choice,low,medium,0.4651,0.0893,0.9107459022949177,0,0.2412,1.4221288141291066,0.83525475,"{""high"": 0.0, ""insufficient"": 0.05, ""low"": 0.6, ""medium"": 0.35}","{""high"": 0.1467, ""insufficient"": 0.1471, ""low"": 0.2412, ""medium"": 0.4651}",0.35885,0.1069255837731295,0.3933156844976,0.17293475000000003,0.0
case_de8d06e1093ea316,semantic_repeatability,17.357166158035398,139,0,code_review_severity,code_low_medium,,,0.5941881858672536,0.6,"low:12,medium:7,high:0,insufficient:1",benchmark_authored_adjudication,,target,choice,low,medium,0.4651,0.0893,0.9107459022949177,0,0.2412,1.4221288141291066,0.83525475,"{""high"": 0.0, ""insufficient"": 0.05, ""low"": 0.6, ""medium"": 0.35}","{""high"": 0.1467, ""insufficient"": 0.1471, ""low"": 0.2412, ""medium"": 0.4651}",0.35885,0.1069255837731295,0.3933156844976,0.17293475000000003,1.0
case_672ade46e6629fa4,semantic_repeatability,17.03045889735222,139,0,code_review_severity,code_low_medium,,,0.5941881858672536,0.6,"low:12,medium:7,high:0,insufficient:1",benchmark_authored_adjudication,,target,choice,low,medium,0.4651,0.0893,0.9107459022949177,0,0.2412,1.4221288141291066,0.83525475,"{""high"": 0.0, ""insufficient"": 0.05, ""low"": 0.6, ""medium"": 0.35}","{""high"": 0.1467, ""insufficient"": 0.1471, ""low"": 0.2412, ""medium"": 0.4651}",0.35885,0.1069255837731295,0.3933156844976,0.17293475000000003,2.0
case_12d7084cde4384e9,semantic_repeatability,16.95487485267222,139,0,code_review_severity,code_low_medium,,,0.5941881858672536,0.6,"low:12,medium:7,high:0,insufficient:1",benchmark_authored_adjudication,,target,choice,low,medium,0.4651,0.0893,0.9107459022949177,0,0.2412,1.4221288141291066,0.83525475,"{""high"": 0.0, ""insufficient"": 0.05, ""low"": 0.6, ""medium"": 0.35}","{""high"": 0.1467, ""insufficient"": 0.1471, ""low"": 0.2412, ""medium"": 0.4651}",0.35885,0.1069255837731295,0.3933156844976,0.17293475000000003,3.0
case_57068019ab5adc00,semantic_repeatability,17.15504191815853,139,0,code_review_severity,code_low_medium,,,0.5941881858672536,0.6,"low:12,medium:7,high:0,insufficient:1",benchmark_authored_adjudication,,target,choice,low,medium,0.4651,0.0893,0.9107459022949177,0,0.2412,1.4221288141291066,0.83525475,"{""high"": 0.0, ""insufficient"": 0.05, ""low"": 0.6, ""medium"": 0.35}","{""high"": 0.1467, ""insufficient"": 0.1471, ""low"": 0.2412, ""medium"": 0.4651}",0.35885,0.1069255837731295,0.3933156844976,0.17293475000000003,4.0
case_b67ffbf0ef37b45b,semantic_repeatability,17.100834054872394,139,0,code_review_severity,code_low_medium,,,0.5941881858672536,0.6,"low:12,medium:7,high:0,insufficient:1",benchmark_authored_adjudication,,target,choice,low,medium,0.4651,0.0893,0.9107459022949177,0,0.2412,1.4221288141291066,0.83525475,"{""high"": 0.0, ""insufficient"": 0.05, ""low"": 0.6, ""medium"": 0.35}","{""high"": 0.1467, ""insufficient"": 0.1471, ""low"": 0.2412, ""medium"": 0.4651}",0.35885,0.1069255837731295,0.3933156844976,0.17293475000000003,5.0
case_6fc90bd2c841a88a,semantic_repeatability,17.175666987895966,139,0,code_review_severity,code_low_medium,,,0.5941881858672536,0.6,"low:12,medium:7,high:0,insufficient:1",benchmark_authored_adjudication,,target,choice,low,medium,0.4651,0.0893,0.9107459022949177,0,0.2412,1.4221288141291066,0.83525475,"{""high"": 0.0, ""insufficient"": 0.05, ""low"": 0.6, ""medium"": 0.35}","{""high"": 0.1467, ""insufficient"": 0.1471, ""low"": 0.2412, ""medium"": 0.4651}",0.35885,0.1069255837731295,0.3933156844976,0.17293475000000003,6.0
case_afe8b7bd2c6148a2,semantic_repeatability,16.951208002865314,139,0,code_review_severity,code_low_medium,,,0.5941881858672536,0.6,"low:12,medium:7,high:0,insufficient:1",benchmark_authored_adjudication,,target,choice,low,medium,0.4651,0.0893,0.9107459022949177,0,0.2412,1.4221288141291066,0.83525475,"{""high"": 0.0, ""insufficient"": 0.05, ""low"": 0.6, ""medium"": 0.35}","{""high"": 0.1467, ""insufficient"": 0.1471, ""low"": 0.2412, ""medium"": 0.4651}",0.35885,0.1069255837731295,0.3933156844976,0.17293475000000003,7.0
case_e07b3cc9a5b6c804,semantic_repeatability,16.77849981933832,139,0,code_review_severity,code_low_medium,,,0.5941881858672536,0.6,"low:12,medium:7,high:0,insufficient:1",benchmark_authored_adjudication,,target,choice,low,medium,0.4651,0.0893,0.9107459022949177,0,0.2412,1.4221288141291066,0.83525475,"{""high"": 0.0, ""insufficient"": 0.05, ""low"": 0.6, ""medium"": 0.35}","{""high"": 0.1467, ""insufficient"": 0.1471, ""low"": 0.2412, ""medium"": 0.4651}",0.35885,0.1069255837731295,0.3933156844976,0.17293475000000003,8.0
case_e8e529a6bce84bdf,semantic_repeatability,16.72412478365004,139,0,code_review_severity,code_low_medium,,,0.5941881858672536,0.6,"low:12,medium:7,high:0,insufficient:1",benchmark_authored_adjudication,,target,choice,low,medium,0.4651,0.0893,0.9107459022949177,0,0.2412,1.4221288141291066,0.83525475,"{""high"": 0.0, ""insufficient"": 0.05, ""low"": 0.6, ""medium"": 0.35}","{""high"": 0.1467, ""insufficient"": 0.1471, ""low"": 0.2412, ""medium"": 0.4651}",0.35885,0.1069255837731295,0.3933156844976,0.17293475000000003,9.0
case_540c4b27018eaf02,semantic_repeatability,16.610875027254224,139,0,code_review_severity,code_low_medium,,,0.5941881858672536,0.6,"low:12,medium:7,high:0,insufficient:1",benchmark_authored_adjudication,,target,choice,low,medium,0.4651,0.0893,0.9107459022949177,0,0.2412,1.4221288141291066,0.83525475,"{""high"": 0.0, ""insufficient"": 0.05, ""low"": 0.6, ""medium"": 0.35}","{""high"": 0.1467, ""insufficient"": 0.1471, ""low"": 0.2412, ""medium"": 0.4651}",0.35885,0.1069255837731295,0.3933156844976,0.17293475000000003,10.0
case_405a75d0d4b81e2d,semantic_repeatability,16.669749980792403,139,0,code_review_severity,code_low_medium,,,0.5941881858672536,0.6,"low:12,medium:7,high:0,insufficient:1",benchmark_authored_adjudication,,target,choice,low,medium,0.4651,0.0893,0.9107459022949177,0,0.2412,1.4221288141291066,0.83525475,"{""high"": 0.0, ""insufficient"": 0.05, ""low"": 0.6, ""medium"": 0.35}","{""high"": 0.1467, ""insufficient"": 0.1471, ""low"": 0.2412, ""medium"": 0.4651}",0.35885,0.1069255837731295,0.3933156844976,0.17293475000000003,11.0
case_6944c003bf1a091d,semantic_repeatability,16.907499870285392,139,0,code_review_severity,code_low_medium,,,0.5941881858672536,0.6,"low:12,medium:7,high:0,insufficient:1",benchmark_authored_adjudication,,target,choice,low,medium,0.4651,0.0893,0.9107459022949177,0,0.2412,1.4221288141291066,0.83525475,"{""high"": 0.0, ""insufficient"": 0.05, ""low"": 0.6, ""medium"": 0.35}","{""high"": 0.1467, ""insufficient"": 0.1471, ""low"": 0.2412, ""medium"": 0.4651}",0.35885,0.1069255837731295,0.3933156844976,0.17293475000000003,12.0
case_b7d17653f064da50,semantic_repeatability,17.080374993383884,139,0,code_review_severity,code_low_medium,,,0.5941881858672536,0.6,"low:12,medium:7,high:0,insufficient:1",benchmark_authored_adjudication,,target,choice,low,medium,0.4651,0.0893,0.9107459022949177,0,0.2412,1.4221288141291066,0.83525475,"{""high"": 0.0, ""insufficient"": 0.05, ""low"": 0.6, ""medium"": 0.35}","{""high"": 0.1467, ""insufficient"": 0.1471, ""low"": 0.2412, ""medium"": 0.4651}",0.35885,0.1069255837731295,0.3933156844976,0.17293475000000003,13.0
case_744694f8c3373a92,semantic_repeatability,16.839834162965417,139,0,code_review_severity,code_low_medium,,,0.5941881858672536,0.6,"low:12,medium:7,high:0,insufficient:1",benchmark_authored_adjudication,,target,choice,low,medium,0.4651,0.0893,0.9107459022949177,0,0.2412,1.4221288141291066,0.83525475,"{""high"": 0.0, ""insufficient"": 0.05, ""low"": 0.6, ""medium"": 0.35}","{""high"": 0.1467, ""insufficient"": 0.1471, ""low"": 0.2412, ""medium"": 0.4651}",0.35885,0.1069255837731295,0.3933156844976,0.17293475000000003,14.0
case_e342cf826bc9e537,semantic_repeatability,16.80212514474988,139,0,code_review_severity,code_low_medium,,,0.5941881858672536,0.6,"low:12,medium:7,high:0,insufficient:1",benchmark_authored_adjudication,,target,choice,low,medium,0.4651,0.0893,0.9107459022949177,0,0.2412,1.4221288141291066,0.83525475,"{""high"": 0.0, ""insufficient"": 0.05, ""low"": 0.6, ""medium"": 0.35}","{""high"": 0.1467, ""insufficient"": 0.1471, ""low"": 0.2412, ""medium"": 0.4651}",0.35885,0.1069255837731295,0.3933156844976,0.17293475000000003,15.0
case_094cf97c447bcfa7,semantic_repeatability,16.77079196088016,139,0,code_review_severity,code_low_medium,,,0.5941881858672536,0.6,"low:12,medium:7,high:0,insufficient:1",benchmark_authored_adjudication,,target,choice,low,medium,0.4651,0.0893,0.9107459022949177,0,0.2412,1.4221288141291066,0.83525475,"{""high"": 0.0, ""insufficient"": 0.05, ""low"": 0.6, ""medium"": 0.35}","{""high"": 0.1467, ""insufficient"": 0.1471, ""low"": 0.2412, ""medium"": 0.4651}",0.35885,0.1069255837731295,0.3933156844976,0.17293475000000003,16.0
case_b1dfd65fa93a1a74,semantic_repeatability,16.759500140324235,139,0,code_review_severity,code_low_medium,,,0.5941881858672536,0.6,"low:12,medium:7,high:0,insufficient:1",benchmark_authored_adjudication,,target,choice,low,medium,0.4651,0.0893,0.9107459022949177,0,0.2412,1.4221288141291066,0.83525475,"{""high"": 0.0, ""insufficient"": 0.05, ""low"": 0.6, ""medium"": 0.35}","{""high"": 0.1467, ""insufficient"": 0.1471, ""low"": 0.2412, ""medium"": 0.4651}",0.35885,0.1069255837731295,0.3933156844976,0.17293475000000003,17.0
case_3d5094463c1aacf9,semantic_repeatability,16.632291954010725,139,0,code_review_severity,code_low_medium,,,0.5941881858672536,0.6,"low:12,medium:7,high:0,insufficient:1",benchmark_authored_adjudication,,target,choice,low,medium,0.4651,0.0893,0.9107459022949177,0,0.2412,1.4221288141291066,0.83525475,"{""high"": 0.0, ""insufficient"": 0.05, ""low"": 0.6, ""medium"": 0.35}","{""high"": 0.1467, ""insufficient"": 0.1471, ""low"": 0.2412, ""medium"": 0.4651}",0.35885,0.1069255837731295,0.3933156844976,0.17293475000000003,18.0
case_c242895888cc795b,semantic_repeatability,16.6786250192672,139,0,code_review_severity,code_low_medium,,,0.5941881858672536,0.6,"low:12,medium:7,high:0,insufficient:1",benchmark_authored_adjudication,,target,choice,low,medium,0.4651,0.0893,0.9107459022949177,0,0.2412,1.4221288141291066,0.83525475,"{""high"": 0.0, ""insufficient"": 0.05, ""low"": 0.6, ""medium"": 0.35}","{""high"": 0.1467, ""insufficient"": 0.1471, ""low"": 0.2412, ""medium"": 0.4651}",0.35885,0.1069255837731295,0.3933156844976,0.17293475000000003,19.0
case_ac16bbc1e3c95971,semantic_repeatability,16.83016703464091,139,0,code_review_severity,code_low_medium,,,0.5941881858672536,0.6,"low:12,medium:7,high:0,insufficient:1",benchmark_authored_adjudication,,target,choice,low,medium,0.4651,0.0893,0.9107459022949177,0,0.2412,1.4221288141291066,0.83525475,"{""high"": 0.0, ""insufficient"": 0.05, ""low"": 0.6, ""medium"": 0.35}","{""high"": 0.1467, ""insufficient"": 0.1471, ""low"": 0.2412, ""medium"": 0.4651}",0.35885,0.1069255837731295,0.3933156844976,0.17293475000000003,20.0
case_c36e34f1b0b9a6d1,semantic_repeatability,16.764499945566058,139,0,code_review_severity,code_low_medium,,,0.5941881858672536,0.6,"low:12,medium:7,high:0,insufficient:1",benchmark_authored_adjudication,,target,choice,low,medium,0.4651,0.0893,0.9107459022949177,0,0.2412,1.4221288141291066,0.83525475,"{""high"": 0.0, ""insufficient"": 0.05, ""low"": 0.6, ""medium"": 0.35}","{""high"": 0.1467, ""insufficient"": 0.1471, ""low"": 0.2412, ""medium"": 0.4651}",0.35885,0.1069255837731295,0.3933156844976,0.17293475000000003,21.0
case_65d9f281b2e9aff4,semantic_repeatability,16.764541855081916,139,0,code_review_severity,code_low_medium,,,0.5941881858672536,0.6,"low:12,medium:7,high:0,insufficient:1",benchmark_authored_adjudication,,target,choice,low,medium,0.4651,0.0893,0.9107459022949177,0,0.2412,1.4221288141291066,0.83525475,"{""high"": 0.0, ""insufficient"": 0.05, ""low"": 0.6, ""medium"": 0.35}","{""high"": 0.1467, ""insufficient"": 0.1471, ""low"": 0.2412, ""medium"": 0.4651}",0.35885,0.1069255837731295,0.3933156844976,0.17293475000000003,22.0
case_b2c1cff227cfea0a,semantic_repeatability,16.80841692723334,139,0,code_review_severity,code_low_medium,,,0.5941881858672536,0.6,"low:12,medium:7,high:0,insufficient:1",benchmark_authored_adjudication,,target,choice,low,medium,0.4651,0.0893,0.9107459022949177,0,0.2412,1.4221288141291066,0.83525475,"{""high"": 0.0, ""insufficient"": 0.05, ""low"": 0.6, ""medium"": 0.35}","{""high"": 0.1467, ""insufficient"": 0.1471, ""low"": 0.2412, ""medium"": 0.4651}",0.35885,0.1069255837731295,0.3933156844976,0.17293475000000003,23.0
case_50160c2dfa1bab0c,semantic_repeatability,16.74124994315207,139,0,code_review_severity,code_low_medium,,,0.5941881858672536,0.6,"low:12,medium:7,high:0,insufficient:1",benchmark_authored_adjudication,,target,choice,low,medium,0.4651,0.0893,0.9107459022949177,0,0.2412,1.4221288141291066,0.83525475,"{""high"": 0.0, ""insufficient"": 0.05, ""low"": 0.6, ""medium"": 0.35}","{""high"": 0.1467, ""insufficient"": 0.1471, ""low"": 0.2412, ""medium"": 0.4651}",0.35885,0.1069255837731295,0.3933156844976,0.17293475000000003,24.0
case_4c8c3097182a465e,semantic_repeatability,16.796041978523135,139,0,code_review_severity,code_low_medium,,,0.5941881858672536,0.6,"low:12,medium:7,high:0,insufficient:1",benchmark_authored_adjudication,,target,choice,low,medium,0.4651,0.0893,0.9107459022949177,0,0.2412,1.4221288141291066,0.83525475,"{""high"": 0.0, ""insufficient"": 0.05, ""low"": 0.6, ""medium"": 0.35}","{""high"": 0.1467, ""insufficient"": 0.1471, ""low"": 0.2412, ""medium"": 0.4651}",0.35885,0.1069255837731295,0.3933156844976,0.17293475000000003,25.0
case_6105bb2a14f59f86,semantic_repeatability,16.829832922667265,139,0,code_review_severity,code_low_medium,,,0.5941881858672536,0.6,"low:12,medium:7,high:0,insufficient:1",benchmark_authored_adjudication,,target,choice,low,medium,0.4651,0.0893,0.9107459022949177,0,0.2412,1.4221288141291066,0.83525475,"{""high"": 0.0, ""insufficient"": 0.05, ""low"": 0.6, ""medium"": 0.35}","{""high"": 0.1467, ""insufficient"": 0.1471, ""low"": 0.2412, ""medium"": 0.4651}",0.35885,0.1069255837731295,0.3933156844976,0.17293475000000003,26.0
case_3602ed999a3035c8,semantic_repeatability,16.710417112335563,139,0,code_review_severity,code_low_medium,,,0.5941881858672536,0.6,"low:12,medium:7,high:0,insufficient:1",benchmark_authored_adjudication,,target,choice,low,medium,0.4651,0.0893,0.9107459022949177,0,0.2412,1.4221288141291066,0.83525475,"{""high"": 0.0, ""insufficient"": 0.05, ""low"": 0.6, ""medium"": 0.35}","{""high"": 0.1467, ""insufficient"": 0.1471, ""low"": 0.2412, ""medium"": 0.4651}",0.35885,0.1069255837731295,0.3933156844976,0.17293475000000003,27.0
case_8b73a68357c9df28,semantic_repeatability,16.579375136643648,139,0,code_review_severity,code_low_medium,,,0.5941881858672536,0.6,"low:12,medium:7,high:0,insufficient:1",benchmark_authored_adjudication,,target,choice,low,medium,0.4651,0.0893,0.9107459022949177,0,0.2412,1.4221288141291066,0.83525475,"{""high"": 0.0, ""insufficient"": 0.05, ""low"": 0.6, ""medium"": 0.35}","{""high"": 0.1467, ""insufficient"": 0.1471, ""low"": 0.2412, ""medium"": 0.4651}",0.35885,0.1069255837731295,0.3933156844976,0.17293475000000003,28.0
case_45821e54364565b1,semantic_repeatability,16.863292083144188,139,0,code_review_severity,code_low_medium,,,0.5941881858672536,0.6,"low:12,medium:7,high:0,insufficient:1",benchmark_authored_adjudication,,target,choice,low,medium,0.4651,0.0893,0.9107459022949177,0,0.2412,1.4221288141291066,0.83525475,"{""high"": 0.0, ""insufficient"": 0.05, ""low"": 0.6, ""medium"": 0.35}","{""high"": 0.1467, ""insufficient"": 0.1471, ""low"": 0.2412, ""medium"": 0.4651}",0.35885,0.1069255837731295,0.3933156844976,0.17293475000000003,29.0
case_710bfc435138b5df,semantic_repeatability,16.8098749127239,140,0,code_review_severity,code_insufficient,,,0.7205767639396528,0.65,"low:1,medium:3,high:3,insufficient:13",benchmark_authored_adjudication,,target,choice,insufficient,high,0.4088,0.0602,0.9397743468551714,0,0.2047,1.5862097863148932,0.8829831,"{""high"": 0.15, ""insufficient"": 0.65, ""low"": 0.05, ""medium"": 0.15}","{""high"": 0.4088, ""insufficient"": 0.2047, ""low"": 0.1274, ""medium"": 0.2591}",0.44530000000000003,0.10819520021684673,0.47188659801933247,0.28316310000000006,0.0
case_4f61e2c5fe34a4d2,semantic_repeatability,16.75116620026529,140,0,code_review_severity,code_insufficient,,,0.7205767639396528,0.65,"low:1,medium:3,high:3,insufficient:13",benchmark_authored_adjudication,,target,choice,insufficient,high,0.4088,0.0602,0.9397743468551714,0,0.2047,1.5862097863148932,0.8829831,"{""high"": 0.15, ""insufficient"": 0.65, ""low"": 0.05, ""medium"": 0.15}","{""high"": 0.4088, ""insufficient"": 0.2047, ""low"": 0.1274, ""medium"": 0.2591}",0.44530000000000003,0.10819520021684673,0.47188659801933247,0.28316310000000006,1.0
case_b5b8245795c9e073,semantic_repeatability,17.147707985714078,140,0,code_review_severity,code_insufficient,,,0.7205767639396528,0.65,"low:1,medium:3,high:3,insufficient:13",benchmark_authored_adjudication,,target,choice,insufficient,high,0.4088,0.0602,0.9397743468551714,0,0.2047,1.5862097863148932,0.8829831,"{""high"": 0.15, ""insufficient"": 0.65, ""low"": 0.05, ""medium"": 0.15}","{""high"": 0.4088, ""insufficient"": 0.2047, ""low"": 0.1274, ""medium"": 0.2591}",0.44530000000000003,0.10819520021684673,0.47188659801933247,0.28316310000000006,2.0
case_93b733a4c3fa990b,semantic_repeatability,16.84858393855393,140,0,code_review_severity,code_insufficient,,,0.7205767639396528,0.65,"low:1,medium:3,high:3,insufficient:13",benchmark_authored_adjudication,,target,choice,insufficient,high,0.4088,0.0602,0.9397743468551714,0,0.2047,1.5862097863148932,0.8829831,"{""high"": 0.15, ""insufficient"": 0.65, ""low"": 0.05, ""medium"": 0.15}","{""high"": 0.4088, ""insufficient"": 0.2047, ""low"": 0.1274, ""medium"": 0.2591}",0.44530000000000003,0.10819520021684673,0.47188659801933247,0.28316310000000006,3.0
case_d87fc77b5bc7b132,semantic_repeatability,16.673333942890167,140,0,code_review_severity,code_insufficient,,,0.7205767639396528,0.65,"low:1,medium:3,high:3,insufficient:13",benchmark_authored_adjudication,,target,choice,insufficient,high,0.4088,0.0602,0.9397743468551714,0,0.2047,1.5862097863148932,0.8829831,"{""high"": 0.15, ""insufficient"": 0.65, ""low"": 0.05, ""medium"": 0.15}","{""high"": 0.4088, ""insufficient"": 0.2047, ""low"": 0.1274, ""medium"": 0.2591}",0.44530000000000003,0.10819520021684673,0.47188659801933247,0.28316310000000006,4.0
case_592fd064bdbe9845,semantic_repeatability,16.81058295071125,140,0,code_review_severity,code_insufficient,,,0.7205767639396528,0.65,"low:1,medium:3,high:3,insufficient:13",benchmark_authored_adjudication,,target,choice,insufficient,high,0.4088,0.0602,0.9397743468551714,0,0.2047,1.5862097863148932,0.8829831,"{""high"": 0.15, ""insufficient"": 0.65, ""low"": 0.05, ""medium"": 0.15}","{""high"": 0.4088, ""insufficient"": 0.2047, ""low"": 0.1274, ""medium"": 0.2591}",0.44530000000000003,0.10819520021684673,0.47188659801933247,0.28316310000000006,5.0
case_886dd6a4fd26e7e3,semantic_repeatability,16.511125024408102,140,0,code_review_severity,code_insufficient,,,0.7205767639396528,0.65,"low:1,medium:3,high:3,insufficient:13",benchmark_authored_adjudication,,target,choice,insufficient,high,0.4088,0.0602,0.9397743468551714,0,0.2047,1.5862097863148932,0.8829831,"{""high"": 0.15, ""insufficient"": 0.65, ""low"": 0.05, ""medium"": 0.15}","{""high"": 0.4088, ""insufficient"": 0.2047, ""low"": 0.1274, ""medium"": 0.2591}",0.44530000000000003,0.10819520021684673,0.47188659801933247,0.28316310000000006,6.0
case_830b3c48f49f1694,semantic_repeatability,16.60283305682242,140,0,code_review_severity,code_insufficient,,,0.7205767639396528,0.65,"low:1,medium:3,high:3,insufficient:13",benchmark_authored_adjudication,,target,choice,insufficient,high,0.4088,0.0602,0.9397743468551714,0,0.2047,1.5862097863148932,0.8829831,"{""high"": 0.15, ""insufficient"": 0.65, ""low"": 0.05, ""medium"": 0.15}","{""high"": 0.4088, ""insufficient"": 0.2047, ""low"": 0.1274, ""medium"": 0.2591}",0.44530000000000003,0.10819520021684673,0.47188659801933247,0.28316310000000006,7.0
case_cba94fab2335dc0f,semantic_repeatability,16.656875144690275,140,0,code_review_severity,code_insufficient,,,0.7205767639396528,0.65,"low:1,medium:3,high:3,insufficient:13",benchmark_authored_adjudication,,target,choice,insufficient,high,0.4088,0.0602,0.9397743468551714,0,0.2047,1.5862097863148932,0.8829831,"{""high"": 0.15, ""insufficient"": 0.65, ""low"": 0.05, ""medium"": 0.15}","{""high"": 0.4088, ""insufficient"": 0.2047, ""low"": 0.1274, ""medium"": 0.2591}",0.44530000000000003,0.10819520021684673,0.47188659801933247,0.28316310000000006,8.0
case_33ee75836c87d999,semantic_repeatability,16.814667033031583,140,0,code_review_severity,code_insufficient,,,0.7205767639396528,0.65,"low:1,medium:3,high:3,insufficient:13",benchmark_authored_adjudication,,target,choice,insufficient,high,0.4088,0.0602,0.9397743468551714,0,0.2047,1.5862097863148932,0.8829831,"{""high"": 0.15, ""insufficient"": 0.65, ""low"": 0.05, ""medium"": 0.15}","{""high"": 0.4088, ""insufficient"": 0.2047, ""low"": 0.1274, ""medium"": 0.2591}",0.44530000000000003,0.10819520021684673,0.47188659801933247,0.28316310000000006,9.0
case_adfab2527bb8e4d8,semantic_repeatability,16.85120793990791,140,0,code_review_severity,code_insufficient,,,0.7205767639396528,0.65,"low:1,medium:3,high:3,insufficient:13",benchmark_authored_adjudication,,target,choice,insufficient,high,0.4088,0.0602,0.9397743468551714,0,0.2047,1.5862097863148932,0.8829831,"{""high"": 0.15, ""insufficient"": 0.65, ""low"": 0.05, ""medium"": 0.15}","{""high"": 0.4088, ""insufficient"": 0.2047, ""low"": 0.1274, ""medium"": 0.2591}",0.44530000000000003,0.10819520021684673,0.47188659801933247,0.28316310000000006,10.0
case_ea21bb9486bb5f42,semantic_repeatability,16.6528329718858,140,0,code_review_severity,code_insufficient,,,0.7205767639396528,0.65,"low:1,medium:3,high:3,insufficient:13",benchmark_authored_adjudication,,target,choice,insufficient,high,0.4088,0.0602,0.9397743468551714,0,0.2047,1.5862097863148932,0.8829831,"{""high"": 0.15, ""insufficient"": 0.65, ""low"": 0.05, ""medium"": 0.15}","{""high"": 0.4088, ""insufficient"": 0.2047, ""low"": 0.1274, ""medium"": 0.2591}",0.44530000000000003,0.10819520021684673,0.47188659801933247,0.28316310000000006,11.0
case_42d5331f9d6ff318,semantic_repeatability,16.783582977950573,140,0,code_review_severity,code_insufficient,,,0.7205767639396528,0.65,"low:1,medium:3,high:3,insufficient:13",benchmark_authored_adjudication,,target,choice,insufficient,high,0.4088,0.0602,0.9397743468551714,0,0.2047,1.5862097863148932,0.8829831,"{""high"": 0.15, ""insufficient"": 0.65, ""low"": 0.05, ""medium"": 0.15}","{""high"": 0.4088, ""insufficient"": 0.2047, ""low"": 0.1274, ""medium"": 0.2591}",0.44530000000000003,0.10819520021684673,0.47188659801933247,0.28316310000000006,12.0
case_65d50d1633010f65,semantic_repeatability,16.918124863877892,140,0,code_review_severity,code_insufficient,,,0.7205767639396528,0.65,"low:1,medium:3,high:3,insufficient:13",benchmark_authored_adjudication,,target,choice,insufficient,high,0.4088,0.0602,0.9397743468551714,0,0.2047,1.5862097863148932,0.8829831,"{""high"": 0.15, ""insufficient"": 0.65, ""low"": 0.05, ""medium"": 0.15}","{""high"": 0.4088, ""insufficient"": 0.2047, ""low"": 0.1274, ""medium"": 0.2591}",0.44530000000000003,0.10819520021684673,0.47188659801933247,0.28316310000000006,13.0
case_2841e5565176430f,semantic_repeatability,16.853915993124247,140,0,code_review_severity,code_insufficient,,,0.7205767639396528,0.65,"low:1,medium:3,high:3,insufficient:13",benchmark_authored_adjudication,,target,choice,insufficient,high,0.4088,0.0602,0.9397743468551714,0,0.2047,1.5862097863148932,0.8829831,"{""high"": 0.15, ""insufficient"": 0.65, ""low"": 0.05, ""medium"": 0.15}","{""high"": 0.4088, ""insufficient"": 0.2047, ""low"": 0.1274, ""medium"": 0.2591}",0.44530000000000003,0.10819520021684673,0.47188659801933247,0.28316310000000006,14.0
case_64f77f1c81617e42,semantic_repeatability,16.876874957233667,140,0,code_review_severity,code_insufficient,,,0.7205767639396528,0.65,"low:1,medium:3,high:3,insufficient:13",benchmark_authored_adjudication,,target,choice,insufficient,high,0.4088,0.0602,0.9397743468551714,0,0.2047,1.5862097863148932,0.8829831,"{""high"": 0.15, ""insufficient"": 0.65, ""low"": 0.05, ""medium"": 0.15}","{""high"": 0.4088, ""insufficient"": 0.2047, ""low"": 0.1274, ""medium"": 0.2591}",0.44530000000000003,0.10819520021684673,0.47188659801933247,0.28316310000000006,15.0
case_c9ef6f5a3a063f17,semantic_repeatability,16.848708037286997,140,0,code_review_severity,code_insufficient,,,0.7205767639396528,0.65,"low:1,medium:3,high:3,insufficient:13",benchmark_authored_adjudication,,target,choice,insufficient,high,0.4088,0.0602,0.9397743468551714,0,0.2047,1.5862097863148932,0.8829831,"{""high"": 0.15, ""insufficient"": 0.65, ""low"": 0.05, ""medium"": 0.15}","{""high"": 0.4088, ""insufficient"": 0.2047, ""low"": 0.1274, ""medium"": 0.2591}",0.44530000000000003,0.10819520021684673,0.47188659801933247,0.28316310000000006,16.0
case_d056b2b422b02c64,semantic_repeatability,16.955374972894788,140,0,code_review_severity,code_insufficient,,,0.7205767639396528,0.65,"low:1,medium:3,high:3,insufficient:13",benchmark_authored_adjudication,,target,choice,insufficient,high,0.4088,0.0602,0.9397743468551714,0,0.2047,1.5862097863148932,0.8829831,"{""high"": 0.15, ""insufficient"": 0.65, ""low"": 0.05, ""medium"": 0.15}","{""high"": 0.4088, ""insufficient"": 0.2047, ""low"": 0.1274, ""medium"": 0.2591}",0.44530000000000003,0.10819520021684673,0.47188659801933247,0.28316310000000006,17.0
case_07d8dfe8f3aac3a1,semantic_repeatability,16.851291991770267,140,0,code_review_severity,code_insufficient,,,0.7205767639396528,0.65,"low:1,medium:3,high:3,insufficient:13",benchmark_authored_adjudication,,target,choice,insufficient,high,0.4088,0.0602,0.9397743468551714,0,0.2047,1.5862097863148932,0.8829831,"{""high"": 0.15, ""insufficient"": 0.65, ""low"": 0.05, ""medium"": 0.15}","{""high"": 0.4088, ""insufficient"": 0.2047, ""low"": 0.1274, ""medium"": 0.2591}",0.44530000000000003,0.10819520021684673,0.47188659801933247,0.28316310000000006,18.0
case_e6ee42a1868c851c,semantic_repeatability,16.886707860976458,140,0,code_review_severity,code_insufficient,,,0.7205767639396528,0.65,"low:1,medium:3,high:3,insufficient:13",benchmark_authored_adjudication,,target,choice,insufficient,high,0.4088,0.0602,0.9397743468551714,0,0.2047,1.5862097863148932,0.8829831,"{""high"": 0.15, ""insufficient"": 0.65, ""low"": 0.05, ""medium"": 0.15}","{""high"": 0.4088, ""insufficient"": 0.2047, ""low"": 0.1274, ""medium"": 0.2591}",0.44530000000000003,0.10819520021684673,0.47188659801933247,0.28316310000000006,19.0
case_4c0eb189ff903f0c,semantic_repeatability,16.84216596186161,140,0,code_review_severity,code_insufficient,,,0.7205767639396528,0.65,"low:1,medium:3,high:3,insufficient:13",benchmark_authored_adjudication,,target,choice,insufficient,high,0.4088,0.0602,0.9397743468551714,0,0.2047,1.5862097863148932,0.8829831,"{""high"": 0.15, ""insufficient"": 0.65, ""low"": 0.05, ""medium"": 0.15}","{""high"": 0.4088, ""insufficient"": 0.2047, ""low"": 0.1274, ""medium"": 0.2591}",0.44530000000000003,0.10819520021684673,0.47188659801933247,0.28316310000000006,20.0
case_088692cdba65b708,semantic_repeatability,16.7990829795599,140,0,code_review_severity,code_insufficient,,,0.7205767639396528,0.65,"low:1,medium:3,high:3,insufficient:13",benchmark_authored_adjudication,,target,choice,insufficient,high,0.4088,0.0602,0.9397743468551714,0,0.2047,1.5862097863148932,0.8829831,"{""high"": 0.15, ""insufficient"": 0.65, ""low"": 0.05, ""medium"": 0.15}","{""high"": 0.4088, ""insufficient"": 0.2047, ""low"": 0.1274, ""medium"": 0.2591}",0.44530000000000003,0.10819520021684673,0.47188659801933247,0.28316310000000006,21.0
case_39046bbd1f444d8d,semantic_repeatability,16.784582985565066,140,0,code_review_severity,code_insufficient,,,0.7205767639396528,0.65,"low:1,medium:3,high:3,insufficient:13",benchmark_authored_adjudication,,target,choice,insufficient,high,0.4088,0.0602,0.9397743468551714,0,0.2047,1.5862097863148932,0.8829831,"{""high"": 0.15, ""insufficient"": 0.65, ""low"": 0.05, ""medium"": 0.15}","{""high"": 0.4088, ""insufficient"": 0.2047, ""low"": 0.1274, ""medium"": 0.2591}",0.44530000000000003,0.10819520021684673,0.47188659801933247,0.28316310000000006,22.0
case_e8105954229332a2,semantic_repeatability,16.54429198242724,140,0,code_review_severity,code_insufficient,,,0.7205767639396528,0.65,"low:1,medium:3,high:3,insufficient:13",benchmark_authored_adjudication,,target,choice,insufficient,high,0.4088,0.0602,0.9397743468551714,0,0.2047,1.5862097863148932,0.8829831,"{""high"": 0.15, ""insufficient"": 0.65, ""low"": 0.05, ""medium"": 0.15}","{""high"": 0.4088, ""insufficient"": 0.2047, ""low"": 0.1274, ""medium"": 0.2591}",0.44530000000000003,0.10819520021684673,0.47188659801933247,0.28316310000000006,23.0
case_fef42d97d62c49b8,semantic_repeatability,16.352250007912517,140,0,code_review_severity,code_insufficient,,,0.7205767639396528,0.65,"low:1,medium:3,high:3,insufficient:13",benchmark_authored_adjudication,,target,choice,insufficient,high,0.4088,0.0602,0.9397743468551714,0,0.2047,1.5862097863148932,0.8829831,"{""high"": 0.15, ""insufficient"": 0.65, ""low"": 0.05, ""medium"": 0.15}","{""high"": 0.4088, ""insufficient"": 0.2047, ""low"": 0.1274, ""medium"": 0.2591}",0.44530000000000003,0.10819520021684673,0.47188659801933247,0.28316310000000006,24.0
case_25c3575fae7a0bc0,semantic_repeatability,16.742750070989132,140,0,code_review_severity,code_insufficient,,,0.7205767639396528,0.65,"low:1,medium:3,high:3,insufficient:13",benchmark_authored_adjudication,,target,choice,insufficient,high,0.4088,0.0602,0.9397743468551714,0,0.2047,1.5862097863148932,0.8829831,"{""high"": 0.15, ""insufficient"": 0.65, ""low"": 0.05, ""medium"": 0.15}","{""high"": 0.4088, ""insufficient"": 0.2047, ""low"": 0.1274, ""medium"": 0.2591}",0.44530000000000003,0.10819520021684673,0.47188659801933247,0.28316310000000006,25.0
case_89e2bda49b4e6265,semantic_repeatability,16.94641588255763,140,0,code_review_severity,code_insufficient,,,0.7205767639396528,0.65,"low:1,medium:3,high:3,insufficient:13",benchmark_authored_adjudication,,target,choice,insufficient,high,0.4088,0.0602,0.9397743468551714,0,0.2047,1.5862097863148932,0.8829831,"{""high"": 0.15, ""insufficient"": 0.65, ""low"": 0.05, ""medium"": 0.15}","{""high"": 0.4088, ""insufficient"": 0.2047, ""low"": 0.1274, ""medium"": 0.2591}",0.44530000000000003,0.10819520021684673,0.47188659801933247,0.28316310000000006,26.0
case_4e08220ca6839ab8,semantic_repeatability,17.13379193097353,140,0,code_review_severity,code_insufficient,,,0.7205767639396528,0.65,"low:1,medium:3,high:3,insufficient:13",benchmark_authored_adjudication,,target,choice,insufficient,high,0.4088,0.0602,0.9397743468551714,0,0.2047,1.5862097863148932,0.8829831,"{""high"": 0.15, ""insufficient"": 0.65, ""low"": 0.05, ""medium"": 0.15}","{""high"": 0.4088, ""insufficient"": 0.2047, ""low"": 0.1274, ""medium"": 0.2591}",0.44530000000000003,0.10819520021684673,0.47188659801933247,0.28316310000000006,27.0
case_4d4093e95457dec9,semantic_repeatability,16.830666922032833,140,0,code_review_severity,code_insufficient,,,0.7205767639396528,0.65,"low:1,medium:3,high:3,insufficient:13",benchmark_authored_adjudication,,target,choice,insufficient,high,0.4088,0.0602,0.9397743468551714,0,0.2047,1.5862097863148932,0.8829831,"{""high"": 0.15, ""insufficient"": 0.65, ""low"": 0.05, ""medium"": 0.15}","{""high"": 0.4088, ""insufficient"": 0.2047, ""low"": 0.1274, ""medium"": 0.2591}",0.44530000000000003,0.10819520021684673,0.47188659801933247,0.28316310000000006,28.0
case_89cd4497bc580861,semantic_repeatability,16.958000138401985,140,0,code_review_severity,code_insufficient,,,0.7205767639396528,0.65,"low:1,medium:3,high:3,insufficient:13",benchmark_authored_adjudication,,target,choice,insufficient,high,0.4088,0.0602,0.9397743468551714,0,0.2047,1.5862097863148932,0.8829831,"{""high"": 0.15, ""insufficient"": 0.65, ""low"": 0.05, ""medium"": 0.15}","{""high"": 0.4088, ""insufficient"": 0.2047, ""low"": 0.1274, ""medium"": 0.2591}",0.44530000000000003,0.10819520021684673,0.47188659801933247,0.28316310000000006,29.0
case_3ae3bd2fd3a53252,semantic_repeatability,14.286583987995982,120,0,policy_compliance,policy_insufficient,,,0.745234285366414,0.6,"allowed:2,review:5,prohibited:1,insufficient:12",benchmark_authored_adjudication,,target,choice,insufficient,insufficient,0.3565,0.0468,0.953154482148891,1,0.3565,1.0314210391277865,0.56890226,"{""allowed"": 0.1, ""insufficient"": 0.6, ""prohibited"": 0.05, ""review"": 0.25}","{""allowed"": 0.1694, ""insufficient"": 0.3565, ""prohibited"": 0.1542, ""review"": 0.3199}",0.2435,0.03627807932513801,0.14169973453573054,0.07985226,0.0
case_b289a3d64a48f2c4,semantic_repeatability,13.651542132720351,120,0,policy_compliance,policy_insufficient,,,0.745234285366414,0.6,"allowed:2,review:5,prohibited:1,insufficient:12",benchmark_authored_adjudication,,target,choice,insufficient,insufficient,0.3565,0.0468,0.953154482148891,1,0.3565,1.0314210391277865,0.56890226,"{""allowed"": 0.1, ""insufficient"": 0.6, ""prohibited"": 0.05, ""review"": 0.25}","{""allowed"": 0.1694, ""insufficient"": 0.3565, ""prohibited"": 0.1542, ""review"": 0.3199}",0.2435,0.03627807932513801,0.14169973453573054,0.07985226,1.0
case_9700245c70e29c4c,semantic_repeatability,13.63954204134643,120,0,policy_compliance,policy_insufficient,,,0.745234285366414,0.6,"allowed:2,review:5,prohibited:1,insufficient:12",benchmark_authored_adjudication,,target,choice,insufficient,insufficient,0.3565,0.0468,0.953154482148891,1,0.3565,1.0314210391277865,0.56890226,"{""allowed"": 0.1, ""insufficient"": 0.6, ""prohibited"": 0.05, ""review"": 0.25}","{""allowed"": 0.1694, ""insufficient"": 0.3565, ""prohibited"": 0.1542, ""review"": 0.3199}",0.2435,0.03627807932513801,0.14169973453573054,0.07985226,2.0
case_a32b780c6dba9ecf,semantic_repeatability,13.41287512332201,120,0,policy_compliance,policy_insufficient,,,0.745234285366414,0.6,"allowed:2,review:5,prohibited:1,insufficient:12",benchmark_authored_adjudication,,target,choice,insufficient,insufficient,0.3565,0.0468,0.953154482148891,1,0.3565,1.0314210391277865,0.56890226,"{""allowed"": 0.1, ""insufficient"": 0.6, ""prohibited"": 0.05, ""review"": 0.25}","{""allowed"": 0.1694, ""insufficient"": 0.3565, ""prohibited"": 0.1542, ""review"": 0.3199}",0.2435,0.03627807932513801,0.14169973453573054,0.07985226,3.0
case_e787053216c00420,semantic_repeatability,13.384707970544696,120,0,policy_compliance,policy_insufficient,,,0.745234285366414,0.6,"allowed:2,review:5,prohibited:1,insufficient:12",benchmark_authored_adjudication,,target,choice,insufficient,insufficient,0.3565,0.0468,0.953154482148891,1,0.3565,1.0314210391277865,0.56890226,"{""allowed"": 0.1, ""insufficient"": 0.6, ""prohibited"": 0.05, ""review"": 0.25}","{""allowed"": 0.1694, ""insufficient"": 0.3565, ""prohibited"": 0.1542, ""review"": 0.3199}",0.2435,0.03627807932513801,0.14169973453573054,0.07985226,4.0
case_2c8110d4e762f36d,semantic_repeatability,13.462708797305822,120,0,policy_compliance,policy_insufficient,,,0.745234285366414,0.6,"allowed:2,review:5,prohibited:1,insufficient:12",benchmark_authored_adjudication,,target,choice,insufficient,insufficient,0.3565,0.0468,0.953154482148891,1,0.3565,1.0314210391277865,0.56890226,"{""allowed"": 0.1, ""insufficient"": 0.6, ""prohibited"": 0.05, ""review"": 0.25}","{""allowed"": 0.1694, ""insufficient"": 0.3565, ""prohibited"": 0.1542, ""review"": 0.3199}",0.2435,0.03627807932513801,0.14169973453573054,0.07985226,5.0
case_36b09bc6f50edd3f,semantic_repeatability,13.356709154322743,120,0,policy_compliance,policy_insufficient,,,0.745234285366414,0.6,"allowed:2,review:5,prohibited:1,insufficient:12",benchmark_authored_adjudication,,target,choice,insufficient,insufficient,0.3565,0.0468,0.953154482148891,1,0.3565,1.0314210391277865,0.56890226,"{""allowed"": 0.1, ""insufficient"": 0.6, ""prohibited"": 0.05, ""review"": 0.25}","{""allowed"": 0.1694, ""insufficient"": 0.3565, ""prohibited"": 0.1542, ""review"": 0.3199}",0.2435,0.03627807932513801,0.14169973453573054,0.07985226,6.0
case_27b9d45addae3c7f,semantic_repeatability,13.355583883821964,120,0,policy_compliance,policy_insufficient,,,0.745234285366414,0.6,"allowed:2,review:5,prohibited:1,insufficient:12",benchmark_authored_adjudication,,target,choice,insufficient,insufficient,0.3565,0.0468,0.953154482148891,1,0.3565,1.0314210391277865,0.56890226,"{""allowed"": 0.1, ""insufficient"": 0.6, ""prohibited"": 0.05, ""review"": 0.25}","{""allowed"": 0.1694, ""insufficient"": 0.3565, ""prohibited"": 0.1542, ""review"": 0.3199}",0.2435,0.03627807932513801,0.14169973453573054,0.07985226,7.0
case_330c8b10ccf84b80,semantic_repeatability,13.452042127028108,120,0,policy_compliance,policy_insufficient,,,0.745234285366414,0.6,"allowed:2,review:5,prohibited:1,insufficient:12",benchmark_authored_adjudication,,target,choice,insufficient,insufficient,0.3565,0.0468,0.953154482148891,1,0.3565,1.0314210391277865,0.56890226,"{""allowed"": 0.1, ""insufficient"": 0.6, ""prohibited"": 0.05, ""review"": 0.25}","{""allowed"": 0.1694, ""insufficient"": 0.3565, ""prohibited"": 0.1542, ""review"": 0.3199}",0.2435,0.03627807932513801,0.14169973453573054,0.07985226,8.0
case_ef7531a585751615,semantic_repeatability,13.427041005343199,120,0,policy_compliance,policy_insufficient,,,0.745234285366414,0.6,"allowed:2,review:5,prohibited:1,insufficient:12",benchmark_authored_adjudication,,target,choice,insufficient,insufficient,0.3565,0.0468,0.953154482148891,1,0.3565,1.0314210391277865,0.56890226,"{""allowed"": 0.1, ""insufficient"": 0.6, ""prohibited"": 0.05, ""review"": 0.25}","{""allowed"": 0.1694, ""insufficient"": 0.3565, ""prohibited"": 0.1542, ""review"": 0.3199}",0.2435,0.03627807932513801,0.14169973453573054,0.07985226,9.0
case_9b6f3209ba6f1287,semantic_repeatability,13.370665954425931,120,0,policy_compliance,policy_insufficient,,,0.745234285366414,0.6,"allowed:2,review:5,prohibited:1,insufficient:12",benchmark_authored_adjudication,,target,choice,insufficient,insufficient,0.3565,0.0468,0.953154482148891,1,0.3565,1.0314210391277865,0.56890226,"{""allowed"": 0.1, ""insufficient"": 0.6, ""prohibited"": 0.05, ""review"": 0.25}","{""allowed"": 0.1694, ""insufficient"": 0.3565, ""prohibited"": 0.1542, ""review"": 0.3199}",0.2435,0.03627807932513801,0.14169973453573054,0.07985226,10.0
case_359fe8d64442a014,semantic_repeatability,13.199707958847284,120,0,policy_compliance,policy_insufficient,,,0.745234285366414,0.6,"allowed:2,review:5,prohibited:1,insufficient:12",benchmark_authored_adjudication,,target,choice,insufficient,insufficient,0.3565,0.0468,0.953154482148891,1,0.3565,1.0314210391277865,0.56890226,"{""allowed"": 0.1, ""insufficient"": 0.6, ""prohibited"": 0.05, ""review"": 0.25}","{""allowed"": 0.1694, ""insufficient"": 0.3565, ""prohibited"": 0.1542, ""review"": 0.3199}",0.2435,0.03627807932513801,0.14169973453573054,0.07985226,11.0
case_a02d79cd55a036d3,semantic_repeatability,13.47312517464161,120,0,policy_compliance,policy_insufficient,,,0.745234285366414,0.6,"allowed:2,review:5,prohibited:1,insufficient:12",benchmark_authored_adjudication,,target,choice,insufficient,insufficient,0.3565,0.0468,0.953154482148891,1,0.3565,1.0314210391277865,0.56890226,"{""allowed"": 0.1, ""insufficient"": 0.6, ""prohibited"": 0.05, ""review"": 0.25}","{""allowed"": 0.1694, ""insufficient"": 0.3565, ""prohibited"": 0.1542, ""review"": 0.3199}",0.2435,0.03627807932513801,0.14169973453573054,0.07985226,12.0
case_502682ea49413876,semantic_repeatability,13.349832966923714,120,0,policy_compliance,policy_insufficient,,,0.745234285366414,0.6,"allowed:2,review:5,prohibited:1,insufficient:12",benchmark_authored_adjudication,,target,choice,insufficient,insufficient,0.3565,0.0468,0.953154482148891,1,0.3565,1.0314210391277865,0.56890226,"{""allowed"": 0.1, ""insufficient"": 0.6, ""prohibited"": 0.05, ""review"": 0.25}","{""allowed"": 0.1694, ""insufficient"": 0.3565, ""prohibited"": 0.1542, ""review"": 0.3199}",0.2435,0.03627807932513801,0.14169973453573054,0.07985226,13.0
case_ecce2591da5a56f1,semantic_repeatability,13.289624825119972,120,0,policy_compliance,policy_insufficient,,,0.745234285366414,0.6,"allowed:2,review:5,prohibited:1,insufficient:12",benchmark_authored_adjudication,,target,choice,insufficient,insufficient,0.3565,0.0468,0.953154482148891,1,0.3565,1.0314210391277865,0.56890226,"{""allowed"": 0.1, ""insufficient"": 0.6, ""prohibited"": 0.05, ""review"": 0.25}","{""allowed"": 0.1694, ""insufficient"": 0.3565, ""prohibited"": 0.1542, ""review"": 0.3199}",0.2435,0.03627807932513801,0.14169973453573054,0.07985226,14.0
case_6830423ba07b4613,semantic_repeatability,13.427166966721416,120,0,policy_compliance,policy_insufficient,,,0.745234285366414,0.6,"allowed:2,review:5,prohibited:1,insufficient:12",benchmark_authored_adjudication,,target,choice,insufficient,insufficient,0.3565,0.0468,0.953154482148891,1,0.3565,1.0314210391277865,0.56890226,"{""allowed"": 0.1, ""insufficient"": 0.6, ""prohibited"": 0.05, ""review"": 0.25}","{""allowed"": 0.1694, ""insufficient"": 0.3565, ""prohibited"": 0.1542, ""review"": 0.3199}",0.2435,0.03627807932513801,0.14169973453573054,0.07985226,15.0
case_2ba9b0402a2185cb,semantic_repeatability,13.461000053212047,120,0,policy_compliance,policy_insufficient,,,0.745234285366414,0.6,"allowed:2,review:5,prohibited:1,insufficient:12",benchmark_authored_adjudication,,target,choice,insufficient,insufficient,0.3565,0.0468,0.953154482148891,1,0.3565,1.0314210391277865,0.56890226,"{""allowed"": 0.1, ""insufficient"": 0.6, ""prohibited"": 0.05, ""review"": 0.25}","{""allowed"": 0.1694, ""insufficient"": 0.3565, ""prohibited"": 0.1542, ""review"": 0.3199}",0.2435,0.03627807932513801,0.14169973453573054,0.07985226,16.0
case_9419f81d21f78341,semantic_repeatability,13.37820803746581,120,0,policy_compliance,policy_insufficient,,,0.745234285366414,0.6,"allowed:2,review:5,prohibited:1,insufficient:12",benchmark_authored_adjudication,,target,choice,insufficient,insufficient,0.3565,0.0468,0.953154482148891,1,0.3565,1.0314210391277865,0.56890226,"{""allowed"": 0.1, ""insufficient"": 0.6, ""prohibited"": 0.05, ""review"": 0.25}","{""allowed"": 0.1694, ""insufficient"": 0.3565, ""prohibited"": 0.1542, ""review"": 0.3199}",0.2435,0.03627807932513801,0.14169973453573054,0.07985226,17.0
case_59d87e4a37fb6808,semantic_repeatability,13.277041958644986,120,0,policy_compliance,policy_insufficient,,,0.745234285366414,0.6,"allowed:2,review:5,prohibited:1,insufficient:12",benchmark_authored_adjudication,,target,choice,insufficient,insufficient,0.3565,0.0468,0.953154482148891,1,0.3565,1.0314210391277865,0.56890226,"{""allowed"": 0.1, ""insufficient"": 0.6, ""prohibited"": 0.05, ""review"": 0.25}","{""allowed"": 0.1694, ""insufficient"": 0.3565, ""prohibited"": 0.1542, ""review"": 0.3199}",0.2435,0.03627807932513801,0.14169973453573054,0.07985226,18.0
case_53876a8f4f704732,semantic_repeatability,13.232209021225572,120,0,policy_compliance,policy_insufficient,,,0.745234285366414,0.6,"allowed:2,review:5,prohibited:1,insufficient:12",benchmark_authored_adjudication,,target,choice,insufficient,insufficient,0.3565,0.0468,0.953154482148891,1,0.3565,1.0314210391277865,0.56890226,"{""allowed"": 0.1, ""insufficient"": 0.6, ""prohibited"": 0.05, ""review"": 0.25}","{""allowed"": 0.1694, ""insufficient"": 0.3565, ""prohibited"": 0.1542, ""review"": 0.3199}",0.2435,0.03627807932513801,0.14169973453573054,0.07985226,19.0
case_162eca749f8e79da,semantic_repeatability,13.424791861325502,120,0,policy_compliance,policy_insufficient,,,0.745234285366414,0.6,"allowed:2,review:5,prohibited:1,insufficient:12",benchmark_authored_adjudication,,target,choice,insufficient,insufficient,0.3565,0.0468,0.953154482148891,1,0.3565,1.0314210391277865,0.56890226,"{""allowed"": 0.1, ""insufficient"": 0.6, ""prohibited"": 0.05, ""review"": 0.25}","{""allowed"": 0.1694, ""insufficient"": 0.3565, ""prohibited"": 0.1542, ""review"": 0.3199}",0.2435,0.03627807932513801,0.14169973453573054,0.07985226,20.0
case_8b90075c37912406,semantic_repeatability,13.926167041063309,120,0,policy_compliance,policy_insufficient,,,0.745234285366414,0.6,"allowed:2,review:5,prohibited:1,insufficient:12",benchmark_authored_adjudication,,target,choice,insufficient,insufficient,0.3565,0.0468,0.953154482148891,1,0.3565,1.0314210391277865,0.56890226,"{""allowed"": 0.1, ""insufficient"": 0.6, ""prohibited"": 0.05, ""review"": 0.25}","{""allowed"": 0.1694, ""insufficient"": 0.3565, ""prohibited"": 0.1542, ""review"": 0.3199}",0.2435,0.03627807932513801,0.14169973453573054,0.07985226,21.0
case_8ea0ff8bbafd85f3,semantic_repeatability,13.36912508122623,120,0,policy_compliance,policy_insufficient,,,0.745234285366414,0.6,"allowed:2,review:5,prohibited:1,insufficient:12",benchmark_authored_adjudication,,target,choice,insufficient,insufficient,0.3565,0.0468,0.953154482148891,1,0.3565,1.0314210391277865,0.56890226,"{""allowed"": 0.1, ""insufficient"": 0.6, ""prohibited"": 0.05, ""review"": 0.25}","{""allowed"": 0.1694, ""insufficient"": 0.3565, ""prohibited"": 0.1542, ""review"": 0.3199}",0.2435,0.03627807932513801,0.14169973453573054,0.07985226,22.0
case_5458d9599092901b,semantic_repeatability,13.298542005941272,120,0,policy_compliance,policy_insufficient,,,0.745234285366414,0.6,"allowed:2,review:5,prohibited:1,insufficient:12",benchmark_authored_adjudication,,target,choice,insufficient,insufficient,0.3565,0.0468,0.953154482148891,1,0.3565,1.0314210391277865,0.56890226,"{""allowed"": 0.1, ""insufficient"": 0.6, ""prohibited"": 0.05, ""review"": 0.25}","{""allowed"": 0.1694, ""insufficient"": 0.3565, ""prohibited"": 0.1542, ""review"": 0.3199}",0.2435,0.03627807932513801,0.14169973453573054,0.07985226,23.0
case_5d74e89f64402add,semantic_repeatability,13.266999972984195,120,0,policy_compliance,policy_insufficient,,,0.745234285366414,0.6,"allowed:2,review:5,prohibited:1,insufficient:12",benchmark_authored_adjudication,,target,choice,insufficient,insufficient,0.3565,0.0468,0.953154482148891,1,0.3565,1.0314210391277865,0.56890226,"{""allowed"": 0.1, ""insufficient"": 0.6, ""prohibited"": 0.05, ""review"": 0.25}","{""allowed"": 0.1694, ""insufficient"": 0.3565, ""prohibited"": 0.1542, ""review"": 0.3199}",0.2435,0.03627807932513801,0.14169973453573054,0.07985226,24.0
case_b18881c04929540b,semantic_repeatability,13.543708017095923,120,0,policy_compliance,policy_insufficient,,,0.745234285366414,0.6,"allowed:2,review:5,prohibited:1,insufficient:12",benchmark_authored_adjudication,,target,choice,insufficient,insufficient,0.3565,0.0468,0.953154482148891,1,0.3565,1.0314210391277865,0.56890226,"{""allowed"": 0.1, ""insufficient"": 0.6, ""prohibited"": 0.05, ""review"": 0.25}","{""allowed"": 0.1694, ""insufficient"": 0.3565, ""prohibited"": 0.1542, ""review"": 0.3199}",0.2435,0.03627807932513801,0.14169973453573054,0.07985226,25.0
case_c979a7cbdb7d8037,semantic_repeatability,13.383999932557344,120,0,policy_compliance,policy_insufficient,,,0.745234285366414,0.6,"allowed:2,review:5,prohibited:1,insufficient:12",benchmark_authored_adjudication,,target,choice,insufficient,insufficient,0.3565,0.0468,0.953154482148891,1,0.3565,1.0314210391277865,0.56890226,"{""allowed"": 0.1, ""insufficient"": 0.6, ""prohibited"": 0.05, ""review"": 0.25}","{""allowed"": 0.1694, ""insufficient"": 0.3565, ""prohibited"": 0.1542, ""review"": 0.3199}",0.2435,0.03627807932513801,0.14169973453573054,0.07985226,26.0
case_b61379fca425275f,semantic_repeatability,13.270625146105886,120,0,policy_compliance,policy_insufficient,,,0.745234285366414,0.6,"allowed:2,review:5,prohibited:1,insufficient:12",benchmark_authored_adjudication,,target,choice,insufficient,insufficient,0.3565,0.0468,0.953154482148891,1,0.3565,1.0314210391277865,0.56890226,"{""allowed"": 0.1, ""insufficient"": 0.6, ""prohibited"": 0.05, ""review"": 0.25}","{""allowed"": 0.1694, ""insufficient"": 0.3565, ""prohibited"": 0.1542, ""review"": 0.3199}",0.2435,0.03627807932513801,0.14169973453573054,0.07985226,27.0
case_b5a28503c5ad1cfc,semantic_repeatability,13.440500013530254,120,0,policy_compliance,policy_insufficient,,,0.745234285366414,0.6,"allowed:2,review:5,prohibited:1,insufficient:12",benchmark_authored_adjudication,,target,choice,insufficient,insufficient,0.3565,0.0468,0.953154482148891,1,0.3565,1.0314210391277865,0.56890226,"{""allowed"": 0.1, ""insufficient"": 0.6, ""prohibited"": 0.05, ""review"": 0.25}","{""allowed"": 0.1694, ""insufficient"": 0.3565, ""prohibited"": 0.1542, ""review"": 0.3199}",0.2435,0.03627807932513801,0.14169973453573054,0.07985226,28.0
case_6709a269740bec43,semantic_repeatability,13.424708042293787,120,0,policy_compliance,policy_insufficient,,,0.745234285366414,0.6,"allowed:2,review:5,prohibited:1,insufficient:12",benchmark_authored_adjudication,,target,choice,insufficient,insufficient,0.3565,0.0468,0.953154482148891,1,0.3565,1.0314210391277865,0.56890226,"{""allowed"": 0.1, ""insufficient"": 0.6, ""prohibited"": 0.05, ""review"": 0.25}","{""allowed"": 0.1694, ""insufficient"": 0.3565, ""prohibited"": 0.1542, ""review"": 0.3199}",0.2435,0.03627807932513801,0.14169973453573054,0.07985226,29.0
